/**
 * generated by fontconvert.py
 * name: ubuntu_12_bold
 * size: 12
 * mode: 1-bit
 * Command used: /Users/rocry/w/_hw/rcwodle/firmware/crosspoint/vendor/lib/EpdFont/scripts/fontconvert.py ubuntu_12_bold 12 /Users/rocry/w/_hw/crosspoint-reader/lib/EpdFont/builtinFonts/source/Ubuntu/Ubuntu-Bold.ttf /Users/rocry/w/_hw/crosspoint-reader/lib/EpdFont/builtinFonts/source/NotoSansHebrew/NotoSansHebrew-Bold.ttf /Users/rocry/w/_hw/rcwodle/tools/.font-cache/LXGWWenKai-Medium.ttf --additional-intervals 0x05D0,0x05EA --additional-intervals 0x00A1,0x00A1 --additional-intervals 0x00AB,0x00AB --additional-intervals 0x00B0,0x00B0 --additional-intervals 0x00B7,0x00B7 --additional-intervals 0x00BA,0x00BB --additional-intervals 0x00BF,0x00BF --additional-intervals 0x00C1,0x00C1 --additional-intervals 0x00C4,0x00C7 --additional-intervals 0x00C9,0x00CA --additional-intervals 0x00CD,0x00CE --additional-intervals 0x00D2,0x00D3 --additional-intervals 0x00D6,0x00D6 --additional-intervals 0x00D9,0x00DA --additional-intervals 0x00DC,0x00DC --additional-intervals 0x00DF,0x00EF --additional-intervals 0x00F1,0x00F3 --additional-intervals 0x00F5,0x00F6 --additional-intervals 0x00F8,0x00FA --additional-intervals 0x00FC,0x00FD --additional-intervals 0x0103,0x0103 --additional-intervals 0x0105,0x0105 --additional-intervals 0x0107,0x0107 --additional-intervals 0x010C,0x010D --additional-intervals 0x010F,0x010F --additional-intervals 0x0117,0x0117 --additional-intervals 0x0119,0x011B --additional-intervals 0x011F,0x011F --additional-intervals 0x012E,0x0131 --additional-intervals 0x0141,0x0142 --additional-intervals 0x0144,0x0144 --additional-intervals 0x0151,0x0151 --additional-intervals 0x0158,0x015B --additional-intervals 0x015E,0x0161 --additional-intervals 0x0163,0x0163 --additional-intervals 0x0165,0x0165 --additional-intervals 0x016B,0x016B --additional-intervals 0x016F,0x016F --additional-intervals 0x0171,0x0171 --additional-intervals 0x0173,0x0173 --additional-intervals 0x017A,0x017A --additional-intervals 0x017C,0x017E --additional-intervals 0x0218,0x0218 --additional-intervals 0x021B,0x021B --additional-intervals 0x0406,0x0406 --additional-intervals 0x0410,0x0429 --additional-intervals 0x042B,0x042D --additional-intervals 0x042F,0x0449 --additional-intervals 0x044B,0x044F --additional-intervals 0x0451,0x0451 --additional-intervals 0x0454,0x0454 --additional-intervals 0x0456,0x0457 --additional-intervals 0x045E,0x045E --additional-intervals 0x0493,0x0493 --additional-intervals 0x049A,0x049B --additional-intervals 0x04A3,0x04A3 --additional-intervals 0x04AE,0x04B1 --additional-intervals 0x04D8,0x04D9 --additional-intervals 0x04E8,0x04E9 --additional-intervals 0x05D0,0x05EA --additional-intervals 0x05F4,0x05F4 --additional-intervals 0x2014,0x2014 --additional-intervals 0x2018,0x2019 --additional-intervals 0x201C,0x201E --additional-intervals 0x2026,0x2026 --additional-intervals 0x2190,0x2190 --additional-intervals 0x3002,0x3002 --additional-intervals 0x300C,0x300D --additional-intervals 0x4E00,0x4E00 --additional-intervals 0x4E0A,0x4E0B --additional-intervals 0x4E0D,0x4E0D --additional-intervals 0x4E13,0x4E13 --additional-intervals 0x4E22,0x4E22 --additional-intervals 0x4E24,0x4E24 --additional-intervals 0x4E2A,0x4E2A --additional-intervals 0x4E2D,0x4E2D --additional-intervals 0x4E32,0x4E32 --additional-intervals 0x4E3A,0x4E3B --additional-intervals 0x4E49,0x4E49 --additional-intervals 0x4E66,0x4E66 --additional-intervals 0x4E8C,0x4E8C --additional-intervals 0x4EA4,0x4EA4 --additional-intervals 0x4ECA,0x4ECA --additional-intervals 0x4ECE,0x4ECE --additional-intervals 0x4ED6,0x4ED6 --additional-intervals 0x4EE5,0x4EE5 --additional-intervals 0x4EF6,0x4EF6 --additional-intervals 0x4F11,0x4F11 --additional-intervals 0x4F1A,0x4F1A --additional-intervals 0x4F20,0x4F20 --additional-intervals 0x4F4D,0x4F4D --additional-intervals 0x4F4F,0x4F4F --additional-intervals 0x4F53,0x4F53 --additional-intervals 0x4F59,0x4F59 --additional-intervals 0x4F5C,0x4F5C --additional-intervals 0x4F60,0x4F60 --additional-intervals 0x4F7F,0x4F7F --additional-intervals 0x4F9B,0x4F9B --additional-intervals 0x4FA7,0x4FA7 --additional-intervals 0x4FBF,0x4FBF --additional-intervals 0x4FDD,0x4FDD --additional-intervals 0x4FE1,0x4FE1 --additional-intervals 0x4FEE,0x4FEE --additional-intervals 0x5012,0x5012 --additional-intervals 0x503E,0x503E --additional-intervals 0x504F,0x504F --additional-intervals 0x50A8,0x50A8 --additional-intervals 0x5145,0x5145 --additional-intervals 0x5148,0x5149 --additional-intervals 0x5165,0x5165 --additional-intervals 0x5168,0x5168 --additional-intervals 0x5173,0x5173 --additional-intervals 0x5176,0x5176 --additional-intervals 0x5178,0x5178 --additional-intervals 0x5185,0x5185 --additional-intervals 0x518D,0x518D --additional-intervals 0x5199,0x5199 --additional-intervals 0x51C6,0x51C6 --additional-intervals 0x51D1,0x51D1 --additional-intervals 0x51E0,0x51E0 --additional-intervals 0x51FA,0x51FA --additional-intervals 0x5206,0x5207 --additional-intervals 0x5217,0x5217 --additional-intervals 0x521B,0x521B --additional-intervals 0x5220,0x5220 --additional-intervals 0x5230,0x5230 --additional-intervals 0x5236,0x5237 --additional-intervals 0x524D,0x524D --additional-intervals 0x5269,0x526A --additional-intervals 0x526F,0x526F --additional-intervals 0x529F,0x52A1 --additional-intervals 0x52A8,0x52A8 --additional-intervals 0x52FF,0x52FF --additional-intervals 0x5339,0x533A --additional-intervals 0x5360,0x5361 --additional-intervals 0x5373,0x5373 --additional-intervals 0x539F,0x539F --additional-intervals 0x53D1,0x53D1 --additional-intervals 0x53D6,0x53D6 --additional-intervals 0x53E3,0x53E3 --additional-intervals 0x53EF,0x53EF --additional-intervals 0x53F3,0x53F3 --additional-intervals 0x53F7,0x53F7 --additional-intervals 0x540C,0x540E --additional-intervals 0x5411,0x5411 --additional-intervals 0x5426,0x5426 --additional-intervals 0x542F,0x542F --additional-intervals 0x544A,0x544A --additional-intervals 0x547D,0x547D --additional-intervals 0x54C8,0x54C8 --additional-intervals 0x5668,0x5668 --additional-intervals 0x56DE,0x56DE --additional-intervals 0x56E0,0x56E0 --additional-intervals 0x56F4,0x56F4 --additional-intervals 0x56FA,0x56FA --additional-intervals 0x56FE,0x56FE --additional-intervals 0x5728,0x5728 --additional-intervals 0x5730,0x5730 --additional-intervals 0x5740,0x5740 --additional-intervals 0x5747,0x5747 --additional-intervals 0x5907,0x5907 --additional-intervals 0x590D,0x590D --additional-intervals 0x5916,0x5916 --additional-intervals 0x5927,0x5927 --additional-intervals 0x5929,0x5929 --additional-intervals 0x5931,0x5931 --additional-intervals 0x5939,0x5939 --additional-intervals 0x5982,0x5982 --additional-intervals 0x59CB,0x59CB --additional-intervals 0x5B57,0x5B58 --additional-intervals 0x5B83,0x5B83 --additional-intervals 0x5B89,0x5B89 --additional-intervals 0x5B8C,0x5B8C --additional-intervals 0x5B9A,0x5B9A --additional-intervals 0x5B9E,0x5B9E --additional-intervals 0x5BBD,0x5BBD --additional-intervals 0x5BC6,0x5BC6 --additional-intervals 0x5BF9,0x5BF9 --additional-intervals 0x5C01,0x5C01 --additional-intervals 0x5C04,0x5C04 --additional-intervals 0x5C06,0x5C06 --additional-intervals 0x5C0F,0x5C0F --additional-intervals 0x5C31,0x5C31 --additional-intervals 0x5C3D,0x5C3D --additional-intervals 0x5C40,0x5C40 --additional-intervals 0x5C45,0x5C45 --additional-intervals 0x5C4F,0x5C4F --additional-intervals 0x5C55,0x5C55 --additional-intervals 0x5D29,0x5D29 --additional-intervals 0x5D4C,0x5D4C --additional-intervals 0x5DE6,0x5DE6 --additional-intervals 0x5DF2,0x5DF2 --additional-intervals 0x5E03,0x5E03 --additional-intervals 0x5E0C,0x5E0C --additional-intervals 0x5E26,0x5E26 --additional-intervals 0x5E38,0x5E38 --additional-intervals 0x5E45,0x5E45 --additional-intervals 0x5E55,0x5E55 --additional-intervals 0x5E73,0x5E73 --additional-intervals 0x5E76,0x5E76 --additional-intervals 0x5E94,0x5E95 --additional-intervals 0x5EA6,0x5EA6 --additional-intervals 0x5EFA,0x5EFA --additional-intervals 0x5F00,0x5F00 --additional-intervals 0x5F0F,0x5F0F --additional-intervals 0x5F15,0x5F15 --additional-intervals 0x5F53,0x5F53 --additional-intervals 0x5F55,0x5F55 --additional-intervals 0x5FEB,0x5FEB --additional-intervals 0x5FFD,0x5FFD --additional-intervals 0x6001,0x6001 --additional-intervals 0x603B,0x603B --additional-intervals 0x6062,0x6062 --additional-intervals 0x606F,0x606F --additional-intervals 0x60C5,0x60C5 --additional-intervals 0x6210,0x6210 --additional-intervals 0x6216,0x6216 --additional-intervals 0x622A,0x622A --additional-intervals 0x6237,0x6237 --additional-intervals 0x6240,0x6240 --additional-intervals 0x624B,0x624B --additional-intervals 0x6253,0x6253 --additional-intervals 0x6269,0x6269 --additional-intervals 0x626B,0x626B --additional-intervals 0x627E,0x627E --additional-intervals 0x6297,0x6297 --additional-intervals 0x62A5,0x62A5 --additional-intervals 0x62E9,0x62E9 --additional-intervals 0x6301,0x6301 --additional-intervals 0x6309,0x6309 --additional-intervals 0x6362,0x6362 --additional-intervals 0x636E,0x636E --additional-intervals 0x63A5,0x63A5 --additional-intervals 0x63CF,0x63D0 --additional-intervals 0x63D2,0x63D2 --additional-intervals 0x641C,0x641C --additional-intervals 0x64CD,0x64CD --additional-intervals 0x6536,0x6536 --additional-intervals 0x653E,0x653E --additional-intervals 0x6548,0x6548 --additional-intervals 0x6570,0x6570 --additional-intervals 0x6587,0x6587 --additional-intervals 0x659C,0x659C --additional-intervals 0x65AD,0x65AD --additional-intervals 0x65B0,0x65B0 --additional-intervals 0x65B9,0x65B9 --additional-intervals 0x65E0,0x65E0 --additional-intervals 0x65E5,0x65E5 --additional-intervals 0x65F6,0x65F6 --additional-intervals 0x6620,0x6620 --additional-intervals 0x662F,0x662F --additional-intervals 0x663E,0x663E --additional-intervals 0x6682,0x6682 --additional-intervals 0x66F4,0x66F4 --additional-intervals 0x6700,0x6700 --additional-intervals 0x6709,0x6709 --additional-intervals 0x670D,0x670D --additional-intervals 0x672A,0x672A --additional-intervals 0x672C,0x672C --additional-intervals 0x673A,0x673A --additional-intervals 0x6761,0x6761 --additional-intervals 0x6765,0x6765 --additional-intervals 0x677E,0x677E --additional-intervals 0x6790,0x6790 --additional-intervals 0x679C,0x679C --additional-intervals 0x67E5,0x67E5 --additional-intervals 0x6807,0x6807 --additional-intervals 0x680F,0x680F --additional-intervals 0x6821,0x6821 --additional-intervals 0x6837,0x6837 --additional-intervals 0x6839,0x6839 --additional-intervals 0x683C,0x683C --additional-intervals 0x6863,0x6863 --additional-intervals 0x68C0,0x68C0 --additional-intervals 0x6A21,0x6A21 --additional-intervals 0x6A2A,0x6A2A --additional-intervals 0x6B21,0x6B21 --additional-intervals 0x6B63,0x6B65 --additional-intervals 0x6BB5,0x6BB5 --additional-intervals 0x6BCF,0x6BCF --additional-intervals 0x6BD4,0x6BD4 --additional-intervals 0x6CA1,0x6CA1 --additional-intervals 0x6CD5,0x6CD5 --additional-intervals 0x6CE8,0x6CE8 --additional-intervals 0x6D45,0x6D45 --additional-intervals 0x6D4F,0x6D4F --additional-intervals 0x6D88,0x6D88 --additional-intervals 0x6DF1,0x6DF1 --additional-intervals 0x6DFB,0x6DFB --additional-intervals 0x6E05,0x6E05 --additional-intervals 0x6E29,0x6E29 --additional-intervals 0x6E7F,0x6E7F --additional-intervals 0x6E83,0x6E83 --additional-intervals 0x6E90,0x6E90 --additional-intervals 0x6EE4,0x6EE4 --additional-intervals 0x706F,0x706F --additional-intervals 0x70B9,0x70B9 --additional-intervals 0x70ED,0x70ED --additional-intervals 0x7247,0x7248 --additional-intervals 0x7279,0x7279 --additional-intervals 0x72B6,0x72B6 --additional-intervals 0x7387,0x7387 --additional-intervals 0x73B0,0x73B0 --additional-intervals 0x7406,0x7406 --additional-intervals 0x7528,0x7528 --additional-intervals 0x7535,0x7535 --additional-intervals 0x754C,0x754C --additional-intervals 0x7565,0x7565 --additional-intervals 0x767B,0x767B --additional-intervals 0x767E,0x767E --additional-intervals 0x7684,0x7684 --additional-intervals 0x76D8,0x76D8 --additional-intervals 0x76EE,0x76EE --additional-intervals 0x7720,0x7720 --additional-intervals 0x77ED,0x77ED --additional-intervals 0x7801,0x7801 --additional-intervals 0x786C,0x786C --additional-intervals 0x786E,0x786E --additional-intervals 0x793A,0x793A --additional-intervals 0x7981,0x7981 --additional-intervals 0x79D2,0x79D2 --additional-intervals 0x79F0,0x79F0 --additional-intervals 0x79FB,0x79FB --additional-intervals 0x7A0B,0x7A0B --additional-intervals 0x7A7A,0x7A7A --additional-intervals 0x7ACB,0x7ACB --additional-intervals 0x7AD6,0x7AD6 --additional-intervals 0x7AE0,0x7AE0 --additional-intervals 0x7AEF,0x7AEF --additional-intervals 0x7B26,0x7B26 --additional-intervals 0x7B2C,0x7B2C --additional-intervals 0x7B7E,0x7B7E --additional-intervals 0x7B80,0x7B80 --additional-intervals 0x7B97,0x7B97 --additional-intervals 0x7BA1,0x7BA1 --additional-intervals 0x7C4D,0x7C4D --additional-intervals 0x7C97,0x7C97 --additional-intervals 0x7CFB,0x7CFB --additional-intervals 0x7D22,0x7D22 --additional-intervals 0x7D27,0x7D27 --additional-intervals 0x7D2F,0x7D2F --additional-intervals 0x7EBF,0x7EBF --additional-intervals 0x7EC6,0x7EC6 --additional-intervals 0x7ECF,0x7ECF --additional-intervals 0x7EDC,0x7EDC --additional-intervals 0x7EDF,0x7EDF --additional-intervals 0x7EE7,0x7EE7 --additional-intervals 0x7EEA,0x7EEA --additional-intervals 0x7EED,0x7EED --additional-intervals 0x7EF4,0x7EF4 --additional-intervals 0x7F13,0x7F13 --additional-intervals 0x7F16,0x7F16 --additional-intervals 0x7F51,0x7F51 --additional-intervals 0x7F6E,0x7F6E --additional-intervals 0x7FFB,0x7FFB --additional-intervals 0x8017,0x8017 --additional-intervals 0x80FD,0x80FD --additional-intervals 0x811A,0x811A --additional-intervals 0x81EA,0x81EA --additional-intervals 0x8272,0x8272 --additional-intervals 0x8282,0x8282 --additional-intervals 0x8303,0x8303 --additional-intervals 0x83B7,0x83B7 --additional-intervals 0x843D,0x843D --additional-intervals 0x85CF,0x85CF --additional-intervals 0x884C,0x884C --additional-intervals 0x8868,0x8868 --additional-intervals 0x88AB,0x88AB --additional-intervals 0x88C1,0x88C1 --additional-intervals 0x88C5,0x88C5 --additional-intervals 0x892A,0x892A --additional-intervals 0x8981,0x8981 --additional-intervals 0x89C1,0x89C1 --additional-intervals 0x89C8,0x89C8 --additional-intervals 0x89E3,0x89E3 --additional-intervals 0x8A00,0x8A00 --additional-intervals 0x8BA1,0x8BA1 --additional-intervals 0x8BA4,0x8BA4 --additional-intervals 0x8BB0,0x8BB0 --additional-intervals 0x8BBE,0x8BBE --additional-intervals 0x8BC1,0x8BC1 --additional-intervals 0x8BCA,0x8BCA --additional-intervals 0x8BCD,0x8BCD --additional-intervals 0x8BD5,0x8BD5 --additional-intervals 0x8BE5,0x8BE6 --additional-intervals 0x8BED,0x8BED --additional-intervals 0x8BEF,0x8BEF --additional-intervals 0x8BF7,0x8BF7 --additional-intervals 0x8BFB,0x8BFB --additional-intervals 0x8D25,0x8D26 --additional-intervals 0x8D85,0x8D85 --additional-intervals 0x8DB3,0x8DB3 --additional-intervals 0x8DDD,0x8DDD --additional-intervals 0x8DDF,0x8DDF --additional-intervals 0x8DF3,0x8DF3 --additional-intervals 0x8F6C,0x8F6C --additional-intervals 0x8F7D,0x8F7D --additional-intervals 0x8F91,0x8F91 --additional-intervals 0x8F93,0x8F93 --additional-intervals 0x8FB9,0x8FB9 --additional-intervals 0x8FC7,0x8FC7 --additional-intervals 0x8FD1,0x8FD1 --additional-intervals 0x8FD4,0x8FD4 --additional-intervals 0x8FDB,0x8FDC --additional-intervals 0x8FDE,0x8FDE --additional-intervals 0x9000,0x9002 --additional-intervals 0x9006,0x9006 --additional-intervals 0x9009,0x9009 --additional-intervals 0x901F,0x901F --additional-intervals 0x90E8,0x90E8 --additional-intervals 0x90FD,0x90FD --additional-intervals 0x914D,0x914D --additional-intervals 0x91CD,0x91CD --additional-intervals 0x91CF,0x91CF --additional-intervals 0x9488,0x9488 --additional-intervals 0x949F,0x949F --additional-intervals 0x94FE,0x94FE --additional-intervals 0x9519,0x9519 --additional-intervals 0x952E,0x952F --additional-intervals 0x955C,0x955C --additional-intervals 0x957F,0x957F --additional-intervals 0x95ED,0x95EE --additional-intervals 0x95F4,0x95F4 --additional-intervals 0x9605,0x9605 --additional-intervals 0x9633,0x9633 --additional-intervals 0x9644,0x9644 --additional-intervals 0x9664,0x9664 --additional-intervals 0x968F,0x9690 --additional-intervals 0x9700,0x9700 --additional-intervals 0x9762,0x9762 --additional-intervals 0x9875,0x9876 --additional-intervals 0x9879,0x987A --additional-intervals 0x9884,0x9884 --additional-intervals 0x9891,0x9891 --additional-intervals 0x9898,0x9898 --additional-intervals 0x989D,0x989D --additional-intervals 0x9A8C,0x9A8C --additional-intervals 0x9ED8,0x9ED8 --additional-intervals 0x9F50,0x9F50 --additional-intervals 0x9F7F,0x9F7F --additional-intervals 0xFF01,0xFF01 --additional-intervals 0xFF08,0xFF09 --additional-intervals 0xFF0C,0xFF0C --additional-intervals 0xFF1A,0xFF1A --additional-intervals 0xFF1F,0xFF1F
 */
#pragma once
#include "EpdFontData.h"

static const uint8_t ubuntu_12_boldBitmaps[63669] = {
    0xFF, 0xFF, 0xFF, 0xFF, 0xFF, 0xFB, 0xDC, 0x07, 0x7F, 0xFF, 0x70, 0xF7, 0xFD, 0xFF, 0x7F, 0xDF,
    0xF3, 0xFC, 0xEF, 0x38, 0x0F, 0x3C, 0x0F, 0x3C, 0x0F, 0x3C, 0x0F, 0x3C, 0xFF, 0xFE, 0xFF, 0xFE,
    0xFF, 0xFE, 0x1E, 0x78, 0x1E, 0x78, 0x3C, 0x78, 0xFF, 0xFE, 0xFF, 0xFE, 0xFF, 0xFE, 0x3C, 0xF0,
    0x78, 0xF0, 0x79, 0xE0, 0x79, 0xE0, 0x07, 0x80, 0x1E, 0x00, 0x78, 0x07, 0xFC, 0x3F, 0xF8, 0xFF,
    0xC7, 0xE7, 0x1F, 0x00, 0x7C, 0x01, 0xFE, 0x03, 0xFE, 0x0F, 0xFC, 0x0F, 0xF8, 0x07, 0xE0, 0x07,
    0x80, 0x1E, 0x78, 0xF9, 0xFF, 0xE7, 0xFF, 0x0F, 0xF8, 0x07, 0x80, 0x1E, 0x00, 0x78, 0x00, 0x3F,
    0x03, 0xC0, 0xFF, 0x0F, 0x81, 0xEF, 0x1E, 0x03, 0x9E, 0x78, 0x07, 0x1C, 0xF0, 0x0E, 0x7B, 0xC0,
    0x1E, 0xFF, 0x80, 0x3F, 0xDE, 0x00, 0x3F, 0x7D, 0xF8, 0x00, 0xF7, 0xF8, 0x03, 0xDE, 0xF0, 0x07,
    0xBC, 0xE0, 0x1E, 0x71, 0xC0, 0x7C, 0xF3, 0x80, 0xF1, 0xEF, 0x03, 0xE1, 0xFE, 0x07, 0x81, 0xF8,
    0x0F, 0xE0, 0x07, 0xFC, 0x01, 0xFF, 0x80, 0xFB, 0xE0, 0x3C, 0x78, 0x07, 0xBC, 0x01, 0xFF, 0x00,
    0x7F, 0x80, 0x3F, 0xCF, 0x1F, 0xFB, 0xC7, 0x9F, 0xF1, 0xE3, 0xFC, 0x78, 0x7E, 0x1F, 0x1F, 0x87,
    0xFF, 0xF0, 0xFF, 0xFE, 0x1F, 0xE7, 0x80, 0xFF, 0xFF, 0xFF, 0xF0, 0x0E, 0x0F, 0x1F, 0x1E, 0x3E,
    0x3C, 0x7C, 0x7C, 0x78, 0x78, 0xF8, 0xF8, 0xF8, 0xF8, 0xF8, 0x78, 0x78, 0x7C, 0x7C, 0x3C, 0x3E,
    0x1E, 0x1F, 0x0F, 0x0E, 0x60, 0xF0, 0xF8, 0x78, 0x7C, 0x3C, 0x3E, 0x3E, 0x1E, 0x1E, 0x1E, 0x1E,
    0x1F, 0x1E, 0x1E, 0x1E, 0x1E, 0x3E, 0x3E, 0x3C, 0x7C, 0x78, 0xF8, 0xF0, 0x60, 0x1E, 0x03, 0xC3,
    0xBB, 0x7F, 0xEF, 0xFF, 0xFF, 0x8F, 0xE3, 0xFE, 0x7B, 0xC6, 0x60, 0x0F, 0x00, 0xF0, 0x0F, 0x00,
    0xF0, 0xFF, 0xFF, 0xFF, 0xFF, 0xF0, 0xF0, 0x0F, 0x00, 0xF0, 0x0F, 0x00, 0x7D, 0xF7, 0xDE, 0x79,
    0xEF, 0x3C, 0xFF, 0xFF, 0xFF, 0x79, 0xFF, 0xDF, 0x78, 0x00, 0xF8, 0x07, 0x80, 0x3C, 0x03, 0xE0,
    0x1E, 0x00, 0xF0, 0x0F, 0x80, 0x78, 0x03, 0xC0, 0x3E, 0x01, 0xE0, 0x0F, 0x00, 0xF8, 0x07, 0x80,
    0x3C, 0x03, 0xE0, 0x1E, 0x00, 0xF0, 0x0F, 0x80, 0x78, 0x03, 0xC0, 0x3E, 0x01, 0xE0, 0x0F, 0x00,
    0xF8, 0x00, 0x0F, 0xC0, 0x7F, 0x83, 0xFF, 0x1F, 0xBE, 0x7C, 0x79, 0xE1, 0xE7, 0x87, 0xDE, 0x1F,
    0xF8, 0x7D, 0xE1, 0xF7, 0x87, 0xDE, 0x1E, 0x7C, 0x79, 0xFB, 0xE3, 0xFF, 0x07, 0xFC, 0x0F, 0xC0,
    0x07, 0x87, 0xE7, 0xF9, 0xFE, 0x7F, 0x9D, 0xE0, 0x78, 0x1E, 0x07, 0x81, 0xE0, 0x78, 0x1E, 0x07,
    0x81, 0xE0, 0x78, 0x1E, 0x07, 0x80, 0x1F, 0xC3, 0xFF, 0x9F, 0xFC, 0xFB, 0xF3, 0x0F, 0x80, 0x7C,
    0x03, 0xC0, 0x3E, 0x03, 0xE0, 0x7E, 0x07, 0xE0, 0x3E, 0x03, 0xE0, 0x3E, 0x01, 0xFF, 0xEF, 0xFF,
    0x7F, 0xF8, 0x3F, 0xC3, 0xFF, 0x1F, 0xFC, 0x73, 0xE0, 0x0F, 0x00, 0xF8, 0x7F, 0xC3, 0xFC, 0x1F,
    0xF0, 0x1F, 0x80, 0x3E, 0x01, 0xF0, 0x0F, 0xB8, 0xFD, 0xFF, 0xDF, 0xFC, 0x7F, 0xC0, 0x01, 0xF0,
    0x0F, 0xC0, 0x7F, 0x01, 0xFC, 0x0F, 0xF0, 0x7F, 0xC3, 0xEF, 0x0F, 0x3C, 0x78, 0xF1, 0xE3, 0xCF,
    0xFF, 0xFF, 0xFF, 0xFF, 0xFC, 0x03, 0xC0, 0x0F, 0x00, 0x3C, 0x00, 0xF0, 0x3F, 0xF1, 0xFF, 0x8F,
    0xFC, 0x78, 0x03, 0xC0, 0x1E, 0x00, 0xFF, 0x07, 0xFC, 0x3F, 0xF0, 0x3F, 0xC0, 0x3E, 0x00, 0xF0,
    0x0F, 0xB8, 0xFD, 0xFF, 0xCF, 0xFC, 0x7F, 0xC0, 0x01, 0xF0, 0x1F, 0xC0, 0xFF, 0x87, 0xF8, 0x3E,
    0x01, 0xF0, 0x07, 0xFE, 0x1F, 0xFC, 0x7F, 0xF9, 0xF3, 0xE7, 0x87, 0xDE, 0x1F, 0x78, 0x7D, 0xFB,
    0xE3, 0xFF, 0x8F, 0xFC, 0x0F, 0xE0, 0xFF, 0xFF, 0xFF, 0xFF, 0xFE, 0x03, 0xE0, 0x3E, 0x01, 0xF0,
    0x1F, 0x00, 0xF0, 0x0F, 0x80, 0x7C, 0x03, 0xC0, 0x3E, 0x01, 0xF0, 0x0F, 0x00, 0x78, 0x07, 0xC0,
    0x3E, 0x00, 0x0F, 0xE0, 0xFF, 0xC3, 0xFF, 0x9F, 0x3E, 0x78, 0x79, 0xF1, 0xE7, 0xCF, 0x8F, 0xFC,
    0x1F, 0xE0, 0xFF, 0xC7, 0xFF, 0x9E, 0x1F, 0x78, 0x7D, 0xF3, 0xE7, 0xFF, 0x8F, 0xFC, 0x1F, 0xE0,
    0x1F, 0xC0, 0xFF, 0xC7, 0xFF, 0x1F, 0x7E, 0xF8, 0x7B, 0xE1, 0xEF, 0x87, 0x9F, 0x3E, 0x7F, 0xF8,
    0xFF, 0xE1, 0xFF, 0x80, 0x3E, 0x01, 0xF0, 0x3F, 0xC3, 0xFE, 0x0F, 0xF0, 0x3F, 0x00, 0x79, 0xFF,
    0xDF, 0x78, 0x00, 0x00, 0x01, 0xE7, 0xFF, 0x7D, 0xE0, 0x79, 0xFF, 0xDF, 0x78, 0x00, 0x00, 0x00,
    0x07, 0xDF, 0x7D, 0xE7, 0x9E, 0xF3, 0xC0, 0x00, 0xF0, 0x7F, 0x3F, 0xFF, 0xFF, 0xFF, 0xEF, 0xF0,
    0xF8, 0x0F, 0xF0, 0xFF, 0xEF, 0xFF, 0x3F, 0xF0, 0x7F, 0x00, 0xF0, 0xFF, 0xFF, 0xFF, 0xFF, 0xF0,
    0x00, 0x00, 0x0F, 0xFF, 0xFF, 0xFF, 0xFF, 0x70, 0x0F, 0xE0, 0xFF, 0xCF, 0xFF, 0x7F, 0xF0, 0xFF,
    0x01, 0xF0, 0xFF, 0x7F, 0xFF, 0xFF, 0xFF, 0xCF, 0xE0, 0x70, 0x00, 0x7F, 0x9F, 0xF9, 0xFF, 0xB9,
    0xF0, 0x3E, 0x07, 0xC0, 0xF8, 0x3E, 0x0F, 0x83, 0xF0, 0x7C, 0x0F, 0x01, 0xE0, 0x00, 0x07, 0x80,
    0xF8, 0x3F, 0x03, 0xE0, 0x78, 0x00, 0x01, 0xFF, 0x00, 0x0F, 0xFF, 0x80, 0x3F, 0xFF, 0xC0, 0xFE,
    0x3F, 0x83, 0xE0, 0x0F, 0x8F, 0x80, 0x0F, 0x9E, 0x3F, 0xCF, 0x78, 0xFF, 0xCE, 0xF3, 0xFF, 0x9D,
    0xEF, 0xDF, 0x3B, 0xDE, 0x1E, 0x77, 0xBC, 0x3C, 0xEF, 0x78, 0x7B, 0xDE, 0xFD, 0xF7, 0xBC, 0xFF,
    0xFE, 0x3D, 0xFF, 0xFC, 0x7C, 0xFF, 0xF0, 0x7C, 0x00, 0x00, 0xFF, 0x0C, 0x00, 0xFF, 0xFC, 0x00,
    0x7F, 0xF8, 0x00, 0x3F, 0xF0, 0x00, 0x01, 0xE0, 0x00, 0xFC, 0x00, 0x3F, 0x00, 0x1F, 0xE0, 0x07,
    0xF8, 0x03, 0xFF, 0x00, 0xF3, 0xC0, 0x7C, 0xF8, 0x1E, 0x3E, 0x07, 0x87, 0x83, 0xFF, 0xF0, 0xFF,
    0xFC, 0x3F, 0xFF, 0x9F, 0x03, 0xE7, 0xC0, 0xFB, 0xE0, 0x1F, 0xF8, 0x07, 0xC0, 0xFF, 0xC3, 0xFF,
    0xCF, 0xFF, 0xBC, 0x7E, 0xF0, 0x7B, 0xC1, 0xEF, 0x1F, 0xBF, 0xFC, 0xFF, 0xF3, 0xFF, 0xEF, 0x0F,
    0xFC, 0x1F, 0xF0, 0x7F, 0xC7, 0xFF, 0xFF, 0xBF, 0xFE, 0xFF, 0xE0, 0x07, 0xFC, 0x3F, 0xFC, 0xFF,
    0xF3, 0xF8, 0xE7, 0xC0, 0x1F, 0x00, 0x3E, 0x00, 0x7C, 0x00, 0xF8, 0x01, 0xF0, 0x03, 0xE0, 0x07,
    0xC0, 0x07, 0xC0, 0x0F, 0xE3, 0x8F, 0xFF, 0x8F, 0xFF, 0x0F, 0xFC, 0xFF, 0xC0, 0xFF, 0xF0, 0xFF,
    0xF8, 0xF1, 0xFC, 0xF0, 0x7E, 0xF0, 0x3E, 0xF0, 0x1E, 0xF0, 0x1E, 0xF0, 0x1F, 0xF0, 0x1E, 0xF0,
    0x3E, 0xF0, 0x3E, 0xF0, 0x7E, 0xF1, 0xFC, 0xFF, 0xF8, 0xFF, 0xF0, 0xFF, 0xC0, 0xFF, 0xF7, 0xFF,
    0xBF, 0xFD, 0xE0, 0x0F, 0x00, 0x78, 0x03, 0xC0, 0x1F, 0xFC, 0xFF, 0xE7, 0xFF, 0x3C, 0x01, 0xE0,
    0x0F, 0x00, 0x78, 0x03, 0xFF, 0xFF, 0xFF, 0xFF, 0xF8, 0xFF, 0xFF, 0xFF, 0xFF, 0xFF, 0x00, 0xF0,
    0x0F, 0x00, 0xF0, 0x0F, 0xFE, 0xFF, 0xEF, 0xFE, 0xF0, 0x0F, 0x00, 0xF0, 0x0F, 0x00, 0xF0, 0x0F,
    0x00, 0xF0, 0x00, 0x07, 0xFC, 0x3F, 0xFC, 0xFF, 0xFB, 0xF8, 0xE7, 0xC0, 0x1F, 0x00, 0x3E, 0x00,
    0x7C, 0x00, 0xF8, 0x1F, 0xF0, 0x3F, 0xE0, 0x7F, 0xC0, 0xF7, 0xC1, 0xEF, 0xE3, 0xCF, 0xFF, 0x8F,
    0xFF, 0x07, 0xFE, 0xF0, 0x3F, 0xE0, 0x7F, 0xC0, 0xFF, 0x81, 0xFF, 0x03, 0xFE, 0x07, 0xFC, 0x0F,
    0xFF, 0xFF, 0xFF, 0xFF, 0xFF, 0xFF, 0xC0, 0xFF, 0x81, 0xFF, 0x03, 0xFE, 0x07, 0xFC, 0x0F, 0xF8,
    0x1F, 0xF0, 0x3E, 0xFF, 0xFF, 0xFF, 0xFF, 0xFF, 0xFF, 0xFF, 0xFF, 0xF0, 0x01, 0xF0, 0x1F, 0x01,
    0xF0, 0x1F, 0x01, 0xF0, 0x1F, 0x01, 0xF0, 0x1F, 0x01, 0xF0, 0x1F, 0x01, 0xF0, 0x1F, 0x01, 0xF7,
    0x3E, 0xFF, 0xEF, 0xFC, 0x7F, 0x80, 0xF0, 0x7D, 0xE1, 0xF3, 0xC7, 0xE7, 0x9F, 0x8F, 0x7E, 0x1F,
    0xF8, 0x3F, 0xE0, 0x7F, 0x80, 0xFF, 0x01, 0xFF, 0x03, 0xFF, 0x07, 0xBF, 0x0F, 0x3F, 0x1E, 0x3F,
    0x3C, 0x3E, 0x78, 0x3E, 0xF0, 0x7E, 0xF0, 0x0F, 0x00, 0xF0, 0x0F, 0x00, 0xF0, 0x0F, 0x00, 0xF0,
    0x0F, 0x00, 0xF0, 0x0F, 0x00, 0xF0, 0x0F, 0x00, 0xF0, 0x0F, 0x00, 0xFF, 0xFF, 0xFF, 0xFF, 0xF0,
    0x7C, 0x03, 0xE7, 0xE0, 0x3E, 0x7E, 0x07, 0xE7, 0xF0, 0x7E, 0x7F, 0x0F, 0xE7, 0xF8, 0xFF, 0x7F,
    0x9F, 0xF7, 0xFD, 0xFF, 0x7B, 0xDF, 0xF7, 0xBF, 0xDF, 0x79, 0xFD, 0xFF, 0x9F, 0x8F, 0xF9, 0xF8,
    0xFF, 0x8F, 0x8F, 0xF8, 0xF0, 0xFF, 0x80, 0x0F, 0xF8, 0x00, 0xF0, 0xF0, 0x1F, 0xF0, 0x3F, 0xF0,
    0x7F, 0xF0, 0xFF, 0xF1, 0xFF, 0xE3, 0xFF, 0xE7, 0xFB, 0xEF, 0xF7, 0xDF, 0xE7, 0xFF, 0xC7, 0xFF,
    0x87, 0xFF, 0x0F, 0xFE, 0x0F, 0xFC, 0x0F, 0xF8, 0x1F, 0xF0, 0x1E, 0x07, 0xF8, 0x07, 0xFF, 0x83,
    0xFF, 0xF1, 0xFC, 0xFC, 0x7C, 0x0F, 0xBE, 0x03, 0xEF, 0x80, 0x7F, 0xE0, 0x1F, 0xF8, 0x07, 0xFE,
    0x01, 0xFF, 0x80, 0x7F, 0xE0, 0x3E, 0x7C, 0x0F, 0x9F, 0xCF, 0xE3, 0xFF, 0xF0, 0x7F, 0xF8, 0x07,
    0xF8, 0x00, 0xFF, 0xC3, 0xFF, 0xCF, 0xFF, 0xBC, 0x7E, 0xF0, 0x7B, 0xC1, 0xFF, 0x07, 0xBC, 0x7E,
    0xFF, 0xFB, 0xFF, 0xCF, 0xFC, 0x3C, 0x00, 0xF0, 0x03, 0xC0, 0x0F, 0x00, 0x3C, 0x00, 0xF0, 0x00,
    0x07, 0xF8, 0x07, 0xFF, 0x83, 0xFF, 0xF1, 0xFC, 0xFC, 0x7C, 0x0F, 0xBE, 0x03, 0xEF, 0x80, 0x7F,
    0xE0, 0x1F, 0xF8, 0x07, 0xFE, 0x01, 0xFF, 0x80, 0x7F, 0xE0, 0x3E, 0x7C, 0x0F, 0x9F, 0xCF, 0xE3,
    0xFF, 0xF0, 0x7F, 0xF8, 0x0F, 0xF8, 0x00, 0x7C, 0x00, 0x0F, 0xE0, 0x03, 0xFE, 0x00, 0x7F, 0x00,
    0x07, 0xC0, 0xFF, 0xC1, 0xFF, 0xE3, 0xFF, 0xE7, 0x8F, 0xCF, 0x0F, 0x9E, 0x0F, 0x3C, 0x3E, 0x78,
    0xFC, 0xFF, 0xF9, 0xFF, 0xE3, 0xFF, 0x87, 0x9F, 0x0F, 0x1F, 0x1E, 0x3F, 0x3C, 0x3E, 0x78, 0x7E,
    0xF0, 0x7C, 0x0F, 0xF0, 0xFF, 0xE7, 0xFF, 0x9F, 0x9C, 0x7C, 0x01, 0xF0, 0x07, 0xF8, 0x0F, 0xF8,
    0x1F, 0xF0, 0x3F, 0xE0, 0x1F, 0xC0, 0x1F, 0x00, 0x7D, 0xE3, 0xF7, 0xFF, 0x9F, 0xFE, 0x3F, 0xE0,
    0xFF, 0xFF, 0xFF, 0xFF, 0xFF, 0xF8, 0x3E, 0x00, 0x7C, 0x00, 0xF8, 0x01, 0xF0, 0x03, 0xE0, 0x07,
    0xC0, 0x0F, 0x80, 0x1F, 0x00, 0x3E, 0x00, 0x7C, 0x00, 0xF8, 0x01, 0xF0, 0x03, 0xE0, 0x07, 0xC0,
    0xF8, 0x1F, 0xF0, 0x3F, 0xE0, 0x7F, 0xC0, 0xFF, 0x81, 0xFF, 0x03, 0xFE, 0x07, 0xFC, 0x0F, 0xF8,
    0x1F, 0xF0, 0x3F, 0xE0, 0x7F, 0xC0, 0xF7, 0xC3, 0xEF, 0xCF, 0xDF, 0xFF, 0x1F, 0xFC, 0x0F, 0xF0,
    0xF8, 0x07, 0xFF, 0x01, 0xF7, 0xC0, 0xF9, 0xF0, 0x3E, 0x3E, 0x0F, 0x0F, 0x87, 0xC3, 0xE1, 0xF0,
    0x7C, 0x78, 0x1F, 0x3E, 0x03, 0xCF, 0x00, 0xFF, 0xC0, 0x3F, 0xF0, 0x07, 0xF8, 0x01, 0xFE, 0x00,
    0x3F, 0x00, 0x0F, 0xC0, 0x01, 0xF0, 0x00, 0xF8, 0x00, 0x1E, 0xF8, 0x00, 0x1E, 0x7C, 0x3C, 0x3E,
    0x7C, 0x7C, 0x3E, 0x7C, 0x7E, 0x3E, 0x7C, 0x7E, 0x3C, 0x3C, 0x7E, 0x3C, 0x3E, 0xFF, 0x7C, 0x3E,
    0xFF, 0x7C, 0x3E, 0xEF, 0x78, 0x1F, 0xE7, 0xF8, 0x1F, 0xE7, 0xF8, 0x1F, 0xC7, 0xF0, 0x1F, 0xC3,
    0xF0, 0x0F, 0xC3, 0xF0, 0x0F, 0x83, 0xF0, 0x0F, 0x81, 0xE0, 0xFC, 0x1F, 0x3F, 0x1F, 0x8F, 0x8F,
    0x87, 0xEF, 0x81, 0xFF, 0xC0, 0x7F, 0xC0, 0x3F, 0xC0, 0x0F, 0xE0, 0x03, 0xE0, 0x03, 0xF8, 0x03,
    0xFE, 0x03, 0xFF, 0x81, 0xF7, 0xC1, 0xF3, 0xF1, 0xF8, 0xFC, 0xF8, 0x3E, 0xF8, 0x1F, 0x80, 0xF8,
    0x1F, 0xBE, 0x0F, 0x9F, 0x0F, 0x87, 0xC7, 0xC3, 0xE7, 0xC0, 0xFB, 0xE0, 0x7F, 0xE0, 0x1F, 0xF0,
    0x07, 0xF0, 0x03, 0xF0, 0x00, 0xF8, 0x00, 0x7C, 0x00, 0x3E, 0x00, 0x1F, 0x00, 0x0F, 0x80, 0x07,
    0xC0, 0x03, 0xE0, 0x00, 0x7F, 0xFE, 0xFF, 0xFD, 0xFF, 0xF0, 0x07, 0xE0, 0x1F, 0x80, 0x3E, 0x00,
    0xF8, 0x03, 0xF0, 0x07, 0xC0, 0x1F, 0x00, 0x7C, 0x00, 0xF8, 0x03, 0xE0, 0x0F, 0x80, 0x1F, 0xFF,
    0xFF, 0xFF, 0xFF, 0xFE, 0xFE, 0xFE, 0xFE, 0xF0, 0xF0, 0xF0, 0xF0, 0xF0, 0xF0, 0xF0, 0xF0, 0xF0,
    0xF0, 0xF0, 0xF0, 0xF0, 0xF0, 0xF0, 0xF0, 0xF0, 0xF0, 0xF0, 0xFE, 0xFE, 0xFE, 0xF8, 0x07, 0xC0,
    0x1E, 0x00, 0xF8, 0x07, 0xC0, 0x1E, 0x00, 0xF8, 0x07, 0xC0, 0x1E, 0x00, 0xF8, 0x03, 0xC0, 0x1E,
    0x00, 0xF8, 0x03, 0xC0, 0x1E, 0x00, 0xF8, 0x03, 0xC0, 0x1E, 0x00, 0xF8, 0x03, 0xC0, 0x1E, 0x00,
    0xF8, 0x03, 0xC0, 0x1E, 0x00, 0xF8, 0xFE, 0xFE, 0xFE, 0x1E, 0x1E, 0x1E, 0x1E, 0x1E, 0x1E, 0x1E,
    0x1E, 0x1E, 0x1E, 0x1E, 0x1E, 0x1E, 0x1E, 0x1E, 0x1E, 0x1E, 0x1E, 0x1E, 0xFE, 0xFE, 0xFE, 0x07,
    0x80, 0x3F, 0x00, 0xFE, 0x07, 0xF8, 0x3F, 0xF0, 0xFB, 0xC7, 0xCF, 0x9E, 0x1F, 0xF8, 0x7C, 0xC0,
    0xC0, 0xFF, 0xFF, 0xFF, 0xFF, 0xFE, 0x30, 0xF1, 0xE1, 0xE1, 0xC1, 0x80, 0x3F, 0xC1, 0xFF, 0x8F,
    0xFC, 0x63, 0xE0, 0x0F, 0x8F, 0xFD, 0xFF, 0xEF, 0xFF, 0x7C, 0xFB, 0xE7, 0xDF, 0xFE, 0xFF, 0xF3,
    0xFF, 0x00, 0x78, 0x07, 0xC0, 0x3E, 0x01, 0xF0, 0x0F, 0x80, 0x7C, 0x03, 0xFF, 0x1F, 0xFE, 0xFF,
    0xF7, 0xEF, 0xFE, 0x3F, 0xF0, 0xFF, 0x87, 0xFC, 0x3F, 0xE3, 0xFF, 0x3F, 0xFF, 0xF7, 0xFF, 0x1F,
    0xF0, 0x1F, 0xE7, 0xFD, 0xFF, 0x7E, 0x6F, 0x81, 0xE0, 0x3C, 0x07, 0x80, 0xF8, 0x1F, 0x8D, 0xFF,
    0x9F, 0xF1, 0xFE, 0x00, 0xF8, 0x07, 0xC0, 0x3E, 0x01, 0xF0, 0x0F, 0x80, 0x7C, 0x7F, 0xEF, 0xFF,
    0x7F, 0xFF, 0xEF, 0xFE, 0x3F, 0xE1, 0xFF, 0x0F, 0xF8, 0x7F, 0xE3, 0xFF, 0x9F, 0x7F, 0xF9, 0xFF,
    0xC7, 0xFC, 0x1F, 0xC1, 0xFF, 0x1F, 0xFD, 0xFB, 0xEF, 0x8F, 0xFF, 0xFF, 0xFF, 0xFF, 0xFF, 0xF8,
    0x07, 0xE3, 0x9F, 0xFC, 0x7F, 0xE1, 0xFF, 0x00, 0x1F, 0xCF, 0xF7, 0xFD, 0xF2, 0xF8, 0x3E, 0x0F,
    0xFB, 0xFE, 0xFF, 0xBE, 0x0F, 0x83, 0xE0, 0xF8, 0x3E, 0x0F, 0x83, 0xE0, 0xF8, 0x3E, 0x0F, 0x80,
    0x1F, 0xF1, 0xFF, 0x9F, 0xFD, 0xF9, 0xEF, 0x8F, 0x78, 0x7B, 0xC3, 0xDE, 0x1E, 0xF8, 0xF7, 0xEF,
    0x9F, 0xFC, 0xFF, 0xE3, 0xFF, 0x00, 0x79, 0xC7, 0xCF, 0xFE, 0x7F, 0xE3, 0xFE, 0x00, 0x78, 0x07,
    0xC0, 0x3E, 0x01, 0xF0, 0x0F, 0x80, 0x7C, 0x03, 0xFF, 0x1F, 0xFC, 0xFF, 0xF7, 0xCF, 0xBE, 0x3D,
    0xF1, 0xEF, 0x8F, 0x7C, 0x7B, 0xE3, 0xDF, 0x1E, 0xF8, 0xF7, 0xC7, 0xBE, 0x3C, 0x7F, 0xFE, 0xF0,
    0x03, 0xFF, 0xFF, 0xFF, 0xFF, 0xFF, 0xFF, 0xFF, 0xFE, 0x0F, 0x1F, 0x1F, 0x0F, 0x00, 0x00, 0x1F,
    0x1F, 0x1F, 0x1F, 0x1F, 0x1F, 0x1F, 0x1F, 0x1F, 0x1F, 0x1F, 0x1F, 0x1F, 0x1F, 0x1F, 0xFE, 0xFE,
    0xFC, 0x78, 0x03, 0xE0, 0x0F, 0x80, 0x3E, 0x00, 0xF8, 0x03, 0xE0, 0x0F, 0x8F, 0xBE, 0x7C, 0xFB,
    0xE3, 0xFF, 0x0F, 0xF8, 0x3F, 0xC0, 0xFF, 0x83, 0xFF, 0x0F, 0xFE, 0x3E, 0xF8, 0xF9, 0xF3, 0xE3,
    0xEF, 0x8F, 0x80, 0x79, 0xF3, 0xE7, 0xCF, 0x9F, 0x3E, 0x7C, 0xF9, 0xF3, 0xE7, 0xCF, 0x9F, 0x3E,
    0x7E, 0x7E, 0xFC, 0xF0, 0x7F, 0x9F, 0x9F, 0xFF, 0xFB, 0xFF, 0xFF, 0xFC, 0xFD, 0xFF, 0x9F, 0x1F,
    0xF1, 0xE3, 0xFE, 0x3C, 0x7F, 0xC7, 0x8F, 0xF8, 0xF1, 0xFF, 0x1E, 0x3F, 0xE3, 0xC7, 0xFC, 0x78,
    0xFF, 0x8F, 0x1E, 0x7F, 0xC7, 0xFF, 0x3F, 0xFD, 0xF3, 0xEF, 0x8F, 0x7C, 0x7B, 0xE3, 0xDF, 0x1E,
    0xF8, 0xF7, 0xC7, 0xBE, 0x3D, 0xF1, 0xEF, 0x8F, 0x00, 0x1F, 0xC0, 0xFF, 0x87, 0xFF, 0x3F, 0x7E,
    0xF8, 0xFB, 0xC1, 0xEF, 0x07, 0xBC, 0x1E, 0xF8, 0xFB, 0xF7, 0xE7, 0xFF, 0x0F, 0xF8, 0x1F, 0xC0,
    0x7F, 0xC7, 0xFF, 0x3F, 0xFD, 0xF3, 0xFF, 0x8F, 0xFC, 0x3F, 0xE1, 0xFF, 0x0F, 0xF8, 0xFF, 0xEF,
    0xFF, 0xFD, 0xFF, 0xEF, 0xFC, 0x7C, 0x03, 0xE0, 0x1F, 0x00, 0xF8, 0x07, 0xC0, 0x00, 0x1F, 0xF1,
    0xFF, 0xDF, 0xFF, 0xF9, 0xFF, 0x8F, 0xF8, 0x7F, 0xC3, 0xFE, 0x1F, 0xF8, 0xFF, 0xE7, 0xDF, 0xFE,
    0xFF, 0xF1, 0xFF, 0x80, 0x7C, 0x03, 0xE0, 0x1F, 0x00, 0xF8, 0x07, 0xC0, 0x7F, 0xFF, 0xEF, 0xFB,
    0xE6, 0xF8, 0x3E, 0x0F, 0x83, 0xE0, 0xF8, 0x3E, 0x0F, 0x83, 0xE0, 0xF8, 0x00, 0x1F, 0xE3, 0xFE,
    0x7F, 0xC7, 0xCC, 0x7F, 0x07, 0xFE, 0x7F, 0xE3, 0xFE, 0x03, 0xE7, 0x1E, 0x7F, 0xE7, 0xFC, 0x7F,
    0x80, 0xF8, 0x3E, 0x0F, 0x83, 0xE0, 0xFF, 0xBF, 0xEF, 0xFB, 0xE0, 0xF8, 0x3E, 0x0F, 0x83, 0xE0,
    0xF8, 0x3F, 0x27, 0xF9, 0xFF, 0x3F, 0x80, 0xF8, 0xFF, 0x8F, 0xF8, 0xFF, 0x8F, 0xF8, 0xFF, 0x8F,
    0xF8, 0xFF, 0x8F, 0xF8, 0xF7, 0xCF, 0x7F, 0xF3, 0xFF, 0x1F, 0xF0, 0xF8, 0x7F, 0xE1, 0xE7, 0x87,
    0x9F, 0x3E, 0x7C, 0xF0, 0xF3, 0xC3, 0xDF, 0x0F, 0xF8, 0x1F, 0xE0, 0x7F, 0x00, 0xFC, 0x03, 0xF0,
    0x07, 0x80, 0xF8, 0xF1, 0xFF, 0x8F, 0x1E, 0x78, 0xF1, 0xE7, 0x9F, 0x3E, 0x7D, 0xFB, 0xC3, 0xDF,
    0xBC, 0x3F, 0xFB, 0xC3, 0xFF, 0xF8, 0x1F, 0xBF, 0x81, 0xF9, 0xF8, 0x1F, 0x9F, 0x00, 0xF1, 0xF0,
    0x0F, 0x0F, 0x00, 0xF8, 0x79, 0xF3, 0xE3, 0xFF, 0x0F, 0xF8, 0x1F, 0xE0, 0x3F, 0x00, 0xF8, 0x03,
    0xF0, 0x1F, 0xE0, 0xFF, 0xC7, 0xCF, 0x1E, 0x3E, 0xF8, 0x7C, 0xF8, 0x7F, 0xE1, 0xE7, 0x87, 0x9F,
    0x3E, 0x7C, 0xF0, 0xF3, 0xC3, 0xFF, 0x0F, 0xF8, 0x1F, 0xE0, 0x7F, 0x80, 0xFC, 0x03, 0xF0, 0x07,
    0x80, 0x3E, 0x05, 0xF0, 0x3F, 0xC0, 0xFE, 0x03, 0xF0, 0x00, 0x7F, 0xF7, 0xFF, 0x7F, 0xF0, 0x3E,
    0x07, 0xC0, 0xF8, 0x0F, 0x81, 0xF0, 0x3E, 0x07, 0xC0, 0x7F, 0xFF, 0xFF, 0xFF, 0xF0, 0x07, 0x87,
    0xE1, 0xF8, 0x7C, 0x1E, 0x07, 0x81, 0xE0, 0x78, 0x1E, 0x0F, 0x83, 0xE3, 0xF0, 0xF8, 0x3F, 0x03,
    0xE0, 0xF8, 0x1E, 0x07, 0x81, 0xE0, 0x78, 0x1E, 0x07, 0xC1, 0xF8, 0x7E, 0x07, 0x80, 0xFF, 0xFF,
    0xFF, 0xFF, 0xFF, 0xFF, 0xFF, 0xFF, 0xFF, 0xFF, 0xFF, 0xFF, 0xF0, 0xF8, 0x7E, 0x3F, 0x07, 0xC3,
    0xE1, 0xF0, 0xF8, 0x7C, 0x3E, 0x1F, 0x07, 0xC3, 0xF0, 0xF8, 0xFC, 0x7C, 0x7C, 0x3E, 0x1F, 0x0F,
    0x87, 0xC3, 0xE1, 0xF3, 0xF1, 0xF8, 0xF8, 0x00, 0x3E, 0x1D, 0xFE, 0xF7, 0xFF, 0xBD, 0xFE, 0xF1,
    0xF0, 0x77, 0xFF, 0xF7, 0x01, 0xCF, 0xFF, 0xFF, 0xFF, 0xFF, 0xFF, 0xFF, 0xC0, 0x0F, 0x81, 0xF0,
    0x3E, 0x0F, 0xF3, 0xFE, 0xFF, 0xBF, 0x37, 0xC0, 0xF0, 0x1E, 0x03, 0xE0, 0x7E, 0x37, 0xFE, 0xFF,
    0xC7, 0xF8, 0x7C, 0x0F, 0x81, 0xF0, 0x07, 0xF0, 0x7F, 0x87, 0xFC, 0x3E, 0x63, 0xE0, 0x1F, 0x00,
    0xF8, 0x1F, 0xFC, 0xFF, 0xE7, 0xFF, 0x0F, 0x80, 0x7C, 0x03, 0xE0, 0x1E, 0x00, 0xFF, 0xE7, 0xFF,
    0x3F, 0xF8, 0x00, 0x00, 0xC0, 0xC7, 0xFF, 0x9F, 0xFF, 0x3F, 0xF8, 0xF3, 0xC3, 0xC7, 0x8F, 0x1E,
    0x3C, 0xF0, 0xFF, 0xE7, 0xFF, 0xDF, 0xFE, 0x30, 0x30, 0x7C, 0x3E, 0x7C, 0x3E, 0x3E, 0x3C, 0x3E,
    0x7C, 0x1F, 0x78, 0x1F, 0xF8, 0x0F, 0xF0, 0x0F, 0xF0, 0x3F, 0xFC, 0x3F, 0xFC, 0x03, 0xC0, 0x03,
    0xC0, 0x3F, 0xFC, 0x3F, 0xFC, 0x03, 0xC0, 0x03, 0xC0, 0x03, 0xC0, 0xFF, 0xFF, 0xFF, 0xFF, 0xFF,
    0x00, 0x00, 0x0F, 0xFF, 0xFF, 0xFF, 0xFF, 0xF0, 0x1F, 0xF1, 0xFF, 0x8F, 0xFC, 0xF8, 0xC7, 0xC0,
    0x3F, 0x80, 0xFF, 0x07, 0xFC, 0x7F, 0xF3, 0xDF, 0x9E, 0x3C, 0xF1, 0xE7, 0xEF, 0x3F, 0xF8, 0xFF,
    0x83, 0xFC, 0x07, 0xF0, 0x0F, 0x9C, 0x7C, 0xFF, 0xEF, 0xFE, 0x3F, 0xE0, 0x79, 0xCF, 0x7D, 0xEF,
    0xBC, 0xE0, 0x07, 0xF8, 0x07, 0xFF, 0x03, 0xF3, 0xF1, 0xF0, 0x3C, 0x7B, 0xF7, 0xBD, 0xFC, 0xEF,
    0x7F, 0x3F, 0x9E, 0xC7, 0xEF, 0x01, 0xFB, 0xC0, 0x7E, 0x7B, 0x1F, 0xDF, 0xCF, 0xF7, 0xFB, 0x9E,
    0xFD, 0xE7, 0xC0, 0xF0, 0xFC, 0xFC, 0x1F, 0xFC, 0x01, 0xFE, 0x00, 0x7F, 0x1F, 0xE2, 0x78, 0x7E,
    0x7F, 0xBF, 0xEF, 0x3B, 0xCE, 0x7F, 0x9F, 0xE0, 0x00, 0x10, 0x1C, 0x78, 0x7C, 0xF1, 0xF3, 0xE7,
    0xCF, 0x8F, 0x9F, 0x3E, 0x7C, 0x3E, 0x7C, 0x7C, 0xF8, 0x7C, 0xF8, 0x7C, 0xF0, 0x71, 0xE0, 0x81,
    0x00, 0xFF, 0xFF, 0xFF, 0xFF, 0xF0, 0x0F, 0x00, 0xF0, 0x0F, 0x00, 0xF0, 0x0F, 0x00, 0xF0, 0xFF,
    0xFF, 0xFF, 0x07, 0xF8, 0x07, 0xFF, 0x03, 0xF3, 0xF1, 0xF0, 0x3C, 0x7F, 0xF7, 0xBD, 0xFC, 0xEF,
    0x77, 0xBF, 0x9D, 0xE7, 0xE7, 0xF9, 0xF9, 0xFC, 0x7E, 0x77, 0x1F, 0xDD, 0xCF, 0xF7, 0x3B, 0x9F,
    0xCF, 0xE7, 0xC0, 0xF0, 0xFC, 0xFC, 0x1F, 0xFC, 0x01, 0xFE, 0x00, 0xFF, 0xFF, 0xFF, 0xE0, 0x3E,
    0x3F, 0xBD, 0xFE, 0xFF, 0x7B, 0xF8, 0xF8, 0x0F, 0x00, 0xF0, 0x0F, 0x00, 0xF0, 0xFF, 0xFF, 0xFF,
    0xFF, 0xF0, 0xF0, 0x0F, 0x00, 0xF0, 0x0F, 0x00, 0x00, 0xFF, 0xFF, 0xFF, 0xFF, 0xF0, 0x7E, 0x7F,
    0x9B, 0xC1, 0xE1, 0xF1, 0xF1, 0xF0, 0xF0, 0x7F, 0x7F, 0x80, 0x7E, 0xFF, 0x6F, 0x0F, 0x3E, 0x3F,
    0x0F, 0x47, 0xFF, 0xFE, 0x18, 0x78, 0xF3, 0xC7, 0x0C, 0x00, 0xF8, 0xF7, 0xC7, 0xBE, 0x3D, 0xF1,
    0xEF, 0x8F, 0x7C, 0x7B, 0xE3, 0xDF, 0x1E, 0xF8, 0xF7, 0xE7, 0xBF, 0xFD, 0xFF, 0xEF, 0xFF, 0x7C,
    0x03, 0xE0, 0x1F, 0x00, 0xF8, 0x07, 0xC0, 0x00, 0x07, 0xF8, 0x7F, 0xFD, 0xFF, 0xFF, 0xFF, 0xFF,
    0xF9, 0xFF, 0xF3, 0xFF, 0xE7, 0xFF, 0xCF, 0xFF, 0x9E, 0xFF, 0x3C, 0xFE, 0x78, 0x7C, 0xF0, 0x79,
    0xE0, 0xF3, 0xC1, 0xE7, 0x83, 0xCF, 0x07, 0x9E, 0x0F, 0x3C, 0x1E, 0x78, 0x3C, 0xF0, 0x79, 0xE0,
    0xF3, 0xC1, 0xE7, 0x80, 0x79, 0xFF, 0xDF, 0x78, 0x38, 0xE7, 0xC7, 0xFF, 0xFF, 0x00, 0x1E, 0xFD,
    0xFB, 0xF0, 0xE1, 0xC3, 0x87, 0x0E, 0x1C, 0x1F, 0x87, 0xF9, 0xEF, 0x38, 0xFF, 0x1F, 0xE3, 0xDC,
    0x7B, 0xDE, 0x3F, 0xC3, 0xF0, 0x10, 0x00, 0xF1, 0xC1, 0xE7, 0xC3, 0xE7, 0xC3, 0xEF, 0x87, 0xCF,
    0x87, 0xCF, 0x9F, 0x3E, 0x3E, 0xF8, 0xF9, 0xF1, 0xE7, 0xC3, 0xC7, 0x01, 0x00, 0x00, 0x1E, 0x07,
    0x81, 0xF8, 0x1E, 0x0F, 0xE0, 0xF0, 0x1F, 0x83, 0xC0, 0x1E, 0x1E, 0x00, 0x78, 0x78, 0x01, 0xE3,
    0xC0, 0x07, 0x8F, 0x1E, 0x1E, 0x78, 0xF8, 0x79, 0xE7, 0xE0, 0x0F, 0x1F, 0x80, 0x3C, 0xEE, 0x01,
    0xE7, 0xB8, 0x07, 0x9F, 0xF0, 0x3C, 0x7F, 0xC0, 0xF0, 0x0E, 0x07, 0x80, 0x38, 0x3E, 0x00, 0x00,
    0x1E, 0x07, 0x03, 0xF0, 0x78, 0x3F, 0x83, 0xC0, 0xFC, 0x3C, 0x01, 0xE3, 0xE0, 0x0F, 0x1E, 0x00,
    0x79, 0xF0, 0x03, 0xCF, 0x7E, 0x1E, 0xFF, 0xF8, 0xF7, 0x9B, 0xC0, 0x7C, 0x1E, 0x03, 0xC1, 0xF0,
    0x3E, 0x1F, 0x01, 0xE1, 0xF0, 0x1F, 0x0F, 0x00, 0xF0, 0xFF, 0x0F, 0x87, 0xF8, 0x78, 0x00, 0x00,
    0x7E, 0x03, 0xC1, 0xFC, 0x1E, 0x06, 0xF0, 0x78, 0x03, 0xC3, 0xC0, 0x3E, 0x0F, 0x00, 0xFC, 0x78,
    0x00, 0x71, 0xE0, 0x19, 0xCF, 0x1E, 0xFF, 0x3C, 0xFB, 0xF9, 0xE7, 0xE0, 0x07, 0x9F, 0x80, 0x3C,
    0xEE, 0x00, 0xF7, 0xB8, 0x07, 0x9F, 0xF0, 0x1E, 0x7F, 0xC0, 0xF0, 0x0E, 0x03, 0xC0, 0x38, 0x1E,
    0x00, 0x00, 0x0F, 0x01, 0xF0, 0x3E, 0x07, 0xC0, 0xF0, 0x00, 0x03, 0xC0, 0x78, 0x1F, 0x03, 0xE0,
    0xF8, 0x3E, 0x0F, 0x81, 0xF0, 0x3F, 0x73, 0xFF, 0x7F, 0xE7, 0xF8, 0x01, 0x80, 0x00, 0xF0, 0x00,
    0x3E, 0x00, 0x07, 0xC0, 0x00, 0xF0, 0x00, 0x18, 0x00, 0x00, 0x00, 0x07, 0x80, 0x03, 0xF0, 0x00,
    0xFC, 0x00, 0x7F, 0x80, 0x1F, 0xE0, 0x0F, 0xFC, 0x03, 0xCF, 0x01, 0xF3, 0xE0, 0x78, 0xF8, 0x1E,
    0x1E, 0x0F, 0xFF, 0xC3, 0xFF, 0xF0, 0xFF, 0xFE, 0x7C, 0x0F, 0x9F, 0x03, 0xEF, 0x80, 0x7F, 0xE0,
    0x1F, 0x00, 0x60, 0x00, 0x3C, 0x00, 0x1F, 0x00, 0x0F, 0x80, 0x03, 0xC0, 0x00, 0x60, 0x00, 0x00,
    0x00, 0x07, 0x80, 0x03, 0xF0, 0x00, 0xFC, 0x00, 0x7F, 0x80, 0x1F, 0xE0, 0x0F, 0xFC, 0x03, 0xCF,
    0x01, 0xF3, 0xE0, 0x78, 0xF8, 0x1E, 0x1E, 0x0F, 0xFF, 0xC3, 0xFF, 0xF0, 0xFF, 0xFE, 0x7C, 0x0F,
    0x9F, 0x03, 0xEF, 0x80, 0x7F, 0xE0, 0x1F, 0x00, 0xC0, 0x00, 0x78, 0x00, 0x3F, 0x00, 0x1F, 0xE0,
    0x03, 0x30, 0x00, 0x00, 0x00, 0x1E, 0x00, 0x0F, 0xC0, 0x03, 0xF0, 0x01, 0xFE, 0x00, 0x7F, 0x80,
    0x3F, 0xF0, 0x0F, 0x3C, 0x07, 0xCF, 0x81, 0xE3, 0xE0, 0x78, 0x78, 0x3F, 0xFF, 0x0F, 0xFF, 0xC3,
    0xFF, 0xF9, 0xF0, 0x3E, 0x7C, 0x0F, 0xBE, 0x01, 0xFF, 0x80, 0x7C, 0x03, 0xD8, 0x01, 0xFF, 0x00,
    0xFF, 0x80, 0x1B, 0xE0, 0x00, 0x00, 0x00, 0x00, 0x00, 0x1E, 0x00, 0x0F, 0xC0, 0x03, 0xF0, 0x01,
    0xFE, 0x00, 0x7F, 0x80, 0x3F, 0xF0, 0x0F, 0x3C, 0x07, 0xCF, 0x81, 0xE3, 0xE0, 0x78, 0x78, 0x3F,
    0xFF, 0x0F, 0xFF, 0xC3, 0xFF, 0xF9, 0xF0, 0x3E, 0x7C, 0x0F, 0xBE, 0x01, 0xFF, 0x80, 0x7C, 0x0F,
    0x38, 0x03, 0xDF, 0x00, 0xF7, 0xC0, 0x3C, 0xE0, 0x00, 0x00, 0x00, 0x00, 0x00, 0x1E, 0x00, 0x0F,
    0xC0, 0x03, 0xF0, 0x01, 0xFE, 0x00, 0x7F, 0x80, 0x3F, 0xF0, 0x0F, 0x3C, 0x07, 0xCF, 0x81, 0xE3,
    0xE0, 0x78, 0x78, 0x3F, 0xFF, 0x0F, 0xFF, 0xC3, 0xFF, 0xF9, 0xF0, 0x3E, 0x7C, 0x0F, 0xBE, 0x01,
    0xFF, 0x80, 0x7C, 0x01, 0xE0, 0x00, 0xFC, 0x00, 0x3F, 0x00, 0x0F, 0xC0, 0x03, 0xF0, 0x00, 0xFC,
    0x00, 0x3F, 0x00, 0x1F, 0xE0, 0x07, 0xF8, 0x01, 0xFE, 0x00, 0xFF, 0xC0, 0x3C, 0xF0, 0x1F, 0x3E,
    0x07, 0x8F, 0x81, 0xE1, 0xE0, 0xFF, 0xFC, 0x3F, 0xFF, 0x1F, 0xFF, 0xE7, 0xC0, 0xF9, 0xE0, 0x3E,
    0xF8, 0x07, 0xFE, 0x01, 0xF0, 0x00, 0x3F, 0xFF, 0x00, 0x7F, 0xFF, 0x00, 0x7F, 0xFF, 0x00, 0xFF,
    0x00, 0x01, 0xFF, 0x00, 0x01, 0xEF, 0x00, 0x03, 0xEF, 0x00, 0x07, 0xCF, 0xFE, 0x07, 0xCF, 0xFE,
    0x0F, 0x8F, 0xFE, 0x0F, 0xFF, 0x00, 0x1F, 0xFF, 0x00, 0x3F, 0xFF, 0x00, 0x3E, 0x0F, 0x00, 0x7C,
    0x0F, 0xFF, 0x7C, 0x0F, 0xFF, 0xF8, 0x0F, 0xFF, 0x07, 0xFC, 0x3F, 0xFC, 0xFF, 0xF3, 0xF8, 0xE7,
    0xC0, 0x1F, 0x00, 0x3E, 0x00, 0x7C, 0x00, 0xF8, 0x01, 0xF0, 0x03, 0xE0, 0x07, 0xC0, 0x07, 0xC0,
    0x0F, 0xE3, 0x8F, 0xFF, 0x8F, 0xFF, 0x07, 0xFC, 0x03, 0x80, 0x07, 0x80, 0x07, 0x00, 0x7E, 0x00,
    0xF8, 0x00, 0x0C, 0x00, 0xF0, 0x07, 0xC0, 0x1F, 0x00, 0x78, 0x01, 0x80, 0x00, 0x1F, 0xFE, 0xFF,
    0xF7, 0xFF, 0xBC, 0x01, 0xE0, 0x0F, 0x00, 0x78, 0x03, 0xFF, 0x9F, 0xFC, 0xFF, 0xE7, 0x80, 0x3C,
    0x01, 0xE0, 0x0F, 0x00, 0x7F, 0xFF, 0xFF, 0xFF, 0xFF, 0x03, 0x00, 0x3C, 0x03, 0xE0, 0x3E, 0x01,
    0xE0, 0x06, 0x00, 0x00, 0x1F, 0xFE, 0xFF, 0xF7, 0xFF, 0xBC, 0x01, 0xE0, 0x0F, 0x00, 0x78, 0x03,
    0xFF, 0x9F, 0xFC, 0xFF, 0xE7, 0x80, 0x3C, 0x01, 0xE0, 0x0F, 0x00, 0x7F, 0xFF, 0xFF, 0xFF, 0xFF,
    0x06, 0x00, 0x78, 0x0F, 0xE0, 0x7F, 0x83, 0x98, 0x00, 0x03, 0xFF, 0xDF, 0xFE, 0xFF, 0xF7, 0x80,
    0x3C, 0x01, 0xE0, 0x0F, 0x00, 0x7F, 0xF3, 0xFF, 0x9F, 0xFC, 0xF0, 0x07, 0x80, 0x3C, 0x01, 0xE0,
    0x0F, 0xFF, 0xFF, 0xFF, 0xFF, 0xE0, 0x79, 0xC3, 0xDF, 0x1E, 0xF8, 0xF3, 0x80, 0x00, 0x00, 0x03,
    0xFF, 0xDF, 0xFE, 0xFF, 0xF7, 0x80, 0x3C, 0x01, 0xE0, 0x0F, 0x00, 0x7F, 0xF3, 0xFF, 0x9F, 0xFC,
    0xF0, 0x07, 0x80, 0x3C, 0x01, 0xE0, 0x0F, 0xFF, 0xFF, 0xFF, 0xFF, 0xE0, 0x30, 0xF1, 0xF1, 0xF1,
    0xE1, 0x80, 0x1E, 0x3C, 0x78, 0xF1, 0xE3, 0xC7, 0x8F, 0x1E, 0x3C, 0x78, 0xF1, 0xE3, 0xC7, 0x8F,
    0x1E, 0x18, 0x79, 0xF7, 0xCF, 0x0C, 0x00, 0x3C, 0x78, 0xF1, 0xE3, 0xC7, 0x8F, 0x1E, 0x3C, 0x78,
    0xF1, 0xE3, 0xC7, 0x8F, 0x1E, 0x3C, 0x18, 0x3C, 0x7E, 0xFF, 0x66, 0x00, 0x3C, 0x3C, 0x3C, 0x3C,
    0x3C, 0x3C, 0x3C, 0x3C, 0x3C, 0x3C, 0x3C, 0x3C, 0x3C, 0x3C, 0x3C, 0x3C, 0x3C, 0xF3, 0xFC, 0xFF,
    0x3F, 0xCF, 0x00, 0x00, 0x01, 0xE0, 0x78, 0x1E, 0x07, 0x81, 0xE0, 0x78, 0x1E, 0x07, 0x81, 0xE0,
    0x78, 0x1E, 0x07, 0x81, 0xE0, 0x78, 0x1E, 0x07, 0x81, 0xE0, 0x3F, 0xF8, 0x0F, 0xFF, 0x83, 0xFF,
    0xF0, 0xF9, 0xFE, 0x3E, 0x0F, 0x8F, 0x83, 0xE3, 0xE0, 0x7F, 0xFF, 0x1F, 0xFF, 0xC7, 0xFF, 0xF1,
    0xF3, 0xE0, 0x7C, 0xF8, 0x3E, 0x3E, 0x1F, 0x8F, 0x9F, 0xC3, 0xFF, 0xF0, 0xFF, 0xF0, 0x3F, 0xF8,
    0x00, 0x0F, 0x70, 0x3F, 0xE0, 0x7F, 0xC0, 0xEF, 0x00, 0x00, 0x00, 0x00, 0x3C, 0x07, 0xFC, 0x0F,
    0xFC, 0x1F, 0xFC, 0x3F, 0xFC, 0x7F, 0xF8, 0xFF, 0xF9, 0xFE, 0xFB, 0xFD, 0xF7, 0xF9, 0xFF, 0xF1,
    0xFF, 0xE1, 0xFF, 0xC3, 0xFF, 0x83, 0xFF, 0x03, 0xFE, 0x07, 0xFC, 0x07, 0x80, 0x01, 0x80, 0x00,
    0xF0, 0x00, 0x3E, 0x00, 0x07, 0xC0, 0x00, 0xF0, 0x00, 0x18, 0x00, 0x00, 0x00, 0x1F, 0xE0, 0x1F,
    0xFE, 0x0F, 0xFF, 0xC7, 0xF3, 0xF1, 0xF0, 0x3E, 0xF8, 0x0F, 0xBE, 0x01, 0xFF, 0x80, 0x7F, 0xE0,
    0x1F, 0xF8, 0x07, 0xFE, 0x01, 0xFF, 0x80, 0xF9, 0xF0, 0x3E, 0x7F, 0x3F, 0x8F, 0xFF, 0xC1, 0xFF,
    0xE0, 0x1F, 0xE0, 0x00, 0x60, 0x00, 0x3C, 0x00, 0x1F, 0x00, 0x0F, 0x80, 0x03, 0xC0, 0x00, 0x60,
    0x00, 0x00, 0x00, 0x1F, 0xE0, 0x1F, 0xFE, 0x0F, 0xFF, 0xC7, 0xF3, 0xF1, 0xF0, 0x3E, 0xF8, 0x0F,
    0xBE, 0x01, 0xFF, 0x80, 0x7F, 0xE0, 0x1F, 0xF8, 0x07, 0xFE, 0x01, 0xFF, 0x80, 0xF9, 0xF0, 0x3E,
    0x7F, 0x3F, 0x8F, 0xFF, 0xC1, 0xFF, 0xE0, 0x1F, 0xE0, 0x00, 0xC0, 0x00, 0x78, 0x00, 0x7F, 0x00,
    0x1F, 0xE0, 0x07, 0x30, 0x00, 0x00, 0x00, 0x7F, 0x80, 0x7F, 0xF8, 0x3F, 0xFF, 0x1F, 0xCF, 0xC7,
    0xC0, 0xFB, 0xE0, 0x3E, 0xF8, 0x07, 0xFE, 0x01, 0xFF, 0x80, 0x7F, 0xE0, 0x1F, 0xF8, 0x07, 0xFE,
    0x03, 0xE7, 0xC0, 0xF9, 0xFC, 0xFE, 0x3F, 0xFF, 0x07, 0xFF, 0x80, 0x7F, 0x80, 0x07, 0xD8, 0x01,
    0xFF, 0x00, 0xFF, 0x80, 0x1B, 0xC0, 0x00, 0x00, 0x00, 0x00, 0x00, 0x7F, 0x80, 0x7F, 0xF8, 0x3F,
    0xFF, 0x1F, 0xCF, 0xC7, 0xC0, 0xFB, 0xE0, 0x3E, 0xF8, 0x07, 0xFE, 0x01, 0xFF, 0x80, 0x7F, 0xE0,
    0x1F, 0xF8, 0x07, 0xFE, 0x03, 0xE7, 0xC0, 0xF9, 0xFC, 0xFE, 0x3F, 0xFF, 0x07, 0xFF, 0x80, 0x7F,
    0x80, 0x0F, 0x38, 0x03, 0xDF, 0x00, 0xF7, 0xC0, 0x3C, 0xE0, 0x00, 0x00, 0x00, 0x00, 0x00, 0x7F,
    0x80, 0x7F, 0xF8, 0x3F, 0xFF, 0x1F, 0xCF, 0xC7, 0xC0, 0xFB, 0xE0, 0x3E, 0xF8, 0x07, 0xFE, 0x01,
    0xFF, 0x80, 0x7F, 0xE0, 0x1F, 0xF8, 0x07, 0xFE, 0x03, 0xE7, 0xC0, 0xF9, 0xFC, 0xFE, 0x3F, 0xFF,
    0x07, 0xFF, 0x80, 0x7F, 0x80, 0x30, 0xC7, 0x9E, 0xFF, 0xF7, 0xFE, 0x3F, 0xC1, 0xF8, 0x3F, 0xC7,
    0xFE, 0xFF, 0xF7, 0x9E, 0x30, 0xC0, 0x00, 0x03, 0x01, 0xFF, 0xE1, 0xFF, 0xF8, 0xFF, 0xFC, 0x7F,
    0x3F, 0x1F, 0x0F, 0xEF, 0x87, 0xFB, 0xE3, 0xFF, 0xF8, 0xF7, 0xFE, 0x79, 0xFF, 0xBC, 0x7F, 0xFE,
    0x1F, 0xFF, 0x8F, 0x9F, 0xC3, 0xE7, 0xF3, 0xF8, 0xFF, 0xFC, 0x7F, 0xFE, 0x1F, 0xFE, 0x03, 0x00,
    0x00, 0x06, 0x00, 0x1E, 0x00, 0x3E, 0x00, 0x3E, 0x00, 0x3C, 0x00, 0x30, 0x00, 0x00, 0x7C, 0x0F,
    0xF8, 0x1F, 0xF0, 0x3F, 0xE0, 0x7F, 0xC0, 0xFF, 0x81, 0xFF, 0x03, 0xFE, 0x07, 0xFC, 0x0F, 0xF8,
    0x1F, 0xF0, 0x3F, 0xE0, 0x7B, 0xE1, 0xF7, 0xE7, 0xEF, 0xFF, 0x8F, 0xFE, 0x07, 0xF8, 0x00, 0xC0,
    0x03, 0xC0, 0x0F, 0x80, 0x3E, 0x00, 0x78, 0x00, 0x60, 0x00, 0x00, 0x7C, 0x0F, 0xF8, 0x1F, 0xF0,
    0x3F, 0xE0, 0x7F, 0xC0, 0xFF, 0x81, 0xFF, 0x03, 0xFE, 0x07, 0xFC, 0x0F, 0xF8, 0x1F, 0xF0, 0x3F,
    0xE0, 0x7B, 0xE1, 0xF7, 0xE7, 0xEF, 0xFF, 0x8F, 0xFE, 0x07, 0xF8, 0x01, 0x80, 0x07, 0x80, 0x3F,
    0x80, 0x7F, 0x80, 0xE6, 0x00, 0x00, 0x3E, 0x07, 0xFC, 0x0F, 0xF8, 0x1F, 0xF0, 0x3F, 0xE0, 0x7F,
    0xC0, 0xFF, 0x81, 0xFF, 0x03, 0xFE, 0x07, 0xFC, 0x0F, 0xF8, 0x1F, 0xF0, 0x3D, 0xF0, 0xFB, 0xF3,
    0xF7, 0xFF, 0xC7, 0xFF, 0x03, 0xFC, 0x00, 0x1E, 0x70, 0x3D, 0xF0, 0x7B, 0xE0, 0xF3, 0x80, 0x00,
    0x00, 0x00, 0x3E, 0x07, 0xFC, 0x0F, 0xF8, 0x1F, 0xF0, 0x3F, 0xE0, 0x7F, 0xC0, 0xFF, 0x81, 0xFF,
    0x03, 0xFE, 0x07, 0xFC, 0x0F, 0xF8, 0x1F, 0xF0, 0x3D, 0xF0, 0xFB, 0xF3, 0xF7, 0xFF, 0xC7, 0xFF,
    0x03, 0xFC, 0x00, 0x00, 0x60, 0x00, 0x78, 0x00, 0x7C, 0x00, 0x7C, 0x00, 0x3C, 0x00, 0x0C, 0x00,
    0x00, 0x01, 0xF0, 0x3F, 0x7C, 0x1F, 0x3E, 0x1F, 0x0F, 0x8F, 0x87, 0xCF, 0x81, 0xF7, 0xC0, 0xFF,
    0xC0, 0x3F, 0xE0, 0x0F, 0xE0, 0x07, 0xE0, 0x01, 0xF0, 0x00, 0xF8, 0x00, 0x7C, 0x00, 0x3E, 0x00,
    0x1F, 0x00, 0x0F, 0x80, 0x07, 0xC0, 0xF0, 0x03, 0xC0, 0x0F, 0xFC, 0x3F, 0xFC, 0xFF, 0xFB, 0xC7,
    0xEF, 0x0F, 0xBC, 0x1F, 0xF0, 0x7F, 0xC3, 0xEF, 0x1F, 0xBF, 0xFE, 0xFF, 0xF3, 0xFF, 0x0F, 0x00,
    0x3C, 0x00, 0xF0, 0x00, 0x1F, 0xC0, 0x7F, 0xE1, 0xFF, 0xC3, 0xE7, 0xC7, 0x8F, 0x9F, 0x1E, 0x3E,
    0x7C, 0x7C, 0xF0, 0xFB, 0xC1, 0xF7, 0x83, 0xEF, 0xC7, 0xDF, 0xCF, 0x9F, 0xDF, 0x0F, 0xFE, 0x0F,
    0xFD, 0x9F, 0xFB, 0xFF, 0xF7, 0xFB, 0xEF, 0xE0, 0x06, 0x00, 0x78, 0x03, 0xE0, 0x0F, 0x00, 0x38,
    0x00, 0xC0, 0x00, 0x07, 0xF8, 0x3F, 0xF1, 0xFF, 0x8C, 0x7C, 0x01, 0xF1, 0xFF, 0xBF, 0xFD, 0xFF,
    0xEF, 0x9F, 0x7C, 0xFB, 0xFF, 0xDF, 0xFE, 0x7F, 0xE0, 0x01, 0x80, 0x1E, 0x01, 0xF0, 0x1F, 0x00,
    0xF0, 0x03, 0x00, 0x00, 0x07, 0xF8, 0x3F, 0xF1, 0xFF, 0x8C, 0x7C, 0x01, 0xF1, 0xFF, 0xBF, 0xFD,
    0xFF, 0xEF, 0x9F, 0x7C, 0xFB, 0xFF, 0xDF, 0xFE, 0x7F, 0xE0, 0x07, 0x00, 0x7C, 0x07, 0xF0, 0x7F,
    0xC1, 0x8C, 0x00, 0x00, 0xFF, 0x07, 0xFE, 0x3F, 0xF1, 0x8F, 0x80, 0x3E, 0x3F, 0xF7, 0xFF, 0xBF,
    0xFD, 0xF3, 0xEF, 0x9F, 0x7F, 0xFB, 0xFF, 0xCF, 0xFC, 0x1F, 0x61, 0xFF, 0x8F, 0xF8, 0x37, 0x80,
    0x00, 0x00, 0x00, 0xFF, 0x07, 0xFE, 0x3F, 0xF1, 0x8F, 0x80, 0x3E, 0x3F, 0xF7, 0xFF, 0xBF, 0xFD,
    0xF3, 0xEF, 0x9F, 0x7F, 0xFB, 0xFF, 0xCF, 0xFC, 0x3C, 0xE1, 0xEF, 0x8F, 0x7C, 0x79, 0xC0, 0x00,
    0x00, 0x00, 0xFF, 0x07, 0xFE, 0x3F, 0xF1, 0x8F, 0x80, 0x3E, 0x3F, 0xF7, 0xFF, 0xBF, 0xFD, 0xF3,
    0xEF, 0x9F, 0x7F, 0xFB, 0xFF, 0xCF, 0xFC, 0x07, 0x80, 0x7E, 0x03, 0x70, 0x1F, 0x80, 0xFC, 0x03,
    0xC0, 0x00, 0x07, 0xF8, 0x3F, 0xF1, 0xFF, 0x8C, 0x7C, 0x01, 0xF1, 0xFF, 0xBF, 0xFD, 0xFF, 0xEF,
    0x9F, 0x7C, 0xFB, 0xFF, 0xDF, 0xFE, 0x7F, 0xE0, 0x3F, 0xCF, 0xC1, 0xFF, 0xFF, 0x0F, 0xFF, 0xFC,
    0x63, 0xFB, 0xF0, 0x0F, 0x87, 0x8F, 0xFF, 0xFD, 0xFF, 0xFF, 0xEF, 0xFF, 0xFF, 0x7C, 0xF8, 0x03,
    0xE3, 0xF3, 0x9F, 0xFF, 0xFC, 0xFF, 0xFF, 0xE3, 0xFF, 0xFF, 0x00, 0x1F, 0xE7, 0xFD, 0xFF, 0x7E,
    0x6F, 0x81, 0xE0, 0x3C, 0x07, 0x80, 0xF8, 0x1F, 0x8D, 0xFF, 0x9F, 0xF0, 0xFE, 0x1E, 0x01, 0xE0,
    0x3C, 0x1F, 0x83, 0xE0, 0x0C, 0x00, 0xF0, 0x07, 0xC0, 0x1F, 0x00, 0x78, 0x01, 0x80, 0x00, 0x03,
    0xF8, 0x3F, 0xE3, 0xFF, 0xBF, 0x7D, 0xF1, 0xFF, 0xFF, 0xFF, 0xFF, 0xFF, 0xFF, 0x00, 0xFC, 0x73,
    0xFF, 0x8F, 0xFC, 0x3F, 0xE0, 0x03, 0x00, 0x3C, 0x03, 0xE0, 0x1E, 0x00, 0xE0, 0x06, 0x00, 0x00,
    0x03, 0xF8, 0x3F, 0xE3, 0xFF, 0xBF, 0x7D, 0xF1, 0xFF, 0xFF, 0xFF, 0xFF, 0xFF, 0xFF, 0x00, 0xFC,
    0x73, 0xFF, 0x8F, 0xFC, 0x3F, 0xE0, 0x06, 0x00, 0x7C, 0x07, 0xF0, 0x7F, 0x81, 0x8C, 0x00, 0x00,
    0x7F, 0x07, 0xFC, 0x7F, 0xF7, 0xEF, 0xBE, 0x3F, 0xFF, 0xFF, 0xFF, 0xFF, 0xFF, 0xE0, 0x1F, 0x8E,
    0x7F, 0xF1, 0xFF, 0x87, 0xFC, 0x39, 0xE3, 0xEF, 0x1F, 0x78, 0x73, 0xC0, 0x00, 0x00, 0x00, 0x7F,
    0x07, 0xFC, 0x7F, 0xF7, 0xEF, 0xBE, 0x3F, 0xFF, 0xFF, 0xFF, 0xFF, 0xFF, 0xE0, 0x1F, 0x8E, 0x7F,
    0xF1, 0xFF, 0x87, 0xFC, 0x30, 0xF1, 0xF1, 0xE1, 0xC1, 0x80, 0x3E, 0x7C, 0xF9, 0xF3, 0xE7, 0xCF,
    0x9F, 0x3E, 0x7C, 0xF9, 0xF3, 0xE0, 0x18, 0xF7, 0xFE, 0xF1, 0x80, 0x3E, 0xFB, 0xEF, 0xBE, 0xFB,
    0xEF, 0xBE, 0xFB, 0xEF, 0xBE, 0x0C, 0x1F, 0x1F, 0xCF, 0xF6, 0x30, 0x00, 0xF8, 0x7C, 0x3E, 0x1F,
    0x0F, 0x87, 0xC3, 0xE1, 0xF0, 0xF8, 0x7C, 0x3E, 0x1F, 0x0F, 0x80, 0x71, 0xCF, 0x7D, 0xEF, 0xB8,
    0xE0, 0x00, 0x00, 0x07, 0xC0, 0xF8, 0x1F, 0x03, 0xE0, 0x7C, 0x0F, 0x81, 0xF0, 0x3E, 0x07, 0xC0,
    0xF8, 0x1F, 0x03, 0xE0, 0x7C, 0x00, 0x07, 0x00, 0x3F, 0xE0, 0x7F, 0x83, 0xFE, 0x0F, 0xF0, 0x1F,
    0xC0, 0x0F, 0x87, 0xFE, 0x7F, 0xF9, 0xFF, 0xEF, 0xCF, 0xBE, 0x1E, 0xF0, 0x7B, 0xC1, 0xEF, 0x8F,
    0xBF, 0x7C, 0x7F, 0xF1, 0xFF, 0x81, 0xFC, 0x00, 0x1E, 0xE1, 0xFF, 0x0F, 0xF8, 0x77, 0x80, 0x00,
    0x00, 0x01, 0xFF, 0x1F, 0xFC, 0xFF, 0xF7, 0xCF, 0xBE, 0x3D, 0xF1, 0xEF, 0x8F, 0x7C, 0x7B, 0xE3,
    0xDF, 0x1E, 0xF8, 0xF7, 0xC7, 0xBE, 0x3C, 0x06, 0x00, 0x3C, 0x00, 0xF0, 0x01, 0xE0, 0x03, 0x80,
    0x06, 0x00, 0x00, 0x07, 0xF0, 0x3F, 0xE1, 0xFF, 0xCF, 0xDF, 0xBE, 0x3E, 0xF0, 0x7B, 0xC1, 0xEF,
    0x07, 0xBE, 0x3E, 0xFD, 0xF9, 0xFF, 0xC3, 0xFE, 0x07, 0xF0, 0x03, 0x80, 0x0F, 0x00, 0x7C, 0x03,
    0xE0, 0x0F, 0x00, 0x18, 0x00, 0x00, 0x07, 0xF0, 0x3F, 0xE1, 0xFF, 0xCF, 0xDF, 0xBE, 0x3E, 0xF0,
    0x7B, 0xC1, 0xEF, 0x07, 0xBE, 0x3E, 0xFD, 0xF9, 0xFF, 0xC3, 0xFE, 0x07, 0xF0, 0x07, 0x00, 0x3E,
    0x01, 0xFC, 0x0F, 0xF8, 0x18, 0xC0, 0x00, 0x01, 0xFC, 0x0F, 0xF8, 0x7F, 0xF3, 0xF7, 0xEF, 0x8F,
    0xBC, 0x1E, 0xF0, 0x7B, 0xC1, 0xEF, 0x8F, 0xBF, 0x7E, 0x7F, 0xF0, 0xFF, 0x81, 0xFC, 0x00, 0x1E,
    0xE0, 0xFF, 0x83, 0xFE, 0x0E, 0xF0, 0x00, 0x00, 0x00, 0x01, 0xFC, 0x0F, 0xF8, 0x7F, 0xF3, 0xF7,
    0xEF, 0x8F, 0xBC, 0x1E, 0xF0, 0x7B, 0xC1, 0xEF, 0x8F, 0xBF, 0x7E, 0x7F, 0xF0, 0xFF, 0x81, 0xFC,
    0x00, 0x3C, 0xE0, 0xF7, 0xC3, 0xDF, 0x0F, 0x38, 0x00, 0x00, 0x00, 0x01, 0xFC, 0x0F, 0xF8, 0x7F,
    0xF3, 0xF7, 0xEF, 0x8F, 0xBC, 0x1E, 0xF0, 0x7B, 0xC1, 0xEF, 0x8F, 0xBF, 0x7E, 0x7F, 0xF0, 0xFF,
    0x81, 0xFC, 0x00, 0x0F, 0x00, 0xF8, 0x0F, 0x80, 0xF0, 0x00, 0x0F, 0xFF, 0xFF, 0xFF, 0xFF, 0x00,
    0x00, 0xF0, 0x0F, 0x80, 0xF8, 0x0F, 0x00, 0x00, 0x30, 0x7F, 0xE3, 0xFF, 0x9F, 0xFC, 0xFD, 0xFB,
    0xEF, 0xEF, 0x3F, 0xBD, 0xDE, 0xFF, 0x7B, 0xF9, 0xEF, 0xDF, 0x9F, 0xFC, 0x7F, 0xE3, 0xFF, 0x06,
    0x00, 0x00, 0x0C, 0x01, 0xE0, 0x1F, 0x00, 0xF8, 0x07, 0x80, 0x30, 0x00, 0x0F, 0x8F, 0xF8, 0xFF,
    0x8F, 0xF8, 0xFF, 0x8F, 0xF8, 0xFF, 0x8F, 0xF8, 0xFF, 0x8F, 0x7C, 0xF7, 0xFF, 0x3F, 0xF1, 0xFF,
    0x03, 0x00, 0x78, 0x07, 0x80, 0xF0, 0x0E, 0x00, 0xC0, 0x00, 0x0F, 0x8F, 0xF8, 0xFF, 0x8F, 0xF8,
    0xFF, 0x8F, 0xF8, 0xFF, 0x8F, 0xF8, 0xFF, 0x8F, 0x7C, 0xF7, 0xFF, 0x3F, 0xF1, 0xFF, 0x06, 0x00,
    0xF8, 0x1F, 0xC3, 0xFC, 0x18, 0xC0, 0x00, 0xF8, 0xFF, 0x8F, 0xF8, 0xFF, 0x8F, 0xF8, 0xFF, 0x8F,
    0xF8, 0xFF, 0x8F, 0xF8, 0xF7, 0xCF, 0x7F, 0xF3, 0xFF, 0x1F, 0xF0, 0x39, 0xE7, 0xDE, 0x7D, 0xE3,
    0x9E, 0x00, 0x00, 0x00, 0xF8, 0xFF, 0x8F, 0xF8, 0xFF, 0x8F, 0xF8, 0xFF, 0x8F, 0xF8, 0xFF, 0x8F,
    0xF8, 0xF7, 0xCF, 0x7F, 0xF3, 0xFF, 0x1F, 0xF0, 0x00, 0xC0, 0x07, 0x80, 0x3E, 0x01, 0xF0, 0x07,
    0x80, 0x0C, 0x00, 0x00, 0x3E, 0x1F, 0xF8, 0x79, 0xE1, 0xE7, 0xCF, 0x9F, 0x3C, 0x3C, 0xF0, 0xFF,
    0xC3, 0xFE, 0x07, 0xF8, 0x1F, 0xE0, 0x3F, 0x00, 0xFC, 0x01, 0xE0, 0x0F, 0x81, 0x7C, 0x0F, 0xF0,
    0x3F, 0x80, 0xFC, 0x00, 0x78, 0x07, 0xC0, 0x3E, 0x01, 0xF0, 0x0F, 0x80, 0x7C, 0x03, 0xFF, 0x1F,
    0xFC, 0xFF, 0xF7, 0xCF, 0xFE, 0x3F, 0xF0, 0xFF, 0x87, 0xFC, 0x3F, 0xE3, 0xFF, 0xBF, 0xFF, 0xF7,
    0xFF, 0xBF, 0xF1, 0xF0, 0x0F, 0x80, 0x7C, 0x03, 0xE0, 0x1F, 0x00, 0x3C, 0xE0, 0xF7, 0xC3, 0xDF,
    0x0F, 0x38, 0x00, 0x00, 0x00, 0x0F, 0x87, 0xFE, 0x1E, 0x78, 0x79, 0xF3, 0xE7, 0xCF, 0x0F, 0x3C,
    0x3F, 0xF0, 0xFF, 0x81, 0xFE, 0x07, 0xF8, 0x0F, 0xC0, 0x3F, 0x00, 0x78, 0x03, 0xE0, 0x5F, 0x03,
    0xFC, 0x0F, 0xE0, 0x3F, 0x00, 0x07, 0xF8, 0x01, 0xFE, 0x00, 0x7F, 0x80, 0x00, 0x00, 0x00, 0x00,
    0x00, 0x00, 0x00, 0x1E, 0x00, 0x0F, 0xC0, 0x03, 0xF0, 0x01, 0xFE, 0x00, 0x7F, 0x80, 0x3F, 0xF0,
    0x0F, 0x3C, 0x07, 0xCF, 0x81, 0xE3, 0xE0, 0x78, 0x78, 0x3F, 0xFF, 0x0F, 0xFF, 0xC3, 0xFF, 0xF9,
    0xF0, 0x3E, 0x7C, 0x0F, 0xBE, 0x01, 0xFF, 0x80, 0x7C, 0x3F, 0xE1, 0xFF, 0x0F, 0xF8, 0x00, 0x00,
    0x00, 0x00, 0x00, 0xFF, 0x07, 0xFE, 0x3F, 0xF1, 0x8F, 0x80, 0x3E, 0x3F, 0xF7, 0xFF, 0xBF, 0xFD,
    0xF3, 0xEF, 0x9F, 0x7F, 0xFB, 0xFF, 0xCF, 0xFC, 0x07, 0x3C, 0x01, 0xEE, 0x00, 0x3F, 0x80, 0x07,
    0xC0, 0x00, 0x00, 0x00, 0x00, 0x00, 0x1E, 0x00, 0x0F, 0xC0, 0x03, 0xF0, 0x01, 0xFE, 0x00, 0x7F,
    0x80, 0x3F, 0xF0, 0x0F, 0x3C, 0x07, 0xCF, 0x81, 0xE3, 0xE0, 0x78, 0x78, 0x3F, 0xFF, 0x0F, 0xFF,
    0xC3, 0xFF, 0xF9, 0xF0, 0x3E, 0x7C, 0x0F, 0xBE, 0x01, 0xFF, 0x80, 0x7C, 0x1C, 0xE0, 0xEF, 0x07,
    0xF8, 0x1F, 0x80, 0x00, 0x00, 0x00, 0xFF, 0x07, 0xFE, 0x3F, 0xF1, 0x8F, 0x80, 0x3E, 0x3F, 0xF7,
    0xFF, 0xBF, 0xFD, 0xF3, 0xEF, 0x9F, 0x7F, 0xFB, 0xFF, 0xCF, 0xFC, 0x01, 0xE0, 0x00, 0x7E, 0x00,
    0x0F, 0xC0, 0x03, 0xFC, 0x00, 0x7F, 0x80, 0x1F, 0xF8, 0x03, 0xCF, 0x00, 0xF9, 0xF0, 0x1E, 0x3E,
    0x03, 0xC3, 0xC0, 0xFF, 0xFC, 0x1F, 0xFF, 0x83, 0xFF, 0xF8, 0xF8, 0x1F, 0x1F, 0x03, 0xE7, 0xC0,
    0x3E, 0xF8, 0x07, 0xC0, 0x00, 0x78, 0x00, 0x1E, 0x00, 0x03, 0x80, 0x00, 0xFC, 0x00, 0x0F, 0xC0,
    0x01, 0xF8, 0x3F, 0xC1, 0xFF, 0x8F, 0xFC, 0x63, 0xE0, 0x0F, 0x8F, 0xFD, 0xFF, 0xEF, 0xFF, 0x7C,
    0xFB, 0xE7, 0xDF, 0xFE, 0xFF, 0xF3, 0xFF, 0x00, 0x78, 0x07, 0x80, 0x78, 0x03, 0xF0, 0x0F, 0xC0,
    0x7E, 0x00, 0x60, 0x01, 0xE0, 0x07, 0xC0, 0x1F, 0x00, 0x3C, 0x00, 0x30, 0x00, 0x00, 0x03, 0xFE,
    0x1F, 0xFE, 0x7F, 0xF9, 0xFC, 0x73, 0xE0, 0x0F, 0x80, 0x1F, 0x00, 0x3E, 0x00, 0x7C, 0x00, 0xF8,
    0x01, 0xF0, 0x03, 0xE0, 0x03, 0xE0, 0x07, 0xF1, 0xC7, 0xFF, 0xC7, 0xFF, 0x87, 0xFE, 0x01, 0x80,
    0x78, 0x1F, 0x07, 0xC0, 0xF0, 0x0C, 0x00, 0x00, 0xFF, 0x3F, 0xEF, 0xFB, 0xF3, 0x7C, 0x0F, 0x01,
    0xE0, 0x3C, 0x07, 0xC0, 0xFC, 0x6F, 0xFC, 0xFF, 0x8F, 0xF0, 0x00, 0xC0, 0x03, 0xC0, 0x1F, 0xC0,
    0x3F, 0xC0, 0x73, 0x00, 0x00, 0x01, 0xFF, 0x0F, 0xFF, 0x3F, 0xFC, 0xFE, 0x39, 0xF0, 0x07, 0xC0,
    0x0F, 0x80, 0x1F, 0x00, 0x3E, 0x00, 0x7C, 0x00, 0xF8, 0x01, 0xF0, 0x01, 0xF0, 0x03, 0xF8, 0xE3,
    0xFF, 0xE3, 0xFF, 0xC3, 0xFF, 0x00, 0x07, 0x01, 0xF0, 0x7F, 0x1F, 0xE1, 0x8C, 0x00, 0x07, 0xF9,
    0xFF, 0x7F, 0xDF, 0x9B, 0xE0, 0x78, 0x0F, 0x01, 0xE0, 0x3E, 0x07, 0xE3, 0x7F, 0xE7, 0xFC, 0x7F,
    0x80, 0x01, 0xE0, 0x03, 0xC0, 0x07, 0x80, 0x0F, 0x00, 0x00, 0x00, 0x00, 0x01, 0xFF, 0x0F, 0xFF,
    0x3F, 0xFC, 0xFE, 0x39, 0xF0, 0x07, 0xC0, 0x0F, 0x80, 0x1F, 0x00, 0x3E, 0x00, 0x7C, 0x00, 0xF8,
    0x01, 0xF0, 0x01, 0xF0, 0x03, 0xF8, 0xE3, 0xFF, 0xE3, 0xFF, 0xC3, 0xFF, 0x00, 0x07, 0x01, 0xF0,
    0x3E, 0x03, 0x80, 0x00, 0x00, 0x07, 0xF9, 0xFF, 0x7F, 0xDF, 0x9B, 0xE0, 0x78, 0x0F, 0x01, 0xE0,
    0x3E, 0x07, 0xE3, 0x7F, 0xE7, 0xFC, 0x7F, 0x80, 0x06, 0x30, 0x0F, 0xF0, 0x1F, 0xC0, 0x0F, 0x00,
    0x0C, 0x00, 0x00, 0x00, 0x00, 0x03, 0xFE, 0x1F, 0xFE, 0x7F, 0xF9, 0xFC, 0x73, 0xE0, 0x0F, 0x80,
    0x1F, 0x00, 0x3E, 0x00, 0x7C, 0x00, 0xF8, 0x01, 0xF0, 0x03, 0xE0, 0x03, 0xE0, 0x07, 0xF1, 0xC7,
    0xFF, 0xC7, 0xFF, 0x87, 0xFE, 0x18, 0xC7, 0xFC, 0x7F, 0x07, 0xC0, 0x70, 0x00, 0x00, 0x00, 0xFF,
    0x3F, 0xEF, 0xFB, 0xF3, 0x7C, 0x0F, 0x01, 0xE0, 0x3C, 0x07, 0xC0, 0xFC, 0x6F, 0xFC, 0xFF, 0x8F,
    0xF0, 0x1C, 0xC0, 0x1F, 0xE0, 0x1F, 0xC0, 0x07, 0x80, 0x03, 0x00, 0x00, 0x00, 0x00, 0x00, 0xFF,
    0xC0, 0xFF, 0xF0, 0xFF, 0xF8, 0xF1, 0xFC, 0xF0, 0x7E, 0xF0, 0x3E, 0xF0, 0x1E, 0xF0, 0x1E, 0xF0,
    0x1F, 0xF0, 0x1E, 0xF0, 0x3E, 0xF0, 0x3E, 0xF0, 0x7E, 0xF1, 0xFC, 0xFF, 0xF8, 0xFF, 0xF0, 0xFF,
    0xC0, 0x00, 0xFB, 0x80, 0x3E, 0xE0, 0x0F, 0xB8, 0x03, 0xEE, 0x00, 0xFB, 0x80, 0x3E, 0xE1, 0xFF,
    0x81, 0xFF, 0xE0, 0x7F, 0xF8, 0x3F, 0x7E, 0x0F, 0x8F, 0x83, 0xC3, 0xE0, 0xF0, 0xF8, 0x3C, 0x3E,
    0x0F, 0x8F, 0x83, 0xF3, 0xE0, 0x7F, 0xF8, 0x0F, 0xFE, 0x01, 0xFF, 0x00, 0x3F, 0xF8, 0x0F, 0xFF,
    0x83, 0xFF, 0xF0, 0xF9, 0xFE, 0x3E, 0x0F, 0x8F, 0x83, 0xE3, 0xE0, 0x7F, 0xFF, 0x1F, 0xFF, 0xC7,
    0xFF, 0xF1, 0xF3, 0xE0, 0x7C, 0xF8, 0x3E, 0x3E, 0x1F, 0x8F, 0x9F, 0xC3, 0xFF, 0xF0, 0xFF, 0xF0,
    0x3F, 0xF8, 0x00, 0x00, 0xF8, 0x03, 0xE0, 0x7F, 0xC1, 0xFF, 0x00, 0xF8, 0x03, 0xE1, 0xFF, 0x8F,
    0xFE, 0x7F, 0xFB, 0xF7, 0xEF, 0x8F, 0xBC, 0x3E, 0xF0, 0xFB, 0xC3, 0xEF, 0x8F, 0xBF, 0x3E, 0x7F,
    0xF8, 0xFF, 0xE1, 0xFF, 0x00, 0x7F, 0xC3, 0xFE, 0x1F, 0xF0, 0x00, 0x00, 0x00, 0x00, 0x03, 0xFF,
    0xDF, 0xFE, 0xFF, 0xF7, 0x80, 0x3C, 0x01, 0xE0, 0x0F, 0x00, 0x7F, 0xF3, 0xFF, 0x9F, 0xFC, 0xF0,
    0x07, 0x80, 0x3C, 0x01, 0xE0, 0x0F, 0xFF, 0xFF, 0xFF, 0xFF, 0xE0, 0x3F, 0xE1, 0xFF, 0x0F, 0xF8,
    0x00, 0x00, 0x00, 0x00, 0x00, 0x7F, 0x07, 0xFC, 0x7F, 0xF7, 0xEF, 0xBE, 0x3F, 0xFF, 0xFF, 0xFF,
    0xFF, 0xFF, 0xE0, 0x1F, 0x8E, 0x7F, 0xF1, 0xFF, 0x87, 0xFC, 0x39, 0xC1, 0xFE, 0x0F, 0xF0, 0x3F,
    0x00, 0x00, 0x00, 0x03, 0xFF, 0xDF, 0xFE, 0xFF, 0xF7, 0x80, 0x3C, 0x01, 0xE0, 0x0F, 0x00, 0x7F,
    0xF3, 0xFF, 0x9F, 0xFC, 0xF0, 0x07, 0x80, 0x3C, 0x01, 0xE0, 0x0F, 0xFF, 0xFF, 0xFF, 0xFF, 0xE0,
    0x39, 0xE1, 0xEE, 0x07, 0xF0, 0x1F, 0x00, 0x00, 0x00, 0x00, 0x7F, 0x07, 0xFC, 0x7F, 0xF7, 0xEF,
    0xBE, 0x3F, 0xFF, 0xFF, 0xFF, 0xFF, 0xFF, 0xE0, 0x1F, 0x8E, 0x7F, 0xF1, 0xFF, 0x87, 0xFC, 0x0F,
    0x00, 0x78, 0x03, 0xC0, 0x1E, 0x00, 0x00, 0x00, 0x03, 0xFF, 0xDF, 0xFE, 0xFF, 0xF7, 0x80, 0x3C,
    0x01, 0xE0, 0x0F, 0x00, 0x7F, 0xF3, 0xFF, 0x9F, 0xFC, 0xF0, 0x07, 0x80, 0x3C, 0x01, 0xE0, 0x0F,
    0xFF, 0xFF, 0xFF, 0xFF, 0xE0, 0x0F, 0x00, 0x7C, 0x03, 0xE0, 0x1E, 0x00, 0x00, 0x00, 0x00, 0x7F,
    0x07, 0xFC, 0x7F, 0xF7, 0xEF, 0xBE, 0x3F, 0xFF, 0xFF, 0xFF, 0xFF, 0xFF, 0xE0, 0x1F, 0x8E, 0x7F,
    0xF1, 0xFF, 0x87, 0xFC, 0xFF, 0xF7, 0xFF, 0xBF, 0xFD, 0xE0, 0x0F, 0x00, 0x78, 0x03, 0xC0, 0x1F,
    0xFC, 0xFF, 0xE7, 0xFF, 0x3C, 0x01, 0xE0, 0x0F, 0x00, 0x78, 0x03, 0xFF, 0xFF, 0xFF, 0xFF, 0xF8,
    0x07, 0x80, 0x38, 0x03, 0xC0, 0x1F, 0x80, 0xFC, 0x03, 0xE0, 0x1F, 0xC1, 0xFF, 0x1F, 0xFD, 0xFB,
    0xEF, 0x8F, 0xFF, 0xFF, 0xFF, 0xFF, 0xFF, 0xF8, 0x07, 0xE3, 0x9F, 0xFC, 0x7F, 0xE1, 0xFF, 0x00,
    0xE0, 0x0F, 0x00, 0x7E, 0x03, 0xF0, 0x1F, 0x80, 0x19, 0x81, 0xFE, 0x07, 0xE0, 0x1E, 0x00, 0x60,
    0x00, 0x00, 0x00, 0x1F, 0xFE, 0xFF, 0xF7, 0xFF, 0xBC, 0x01, 0xE0, 0x0F, 0x00, 0x78, 0x03, 0xFF,
    0x9F, 0xFC, 0xFF, 0xE7, 0x80, 0x3C, 0x01, 0xE0, 0x0F, 0x00, 0x7F, 0xFF, 0xFF, 0xFF, 0xFF, 0x18,
    0xC1, 0xFF, 0x07, 0xF0, 0x1F, 0x00, 0x70, 0x00, 0x00, 0x00, 0x03, 0xF8, 0x3F, 0xE3, 0xFF, 0xBF,
    0x7D, 0xF1, 0xFF, 0xFF, 0xFF, 0xFF, 0xFF, 0xFF, 0x00, 0xFC, 0x73, 0xFF, 0x8F, 0xFC, 0x3F, 0xE0,
    0x00, 0xC0, 0x03, 0xC0, 0x1F, 0xC0, 0x3F, 0xC0, 0x73, 0x00, 0x00, 0x01, 0xFF, 0x0F, 0xFF, 0x3F,
    0xFE, 0xFE, 0x39, 0xF0, 0x07, 0xC0, 0x0F, 0x80, 0x1F, 0x00, 0x3E, 0x07, 0xFC, 0x0F, 0xF8, 0x1F,
    0xF0, 0x3D, 0xF0, 0x7B, 0xF8, 0xF3, 0xFF, 0xE3, 0xFF, 0xC1, 0xFF, 0x80, 0x03, 0x00, 0x3C, 0x07,
    0xF0, 0x3F, 0xC0, 0xCC, 0x00, 0x00, 0x7F, 0xC7, 0xFE, 0x7F, 0xF7, 0xE7, 0xBE, 0x3D, 0xE1, 0xEF,
    0x0F, 0x78, 0x7B, 0xE3, 0xDF, 0xBE, 0x7F, 0xF3, 0xFF, 0x8F, 0xFC, 0x01, 0xE7, 0x1F, 0x3F, 0xF9,
    0xFF, 0x8F, 0xF8, 0x0F, 0x38, 0x0E, 0xF0, 0x1F, 0xC0, 0x1F, 0x00, 0x00, 0x00, 0x00, 0x01, 0xFF,
    0x0F, 0xFF, 0x3F, 0xFE, 0xFE, 0x39, 0xF0, 0x07, 0xC0, 0x0F, 0x80, 0x1F, 0x00, 0x3E, 0x07, 0xFC,
    0x0F, 0xF8, 0x1F, 0xF0, 0x3D, 0xF0, 0x7B, 0xF8, 0xF3, 0xFF, 0xE3, 0xFF, 0xC1, 0xFF, 0x80, 0x1C,
    0xE0, 0xEF, 0x07, 0xF8, 0x1F, 0x80, 0x00, 0x00, 0x00, 0x7F, 0xC7, 0xFE, 0x7F, 0xF7, 0xE7, 0xBE,
    0x3D, 0xE1, 0xEF, 0x0F, 0x78, 0x7B, 0xE3, 0xDF, 0xBE, 0x7F, 0xF3, 0xFF, 0x8F, 0xFC, 0x01, 0xE7,
    0x1F, 0x3F, 0xF9, 0xFF, 0x8F, 0xF8, 0x01, 0xE0, 0x03, 0xC0, 0x07, 0x80, 0x0F, 0x00, 0x00, 0x00,
    0x00, 0x01, 0xFF, 0x0F, 0xFF, 0x3F, 0xFE, 0xFE, 0x39, 0xF0, 0x07, 0xC0, 0x0F, 0x80, 0x1F, 0x00,
    0x3E, 0x07, 0xFC, 0x0F, 0xF8, 0x1F, 0xF0, 0x3D, 0xF0, 0x7B, 0xF8, 0xF3, 0xFF, 0xE3, 0xFF, 0xC1,
    0xFF, 0x80, 0x07, 0x00, 0x7C, 0x03, 0xE0, 0x0E, 0x00, 0x00, 0x00, 0x00, 0x7F, 0xC7, 0xFE, 0x7F,
    0xF7, 0xE7, 0xBE, 0x3D, 0xE1, 0xEF, 0x0F, 0x78, 0x7B, 0xE3, 0xDF, 0xBE, 0x7F, 0xF3, 0xFF, 0x8F,
    0xFC, 0x01, 0xE7, 0x1F, 0x3F, 0xF9, 0xFF, 0x8F, 0xF8, 0x07, 0xFC, 0x3F, 0xFC, 0xFF, 0xFB, 0xF8,
    0xE7, 0xC0, 0x1F, 0x00, 0x3E, 0x00, 0x7C, 0x00, 0xF8, 0x1F, 0xF0, 0x3F, 0xE0, 0x7F, 0xC0, 0xF7,
    0xC1, 0xEF, 0xE3, 0xCF, 0xFF, 0x8F, 0xFF, 0x07, 0xFE, 0x00, 0x00, 0x07, 0x80, 0x0F, 0x00, 0x7E,
    0x00, 0x78, 0x00, 0x01, 0x80, 0x1E, 0x01, 0xE0, 0x0F, 0x00, 0x78, 0x00, 0x00, 0x00, 0x03, 0xFE,
    0x3F, 0xF3, 0xFF, 0xBF, 0x3D, 0xF1, 0xEF, 0x0F, 0x78, 0x7B, 0xC3, 0xDF, 0x1E, 0xFD, 0xF3, 0xFF,
    0x9F, 0xFC, 0x7F, 0xE0, 0x0F, 0x38, 0xF9, 0xFF, 0xCF, 0xFC, 0x7F, 0xC0, 0x03, 0x00, 0x0F, 0x00,
    0x3F, 0x80, 0xFF, 0x00, 0xCE, 0x00, 0x00, 0x3C, 0x0F, 0xF8, 0x1F, 0xF0, 0x3F, 0xE0, 0x7F, 0xC0,
    0xFF, 0x81, 0xFF, 0x03, 0xFF, 0xFF, 0xFF, 0xFF, 0xFF, 0xFF, 0xF0, 0x3F, 0xE0, 0x7F, 0xC0, 0xFF,
    0x81, 0xFF, 0x03, 0xFE, 0x07, 0xFC, 0x0F, 0x80, 0x1C, 0x01, 0xF0, 0x1F, 0xC0, 0xFE, 0x06, 0x30,
    0x00, 0x01, 0xE0, 0x1F, 0x00, 0xF8, 0x07, 0xC0, 0x3E, 0x01, 0xF0, 0x0F, 0xFC, 0x7F, 0xF3, 0xFF,
    0xDF, 0x3E, 0xF8, 0xF7, 0xC7, 0xBE, 0x3D, 0xF1, 0xEF, 0x8F, 0x7C, 0x7B, 0xE3, 0xDF, 0x1E, 0xF8,
    0xF0, 0x3E, 0x0F, 0x87, 0xC1, 0xF3, 0xFF, 0xFF, 0xFF, 0xFF, 0xFF, 0xFF, 0xFE, 0x7C, 0x1F, 0x0F,
    0x83, 0xE1, 0xFF, 0xFC, 0x3F, 0xFF, 0x87, 0xFF, 0xF0, 0xF8, 0x3E, 0x1F, 0x07, 0xC3, 0xE0, 0xF8,
    0x7C, 0x1F, 0x0F, 0x83, 0xE1, 0xF0, 0x7C, 0x3E, 0x0F, 0x80, 0x3C, 0x00, 0xF0, 0x0F, 0xFC, 0x3F,
    0xF0, 0x3C, 0x00, 0xF0, 0x03, 0xFE, 0x0F, 0xFC, 0x3F, 0xF8, 0xF3, 0xE3, 0xC7, 0xCF, 0x1F, 0x3C,
    0x7C, 0xF1, 0xF3, 0xC7, 0xCF, 0x1F, 0x3C, 0x7C, 0xF1, 0xF3, 0xC7, 0xC0, 0x7D, 0x9F, 0xFF, 0xF9,
    0xBE, 0x00, 0x00, 0x01, 0xE0, 0x78, 0x1E, 0x07, 0x81, 0xE0, 0x78, 0x1E, 0x07, 0x81, 0xE0, 0x78,
    0x1E, 0x07, 0x81, 0xE0, 0x78, 0x1E, 0x07, 0x81, 0xE0, 0x7D, 0xBF, 0xEF, 0xFB, 0xBC, 0x00, 0x00,
    0x03, 0xE0, 0xF8, 0x3E, 0x0F, 0x83, 0xE0, 0xF8, 0x3E, 0x0F, 0x83, 0xE0, 0xF8, 0x3E, 0x0F, 0x83,
    0xE0, 0x7F, 0x9F, 0xE7, 0xF8, 0x00, 0x00, 0x00, 0x01, 0xE0, 0x78, 0x1E, 0x07, 0x81, 0xE0, 0x78,
    0x1E, 0x07, 0x81, 0xE0, 0x78, 0x1E, 0x07, 0x81, 0xE0, 0x78, 0x1E, 0x07, 0x81, 0xE0, 0xFF, 0xFF,
    0xFF, 0xE0, 0x00, 0x00, 0x00, 0xF8, 0x7C, 0x3E, 0x1F, 0x0F, 0x87, 0xC3, 0xE1, 0xF0, 0xF8, 0x7C,
    0x3E, 0x1F, 0x0F, 0x80, 0xE7, 0xFB, 0x9F, 0xC7, 0xC0, 0x00, 0x00, 0xF0, 0x78, 0x3C, 0x1E, 0x0F,
    0x07, 0x83, 0xC1, 0xE0, 0xF0, 0x78, 0x3C, 0x1E, 0x0F, 0x07, 0x83, 0xC1, 0xE0, 0xF0, 0xF3, 0xFB,
    0xDF, 0xC7, 0xC0, 0x00, 0x00, 0xF8, 0x7C, 0x3E, 0x1F, 0x0F, 0x87, 0xC3, 0xE1, 0xF0, 0xF8, 0x7C,
    0x3E, 0x1F, 0x0F, 0x80, 0x3C, 0x78, 0xF1, 0xE3, 0xC7, 0x8F, 0x1E, 0x3C, 0x78, 0xF1, 0xE3, 0xC7,
    0x8F, 0x1E, 0x3C, 0x79, 0xE3, 0xCF, 0xEF, 0xDF, 0x80, 0x3D, 0xF7, 0xCF, 0x00, 0x07, 0xDF, 0x7D,
    0xF7, 0xDF, 0x7D, 0xF7, 0xDF, 0x7D, 0xF7, 0xDE, 0x73, 0xCF, 0xFF, 0x7C, 0x7B, 0xDE, 0xF0, 0x01,
    0xEF, 0x7B, 0xDE, 0xF7, 0xBD, 0xEF, 0x7B, 0xDE, 0xF7, 0xBD, 0xE0, 0xFF, 0xFF, 0xFF, 0xFF, 0xFF,
    0xFF, 0xFF, 0xFF, 0x80, 0xF0, 0x07, 0xFC, 0x01, 0xFF, 0x00, 0x7F, 0xC0, 0x1F, 0xF0, 0x07, 0xFC,
    0x01, 0xFF, 0x00, 0x7F, 0xC0, 0x1F, 0xF0, 0x07, 0xFC, 0x01, 0xFF, 0x00, 0x7F, 0xC0, 0x1F, 0xF0,
    0x07, 0xFC, 0x73, 0xEF, 0x3F, 0xFB, 0xCF, 0xFC, 0xF1, 0xFE, 0x00, 0x78, 0xFF, 0x9F, 0xF9, 0xF7,
    0x8F, 0x00, 0x00, 0x00, 0xF8, 0xFF, 0x8F, 0xF8, 0xFF, 0x8F, 0xF8, 0xFF, 0x8F, 0xF8, 0xFF, 0x8F,
    0xF8, 0xFF, 0x8F, 0xF8, 0xFF, 0x8F, 0xF8, 0xF0, 0x1F, 0x01, 0xF0, 0xFF, 0x0F, 0xE0, 0xFC, 0x00,
    0xE0, 0x07, 0xC0, 0x3F, 0x81, 0xFE, 0x03, 0x18, 0x00, 0x00, 0x1F, 0x00, 0x7C, 0x01, 0xF0, 0x07,
    0xC0, 0x1F, 0x00, 0x7C, 0x01, 0xF0, 0x07, 0xC0, 0x1F, 0x00, 0x7C, 0x01, 0xF0, 0x07, 0xC0, 0x1F,
    0x1C, 0xF8, 0xFF, 0xE3, 0xFF, 0x07, 0xF8, 0x00, 0x06, 0x07, 0xC3, 0xF8, 0xFF, 0x31, 0x80, 0x01,
    0xF0, 0x7C, 0x1F, 0x07, 0xC1, 0xF0, 0x7C, 0x1F, 0x07, 0xC1, 0xF0, 0x7C, 0x1F, 0x07, 0xC1, 0xF0,
    0x7C, 0x1F, 0x3F, 0x8F, 0xE3, 0xF0, 0xF0, 0x7D, 0xE1, 0xF3, 0xC7, 0xE7, 0x9F, 0x8F, 0x7E, 0x1F,
    0xF8, 0x3F, 0xE0, 0x7F, 0x80, 0xFF, 0x01, 0xFF, 0x03, 0xFF, 0x07, 0xBF, 0x0F, 0x3F, 0x1E, 0x3F,
    0x3C, 0x3E, 0x78, 0x3E, 0xF0, 0x7E, 0x00, 0x00, 0x1E, 0x00, 0x3C, 0x00, 0xF8, 0x01, 0xE0, 0x00,
    0x78, 0x03, 0xE0, 0x0F, 0x80, 0x3E, 0x00, 0xF8, 0x03, 0xE0, 0x0F, 0x8F, 0xBE, 0x7C, 0xFB, 0xE3,
    0xFF, 0x0F, 0xF8, 0x3F, 0xC0, 0xFF, 0x83, 0xFF, 0x0F, 0xFE, 0x3E, 0xF8, 0xF9, 0xF3, 0xE3, 0xEF,
    0x8F, 0x80, 0x00, 0x07, 0x80, 0x3E, 0x01, 0xF0, 0x07, 0x80, 0xF8, 0xFB, 0xE7, 0xCF, 0xBE, 0x3F,
    0xF0, 0xFF, 0x83, 0xFC, 0x0F, 0xF8, 0x3F, 0xF0, 0xFF, 0xE3, 0xEF, 0x8F, 0x9F, 0x3E, 0x7E, 0xF8,
    0xF8, 0x1C, 0x00, 0xF0, 0x0F, 0x80, 0xF8, 0x07, 0x80, 0x18, 0x00, 0x00, 0x0F, 0x00, 0x78, 0x03,
    0xC0, 0x1E, 0x00, 0xF0, 0x07, 0x80, 0x3C, 0x01, 0xE0, 0x0F, 0x00, 0x78, 0x03, 0xC0, 0x1E, 0x00,
    0xF0, 0x07, 0x80, 0x3F, 0xFD, 0xFF, 0xEF, 0xFF, 0x0C, 0xFB, 0xFF, 0x80, 0x0F, 0x3E, 0x7C, 0xF9,
    0xF3, 0xE7, 0xCF, 0x9F, 0x3E, 0x7C, 0xF9, 0xF3, 0xE7, 0xCF, 0xCF, 0xDF, 0x9E, 0xF0, 0x0F, 0x00,
    0xF0, 0x0F, 0x00, 0xF0, 0x0F, 0x00, 0xF0, 0x0F, 0x00, 0xF0, 0x0F, 0x00, 0xF0, 0x0F, 0x00, 0xF0,
    0x0F, 0x00, 0xFF, 0xFF, 0xFF, 0xFF, 0xF0, 0x00, 0x0F, 0x00, 0xF0, 0x1F, 0x01, 0xE0, 0x79, 0xF3,
    0xE7, 0xCF, 0x9F, 0x3E, 0x7C, 0xF9, 0xF3, 0xE7, 0xCF, 0x9F, 0x3E, 0x7E, 0x7E, 0xFC, 0xF0, 0x03,
    0x8F, 0x3E, 0x78, 0xF3, 0xCF, 0x3C, 0xF3, 0x8F, 0x38, 0xF3, 0x8F, 0x38, 0xF0, 0x0F, 0x00, 0xF0,
    0x0F, 0x00, 0xF0, 0x0F, 0x00, 0xF0, 0x0F, 0x00, 0xFF, 0xFF, 0xFF, 0xFF, 0xF0, 0x7B, 0xFE, 0xEF,
    0xBB, 0xEE, 0xFB, 0xBE, 0xEF, 0x83, 0xE0, 0xF8, 0x3E, 0x0F, 0x83, 0xE0, 0xF8, 0x3E, 0x0F, 0x83,
    0xF0, 0x7E, 0x1F, 0x83, 0xC0, 0xF0, 0x0F, 0x00, 0xF0, 0x0F, 0x00, 0xF1, 0xEF, 0x3E, 0xF3, 0xFF,
    0x3E, 0xF1, 0xEF, 0x00, 0xF0, 0x0F, 0x00, 0xF0, 0x0F, 0x00, 0xFF, 0xFF, 0xFF, 0xFF, 0xF0, 0x78,
    0x0F, 0x80, 0xF8, 0x0F, 0x80, 0xF8, 0x0F, 0x80, 0xF9, 0xEF, 0xBF, 0xFB, 0xFF, 0xBF, 0xF9, 0xEF,
    0x80, 0xF8, 0x0F, 0x80, 0xF8, 0x0F, 0xC0, 0x7E, 0x07, 0xE0, 0x3C, 0x00, 0x3E, 0x00, 0x7C, 0x00,
    0xF8, 0x01, 0xF0, 0x03, 0xE4, 0x07, 0xFC, 0x0F, 0xF8, 0x1F, 0xE0, 0x7F, 0x81, 0xFC, 0x03, 0xF8,
    0x03, 0xF0, 0x03, 0xE0, 0x07, 0xC0, 0x0F, 0xFF, 0x9F, 0xFF, 0x3F, 0xFE, 0x1F, 0x03, 0xE0, 0x7C,
    0x0F, 0x81, 0xF0, 0x3F, 0x07, 0xF0, 0xFE, 0x7F, 0x8F, 0xE1, 0xFC, 0x1F, 0x81, 0xF0, 0x3E, 0x07,
    0xC0, 0xF8, 0x1F, 0x81, 0xF0, 0x1E, 0x00, 0x01, 0x80, 0x03, 0xC0, 0x0F, 0x80, 0x3E, 0x00, 0x78,
    0x00, 0x40, 0x00, 0x00, 0x78, 0x0F, 0xF8, 0x1F, 0xF8, 0x3F, 0xF8, 0x7F, 0xF8, 0xFF, 0xF1, 0xFF,
    0xF3, 0xFD, 0xF7, 0xFB, 0xEF, 0xF3, 0xFF, 0xE3, 0xFF, 0xC3, 0xFF, 0x87, 0xFF, 0x07, 0xFE, 0x07,
    0xFC, 0x0F, 0xF8, 0x0F, 0x03, 0x00, 0x3C, 0x03, 0xE0, 0x3E, 0x01, 0xE0, 0x06, 0x00, 0x00, 0x0F,
    0xF8, 0xFF, 0xE7, 0xFF, 0xBE, 0x7D, 0xF1, 0xEF, 0x8F, 0x7C, 0x7B, 0xE3, 0xDF, 0x1E, 0xF8, 0xF7,
    0xC7, 0xBE, 0x3D, 0xF1, 0xE0, 0xF0, 0x1F, 0xF0, 0x3F, 0xF0, 0x7F, 0xF0, 0xFF, 0xF1, 0xFF, 0xE3,
    0xFF, 0xE7, 0xFB, 0xEF, 0xF7, 0xDF, 0xE7, 0xFF, 0xC7, 0xFF, 0x87, 0xFF, 0x0F, 0xFE, 0x0F, 0xFC,
    0x0F, 0xF8, 0x1F, 0xF0, 0x1E, 0x00, 0x00, 0x0F, 0x00, 0x3E, 0x00, 0xF8, 0x01, 0xF0, 0x00, 0x7F,
    0xC7, 0xFF, 0x3F, 0xFD, 0xF3, 0xEF, 0x8F, 0x7C, 0x7B, 0xE3, 0xDF, 0x1E, 0xF8, 0xF7, 0xC7, 0xBE,
    0x3D, 0xF1, 0xEF, 0x8F, 0x00, 0x00, 0x1C, 0x01, 0xE0, 0x1F, 0x00, 0xF0, 0x00, 0x0C, 0xE0, 0x3F,
    0xC0, 0x3F, 0x80, 0x3C, 0x00, 0x30, 0x00, 0x00, 0x00, 0x00, 0x78, 0x0F, 0xF8, 0x1F, 0xF8, 0x3F,
    0xF8, 0x7F, 0xF8, 0xFF, 0xF1, 0xFF, 0xF3, 0xFD, 0xF7, 0xFB, 0xEF, 0xF3, 0xFF, 0xE3, 0xFF, 0xC3,
    0xFF, 0x87, 0xFF, 0x07, 0xFE, 0x07, 0xFC, 0x0F, 0xF8, 0x0F, 0x18, 0xC1, 0xFE, 0x07, 0xF0, 0x1F,
    0x00, 0x60, 0x00, 0x00, 0x00, 0x0F, 0xF8, 0xFF, 0xE7, 0xFF, 0xBE, 0x7D, 0xF1, 0xEF, 0x8F, 0x7C,
    0x7B, 0xE3, 0xDF, 0x1E, 0xF8, 0xF7, 0xC7, 0xBE, 0x3D, 0xF1, 0xE0, 0x78, 0x00, 0xF0, 0x01, 0xE0,
    0x03, 0xC0, 0x0F, 0x00, 0x1E, 0x00, 0x07, 0xFE, 0x0F, 0xFE, 0x1F, 0xFE, 0x3E, 0x7C, 0x7C, 0x78,
    0xF8, 0xF1, 0xF1, 0xE3, 0xE3, 0xC7, 0xC7, 0x8F, 0x8F, 0x1F, 0x1E, 0x3E, 0x3C, 0x7C, 0x78, 0xF0,
    0x1F, 0xF0, 0x3F, 0xF0, 0x7F, 0xF0, 0xFF, 0xF1, 0xFF, 0xE3, 0xFF, 0xE7, 0xFB, 0xEF, 0xF7, 0xDF,
    0xE7, 0xFF, 0xC7, 0xFF, 0x87, 0xFF, 0x0F, 0xFE, 0x0F, 0xFC, 0x1F, 0xF8, 0x1F, 0xF0, 0x1E, 0x00,
    0x3C, 0x00, 0xF8, 0x07, 0xF0, 0x0F, 0xC0, 0x1F, 0x00, 0x7F, 0xC7, 0xFF, 0x3F, 0xFD, 0xF3, 0xEF,
    0x8F, 0x7C, 0x7B, 0xE3, 0xDF, 0x1E, 0xF8, 0xF7, 0xC7, 0xBE, 0x3D, 0xF1, 0xEF, 0x8F, 0x00, 0x78,
    0x07, 0xC0, 0xFE, 0x07, 0xF0, 0x3F, 0x00, 0x0F, 0xF8, 0x03, 0xFE, 0x00, 0xFF, 0x80, 0x00, 0x00,
    0x00, 0x00, 0x00, 0x00, 0x00, 0x7F, 0x80, 0x7F, 0xF8, 0x3F, 0xFF, 0x1F, 0xCF, 0xC7, 0xC0, 0xFB,
    0xE0, 0x3E, 0xF8, 0x07, 0xFE, 0x01, 0xFF, 0x80, 0x7F, 0xE0, 0x1F, 0xF8, 0x07, 0xFE, 0x03, 0xE7,
    0xC0, 0xF9, 0xFC, 0xFE, 0x3F, 0xFF, 0x07, 0xFF, 0x80, 0x7F, 0x80, 0x3F, 0xE0, 0xFF, 0x83, 0xFE,
    0x00, 0x00, 0x00, 0x00, 0x00, 0x01, 0xFC, 0x0F, 0xF8, 0x7F, 0xF3, 0xF7, 0xEF, 0x8F, 0xBC, 0x1E,
    0xF0, 0x7B, 0xC1, 0xEF, 0x8F, 0xBF, 0x7E, 0x7F, 0xF0, 0xFF, 0x81, 0xFC, 0x00, 0x0F, 0x38, 0x01,
    0xDE, 0x00, 0x7F, 0x80, 0x0F, 0xC0, 0x00, 0x00, 0x00, 0x00, 0x00, 0x7F, 0x80, 0x7F, 0xF8, 0x3F,
    0xFF, 0x1F, 0xCF, 0xC7, 0xC0, 0xFB, 0xE0, 0x3E, 0xF8, 0x07, 0xFE, 0x01, 0xFF, 0x80, 0x7F, 0xE0,
    0x1F, 0xF8, 0x07, 0xFE, 0x03, 0xE7, 0xC0, 0xF9, 0xFC, 0xFE, 0x3F, 0xFF, 0x07, 0xFF, 0x80, 0x7F,
    0x80, 0x3C, 0xE0, 0xF7, 0x81, 0xFC, 0x03, 0xE0, 0x00, 0x00, 0x00, 0x01, 0xFC, 0x0F, 0xF8, 0x7F,
    0xF3, 0xF7, 0xEF, 0x8F, 0xBC, 0x1E, 0xF0, 0x7B, 0xC1, 0xEF, 0x8F, 0xBF, 0x7E, 0x7F, 0xF0, 0xFF,
    0x81, 0xFC, 0x00, 0x01, 0x8C, 0x00, 0xF3, 0x80, 0x3D, 0xE0, 0x1E, 0xF0, 0x07, 0x38, 0x01, 0x8C,
    0x00, 0x00, 0x00, 0x1F, 0xE0, 0x1F, 0xFE, 0x0F, 0xFF, 0xC7, 0xF3, 0xF1, 0xF0, 0x3E, 0xF8, 0x0F,
    0xBE, 0x01, 0xFF, 0x80, 0x7F, 0xE0, 0x1F, 0xF8, 0x07, 0xFE, 0x01, 0xFF, 0x80, 0xF9, 0xF0, 0x3E,
    0x7F, 0x3F, 0x8F, 0xFF, 0xC1, 0xFF, 0xE0, 0x1F, 0xE0, 0x04, 0x20, 0x39, 0xE1, 0xFF, 0x87, 0xBC,
    0x3D, 0xE0, 0xE3, 0x00, 0x00, 0x07, 0xF0, 0x3F, 0xE1, 0xFF, 0xCF, 0xDF, 0xBE, 0x3E, 0xF0, 0x7B,
    0xC1, 0xEF, 0x07, 0xBE, 0x3E, 0xFD, 0xF9, 0xFF, 0xC3, 0xFE, 0x07, 0xF0, 0x07, 0xFF, 0xFE, 0x1F,
    0xFF, 0xFE, 0x3F, 0xFF, 0xFE, 0x7F, 0x9E, 0x00, 0x7C, 0x1E, 0x00, 0xF8, 0x1E, 0x00, 0xF8, 0x1E,
    0x00, 0xF8, 0x1F, 0xFC, 0xF8, 0x1F, 0xFC, 0xF8, 0x1F, 0xFC, 0xF8, 0x1E, 0x00, 0xF8, 0x1E, 0x00,
    0x7C, 0x1E, 0x00, 0x7F, 0x9E, 0x00, 0x3F, 0xFF, 0xFE, 0x1F, 0xFF, 0xFE, 0x07, 0xFF, 0xFE, 0x1F,
    0xCF, 0xE0, 0xFF, 0xFF, 0xC7, 0xFF, 0xFF, 0xBF, 0x7F, 0x3E, 0xF8, 0xF8, 0x7B, 0xC1, 0xFF, 0xFF,
    0x07, 0xFF, 0xFC, 0x1F, 0xFF, 0xF8, 0xF8, 0x03, 0xF7, 0xF8, 0xC7, 0xFF, 0xFF, 0x8F, 0xFF, 0xFE,
    0x1F, 0xCF, 0xF8, 0x03, 0x00, 0x0F, 0x00, 0x3E, 0x00, 0xF8, 0x01, 0xE0, 0x01, 0x80, 0x00, 0x00,
    0x7F, 0xE0, 0xFF, 0xF1, 0xFF, 0xF3, 0xC7, 0xE7, 0x87, 0xCF, 0x07, 0x9E, 0x1F, 0x3C, 0x7E, 0x7F,
    0xFC, 0xFF, 0xF1, 0xFF, 0xC3, 0xCF, 0x87, 0x8F, 0x8F, 0x1F, 0x9E, 0x1F, 0x3C, 0x3F, 0x78, 0x3E,
    0x06, 0x03, 0xC1, 0xF0, 0xF8, 0x3C, 0x06, 0x00, 0x01, 0xFF, 0xFF, 0xBF, 0xEF, 0x9B, 0xE0, 0xF8,
    0x3E, 0x0F, 0x83, 0xE0, 0xF8, 0x3E, 0x0F, 0x83, 0xE0, 0xFF, 0xC1, 0xFF, 0xE3, 0xFF, 0xE7, 0x8F,
    0xCF, 0x0F, 0x9E, 0x0F, 0x3C, 0x3E, 0x78, 0xFC, 0xFF, 0xF9, 0xFF, 0xE3, 0xFF, 0x87, 0x9F, 0x0F,
    0x1F, 0x1E, 0x3F, 0x3C, 0x3E, 0x78, 0x7E, 0xF0, 0x7C, 0x00, 0x00, 0x1E, 0x00, 0x3C, 0x01, 0xF0,
    0x03, 0xE0, 0x00, 0x3F, 0xEF, 0xF9, 0xFF, 0x3E, 0x67, 0xC0, 0xF8, 0x1F, 0x03, 0xE0, 0x7C, 0x0F,
    0x81, 0xF0, 0x3E, 0x07, 0xC0, 0x00, 0x0F, 0x03, 0xC0, 0xF8, 0x1E, 0x00, 0x19, 0x80, 0x7F, 0x80,
    0x7E, 0x00, 0x78, 0x00, 0x60, 0x00, 0x00, 0x00, 0x00, 0x7F, 0xE0, 0xFF, 0xF1, 0xFF, 0xF3, 0xC7,
    0xE7, 0x87, 0xCF, 0x07, 0x9E, 0x1F, 0x3C, 0x7E, 0x7F, 0xFC, 0xFF, 0xF1, 0xFF, 0xC3, 0xCF, 0x87,
    0x8F, 0x8F, 0x1F, 0x9E, 0x1F, 0x3C, 0x3F, 0x78, 0x3E, 0x33, 0x9F, 0xE3, 0xF8, 0x78, 0x0C, 0x00,
    0x00, 0x01, 0xFF, 0xFF, 0xBF, 0xEF, 0x9B, 0xE0, 0xF8, 0x3E, 0x0F, 0x83, 0xE0, 0xF8, 0x3E, 0x0F,
    0x83, 0xE0, 0x00, 0xC0, 0x07, 0x80, 0x3E, 0x01, 0xF0, 0x07, 0x80, 0x0C, 0x00, 0x00, 0x03, 0xFC,
    0x3F, 0xF9, 0xFF, 0xE7, 0xE7, 0x1F, 0x00, 0x7C, 0x01, 0xFE, 0x03, 0xFE, 0x07, 0xFC, 0x0F, 0xF8,
    0x07, 0xF0, 0x07, 0xC0, 0x1F, 0x78, 0xFD, 0xFF, 0xE7, 0xFF, 0x8F, 0xF8, 0x03, 0x00, 0x3C, 0x07,
    0xC0, 0xF8, 0x0F, 0x00, 0x40, 0x00, 0x01, 0xFE, 0x3F, 0xE7, 0xFC, 0x7C, 0xC7, 0xF0, 0x7F, 0xE7,
    0xFE, 0x3F, 0xE0, 0x3E, 0x71, 0xE7, 0xFE, 0x7F, 0xC7, 0xF8, 0x03, 0x80, 0x1F, 0x00, 0xFE, 0x03,
    0xFC, 0x0C, 0x60, 0x00, 0x00, 0xFF, 0x0F, 0xFE, 0x7F, 0xF9, 0xF9, 0xC7, 0xC0, 0x1F, 0x00, 0x7F,
    0x80, 0xFF, 0x81, 0xFF, 0x03, 0xFE, 0x01, 0xFC, 0x01, 0xF0, 0x07, 0xDE, 0x3F, 0x7F, 0xF9, 0xFF,
    0xE3, 0xFE, 0x00, 0x07, 0x00, 0xF8, 0x1F, 0xC3, 0xFC, 0x18, 0xC0, 0x00, 0x1F, 0xE3, 0xFE, 0x7F,
    0xC7, 0xCC, 0x7F, 0x07, 0xFE, 0x7F, 0xE3, 0xFE, 0x03, 0xE7, 0x1E, 0x7F, 0xE7, 0xFC, 0x7F, 0x80,
    0x0F, 0xF0, 0xFF, 0xE7, 0xFF, 0x9F, 0x9C, 0x7C, 0x01, 0xF0, 0x07, 0xF8, 0x0F, 0xF8, 0x1F, 0xF0,
    0x3F, 0xE0, 0x1F, 0xC0, 0x1F, 0x00, 0x7D, 0xE3, 0xF7, 0xFF, 0x9F, 0xFE, 0x3F, 0xE0, 0x1E, 0x00,
    0x7C, 0x02, 0xF0, 0x0F, 0xC0, 0x3E, 0x00, 0x1F, 0xE3, 0xFE, 0x7F, 0xC7, 0xCC, 0x7F, 0x07, 0xFE,
    0x7F, 0xE3, 0xFE, 0x03, 0xE7, 0x1E, 0x7F, 0xE7, 0xFE, 0x7F, 0x80, 0xE0, 0x0F, 0x01, 0x78, 0x3F,
    0x03, 0xF0, 0x0C, 0x60, 0x3F, 0xC0, 0xFE, 0x01, 0xF0, 0x01, 0x80, 0x00, 0x00, 0x00, 0x03, 0xFC,
    0x3F, 0xF9, 0xFF, 0xE7, 0xE7, 0x1F, 0x00, 0x7C, 0x01, 0xFE, 0x03, 0xFE, 0x07, 0xFC, 0x0F, 0xF8,
    0x07, 0xF0, 0x07, 0xC0, 0x1F, 0x78, 0xFD, 0xFF, 0xE7, 0xFF, 0x8F, 0xF8, 0x18, 0xC3, 0xFE, 0x1F,
    0xC0, 0xF8, 0x07, 0x00, 0x00, 0x00, 0x01, 0xFE, 0x3F, 0xE7, 0xFC, 0x7C, 0xC7, 0xF0, 0x7F, 0xE7,
    0xFE, 0x3F, 0xE0, 0x3E, 0x71, 0xE7, 0xFE, 0x7F, 0xC7, 0xF8, 0xFF, 0xFF, 0xFF, 0xFF, 0xFF, 0xF8,
    0x3E, 0x00, 0x7C, 0x00, 0xF8, 0x01, 0xF0, 0x03, 0xE0, 0x07, 0xC0, 0x0F, 0x80, 0x1F, 0x00, 0x3E,
    0x00, 0x7C, 0x00, 0xF8, 0x01, 0xF0, 0x03, 0xE0, 0x07, 0xC0, 0x07, 0x00, 0x1E, 0x00, 0x1E, 0x00,
    0x3C, 0x01, 0xF8, 0x03, 0xE0, 0x00, 0xF8, 0x3E, 0x0F, 0x83, 0xE0, 0xFF, 0xBF, 0xEF, 0xFB, 0xE0,
    0xF8, 0x3E, 0x0F, 0x83, 0xE0, 0xF8, 0x3F, 0x27, 0xF9, 0xFF, 0x3F, 0xC3, 0x80, 0xF0, 0x1C, 0x3F,
    0x0F, 0x80, 0x0C, 0x60, 0x1F, 0xE0, 0x3F, 0x80, 0x3E, 0x00, 0x18, 0x00, 0x00, 0x00, 0x00, 0x7F,
    0xFF, 0xFF, 0xFF, 0xFF, 0xFC, 0x1F, 0x00, 0x3E, 0x00, 0x7C, 0x00, 0xF8, 0x01, 0xF0, 0x03, 0xE0,
    0x07, 0xC0, 0x0F, 0x80, 0x1F, 0x00, 0x3E, 0x00, 0x7C, 0x00, 0xF8, 0x01, 0xF0, 0x03, 0xE0, 0x07,
    0x81, 0xEF, 0xFB, 0xFE, 0xFF, 0x3E, 0x0F, 0xFB, 0xFE, 0xFF, 0xBE, 0x0F, 0x83, 0xE0, 0xF8, 0x3E,
    0x0F, 0x83, 0xF2, 0x7F, 0x9F, 0xF3, 0xF8, 0xFF, 0xFF, 0xFF, 0xFF, 0xFF, 0xF8, 0x3E, 0x00, 0x7C,
    0x00, 0xF8, 0x01, 0xF0, 0x1F, 0xFE, 0x3F, 0xFC, 0x7F, 0xF8, 0x1F, 0x00, 0x3E, 0x00, 0x7C, 0x00,
    0xF8, 0x01, 0xF0, 0x03, 0xE0, 0x07, 0xC0, 0xF8, 0x3E, 0x0F, 0x83, 0xE0, 0xFF, 0xBF, 0xEF, 0xFB,
    0xE0, 0xF8, 0x3F, 0xEF, 0xFB, 0xE0, 0xF8, 0x3F, 0x27, 0xF9, 0xFF, 0x3F, 0x80, 0x0F, 0xB0, 0x1F,
    0xF0, 0x7F, 0xC0, 0x6F, 0x00, 0x00, 0x00, 0x00, 0x3E, 0x07, 0xFC, 0x0F, 0xF8, 0x1F, 0xF0, 0x3F,
    0xE0, 0x7F, 0xC0, 0xFF, 0x81, 0xFF, 0x03, 0xFE, 0x07, 0xFC, 0x0F, 0xF8, 0x1F, 0xF0, 0x3D, 0xF0,
    0xFB, 0xF3, 0xF7, 0xFF, 0xC7, 0xFF, 0x03, 0xFC, 0x00, 0x1E, 0xE3, 0xFE, 0x7F, 0xE3, 0x7C, 0x00,
    0x00, 0x00, 0xF8, 0xFF, 0x8F, 0xF8, 0xFF, 0x8F, 0xF8, 0xFF, 0x8F, 0xF8, 0xFF, 0x8F, 0xF8, 0xF7,
    0xCF, 0x7F, 0xF3, 0xFF, 0x1F, 0xF0, 0x1F, 0xF0, 0x3F, 0xE0, 0x7F, 0xC0, 0x00, 0x00, 0x00, 0x00,
    0x00, 0x3E, 0x07, 0xFC, 0x0F, 0xF8, 0x1F, 0xF0, 0x3F, 0xE0, 0x7F, 0xC0, 0xFF, 0x81, 0xFF, 0x03,
    0xFE, 0x07, 0xFC, 0x0F, 0xF8, 0x1F, 0xF0, 0x3D, 0xF0, 0xFB, 0xF3, 0xF7, 0xFF, 0xC7, 0xFF, 0x03,
    0xFC, 0x00, 0x3F, 0xE3, 0xFE, 0x3F, 0xE0, 0x00, 0x00, 0x00, 0x00, 0xF8, 0xFF, 0x8F, 0xF8, 0xFF,
    0x8F, 0xF8, 0xFF, 0x8F, 0xF8, 0xFF, 0x8F, 0xF8, 0xF7, 0xCF, 0x7F, 0xF3, 0xFF, 0x1F, 0xF0, 0x1E,
    0x70, 0x1D, 0xE0, 0x3F, 0x80, 0x3F, 0x00, 0x00, 0x00, 0x00, 0x3E, 0x07, 0xFC, 0x0F, 0xF8, 0x1F,
    0xF0, 0x3F, 0xE0, 0x7F, 0xC0, 0xFF, 0x81, 0xFF, 0x03, 0xFE, 0x07, 0xFC, 0x0F, 0xF8, 0x1F, 0xF0,
    0x3D, 0xF0, 0xFB, 0xF3, 0xF7, 0xFF, 0xC7, 0xFF, 0x03, 0xFC, 0x00, 0x39, 0xE3, 0xDE, 0x1F, 0xC0,
    0xF8, 0x00, 0x00, 0x00, 0xF8, 0xFF, 0x8F, 0xF8, 0xFF, 0x8F, 0xF8, 0xFF, 0x8F, 0xF8, 0xFF, 0x8F,
    0xF8, 0xF7, 0xCF, 0x7F, 0xF3, 0xFF, 0x1F, 0xF0, 0x03, 0xC0, 0x0F, 0xC0, 0x1B, 0x80, 0x37, 0x00,
    0x7E, 0x00, 0x78, 0x3E, 0x07, 0xFC, 0x0F, 0xF8, 0x1F, 0xF0, 0x3F, 0xE0, 0x7F, 0xC0, 0xFF, 0x81,
    0xFF, 0x03, 0xFE, 0x07, 0xFC, 0x0F, 0xF8, 0x1F, 0xF0, 0x3D, 0xF0, 0xFB, 0xF3, 0xF7, 0xFF, 0xC7,
    0xFF, 0x03, 0xFC, 0x00, 0x0F, 0x81, 0xF8, 0x1D, 0xC1, 0xDC, 0x1F, 0x80, 0xF8, 0x00, 0x0F, 0x8F,
    0xF8, 0xFF, 0x8F, 0xF8, 0xFF, 0x8F, 0xF8, 0xFF, 0x8F, 0xF8, 0xFF, 0x8F, 0x7C, 0xF7, 0xFF, 0x3F,
    0xF1, 0xFF, 0x03, 0x18, 0x0F, 0x78, 0x1E, 0xF0, 0x7B, 0xC0, 0xE7, 0x01, 0x8C, 0x00, 0x00, 0x7C,
    0x0F, 0xF8, 0x1F, 0xF0, 0x3F, 0xE0, 0x7F, 0xC0, 0xFF, 0x81, 0xFF, 0x03, 0xFE, 0x07, 0xFC, 0x0F,
    0xF8, 0x1F, 0xF0, 0x3F, 0xE0, 0x7B, 0xE1, 0xF7, 0xE7, 0xEF, 0xFF, 0x8F, 0xFE, 0x07, 0xF8, 0x0C,
    0x60, 0x73, 0x87, 0xBC, 0x39, 0xC3, 0xDE, 0x1C, 0xE0, 0x00, 0x1F, 0x1E, 0xF8, 0xF7, 0xC7, 0xBE,
    0x3D, 0xF1, 0xEF, 0x8F, 0x7C, 0x7B, 0xE3, 0xDF, 0x1E, 0x7C, 0xF3, 0xFF, 0x8F, 0xFC, 0x3F, 0xE0,
    0xF8, 0x1F, 0xF0, 0x3F, 0xE0, 0x7F, 0xC0, 0xFF, 0x81, 0xFF, 0x03, 0xFE, 0x07, 0xFC, 0x0F, 0xF8,
    0x1F, 0xF0, 0x3F, 0xE0, 0x7F, 0xC0, 0xF7, 0xC3, 0xEF, 0xCF, 0xDF, 0xFF, 0x1F, 0xFC, 0x0F, 0xF0,
    0x03, 0x80, 0x0F, 0x00, 0x1F, 0x80, 0x3F, 0x00, 0x7E, 0x00, 0xF8, 0xF7, 0xC7, 0xBE, 0x3D, 0xF1,
    0xEF, 0x8F, 0x7C, 0x7B, 0xE3, 0xDF, 0x1E, 0xF8, 0xF3, 0xE7, 0x9F, 0xFC, 0x7F, 0xE1, 0xFF, 0x00,
    0xF0, 0x0F, 0x00, 0x7E, 0x03, 0xF0, 0x0F, 0x80, 0x00, 0x18, 0x00, 0x00, 0x3C, 0x00, 0x00, 0xFE,
    0x00, 0x00, 0xFF, 0x00, 0x00, 0xE6, 0x00, 0x00, 0x00, 0x00, 0xF8, 0x00, 0x1E, 0xF8, 0x00, 0x1E,
    0x7C, 0x3C, 0x3E, 0x7C, 0x7C, 0x3E, 0x7C, 0x7E, 0x3E, 0x7C, 0x7E, 0x3C, 0x3C, 0x7E, 0x3C, 0x3E,
    0xFF, 0x7C, 0x3E, 0xFF, 0x7C, 0x3E, 0xEF, 0x78, 0x1F, 0xE7, 0xF8, 0x1F, 0xE7, 0xF8, 0x1F, 0xC7,
    0xF0, 0x1F, 0xC3, 0xF0, 0x0F, 0xC3, 0xF0, 0x0F, 0x83, 0xF0, 0x0F, 0x81, 0xE0, 0x00, 0x60, 0x00,
    0x0F, 0x00, 0x03, 0xF8, 0x00, 0x3F, 0xC0, 0x03, 0x18, 0x00, 0x00, 0x00, 0xF8, 0xF1, 0xFF, 0x8F,
    0x1E, 0x78, 0xF1, 0xE7, 0x9F, 0x3E, 0x7D, 0xFB, 0xC3, 0xDF, 0xBC, 0x3F, 0xFB, 0xC3, 0xFF, 0xF8,
    0x1F, 0xBF, 0x81, 0xF9, 0xF8, 0x1F, 0x9F, 0x00, 0xF1, 0xF0, 0x0F, 0x0F, 0x00, 0x01, 0x80, 0x01,
    0xF0, 0x01, 0xFC, 0x01, 0xFE, 0x00, 0x63, 0x00, 0x00, 0x03, 0xE0, 0x7E, 0xF8, 0x3E, 0x7C, 0x3E,
    0x1F, 0x1F, 0x0F, 0x9F, 0x03, 0xEF, 0x81, 0xFF, 0x80, 0x7F, 0xC0, 0x1F, 0xC0, 0x0F, 0xC0, 0x03,
    0xE0, 0x01, 0xF0, 0x00, 0xF8, 0x00, 0x7C, 0x00, 0x3E, 0x00, 0x1F, 0x00, 0x0F, 0x80, 0x03, 0x00,
    0x1E, 0x01, 0xFC, 0x07, 0xF8, 0x1C, 0xC0, 0x00, 0x0F, 0x87, 0xFE, 0x1E, 0x78, 0x79, 0xF3, 0xE7,
    0xCF, 0x0F, 0x3C, 0x3F, 0xF0, 0xFF, 0x81, 0xFE, 0x07, 0xF8, 0x0F, 0xC0, 0x3F, 0x00, 0x78, 0x03,
    0xE0, 0x5F, 0x03, 0xFC, 0x0F, 0xE0, 0x3F, 0x00, 0x0E, 0x78, 0x0F, 0xBC, 0x07, 0xDE, 0x01, 0xCF,
    0x00, 0x00, 0x00, 0x00, 0x03, 0xE0, 0x7E, 0xF8, 0x3E, 0x7C, 0x3E, 0x1F, 0x1F, 0x0F, 0x9F, 0x03,
    0xEF, 0x81, 0xFF, 0x80, 0x7F, 0xC0, 0x1F, 0xC0, 0x0F, 0xC0, 0x03, 0xE0, 0x01, 0xF0, 0x00, 0xF8,
    0x00, 0x7C, 0x00, 0x3E, 0x00, 0x1F, 0x00, 0x0F, 0x80, 0x00, 0xC0, 0x03, 0xC0, 0x0F, 0x80, 0x3E,
    0x00, 0x78, 0x00, 0x60, 0x00, 0x00, 0x3F, 0xFF, 0x7F, 0xFE, 0xFF, 0xF8, 0x03, 0xF0, 0x0F, 0xC0,
    0x1F, 0x00, 0x7C, 0x01, 0xF8, 0x03, 0xE0, 0x0F, 0x80, 0x3E, 0x00, 0x7C, 0x01, 0xF0, 0x07, 0xC0,
    0x0F, 0xFF, 0xFF, 0xFF, 0xFF, 0xFF, 0x03, 0x80, 0x3C, 0x07, 0xC0, 0xF8, 0x0F, 0x00, 0x60, 0x00,
    0x07, 0xFF, 0x7F, 0xF7, 0xFF, 0x03, 0xE0, 0x7C, 0x0F, 0x80, 0xF8, 0x1F, 0x03, 0xE0, 0x7C, 0x07,
    0xFF, 0xFF, 0xFF, 0xFF, 0x03, 0x80, 0x0F, 0x80, 0x1F, 0x00, 0x1C, 0x00, 0x00, 0x00, 0x00, 0x1F,
    0xFF, 0xBF, 0xFF, 0x7F, 0xFC, 0x01, 0xF8, 0x07, 0xE0, 0x0F, 0x80, 0x3E, 0x00, 0xFC, 0x01, 0xF0,
    0x07, 0xC0, 0x1F, 0x00, 0x3E, 0x00, 0xF8, 0x03, 0xE0, 0x07, 0xFF, 0xFF, 0xFF, 0xFF, 0xFF, 0x80,
    0x0F, 0x00, 0xF0, 0x0F, 0x00, 0xF0, 0x00, 0x00, 0x00, 0x7F, 0xF7, 0xFF, 0x7F, 0xF0, 0x3E, 0x07,
    0xC0, 0xF8, 0x0F, 0x81, 0xF0, 0x3E, 0x07, 0xC0, 0x7F, 0xFF, 0xFF, 0xFF, 0xF0, 0x0C, 0x60, 0x1F,
    0xE0, 0x3F, 0x80, 0x1E, 0x00, 0x18, 0x00, 0x00, 0x00, 0x00, 0x3F, 0xFF, 0x7F, 0xFE, 0xFF, 0xF8,
    0x03, 0xF0, 0x0F, 0xC0, 0x1F, 0x00, 0x7C, 0x01, 0xF8, 0x03, 0xE0, 0x0F, 0x80, 0x3E, 0x00, 0x7C,
    0x01, 0xF0, 0x07, 0xC0, 0x0F, 0xFF, 0xFF, 0xFF, 0xFF, 0xFF, 0x18, 0xC3, 0xFC, 0x1F, 0xC0, 0xF8,
    0x07, 0x00, 0x00, 0x00, 0x07, 0xFF, 0x7F, 0xF7, 0xFF, 0x03, 0xE0, 0x7C, 0x0F, 0x80, 0xF8, 0x1F,
    0x03, 0xE0, 0x7C, 0x07, 0xFF, 0xFF, 0xFF, 0xFF, 0x1F, 0xCF, 0xF7, 0xFD, 0xF2, 0xF8, 0x3E, 0x0F,
    0x83, 0xE0, 0xF8, 0x3E, 0x0F, 0x83, 0xE0, 0xF8, 0x3E, 0x0F, 0x83, 0xE0, 0xF8, 0x3E, 0x0F, 0x80,
    0x00, 0x03, 0xC0, 0x00, 0xF0, 0x7F, 0xFC, 0x7F, 0xFE, 0x3F, 0xFF, 0x9F, 0xCF, 0xE7, 0xC0, 0xFB,
    0xE0, 0x3E, 0xF8, 0x07, 0xFE, 0x01, 0xFF, 0x80, 0x7F, 0xE0, 0x1F, 0xF8, 0x07, 0xFE, 0x03, 0xE7,
    0xC0, 0xF9, 0xFC, 0xFE, 0x3F, 0xFF, 0x07, 0xFF, 0x80, 0x7F, 0x80, 0x00, 0x3C, 0x00, 0x78, 0x7F,
    0xF1, 0xFF, 0xE7, 0xFF, 0x9F, 0xBF, 0x3E, 0x3E, 0x78, 0x3C, 0xF0, 0x79, 0xE0, 0xF3, 0xE3, 0xE7,
    0xEF, 0xC7, 0xFF, 0x07, 0xFC, 0x07, 0xF0, 0x00, 0x00, 0x03, 0xC0, 0x00, 0xF0, 0x00, 0x7F, 0xE0,
    0x7F, 0xF8, 0x1F, 0xBE, 0x07, 0x8F, 0x81, 0xE3, 0xE0, 0x78, 0xF8, 0x1E, 0x3E, 0x07, 0x8F, 0x81,
    0xE3, 0xE0, 0x78, 0xF8, 0x1E, 0x3E, 0x07, 0x8F, 0x81, 0xE1, 0xF0, 0xF8, 0x7E, 0x7E, 0x1F, 0xFF,
    0x03, 0xFF, 0x80, 0x3F, 0xC0, 0x00, 0x1E, 0x00, 0x3C, 0x00, 0x7F, 0xC7, 0xFF, 0x8F, 0xDF, 0x1E,
    0x3E, 0x3C, 0x7C, 0x78, 0xF8, 0xF1, 0xF1, 0xE3, 0xE3, 0xC7, 0xC7, 0x87, 0xCF, 0x0F, 0xFE, 0x0F,
    0xFC, 0x0F, 0xF8, 0x00, 0x00, 0x0C, 0xC0, 0x00, 0x00, 0x7F, 0x80, 0x00, 0x00, 0xFC, 0x00, 0x00,
    0x01, 0xE0, 0x00, 0x00, 0x03, 0x00, 0x00, 0x00, 0x00, 0x00, 0x00, 0x00, 0x00, 0x3F, 0xF0, 0x3F,
    0xFF, 0xFF, 0xF0, 0xFF, 0xFF, 0xFF, 0xE3, 0xFF, 0xFF, 0x1F, 0xC0, 0x1F, 0xBC, 0x1F, 0x80, 0x7C,
    0xF0, 0x3E, 0x03, 0xE3, 0xC0, 0x78, 0x1F, 0x8F, 0x01, 0xE0, 0xFC, 0x3C, 0x07, 0xC3, 0xE0, 0xF0,
    0x1E, 0x1F, 0x03, 0xC0, 0xF8, 0xFC, 0x0F, 0x03, 0xE3, 0xE0, 0x3C, 0x1F, 0x9F, 0x00, 0xF1, 0xFC,
    0x7C, 0x03, 0xFF, 0xE3, 0xFF, 0xFF, 0xFF, 0x0F, 0xFF, 0xFF, 0xF0, 0x3F, 0xFF, 0x00, 0x00, 0x18,
    0xC0, 0x00, 0x03, 0xFC, 0x00, 0x00, 0x1F, 0xCF, 0xFC, 0x00, 0xF8, 0xFF, 0xF0, 0x06, 0x0F, 0xFF,
    0x80, 0x00, 0xF1, 0xFC, 0x00, 0x0F, 0x07, 0xE7, 0xFF, 0xF0, 0x3E, 0x7F, 0xFF, 0x01, 0xE7, 0xFF,
    0xF0, 0x1E, 0x03, 0xEF, 0x01, 0xF0, 0x7C, 0xF0, 0x1E, 0x0F, 0x8F, 0x03, 0xE1, 0xF0, 0xF0, 0x3E,
    0x1F, 0x0F, 0x07, 0xE3, 0xE0, 0xF1, 0xFC, 0x7C, 0x0F, 0xFF, 0x87, 0xFF, 0xFF, 0xF0, 0xFF, 0xFF,
    0xFC, 0x0F, 0xFF, 0x00, 0x00, 0x66, 0x00, 0x3E, 0x3F, 0xC0, 0x0F, 0x87, 0xF0, 0x03, 0xE0, 0xF0,
    0x00, 0xF8, 0x18, 0x00, 0x3E, 0x00, 0x00, 0x0F, 0x80, 0x00, 0x7F, 0xE7, 0xFF, 0x7F, 0xF9, 0xFF,
    0xDF, 0xFE, 0x7F, 0xFF, 0xDF, 0x80, 0xFB, 0xE3, 0xE0, 0x7C, 0xF0, 0xF8, 0x3E, 0x3C, 0x3E, 0x1F,
    0x0F, 0x0F, 0x87, 0xC3, 0xE3, 0xE3, 0xE0, 0xFC, 0xF9, 0xF0, 0x1F, 0xFE, 0x7F, 0xF3, 0xFF, 0xBF,
    0xFC, 0x7F, 0xCF, 0xFF, 0xF0, 0x00, 0x1F, 0xF0, 0x00, 0x1F, 0xF0, 0x00, 0x1F, 0xF0, 0x00, 0x1F,
    0xF0, 0x00, 0x1F, 0xF0, 0x00, 0x1F, 0xF0, 0x00, 0x1F, 0xF0, 0x00, 0x1F, 0xF0, 0x00, 0x1F, 0xF0,
    0x00, 0x1F, 0xF0, 0x00, 0x1F, 0xF0, 0x00, 0x1F, 0xF0, 0x00, 0x1F, 0xF0, 0x07, 0x3F, 0xFF, 0xFF,
    0xFE, 0xFF, 0xFF, 0xFC, 0xFF, 0xF7, 0xF8, 0x00, 0x03, 0xC0, 0x01, 0xFF, 0x00, 0x7F, 0xC0, 0x0F,
    0xF0, 0x00, 0x3C, 0x00, 0x0F, 0x00, 0x7F, 0xC0, 0x1F, 0xF0, 0x07, 0xFC, 0x01, 0xFF, 0x00, 0x7F,
    0xC0, 0x1F, 0xF0, 0x07, 0xFC, 0x01, 0xFF, 0x00, 0x7F, 0xC0, 0x1F, 0xFF, 0xF7, 0xFF, 0xFD, 0xFF,
    0xFF, 0x7C, 0x00, 0x1F, 0x00, 0x07, 0xC0, 0x0F, 0xE0, 0x03, 0xF8, 0x00, 0xFC, 0x78, 0xF7, 0xC7,
    0xFE, 0x3F, 0xF1, 0xEF, 0x80, 0x7C, 0x03, 0xE3, 0xFF, 0x1F, 0xF8, 0xFF, 0xC7, 0xFE, 0x3F, 0xF1,
    0xFF, 0x8F, 0xFC, 0x7F, 0xE3, 0xFF, 0x9F, 0x7E, 0xFB, 0xF7, 0xCF, 0x3E, 0x01, 0xF0, 0x0F, 0x03,
    0xF8, 0x1F, 0xC0, 0xFC, 0xF0, 0x1E, 0x00, 0xFF, 0xC0, 0xF0, 0x07, 0xFF, 0x07, 0x80, 0x3F, 0xFC,
    0x3C, 0x01, 0xFF, 0xF1, 0xE0, 0x0F, 0xFF, 0x8F, 0x00, 0x7F, 0xFE, 0x78, 0x03, 0xFE, 0xFB, 0xC0,
    0x1F, 0xF7, 0xDE, 0x00, 0xFF, 0x9F, 0xF0, 0x07, 0xFC, 0x7F, 0x80, 0x3F, 0xE1, 0xFC, 0x01, 0xFF,
    0x0F, 0xE0, 0x0F, 0xF8, 0x3F, 0x1C, 0xFB, 0xC0, 0xF9, 0xFF, 0xDE, 0x07, 0xCF, 0xFC, 0xF0, 0x1E,
    0x3F, 0xC0, 0x00, 0x00, 0x3C, 0x00, 0x00, 0x7F, 0xC0, 0x78, 0xFF, 0xC0, 0xF1, 0xEF, 0xC1, 0xE0,
    0x1F, 0xC3, 0xC0, 0x3F, 0xC7, 0x8F, 0xFF, 0x8F, 0x1F, 0xFF, 0x9E, 0x3F, 0xEF, 0xBC, 0x7F, 0xDF,
    0x78, 0xFF, 0x9F, 0xF1, 0xFF, 0x1F, 0xE3, 0xFE, 0x1F, 0xC7, 0xFC, 0x3F, 0x8F, 0xF8, 0x3F, 0x1F,
    0xF0, 0x3E, 0x3F, 0xE0, 0x7C, 0x7F, 0xC0, 0x78, 0xF8, 0x00, 0x01, 0xF0, 0x00, 0x03, 0xC0, 0x00,
    0x3F, 0x80, 0x00, 0x7F, 0x00, 0x00, 0xFC, 0x00, 0x01, 0xE0, 0x00, 0x1F, 0x00, 0x01, 0xF0, 0x00,
    0x1E, 0x00, 0x00, 0x00, 0x00, 0x00, 0x7F, 0xC1, 0xFF, 0xFE, 0x1F, 0xFF, 0xF1, 0xFF, 0x9F, 0x1F,
    0xF8, 0xF1, 0xFF, 0x8F, 0x1F, 0xF8, 0xF1, 0xFF, 0x8F, 0x1F, 0xF8, 0xF1, 0xFF, 0x8F, 0x1F, 0xF8,
    0xF1, 0xFF, 0x8F, 0x1F, 0xF8, 0xF1, 0xF0, 0x00, 0x1F, 0x00, 0x03, 0xE0, 0x00, 0xFE, 0x00, 0x0F,
    0xE0, 0x00, 0xF8, 0x03, 0x30, 0x01, 0xFE, 0x00, 0x7F, 0x00, 0x07, 0x80, 0x00, 0xC0, 0x00, 0x00,
    0x00, 0x00, 0x00, 0x07, 0x80, 0x03, 0xF0, 0x00, 0xFC, 0x00, 0x7F, 0x80, 0x1F, 0xE0, 0x0F, 0xFC,
    0x03, 0xCF, 0x01, 0xF3, 0xE0, 0x78, 0xF8, 0x1E, 0x1E, 0x0F, 0xFF, 0xC3, 0xFF, 0xF0, 0xFF, 0xFE,
    0x7C, 0x0F, 0x9F, 0x03, 0xEF, 0x80, 0x7F, 0xE0, 0x1F, 0x0C, 0xC0, 0xFF, 0x03, 0xF0, 0x0F, 0x00,
    0x30, 0x00, 0x00, 0x00, 0x07, 0xF8, 0x3F, 0xF1, 0xFF, 0x8C, 0x7C, 0x01, 0xF1, 0xFF, 0xBF, 0xFD,
    0xFF, 0xEF, 0x9F, 0x7C, 0xFB, 0xFF, 0xDF, 0xFE, 0x7F, 0xE0, 0x66, 0xFF, 0x7E, 0x3C, 0x18, 0x00,
    0x00, 0x3C, 0x3C, 0x3C, 0x3C, 0x3C, 0x3C, 0x3C, 0x3C, 0x3C, 0x3C, 0x3C, 0x3C, 0x3C, 0x3C, 0x3C,
    0x3C, 0x3C, 0x63, 0x3F, 0xDF, 0xC7, 0xC0, 0xC0, 0x00, 0x00, 0x7C, 0x3E, 0x1F, 0x0F, 0x87, 0xC3,
    0xE1, 0xF0, 0xF8, 0x7C, 0x3E, 0x1F, 0x0F, 0x87, 0xC0, 0x07, 0x30, 0x01, 0xFE, 0x00, 0x7F, 0x00,
    0x07, 0x80, 0x00, 0xC0, 0x00, 0x00, 0x00, 0x00, 0x00, 0x1F, 0xE0, 0x1F, 0xFE, 0x0F, 0xFF, 0xC7,
    0xF3, 0xF1, 0xF0, 0x3E, 0xF8, 0x0F, 0xBE, 0x01, 0xFF, 0x80, 0x7F, 0xE0, 0x1F, 0xF8, 0x07, 0xFE,
    0x01, 0xFF, 0x80, 0xF9, 0xF0, 0x3E, 0x7F, 0x3F, 0x8F, 0xFF, 0xC1, 0xFF, 0xE0, 0x1F, 0xE0, 0x18,
    0xC0, 0x7F, 0x81, 0xFC, 0x03, 0xE0, 0x07, 0x00, 0x00, 0x00, 0x00, 0x07, 0xF0, 0x3F, 0xE1, 0xFF,
    0xCF, 0xDF, 0xBE, 0x3E, 0xF0, 0x7B, 0xC1, 0xEF, 0x07, 0xBE, 0x3E, 0xFD, 0xF9, 0xFF, 0xC3, 0xFE,
    0x07, 0xF0, 0x0E, 0x60, 0x1F, 0xE0, 0x3F, 0x80, 0x1E, 0x00, 0x18, 0x00, 0x00, 0x00, 0x00, 0x7C,
    0x0F, 0xF8, 0x1F, 0xF0, 0x3F, 0xE0, 0x7F, 0xC0, 0xFF, 0x81, 0xFF, 0x03, 0xFE, 0x07, 0xFC, 0x0F,
    0xF8, 0x1F, 0xF0, 0x3F, 0xE0, 0x7B, 0xE1, 0xF7, 0xE7, 0xEF, 0xFF, 0x8F, 0xFE, 0x07, 0xF8, 0x18,
    0xC3, 0xFC, 0x1F, 0xC0, 0xF8, 0x06, 0x00, 0x00, 0x00, 0x0F, 0x8F, 0xF8, 0xFF, 0x8F, 0xF8, 0xFF,
    0x8F, 0xF8, 0xFF, 0x8F, 0xF8, 0xFF, 0x8F, 0x7C, 0xF7, 0xFF, 0x3F, 0xF1, 0xFF, 0x0F, 0xE0, 0x1F,
    0xC0, 0x00, 0x00, 0x73, 0x80, 0xEF, 0x01, 0xCE, 0x00, 0x00, 0x00, 0x00, 0xF8, 0x1F, 0xF0, 0x3F,
    0xE0, 0x7F, 0xC0, 0xFF, 0x81, 0xFF, 0x03, 0xFE, 0x07, 0xFC, 0x0F, 0xF8, 0x1F, 0xF0, 0x3F, 0xE0,
    0x7F, 0xC0, 0xF7, 0xC3, 0xEF, 0xCF, 0xDF, 0xFF, 0x1F, 0xFC, 0x0F, 0xF0, 0x1F, 0xC1, 0xFC, 0x00,
    0x03, 0xDC, 0x3D, 0xE3, 0xDC, 0x00, 0x00, 0x00, 0xF8, 0xFF, 0x8F, 0xF8, 0xFF, 0x8F, 0xF8, 0xFF,
    0x8F, 0xF8, 0xFF, 0x8F, 0xF8, 0xF7, 0xCF, 0x7F, 0xF3, 0xFF, 0x1F, 0xF0, 0x00, 0xC0, 0x03, 0xC0,
    0x0F, 0x00, 0xFF, 0xC3, 0xC7, 0x83, 0x8F, 0x00, 0x00, 0x7C, 0x0F, 0xF8, 0x1F, 0xF0, 0x3F, 0xE0,
    0x7F, 0xC0, 0xFF, 0x81, 0xFF, 0x03, 0xFE, 0x07, 0xFC, 0x0F, 0xF8, 0x1F, 0xF0, 0x3F, 0xE0, 0x7B,
    0xE1, 0xF7, 0xE7, 0xEF, 0xFF, 0x8F, 0xFE, 0x07, 0xF8, 0x01, 0x80, 0x3C, 0x07, 0x80, 0x70, 0x7E,
    0xE7, 0x8F, 0x78, 0xE0, 0x00, 0x00, 0x0F, 0x8F, 0xF8, 0xFF, 0x8F, 0xF8, 0xFF, 0x8F, 0xF8, 0xFF,
    0x8F, 0xF8, 0xFF, 0x8F, 0x7C, 0xF7, 0xFF, 0x3F, 0xF1, 0xFF, 0x06, 0x60, 0x0F, 0xC0, 0x0F, 0x00,
    0xEF, 0xC1, 0xC7, 0x83, 0x8F, 0x00, 0x00, 0x7C, 0x0F, 0xF8, 0x1F, 0xF0, 0x3F, 0xE0, 0x7F, 0xC0,
    0xFF, 0x81, 0xFF, 0x03, 0xFE, 0x07, 0xFC, 0x0F, 0xF8, 0x1F, 0xF0, 0x3F, 0xE0, 0x7B, 0xE1, 0xF7,
    0xE7, 0xEF, 0xFF, 0x8F, 0xFE, 0x07, 0xF8, 0x10, 0x81, 0xFC, 0x1F, 0xC0, 0xF8, 0x7E, 0xE7, 0x8F,
    0x78, 0xE0, 0x00, 0x00, 0x0F, 0x8F, 0xF8, 0xFF, 0x8F, 0xF8, 0xFF, 0x8F, 0xF8, 0xFF, 0x8F, 0xF8,
    0xFF, 0x8F, 0x7C, 0xF7, 0xFF, 0x3F, 0xF1, 0xFF, 0x02, 0x00, 0x0E, 0x00, 0x1E, 0x00, 0xEF, 0xC1,
    0xC7, 0x83, 0x8F, 0x00, 0x00, 0x7C, 0x0F, 0xF8, 0x1F, 0xF0, 0x3F, 0xE0, 0x7F, 0xC0, 0xFF, 0x81,
    0xFF, 0x03, 0xFE, 0x07, 0xFC, 0x0F, 0xF8, 0x1F, 0xF0, 0x3F, 0xE0, 0x7B, 0xE1, 0xF7, 0xE7, 0xEF,
    0xFF, 0x8F, 0xFE, 0x07, 0xF8, 0x0C, 0x01, 0xC0, 0x1E, 0x00, 0xF0, 0x7E, 0xE7, 0x8F, 0x78, 0xE0,
    0x00, 0x00, 0x0F, 0x8F, 0xF8, 0xFF, 0x8F, 0xF8, 0xFF, 0x8F, 0xF8, 0xFF, 0x8F, 0xF8, 0xFF, 0x8F,
    0x7C, 0xF7, 0xFF, 0x3F, 0xF1, 0xFF, 0x7F, 0x83, 0xFF, 0x1F, 0xFC, 0xE7, 0xE0, 0x0F, 0xFF, 0xFF,
    0xFF, 0xFF, 0xFF, 0xF0, 0xFF, 0xCF, 0x9F, 0xFC, 0xFF, 0xC1, 0xF8, 0x00, 0x07, 0xF8, 0x01, 0xFE,
    0x00, 0x00, 0x00, 0x1C, 0xE0, 0x07, 0xF8, 0x01, 0xCE, 0x00, 0x00, 0x00, 0x00, 0x00, 0x01, 0xE0,
    0x00, 0xFC, 0x00, 0x3F, 0x00, 0x1F, 0xE0, 0x07, 0xF8, 0x03, 0xFF, 0x00, 0xF3, 0xC0, 0x7C, 0xF8,
    0x1E, 0x3E, 0x07, 0x87, 0x83, 0xFF, 0xF0, 0xFF, 0xFC, 0x3F, 0xFF, 0x9F, 0x03, 0xE7, 0xC0, 0xFB,
    0xE0, 0x1F, 0xF8, 0x07, 0xC0, 0x1F, 0xC0, 0xFE, 0x00, 0x00, 0x3B, 0xC3, 0xDE, 0x0E, 0xF0, 0x00,
    0x00, 0x00, 0x3F, 0xC1, 0xFF, 0x8F, 0xFC, 0x63, 0xE0, 0x0F, 0x8F, 0xFD, 0xFF, 0xEF, 0xFF, 0x7C,
    0xFB, 0xE7, 0xDF, 0xFE, 0xFF, 0xF3, 0xFF, 0x00, 0x07, 0xF8, 0x01, 0xFE, 0x00, 0x00, 0x00, 0x07,
    0x80, 0x01, 0xE0, 0x00, 0x78, 0x00, 0x00, 0x00, 0x00, 0x00, 0x01, 0xE0, 0x00, 0xFC, 0x00, 0x3F,
    0x00, 0x1F, 0xE0, 0x07, 0xF8, 0x03, 0xFF, 0x00, 0xF3, 0xC0, 0x7C, 0xF8, 0x1E, 0x3E, 0x07, 0x87,
    0x83, 0xFF, 0xF0, 0xFF, 0xFC, 0x3F, 0xFF, 0x9F, 0x03, 0xE7, 0xC0, 0xFB, 0xE0, 0x1F, 0xF8, 0x07,
    0xC0, 0x1F, 0xC0, 0xFE, 0x00, 0x00, 0x0E, 0x00, 0x78, 0x03, 0x80, 0x00, 0x00, 0x00, 0x3F, 0xC1,
    0xFF, 0x8F, 0xFC, 0x63, 0xE0, 0x0F, 0x8F, 0xFD, 0xFF, 0xEF, 0xFF, 0x7C, 0xFB, 0xE7, 0xDF, 0xFE,
    0xFF, 0xF3, 0xFF, 0x00, 0x00, 0x1F, 0xE0, 0x00, 0x1F, 0xE0, 0x00, 0x1F, 0xE0, 0x00, 0x00, 0x00,
    0x00, 0x00, 0x00, 0x00, 0x00, 0x00, 0x00, 0x3F, 0xFF, 0x00, 0x7F, 0xFF, 0x00, 0x7F, 0xFF, 0x00,
    0xFF, 0x00, 0x01, 0xFF, 0x00, 0x01, 0xEF, 0x00, 0x03, 0xEF, 0x00, 0x07, 0xCF, 0xFE, 0x07, 0xCF,
    0xFE, 0x0F, 0x8F, 0xFE, 0x0F, 0xFF, 0x00, 0x1F, 0xFF, 0x00, 0x3F, 0xFF, 0x00, 0x3E, 0x0F, 0x00,
    0x7C, 0x0F, 0xFF, 0x7C, 0x0F, 0xFF, 0xF8, 0x0F, 0xFF, 0x03, 0xFE, 0x00, 0x1F, 0xF0, 0x00, 0xFF,
    0x80, 0x00, 0x00, 0x00, 0x00, 0x00, 0x00, 0x00, 0x00, 0xFF, 0x3F, 0x07, 0xFF, 0xFC, 0x3F, 0xFF,
    0xF1, 0x8F, 0xEF, 0xC0, 0x3E, 0x1E, 0x3F, 0xFF, 0xF7, 0xFF, 0xFF, 0xBF, 0xFF, 0xFD, 0xF3, 0xE0,
    0x0F, 0x8F, 0xCE, 0x7F, 0xFF, 0xF3, 0xFF, 0xFF, 0x8F, 0xFF, 0xFC, 0x07, 0xFC, 0x0F, 0xFF, 0x0F,
    0xFF, 0x8F, 0xE3, 0x87, 0xC0, 0x07, 0xC0, 0x03, 0xE0, 0x01, 0xF0, 0x3C, 0xF8, 0x1E, 0x7C, 0x7F,
    0xFE, 0x3F, 0xFF, 0x1F, 0xF7, 0xC1, 0xE3, 0xF8, 0xF0, 0xFF, 0xF8, 0x3F, 0xFC, 0x07, 0xFE, 0x00,
    0x1F, 0xF0, 0xFF, 0xC7, 0xFF, 0x3F, 0x3C, 0xF8, 0xF3, 0xCF, 0xFF, 0x3F, 0xFC, 0x3C, 0xF8, 0xF3,
    0xF7, 0xC7, 0xFF, 0x1F, 0xFC, 0x3F, 0xF0, 0x03, 0xC7, 0x1F, 0x1F, 0xFC, 0x7F, 0xE1, 0xFF, 0x00,
    0x03, 0x30, 0x0F, 0xF0, 0x0F, 0xC0, 0x0F, 0x00, 0x0C, 0x00, 0x00, 0x00, 0x00, 0x03, 0xFE, 0x1F,
    0xFE, 0x7F, 0xFD, 0xFC, 0x73, 0xE0, 0x0F, 0x80, 0x1F, 0x00, 0x3E, 0x00, 0x7C, 0x0F, 0xF8, 0x1F,
    0xF0, 0x3F, 0xE0, 0x7B, 0xE0, 0xF7, 0xF1, 0xE7, 0xFF, 0xC7, 0xFF, 0x83, 0xFF, 0x0C, 0xC0, 0xFF,
    0x03, 0xF0, 0x0F, 0x00, 0x30, 0x00, 0x00, 0x00, 0x03, 0xFE, 0x3F, 0xF3, 0xFF, 0xBF, 0x3D, 0xF1,
    0xEF, 0x0F, 0x78, 0x7B, 0xC3, 0xDF, 0x1E, 0xFD, 0xF3, 0xFF, 0x9F, 0xFC, 0x7F, 0xE0, 0x0F, 0x38,
    0xF9, 0xFF, 0xCF, 0xFC, 0x7F, 0xC0, 0x18, 0xC0, 0x3F, 0xC0, 0x7F, 0x00, 0x7C, 0x00, 0x30, 0x00,
    0x00, 0x00, 0x00, 0x78, 0x3E, 0xF0, 0xF9, 0xE3, 0xF3, 0xCF, 0xC7, 0xBF, 0x0F, 0xFC, 0x1F, 0xF0,
    0x3F, 0xC0, 0x7F, 0x80, 0xFF, 0x81, 0xFF, 0x83, 0xDF, 0x87, 0x9F, 0x8F, 0x1F, 0x9E, 0x1F, 0x3C,
    0x1F, 0x78, 0x3F, 0x63, 0x01, 0xFE, 0x07, 0xF0, 0x0F, 0x80, 0x0C, 0x00, 0x00, 0x07, 0x80, 0x3E,
    0x00, 0xF8, 0x03, 0xE0, 0x0F, 0x80, 0x3E, 0x00, 0xF8, 0xFB, 0xE7, 0xCF, 0xBE, 0x3F, 0xF0, 0xFF,
    0x83, 0xFC, 0x0F, 0xF8, 0x3F, 0xF0, 0xFF, 0xE3, 0xEF, 0x8F, 0x9F, 0x3E, 0x3E, 0xF8, 0xF8, 0x07,
    0xF8, 0x07, 0xFF, 0x83, 0xFF, 0xF1, 0xFC, 0xFE, 0x7C, 0x0F, 0xBE, 0x03, 0xEF, 0x80, 0x7F, 0xE0,
    0x1F, 0xF8, 0x07, 0xFE, 0x01, 0xFF, 0x80, 0x7F, 0xE0, 0x3E, 0x7C, 0x0F, 0x9F, 0xCF, 0xC3, 0xFF,
    0xF0, 0x7F, 0xF8, 0x07, 0xF8, 0x00, 0x3C, 0x00, 0x1E, 0x00, 0x07, 0xE0, 0x01, 0xF8, 0x00, 0x7E,
    0x00, 0x1F, 0xC0, 0xFF, 0x87, 0xFF, 0x3F, 0x7E, 0xF8, 0xFB, 0xC1, 0xEF, 0x07, 0xBC, 0x1E, 0xF8,
    0xFB, 0xF7, 0xE7, 0xFF, 0x0F, 0xF8, 0x1F, 0xC0, 0x1E, 0x00, 0xF0, 0x03, 0xF0, 0x0F, 0xC0, 0x1F,
    0x00, 0x0F, 0xF8, 0x03, 0xFE, 0x00, 0xFF, 0x80, 0x00, 0x00, 0x00, 0x00, 0x00, 0x00, 0x00, 0x7F,
    0x80, 0x7F, 0xF8, 0x3F, 0xFF, 0x1F, 0xCF, 0xE7, 0xC0, 0xFB, 0xE0, 0x3E, 0xF8, 0x07, 0xFE, 0x01,
    0xFF, 0x80, 0x7F, 0xE0, 0x1F, 0xF8, 0x07, 0xFE, 0x03, 0xE7, 0xC0, 0xF9, 0xFC, 0xFC, 0x3F, 0xFF,
    0x07, 0xFF, 0x80, 0x7F, 0x80, 0x03, 0xC0, 0x01, 0xE0, 0x00, 0x7E, 0x00, 0x1F, 0x80, 0x07, 0xE0,
    0x3F, 0xE0, 0xFF, 0x83, 0xFE, 0x00, 0x00, 0x00, 0x00, 0x00, 0x01, 0xFC, 0x0F, 0xF8, 0x7F, 0xF3,
    0xF7, 0xEF, 0x8F, 0xBC, 0x1E, 0xF0, 0x7B, 0xC1, 0xEF, 0x8F, 0xBF, 0x7E, 0x7F, 0xF0, 0xFF, 0x81,
    0xFC, 0x01, 0xE0, 0x0F, 0x00, 0x3F, 0x00, 0xFC, 0x01, 0xF0, 0x0C, 0x60, 0x7F, 0x80, 0xFE, 0x01,
    0xF0, 0x03, 0x80, 0x00, 0x00, 0x00, 0x1F, 0xFF, 0x7F, 0xFD, 0xFF, 0xF0, 0x1F, 0x80, 0xFC, 0x07,
    0xE0, 0x3F, 0x00, 0xFF, 0x03, 0xFE, 0x01, 0xFC, 0x01, 0xF0, 0x03, 0xC0, 0x1F, 0x78, 0xFD, 0xFF,
    0xEF, 0xFF, 0x8F, 0xF8, 0x19, 0xC3, 0xFC, 0x1F, 0xC0, 0xF0, 0x06, 0x00, 0x00, 0x00, 0x00, 0x00,
    0xFF, 0xFF, 0xFF, 0xFF, 0xF0, 0x3E, 0x07, 0xC0, 0x7C, 0x0F, 0x81, 0xF0, 0x1F, 0xC1, 0xFE, 0x03,
    0xF0, 0x1F, 0x00, 0xF0, 0x0F, 0x63, 0xFF, 0xFF, 0xFF, 0xEF, 0xF8, 0x31, 0x8F, 0xF3, 0xF8, 0x7C,
    0x06, 0x00, 0x00, 0x00, 0x7C, 0x1F, 0x07, 0xC1, 0xF0, 0x7C, 0x1F, 0x07, 0xC1, 0xF0, 0x7C, 0x1F,
    0x07, 0xC1, 0xF0, 0x7C, 0x1F, 0x07, 0xCF, 0xE3, 0xF8, 0xFC, 0x00, 0xFF, 0xC0, 0xFF, 0xFF, 0xFF,
    0xC3, 0xFF, 0xFF, 0xFF, 0x8F, 0xFF, 0xFC, 0x7F, 0x00, 0x7E, 0xF0, 0x7E, 0x01, 0xF3, 0xC0, 0xF8,
    0x0F, 0x8F, 0x01, 0xE0, 0x7E, 0x3C, 0x07, 0x83, 0xF0, 0xF0, 0x1F, 0x0F, 0x83, 0xC0, 0x78, 0x7C,
    0x0F, 0x03, 0xE3, 0xF0, 0x3C, 0x0F, 0x8F, 0x80, 0xF0, 0x7E, 0x7C, 0x03, 0xC7, 0xF1, 0xF0, 0x0F,
    0xFF, 0x8F, 0xFF, 0xFF, 0xFC, 0x3F, 0xFF, 0xFF, 0xC0, 0xFF, 0xFC, 0xFF, 0xC0, 0x00, 0x0F, 0xFF,
    0x00, 0x00, 0xFF, 0xF8, 0x00, 0x0F, 0x1F, 0xC0, 0x00, 0xF0, 0x7E, 0x7F, 0xFF, 0x03, 0xE7, 0xFF,
    0xF0, 0x1E, 0x7F, 0xFF, 0x01, 0xE0, 0x3E, 0xF0, 0x1F, 0x07, 0xCF, 0x01, 0xE0, 0xF8, 0xF0, 0x3E,
    0x1F, 0x0F, 0x03, 0xE1, 0xF0, 0xF0, 0x7E, 0x3E, 0x0F, 0x1F, 0xC7, 0xC0, 0xFF, 0xF8, 0x7F, 0xFF,
    0xFF, 0x0F, 0xFF, 0xFF, 0xC0, 0xFF, 0xF0, 0x00, 0xF8, 0x00, 0x00, 0x3E, 0x00, 0x00, 0x0F, 0x80,
    0x00, 0x03, 0xE0, 0x00, 0x00, 0xF8, 0x00, 0x00, 0x3E, 0x00, 0x01, 0xFF, 0x9F, 0xFD, 0xFF, 0xE7,
    0xFF, 0x7F, 0xF9, 0xFF, 0xFF, 0x7E, 0x03, 0xEF, 0x8F, 0x81, 0xF3, 0xC3, 0xE0, 0xF8, 0xF0, 0xF8,
    0x7C, 0x3C, 0x3E, 0x1F, 0x0F, 0x8F, 0x8F, 0x83, 0xF3, 0xE7, 0xC0, 0x7F, 0xF9, 0xFF, 0xCF, 0xFE,
    0xFF, 0xF1, 0xFF, 0x3F, 0xFC, 0x00, 0x60, 0x01, 0xE0, 0x07, 0xC0, 0x0F, 0x00, 0x1C, 0x00, 0x30,
    0x00, 0x00, 0x03, 0xFE, 0x1F, 0xFE, 0x7F, 0xFD, 0xFC, 0x73, 0xE0, 0x0F, 0x80, 0x1F, 0x00, 0x3E,
    0x00, 0x7C, 0x0F, 0xF8, 0x1F, 0xF0, 0x3F, 0xE0, 0x7B, 0xE0, 0xF7, 0xF1, 0xE7, 0xFF, 0xC7, 0xFF,
    0x83, 0xFF, 0x00, 0xC0, 0x0F, 0x00, 0xF8, 0x0F, 0x80, 0x78, 0x01, 0x80, 0x00, 0x03, 0xFE, 0x3F,
    0xF3, 0xFF, 0xBF, 0x3D, 0xF1, 0xEF, 0x0F, 0x78, 0x7B, 0xC3, 0xDF, 0x1E, 0xFD, 0xF3, 0xFF, 0x9F,
    0xFC, 0x7F, 0xE0, 0x0F, 0x38, 0xF9, 0xFF, 0xCF, 0xFC, 0x7F, 0xC0, 0xF0, 0x3E, 0x00, 0xF0, 0x3E,
    0x00, 0xF0, 0x3E, 0x00, 0xF0, 0x3E, 0x00, 0xF0, 0x3E, 0x1E, 0xF0, 0x3E, 0x1E, 0xF0, 0x3E, 0x1E,
    0xFF, 0xFE, 0x1E, 0xFF, 0xFE, 0x1E, 0xFF, 0xFE, 0x1E, 0xF0, 0x3E, 0x1E, 0xF0, 0x3E, 0x1E, 0xF0,
    0x3E, 0x3E, 0xF0, 0x3F, 0x7E, 0xF0, 0x1F, 0xFE, 0xF0, 0x1F, 0xFC, 0xF0, 0x07, 0xF8, 0x7F, 0xE3,
    0xFF, 0xCF, 0xFF, 0xBE, 0x7F, 0xF0, 0x7F, 0xC1, 0xFF, 0x07, 0xFC, 0x1F, 0xF0, 0x7F, 0xC1, 0xFF,
    0x0F, 0xBC, 0x7E, 0xF3, 0xF3, 0xFF, 0x8F, 0xFC, 0x3F, 0xC0, 0xFC, 0x03, 0xC0, 0x0F, 0x00, 0x3C,
    0x00, 0xF0, 0x03, 0xC0, 0x00, 0x06, 0x00, 0x1E, 0x00, 0x7C, 0x00, 0x3C, 0x00, 0x38, 0x00, 0x20,
    0x00, 0x00, 0x78, 0x0F, 0xF8, 0x1F, 0xF8, 0x3F, 0xF8, 0x7F, 0xF8, 0xFF, 0xF1, 0xFF, 0xF3, 0xFD,
    0xF7, 0xFB, 0xEF, 0xF3, 0xFF, 0xE3, 0xFF, 0xC3, 0xFF, 0x87, 0xFF, 0x07, 0xFE, 0x07, 0xFC, 0x0F,
    0xF8, 0x0F, 0x0C, 0x00, 0xF0, 0x07, 0xC0, 0x1F, 0x00, 0x78, 0x01, 0x80, 0x00, 0x0F, 0xF8, 0xFF,
    0xE7, 0xFF, 0xBE, 0x7D, 0xF1, 0xEF, 0x8F, 0x7C, 0x7B, 0xE3, 0xDF, 0x1E, 0xF8, 0xF7, 0xC7, 0xBE,
    0x3D, 0xF1, 0xE0, 0x00, 0x60, 0x00, 0x78, 0x00, 0x3E, 0x00, 0x06, 0x00, 0x00, 0x00, 0x00, 0x78,
    0x00, 0x3F, 0x00, 0x0F, 0xC0, 0x03, 0xF0, 0x00, 0xFC, 0x00, 0x3F, 0x00, 0x1F, 0xE0, 0x07, 0xF8,
    0x03, 0xFF, 0x00, 0xFF, 0xC0, 0x3C, 0xF0, 0x1F, 0x3E, 0x07, 0x8F, 0x83, 0xE1, 0xE0, 0xFF, 0xFC,
    0x3F, 0xFF, 0x1F, 0xFF, 0xE7, 0xC0, 0xF9, 0xE0, 0x3E, 0xF8, 0x07, 0xFE, 0x01, 0xF0, 0x03, 0x80,
    0x7C, 0x03, 0xE0, 0x1C, 0x00, 0x00, 0x03, 0xC0, 0x3F, 0x01, 0xF8, 0x07, 0x80, 0x00, 0x00, 0x00,
    0x7F, 0x83, 0xFF, 0x1F, 0xF8, 0xC7, 0xC0, 0x1F, 0x1F, 0xFB, 0xFF, 0xDF, 0xFE, 0xF9, 0xF7, 0xCF,
    0xBF, 0xFD, 0xFF, 0xE7, 0xFE, 0x00, 0x01, 0x80, 0x00, 0x01, 0xE0, 0x00, 0x03, 0xE0, 0x00, 0x07,
    0xC0, 0x00, 0x07, 0x80, 0x00, 0x02, 0x00, 0x00, 0x00, 0x00, 0x00, 0x3F, 0xFF, 0x00, 0x7F, 0xFF,
    0x00, 0x7F, 0xFF, 0x00, 0xFF, 0x00, 0x01, 0xFF, 0x00, 0x01, 0xEF, 0x00, 0x03, 0xEF, 0x00, 0x07,
    0xCF, 0xFE, 0x07, 0xCF, 0xFE, 0x0F, 0x8F, 0xFE, 0x0F, 0xFF, 0x00, 0x1F, 0xFF, 0x00, 0x3F, 0xFF,
    0x00, 0x3E, 0x0F, 0x00, 0x7C, 0x0F, 0xFF, 0x7C, 0x0F, 0xFF, 0xF8, 0x0F, 0xFF, 0x00, 0x0C, 0x00,
    0x00, 0xF0, 0x00, 0x0F, 0x80, 0x00, 0xF8, 0x00, 0x07, 0x80, 0x00, 0x18, 0x00, 0x00, 0x00, 0x07,
    0xF9, 0xF8, 0x3F, 0xFF, 0xE1, 0xFF, 0xFF, 0x8C, 0x7F, 0x7E, 0x01, 0xF0, 0xF1, 0xFF, 0xFF, 0xBF,
    0xFF, 0xFD, 0xFF, 0xFF, 0xEF, 0x9F, 0x00, 0x7C, 0x7E, 0x73, 0xFF, 0xFF, 0x9F, 0xFF, 0xFC, 0x7F,
    0xFF, 0xE0, 0x00, 0x60, 0x00, 0x3C, 0x00, 0x1F, 0x00, 0x0F, 0x80, 0x03, 0xC0, 0x00, 0x60, 0x00,
    0x00, 0x30, 0x1F, 0xFE, 0x1F, 0xFF, 0x8F, 0xFF, 0xC7, 0xF3, 0xF1, 0xF0, 0xFE, 0xF8, 0x7F, 0xBE,
    0x3F, 0xFF, 0x8F, 0x7F, 0xE7, 0x9F, 0xFB, 0xC7, 0xFF, 0xE1, 0xFF, 0xF8, 0xF9, 0xFC, 0x3E, 0x7F,
    0x3F, 0x8F, 0xFF, 0xC7, 0xFF, 0xE1, 0xFF, 0xE0, 0x30, 0x00, 0x00, 0x03, 0x80, 0x0F, 0x00, 0x7C,
    0x03, 0xE0, 0x0F, 0x00, 0x18, 0x00, 0x03, 0x07, 0xFE, 0x3F, 0xF9, 0xFF, 0xCF, 0xDF, 0xBE, 0xFE,
    0xF3, 0xFB, 0xDD, 0xEF, 0xF7, 0xBF, 0x9E, 0xFD, 0xF9, 0xFF, 0xC7, 0xFE, 0x3F, 0xF0, 0x60, 0x00,
    0x04, 0x20, 0x07, 0xBC, 0x01, 0xFF, 0x80, 0x3D, 0xE0, 0x07, 0xBC, 0x00, 0xC6, 0x00, 0x00, 0x00,
    0x07, 0x80, 0x03, 0xF0, 0x00, 0xFC, 0x00, 0x7F, 0x80, 0x1F, 0xE0, 0x0F, 0xFC, 0x03, 0xCF, 0x01,
    0xF3, 0xE0, 0x78, 0xF8, 0x1E, 0x1E, 0x0F, 0xFF, 0xC3, 0xFF, 0xF0, 0xFF, 0xFE, 0x7C, 0x0F, 0x9F,
    0x03, 0xEF, 0x80, 0x7F, 0xE0, 0x1F, 0x31, 0x83, 0x9C, 0x1E, 0xF0, 0x7B, 0xC1, 0xCE, 0x06, 0x30,
    0x00, 0x07, 0xF8, 0x3F, 0xF1, 0xFF, 0x8C, 0x7C, 0x01, 0xF1, 0xFF, 0xBF, 0xFD, 0xFF, 0xEF, 0x9F,
    0x7C, 0xFB, 0xFF, 0xDF, 0xFE, 0x7F, 0xE0, 0x03, 0xF0, 0x01, 0xFE, 0x00, 0x77, 0x80, 0x1C, 0xE0,
    0x00, 0x00, 0x00, 0x00, 0x00, 0x1E, 0x00, 0x0F, 0xC0, 0x03, 0xF0, 0x01, 0xFE, 0x00, 0x7F, 0x80,
    0x3F, 0xF0, 0x0F, 0x3C, 0x07, 0xCF, 0x81, 0xE3, 0xE0, 0x78, 0x78, 0x3F, 0xFF, 0x0F, 0xFF, 0xC3,
    0xFF, 0xF9, 0xF0, 0x3E, 0x7C, 0x0F, 0xBE, 0x01, 0xFF, 0x80, 0x7C, 0x0F, 0xC0, 0xFE, 0x07, 0x78,
    0x79, 0xC0, 0x00, 0x00, 0x00, 0xFF, 0x07, 0xFE, 0x3F, 0xF1, 0x8F, 0x80, 0x3E, 0x3F, 0xF7, 0xFF,
    0xBF, 0xFD, 0xF3, 0xEF, 0x9F, 0x7F, 0xFB, 0xFF, 0xCF, 0xFC, 0x63, 0x07, 0xBC, 0x3D, 0xE0, 0xF7,
    0x83, 0xDE, 0x0C, 0x60, 0x00, 0x1F, 0xFE, 0xFF, 0xF7, 0xFF, 0xBC, 0x01, 0xE0, 0x0F, 0x00, 0x78,
    0x03, 0xFF, 0x9F, 0xFC, 0xFF, 0xE7, 0x80, 0x3C, 0x01, 0xE0, 0x0F, 0x00, 0x7F, 0xFF, 0xFF, 0xFF,
    0xFF, 0x31, 0x83, 0x9C, 0x1E, 0xF0, 0x7B, 0xC1, 0xCE, 0x06, 0x30, 0x00, 0x03, 0xF8, 0x3F, 0xE3,
    0xFF, 0xBF, 0x7D, 0xF1, 0xFF, 0xFF, 0xFF, 0xFF, 0xFF, 0xFF, 0x00, 0xFC, 0x73, 0xFF, 0x8F, 0xFC,
    0x3F, 0xE0, 0x1F, 0x81, 0xFE, 0x0E, 0xF0, 0x73, 0x80, 0x00, 0x00, 0x03, 0xFF, 0xDF, 0xFE, 0xFF,
    0xF7, 0x80, 0x3C, 0x01, 0xE0, 0x0F, 0x00, 0x7F, 0xF3, 0xFF, 0x9F, 0xFC, 0xF0, 0x07, 0x80, 0x3C,
    0x01, 0xE0, 0x0F, 0xFF, 0xFF, 0xFF, 0xFF, 0xE0, 0x0F, 0x80, 0xFE, 0x0F, 0x78, 0x71, 0xC0, 0x00,
    0x00, 0x00, 0x7F, 0x07, 0xFC, 0x7F, 0xF7, 0xEF, 0xBE, 0x3F, 0xFF, 0xFF, 0xFF, 0xFF, 0xFF, 0xE0,
    0x1F, 0x8E, 0x7F, 0xF1, 0xFF, 0x87, 0xFC, 0x63, 0x1E, 0xF3, 0xDE, 0x3D, 0xE3, 0xDE, 0x31, 0x80,
    0x00, 0x78, 0x0F, 0x01, 0xE0, 0x3C, 0x07, 0x80, 0xF0, 0x1E, 0x03, 0xC0, 0x78, 0x0F, 0x01, 0xE0,
    0x3C, 0x07, 0x80, 0xF0, 0x1E, 0x03, 0xC0, 0x78, 0x31, 0x87, 0x38, 0x7B, 0xC3, 0xDE, 0x1C, 0xE0,
    0xC6, 0x00, 0x00, 0xF8, 0x0F, 0x80, 0xF8, 0x0F, 0x80, 0xF8, 0x0F, 0x80, 0xF8, 0x0F, 0x80, 0xF8,
    0x0F, 0x80, 0xF8, 0x0F, 0x80, 0xF8, 0x3F, 0x1F, 0xE7, 0xF9, 0xCE, 0x00, 0x00, 0x01, 0xE0, 0x78,
    0x1E, 0x07, 0x81, 0xE0, 0x78, 0x1E, 0x07, 0x81, 0xE0, 0x78, 0x1E, 0x07, 0x81, 0xE0, 0x78, 0x1E,
    0x07, 0x81, 0xE0, 0x3E, 0x3F, 0xBD, 0xFE, 0x70, 0x00, 0x00, 0xF8, 0x7C, 0x3E, 0x1F, 0x0F, 0x87,
    0xC3, 0xE1, 0xF0, 0xF8, 0x7C, 0x3E, 0x1F, 0x0F, 0x80, 0x0C, 0x60, 0x07, 0x38, 0x01, 0xEF, 0x00,
    0x3D, 0xE0, 0x07, 0x38, 0x00, 0xC6, 0x00, 0x00, 0x00, 0x1F, 0xE0, 0x1F, 0xFE, 0x0F, 0xFF, 0xC7,
    0xF3, 0xF1, 0xF0, 0x3E, 0xF8, 0x0F, 0xBE, 0x01, 0xFF, 0x80, 0x7F, 0xE0, 0x1F, 0xF8, 0x07, 0xFE,
    0x01, 0xFF, 0x80, 0xF9, 0xF0, 0x3E, 0x7F, 0x3F, 0x8F, 0xFF, 0xC1, 0xFF, 0xE0, 0x1F, 0xE0, 0x31,
    0x81, 0xCE, 0x07, 0xBC, 0x0F, 0x78, 0x1C, 0xE0, 0x31, 0x80, 0x00, 0x07, 0xF0, 0x3F, 0xE1, 0xFF,
    0xCF, 0xDF, 0xBE, 0x3E, 0xF0, 0x7B, 0xC1, 0xEF, 0x07, 0xBE, 0x3E, 0xFD, 0xF9, 0xFF, 0xC3, 0xFE,
    0x07, 0xF0, 0x03, 0xF0, 0x01, 0xFE, 0x00, 0x77, 0x80, 0x3C, 0xE0, 0x00, 0x00, 0x00, 0x00, 0x00,
    0x7F, 0x80, 0x7F, 0xF8, 0x3F, 0xFF, 0x1F, 0xCF, 0xC7, 0xC0, 0xFB, 0xE0, 0x3E, 0xF8, 0x07, 0xFE,
    0x01, 0xFF, 0x80, 0x7F, 0xE0, 0x1F, 0xF8, 0x07, 0xFE, 0x03, 0xE7, 0xC0, 0xF9, 0xFC, 0xFE, 0x3F,
    0xFF, 0x07, 0xFF, 0x80, 0x7F, 0x80, 0x0F, 0x80, 0x7F, 0x03, 0xDE, 0x0F, 0x38, 0x00, 0x00, 0x00,
    0x01, 0xFC, 0x0F, 0xF8, 0x7F, 0xF3, 0xF7, 0xEF, 0x8F, 0xBC, 0x1E, 0xF0, 0x7B, 0xC1, 0xEF, 0x8F,
    0xBF, 0x7E, 0x7F, 0xF0, 0xFF, 0x81, 0xFC, 0x00, 0x63, 0x01, 0xCF, 0x03, 0xDE, 0x03, 0xDE, 0x03,
    0x9C, 0x03, 0x18, 0x00, 0x00, 0x7F, 0xE0, 0xFF, 0xF1, 0xFF, 0xF3, 0xC7, 0xE7, 0x87, 0xCF, 0x07,
    0x9E, 0x1F, 0x3C, 0x7E, 0x7F, 0xFC, 0xFF, 0xF1, 0xFF, 0xC3, 0xCF, 0x87, 0x8F, 0x8F, 0x1F, 0x9E,
    0x1F, 0x3C, 0x3F, 0x78, 0x3E, 0x63, 0x1E, 0xF3, 0xDE, 0x3D, 0xE3, 0x9C, 0x31, 0x80, 0x01, 0xFF,
    0x7F, 0xCF, 0xF9, 0xF3, 0x3E, 0x07, 0xC0, 0xF8, 0x1F, 0x03, 0xE0, 0x7C, 0x0F, 0x81, 0xF0, 0x3E,
    0x00, 0x1F, 0x80, 0x7F, 0x80, 0xF7, 0x01, 0xCE, 0x00, 0x00, 0x00, 0x00, 0x3F, 0xF0, 0x7F, 0xF8,
    0xFF, 0xF9, 0xE3, 0xF3, 0xC3, 0xE7, 0x83, 0xCF, 0x0F, 0x9E, 0x3F, 0x3F, 0xFE, 0x7F, 0xF8, 0xFF,
    0xE1, 0xE7, 0xC3, 0xC7, 0xC7, 0x8F, 0xCF, 0x0F, 0x9E, 0x1F, 0xBC, 0x1F, 0x00, 0x3F, 0x1F, 0xE7,
    0xB9, 0xCF, 0x00, 0x00, 0x07, 0xFF, 0xFE, 0xFF, 0xBE, 0x6F, 0x83, 0xE0, 0xF8, 0x3E, 0x0F, 0x83,
    0xE0, 0xF8, 0x3E, 0x0F, 0x80, 0x18, 0xC0, 0x73, 0x80, 0xF7, 0x80, 0xF7, 0x80, 0xE7, 0x00, 0xC6,
    0x00, 0x00, 0x7C, 0x0F, 0xF8, 0x1F, 0xF0, 0x3F, 0xE0, 0x7F, 0xC0, 0xFF, 0x81, 0xFF, 0x03, 0xFE,
    0x07, 0xFC, 0x0F, 0xF8, 0x1F, 0xF0, 0x3F, 0xE0, 0x7B, 0xE1, 0xF7, 0xE7, 0xEF, 0xFF, 0x8F, 0xFE,
    0x07, 0xF8, 0x63, 0x0F, 0x78, 0xF7, 0x87, 0xBC, 0x3D, 0xE1, 0x8C, 0x00, 0x0F, 0x8F, 0xF8, 0xFF,
    0x8F, 0xF8, 0xFF, 0x8F, 0xF8, 0xFF, 0x8F, 0xF8, 0xFF, 0x8F, 0x7C, 0xF7, 0xFF, 0x3F, 0xF1, 0xFF,
    0x07, 0xE0, 0x1F, 0xC0, 0x3B, 0xC0, 0xF3, 0x80, 0x00, 0x00, 0x00, 0x3E, 0x07, 0xFC, 0x0F, 0xF8,
    0x1F, 0xF0, 0x3F, 0xE0, 0x7F, 0xC0, 0xFF, 0x81, 0xFF, 0x03, 0xFE, 0x07, 0xFC, 0x0F, 0xF8, 0x1F,
    0xF0, 0x3D, 0xF0, 0xFB, 0xF3, 0xF7, 0xFF, 0xC7, 0xFF, 0x03, 0xFC, 0x00, 0x0F, 0x81, 0xFC, 0x3D,
    0xC3, 0x9E, 0x00, 0x00, 0x00, 0xF8, 0xFF, 0x8F, 0xF8, 0xFF, 0x8F, 0xF8, 0xFF, 0x8F, 0xF8, 0xFF,
    0x8F, 0xF8, 0xF7, 0xCF, 0x7F, 0xF3, 0xFF, 0x1F, 0xF0, 0x0F, 0xF0, 0xFF, 0xE7, 0xFF, 0x9F, 0x9C,
    0x7C, 0x01, 0xF0, 0x07, 0xF8, 0x0F, 0xF8, 0x1F, 0xF0, 0x3F, 0xE0, 0x1F, 0xC0, 0x1F, 0x00, 0x7D,
    0xE3, 0xF7, 0xFF, 0x9F, 0xFE, 0x3F, 0xE0, 0x00, 0x00, 0x38, 0x01, 0xE0, 0x0F, 0x80, 0x3C, 0x00,
    0x1F, 0xE3, 0xFE, 0x7F, 0xC7, 0xCC, 0x7F, 0x07, 0xFE, 0x7F, 0xE3, 0xFE, 0x03, 0xE7, 0x1E, 0x7F,
    0xE7, 0xFC, 0x7F, 0x80, 0x00, 0x0F, 0x00, 0xF0, 0x3F, 0x01, 0xE0, 0xFF, 0xFF, 0xFF, 0xFF, 0xFF,
    0xF8, 0x3E, 0x00, 0x7C, 0x00, 0xF8, 0x01, 0xF0, 0x03, 0xE0, 0x07, 0xC0, 0x0F, 0x80, 0x1F, 0x00,
    0x3E, 0x00, 0x7C, 0x00, 0xF8, 0x01, 0xF0, 0x03, 0xE0, 0x07, 0xC0, 0x00, 0x00, 0x0F, 0x00, 0x3C,
    0x00, 0xF8, 0x01, 0xE0, 0x00, 0xF8, 0x3E, 0x0F, 0x83, 0xE0, 0xFF, 0xBF, 0xEF, 0xFB, 0xE0, 0xF8,
    0x3E, 0x0F, 0x83, 0xE0, 0xF8, 0x3F, 0x27, 0xF9, 0xFF, 0x3F, 0x80, 0x01, 0xE0, 0x78, 0x3E, 0x0F,
    0x00, 0x7F, 0xC7, 0xFF, 0x1F, 0xFC, 0xE7, 0xE0, 0x0F, 0x00, 0x7C, 0x03, 0xE0, 0x3E, 0x07, 0xF1,
    0xFF, 0x0F, 0xF8, 0x7F, 0xE0, 0x3F, 0x80, 0x7C, 0x03, 0xE0, 0x1F, 0x00, 0xF8, 0x07, 0xC1, 0xFD,
    0xFF, 0xEF, 0xFC, 0x7F, 0x80, 0xFF, 0x1F, 0xF9, 0xFF, 0x33, 0xF0, 0x3E, 0x07, 0xC3, 0xF0, 0xFC,
    0x1F, 0x83, 0xF8, 0x1F, 0x81, 0xF0, 0x3E, 0x07, 0xCF, 0xFF, 0xFE, 0xFF, 0x9F, 0xC0, 0x0C, 0xE0,
    0x3F, 0xC0, 0x3F, 0x80, 0x3C, 0x00, 0x30, 0x00, 0x00, 0x00, 0x00, 0x78, 0x1F, 0xF0, 0x3F, 0xE0,
    0x7F, 0xC0, 0xFF, 0x81, 0xFF, 0x03, 0xFE, 0x07, 0xFF, 0xFF, 0xFF, 0xFF, 0xFF, 0xFF, 0xE0, 0x7F,
    0xC0, 0xFF, 0x81, 0xFF, 0x03, 0xFE, 0x07, 0xFC, 0x0F, 0xF8, 0x1F, 0x63, 0x03, 0xFC, 0x1F, 0xC0,
    0x7C, 0x00, 0xC0, 0x00, 0x01, 0xE0, 0x1F, 0x00, 0xF8, 0x07, 0xC0, 0x3E, 0x01, 0xF0, 0x0F, 0xFC,
    0x7F, 0xF3, 0xFF, 0xDF, 0x3E, 0xF8, 0xF7, 0xC7, 0xBE, 0x3D, 0xF1, 0xEF, 0x8F, 0x7C, 0x7B, 0xE3,
    0xDF, 0x1E, 0xF8, 0xF0, 0x7C, 0x1F, 0x07, 0x81, 0xE0, 0x1F, 0x3E, 0x7C, 0xF0, 0x1F, 0x87, 0xF0,
    0xFF, 0x3C, 0xF0, 0x78, 0xDF, 0xFB, 0xFF, 0x73, 0xC0, 0xFF, 0xBF, 0xEF, 0xF8, 0x7F, 0xFB, 0xFF,
    0xFF, 0xFF, 0xC0, 0xE3, 0xFF, 0xF7, 0xF8, 0xFC, 0x79, 0xE7, 0x9E, 0x73, 0xBC, 0xFF, 0x3C, 0xFB,
    0xE7, 0x9E, 0x61, 0x80, 0x7C, 0xFF, 0xBF, 0x77, 0xEF, 0x80, 0x3D, 0xF7, 0xFE, 0xF3, 0xCE, 0x70,
    0x79, 0xE7, 0xF8, 0xFE, 0x0F, 0xC0, 0xFF, 0xFF, 0xC0, 0x77, 0x1F, 0xF9, 0xFF, 0x87, 0x30, 0x3F,
    0x3F, 0xDD, 0xFE, 0x70, 0x03, 0x8F, 0x9F, 0x0C, 0x00, 0x77, 0xFE, 0xC0, 0x0D, 0xFF, 0xFF, 0xF0,
    0xC0, 0xC1, 0xFF, 0xFF, 0xEC, 0x00, 0xFF, 0xF0, 0xC3, 0x0C, 0x33, 0x8F, 0xFF, 0xB8, 0x7E, 0xCE,
    0x70, 0x31, 0xCF, 0xBF, 0xF8, 0xFF, 0xF7, 0x1C, 0x30, 0x18, 0x18, 0x7E, 0xFF, 0x7E, 0x18, 0x18,
    0x00, 0x7E, 0xFF, 0x7E, 0x4E, 0xE6, 0xE6, 0xE7, 0xE7, 0x62, 0x7B, 0xFC, 0xFF, 0x78, 0x00, 0xF7,
    0xBD, 0xC0, 0x71, 0xE3, 0xEF, 0xFF, 0xE0, 0x00, 0xE7, 0x1C, 0xF3, 0xFF, 0xDF, 0x66, 0x66, 0x66,
    0x66, 0xFE, 0xFF, 0xE7, 0xE7, 0xC6, 0x40, 0x98, 0x67, 0xF8, 0xFC, 0x1E, 0x00, 0x0C, 0x07, 0x83,
    0xF1, 0xCE, 0x61, 0x80, 0xC3, 0x7F, 0x9F, 0xC7, 0x80, 0x7E, 0x7F, 0xB9, 0xD8, 0x60, 0x71, 0x7F,
    0xBF, 0xD1, 0x80, 0x00, 0xFF, 0xFF, 0xFF, 0xFF, 0xFF, 0xF7, 0xFF, 0x80, 0x31, 0x7F, 0xBF, 0xD1,
    0xC0, 0x7F, 0x7F, 0xDF, 0xE0, 0x7F, 0xFF, 0xFF, 0xDF, 0xFF, 0xFF, 0xFF, 0xFF, 0xFF, 0xFF, 0x80,
    0x01, 0x80, 0x60, 0x38, 0x0E, 0x03, 0x01, 0xC0, 0x70, 0x18, 0x0E, 0x03, 0x00, 0xC0, 0x70, 0x18,
    0x0E, 0x03, 0x80, 0xC0, 0x70, 0x1C, 0x0E, 0x03, 0x80, 0x00, 0x00, 0x67, 0x37, 0xE0, 0xC6, 0xE7,
    0xFF, 0xFF, 0xFE, 0xFE, 0xFF, 0xE7, 0xFF, 0xFE, 0x3F, 0x8F, 0xF9, 0xFF, 0xB7, 0x76, 0x6E, 0xCF,
    0xF7, 0x9E, 0xFF, 0x30, 0x00, 0xE3, 0xE7, 0xC3, 0x1D, 0xFF, 0xB0, 0x4E, 0xE6, 0x03, 0xFE, 0x00,
    0x3F, 0xFE, 0x01, 0xFF, 0xFE, 0x0F, 0x00, 0x7C, 0x70, 0x00, 0x39, 0x00, 0x00, 0x20, 0x0C, 0x00,
    0xF0, 0x07, 0xC0, 0x1F, 0x00, 0x78, 0x01, 0x80, 0x00, 0x1F, 0xFE, 0xFF, 0xF7, 0xFF, 0xBC, 0x01,
    0xE0, 0x0F, 0x00, 0x78, 0x03, 0xFF, 0x9F, 0xFC, 0xFF, 0xE7, 0x80, 0x3C, 0x01, 0xE0, 0x0F, 0x00,
    0x7F, 0xFF, 0xFF, 0xFF, 0xFF, 0x79, 0xC3, 0xDF, 0x1E, 0xF8, 0xF3, 0x80, 0x00, 0x00, 0x03, 0xFF,
    0xDF, 0xFE, 0xFF, 0xF7, 0x80, 0x3C, 0x01, 0xE0, 0x0F, 0x00, 0x7F, 0xF3, 0xFF, 0x9F, 0xFC, 0xF0,
    0x07, 0x80, 0x3C, 0x01, 0xE0, 0x0F, 0xFF, 0xFF, 0xFF, 0xFF, 0xE0, 0xFF, 0xFE, 0x0F, 0xFF, 0xE0,
    0xFF, 0xFE, 0x00, 0x7C, 0x00, 0x07, 0xC0, 0x00, 0x7C, 0x00, 0x07, 0xFF, 0x80, 0x7F, 0xFC, 0x07,
    0xFF, 0xE0, 0x7C, 0x7E, 0x07, 0xC1, 0xE0, 0x7C, 0x1F, 0x07, 0xC1, 0xF0, 0x7C, 0x3E, 0x07, 0xDF,
    0xE0, 0x7D, 0xFC, 0x07, 0xDF, 0x80, 0x03, 0x00, 0x78, 0x0F, 0x81, 0xF0, 0x1E, 0x00, 0xC0, 0x00,
    0x0F, 0xFF, 0xFF, 0xFF, 0xFF, 0xF0, 0x0F, 0x00, 0xF0, 0x0F, 0x00, 0xF0, 0x0F, 0x00, 0xF0, 0x0F,
    0x00, 0xF0, 0x0F, 0x00, 0xF0, 0x0F, 0x00, 0xF0, 0x0F, 0x00, 0x07, 0xFC, 0x1F, 0xFE, 0x3F, 0xFE,
    0x7F, 0x1C, 0x7C, 0x00, 0xF8, 0x00, 0xF8, 0x00, 0xFF, 0xF0, 0xFF, 0xF0, 0xFF, 0xF0, 0xF8, 0x00,
    0xF8, 0x00, 0x7C, 0x00, 0x7F, 0x3C, 0x3F, 0xFE, 0x1F, 0xFE, 0x07, 0xFC, 0x0F, 0xF0, 0xFF, 0xE7,
    0xFF, 0x9F, 0x9C, 0x7C, 0x01, 0xF0, 0x07, 0xF8, 0x0F, 0xF8, 0x1F, 0xF0, 0x3F, 0xE0, 0x1F, 0xC0,
    0x1F, 0x00, 0x7D, 0xE3, 0xF7, 0xFF, 0x9F, 0xFE, 0x3F, 0xE0, 0xFF, 0xFF, 0xFF, 0xFF, 0xFF, 0xFF,
    0xFF, 0xFF, 0xF0, 0xF3, 0xFC, 0xFF, 0x3F, 0xCF, 0x00, 0x00, 0x01, 0xE0, 0x78, 0x1E, 0x07, 0x81,
    0xE0, 0x78, 0x1E, 0x07, 0x81, 0xE0, 0x78, 0x1E, 0x07, 0x81, 0xE0, 0x78, 0x1E, 0x07, 0x81, 0xE0,
    0x01, 0xF0, 0x1F, 0x01, 0xF0, 0x1F, 0x01, 0xF0, 0x1F, 0x01, 0xF0, 0x1F, 0x01, 0xF0, 0x1F, 0x01,
    0xF0, 0x1F, 0x01, 0xF7, 0x3E, 0xFF, 0xEF, 0xFC, 0x7F, 0x80, 0x03, 0xFF, 0xC0, 0x00, 0x7F, 0xFC,
    0x00, 0x07, 0xFF, 0xC0, 0x00, 0x7C, 0x7C, 0x00, 0x07, 0xC7, 0xC0, 0x00, 0x7C, 0x7C, 0x00, 0x07,
    0xC7, 0xFF, 0x00, 0x7C, 0x7F, 0xFC, 0x07, 0x87, 0xFF, 0xE0, 0x78, 0x7C, 0x7E, 0x07, 0x87, 0xC1,
    0xE0, 0xF8, 0x7C, 0x1E, 0x1F, 0x07, 0xC1, 0xE7, 0xF0, 0x7C, 0x7E, 0xFE, 0x07, 0xFF, 0xEF, 0xC0,
    0x7F, 0xFC, 0xF8, 0x03, 0xFF, 0x00, 0xF0, 0x3E, 0x00, 0xF0, 0x3E, 0x00, 0xF0, 0x3E, 0x00, 0xF0,
    0x3E, 0x00, 0xF0, 0x3E, 0x00, 0xF0, 0x3E, 0x00, 0xFF, 0xFF, 0xF8, 0xFF, 0xFF, 0xFC, 0xFF, 0xFF,
    0xFE, 0xF0, 0x3E, 0x7F, 0xF0, 0x3E, 0x1F, 0xF0, 0x3E, 0x1F, 0xF0, 0x3E, 0x1F, 0xF0, 0x3E, 0x7F,
    0xF0, 0x3F, 0xFE, 0xF0, 0x3F, 0xFC, 0xF0, 0x3F, 0xF8, 0xFF, 0xFE, 0x1F, 0xFF, 0xC3, 0xFF, 0xF8,
    0x03, 0xE0, 0x00, 0x7C, 0x00, 0x0F, 0x80, 0x01, 0xFF, 0xC0, 0x3F, 0xFC, 0x07, 0xFF, 0xC0, 0xF9,
    0xF8, 0x1F, 0x0F, 0x83, 0xE1, 0xF0, 0x7C, 0x3E, 0x0F, 0x87, 0xC1, 0xF0, 0xF8, 0x3E, 0x1F, 0x07,
    0xC3, 0xE0, 0x00, 0xC0, 0x03, 0xC0, 0x0F, 0x80, 0x3E, 0x00, 0x78, 0x00, 0x60, 0x00, 0x00, 0x78,
    0x3E, 0xF0, 0xF9, 0xE3, 0xF3, 0xCF, 0xC7, 0xBF, 0x0F, 0xFC, 0x1F, 0xF0, 0x3F, 0xC0, 0x7F, 0x80,
    0xFF, 0x81, 0xFF, 0x83, 0xDF, 0x87, 0x9F, 0x8F, 0x1F, 0x9E, 0x1F, 0x3C, 0x1F, 0x78, 0x3F, 0x03,
    0x00, 0x1E, 0x00, 0x3E, 0x00, 0x3E, 0x00, 0x3C, 0x00, 0x30, 0x00, 0x00, 0x78, 0x0F, 0xF0, 0x3F,
    0xE0, 0xFF, 0xC3, 0xFF, 0x8F, 0xFF, 0x1F, 0xFE, 0x7F, 0xFD, 0xF7, 0xFF, 0xCF, 0xFF, 0x9F, 0xFE,
    0x3F, 0xF8, 0x7F, 0xF0, 0xFF, 0xC1, 0xFF, 0x03, 0xFE, 0x07, 0xF8, 0x0F, 0x06, 0x38, 0x07, 0xBC,
    0x03, 0xFE, 0x00, 0xFE, 0x00, 0x3E, 0x00, 0x00, 0x00, 0x00, 0x01, 0xF0, 0x3E, 0x7C, 0x1F, 0x3E,
    0x0F, 0x8F, 0x8F, 0x87, 0xC7, 0xC1, 0xF3, 0xC0, 0xFB, 0xE0, 0x3F, 0xE0, 0x1F, 0xF0, 0x07, 0xF8,
    0x01, 0xF8, 0x00, 0xFC, 0x00, 0x7C, 0x02, 0x7E, 0x03, 0xFE, 0x01, 0xFE, 0x00, 0xFE, 0x00, 0xF0,
    0x3F, 0xE0, 0x7F, 0xC0, 0xFF, 0x81, 0xFF, 0x03, 0xFE, 0x07, 0xFC, 0x0F, 0xF8, 0x1F, 0xF0, 0x3F,
    0xE0, 0x7F, 0xC0, 0xFF, 0x81, 0xFF, 0x03, 0xFE, 0x07, 0xFF, 0xFF, 0xFF, 0xFF, 0xFF, 0xFE, 0x0F,
    0x00, 0x1E, 0x00, 0x3C, 0x00, 0x78, 0x00, 0xF0, 0x00, 0x01, 0xE0, 0x00, 0xFC, 0x00, 0x3F, 0x00,
    0x1F, 0xE0, 0x07, 0xF8, 0x03, 0xFF, 0x00, 0xF3, 0xC0, 0x7C, 0xF8, 0x1E, 0x3E, 0x07, 0x87, 0x83,
    0xFF, 0xF0, 0xFF, 0xFC, 0x3F, 0xFF, 0x9F, 0x03, 0xE7, 0xC0, 0xFB, 0xE0, 0x1F, 0xF8, 0x07, 0xC0,
    0xFF, 0xF3, 0xFF, 0xCF, 0xFF, 0x3C, 0x00, 0xF0, 0x03, 0xC0, 0x0F, 0xFC, 0x3F, 0xFC, 0xFF, 0xFB,
    0xC7, 0xEF, 0x07, 0xBC, 0x1E, 0xF0, 0x7B, 0xC7, 0xEF, 0xFF, 0xBF, 0xFC, 0xFF, 0xC0, 0xFF, 0xC3,
    0xFF, 0xCF, 0xFF, 0xBC, 0x7E, 0xF0, 0x7B, 0xC1, 0xEF, 0x1F, 0xBF, 0xFC, 0xFF, 0xF3, 0xFF, 0xEF,
    0x0F, 0xFC, 0x1F, 0xF0, 0x7F, 0xC7, 0xFF, 0xFF, 0xBF, 0xFE, 0xFF, 0xE0, 0xFF, 0xFF, 0xFF, 0xFF,
    0xFF, 0x00, 0xF0, 0x0F, 0x00, 0xF0, 0x0F, 0x00, 0xF0, 0x0F, 0x00, 0xF0, 0x0F, 0x00, 0xF0, 0x0F,
    0x00, 0xF0, 0x0F, 0x00, 0xF0, 0x00, 0x07, 0xFF, 0x80, 0x3F, 0xFC, 0x01, 0xFF, 0xE0, 0x0F, 0x8F,
    0x00, 0x7C, 0x78, 0x03, 0xE3, 0xC0, 0x1E, 0x1E, 0x00, 0xF0, 0xF0, 0x07, 0x87, 0x80, 0x7C, 0x3C,
    0x03, 0xE1, 0xE0, 0x1E, 0x0F, 0x01, 0xF0, 0x78, 0x0F, 0x83, 0xC3, 0xFF, 0xFF, 0xDF, 0xFF, 0xFE,
    0xFF, 0xFF, 0xF7, 0xC0, 0x07, 0xBE, 0x00, 0x3D, 0xF0, 0x01, 0xEF, 0x80, 0x0F, 0x7C, 0x00, 0x78,
    0xFF, 0xF7, 0xFF, 0xBF, 0xFD, 0xE0, 0x0F, 0x00, 0x78, 0x03, 0xC0, 0x1F, 0xFC, 0xFF, 0xE7, 0xFF,
    0x3C, 0x01, 0xE0, 0x0F, 0x00, 0x78, 0x03, 0xFF, 0xFF, 0xFF, 0xFF, 0xF8, 0xFC, 0x3E, 0x1F, 0x3F,
    0x1F, 0x1F, 0x8F, 0x8F, 0x9F, 0x87, 0xE7, 0xDF, 0x81, 0xFB, 0xEF, 0x80, 0x7F, 0xFF, 0x80, 0x1F,
    0xFF, 0xC0, 0x07, 0xFF, 0xC0, 0x03, 0xFF, 0xC0, 0x01, 0xFF, 0xF0, 0x01, 0xFF, 0xFC, 0x01, 0xF7,
    0xFF, 0x01, 0xF3, 0xEF, 0xC1, 0xF9, 0xF3, 0xE1, 0xF8, 0xF8, 0xF8, 0xF8, 0x7C, 0x7E, 0xF8, 0x3E,
    0x1F, 0x00, 0x3F, 0xE0, 0xFF, 0xE1, 0xFF, 0xE1, 0xC7, 0xE0, 0x07, 0xC0, 0x0F, 0x80, 0x7E, 0x0F,
    0xFC, 0x1F, 0xF0, 0x3F, 0xF8, 0x03, 0xF0, 0x01, 0xE0, 0x03, 0xCF, 0x1F, 0x9F, 0xFF, 0x7F, 0xFC,
    0x3F, 0xF0, 0xF0, 0x1F, 0xE0, 0x7F, 0xC1, 0xFF, 0x87, 0xFF, 0x1F, 0xFE, 0x3F, 0xFC, 0xFF, 0xFB,
    0xEF, 0xFF, 0x9F, 0xFF, 0x3F, 0xFC, 0x7F, 0xF0, 0xFF, 0xE1, 0xFF, 0x83, 0xFE, 0x07, 0xFC, 0x0F,
    0xF0, 0x1E, 0x0C, 0x70, 0x3D, 0xE0, 0x7F, 0xC0, 0x7F, 0x00, 0x7C, 0x00, 0x00, 0x00, 0x00, 0x78,
    0x0F, 0xF0, 0x3F, 0xE0, 0xFF, 0xC3, 0xFF, 0x8F, 0xFF, 0x1F, 0xFE, 0x7F, 0xFD, 0xF7, 0xFF, 0xCF,
    0xFF, 0x9F, 0xFE, 0x3F, 0xF8, 0x7F, 0xF0, 0xFF, 0xC1, 0xFF, 0x03, 0xFE, 0x07, 0xF8, 0x0F, 0xF0,
    0x7D, 0xE1, 0xF3, 0xC7, 0xE7, 0x9F, 0x8F, 0x7E, 0x1F, 0xF8, 0x3F, 0xE0, 0x7F, 0x80, 0xFF, 0x01,
    0xFF, 0x03, 0xFF, 0x07, 0xBF, 0x0F, 0x3F, 0x1E, 0x3F, 0x3C, 0x3E, 0x78, 0x3E, 0xF0, 0x7E, 0x03,
    0xFF, 0xC1, 0xFF, 0xF0, 0x7F, 0xFC, 0x1F, 0x1F, 0x07, 0xC7, 0xC1, 0xF1, 0xF0, 0x7C, 0x7C, 0x1F,
    0x1F, 0x07, 0x87, 0xC1, 0xE1, 0xF0, 0x78, 0x7C, 0x3E, 0x1F, 0x1F, 0x07, 0xDF, 0xC1, 0xFF, 0xE0,
    0x7F, 0xF0, 0x1F, 0xF8, 0x07, 0xC0, 0x7C, 0x03, 0xE7, 0xE0, 0x3E, 0x7E, 0x07, 0xE7, 0xF0, 0x7E,
    0x7F, 0x0F, 0xE7, 0xF8, 0xFF, 0x7F, 0x9F, 0xF7, 0xFD, 0xFF, 0x7B, 0xDF, 0xF7, 0xBF, 0xDF, 0x79,
    0xFD, 0xFF, 0x9F, 0x8F, 0xF9, 0xF8, 0xFF, 0x8F, 0x8F, 0xF8, 0xF0, 0xFF, 0x80, 0x0F, 0xF8, 0x00,
    0xF0, 0xF0, 0x3F, 0xE0, 0x7F, 0xC0, 0xFF, 0x81, 0xFF, 0x03, 0xFE, 0x07, 0xFC, 0x0F, 0xFF, 0xFF,
    0xFF, 0xFF, 0xFF, 0xFF, 0xC0, 0xFF, 0x81, 0xFF, 0x03, 0xFE, 0x07, 0xFC, 0x0F, 0xF8, 0x1F, 0xF0,
    0x3E, 0x07, 0xF8, 0x07, 0xFF, 0x83, 0xFF, 0xF1, 0xFC, 0xFC, 0x7C, 0x0F, 0xBE, 0x03, 0xEF, 0x80,
    0x7F, 0xE0, 0x1F, 0xF8, 0x07, 0xFE, 0x01, 0xFF, 0x80, 0x7F, 0xE0, 0x3E, 0x7C, 0x0F, 0x9F, 0xCF,
    0xE3, 0xFF, 0xF0, 0x7F, 0xF8, 0x07, 0xF8, 0x00, 0xFF, 0xFF, 0xFF, 0xFF, 0xFF, 0xFF, 0x81, 0xFF,
    0x03, 0xFE, 0x07, 0xFC, 0x0F, 0xF8, 0x1F, 0xF0, 0x3F, 0xE0, 0x7F, 0xC0, 0xFF, 0x81, 0xFF, 0x03,
    0xFE, 0x07, 0xFC, 0x0F, 0xF8, 0x1F, 0xF0, 0x3E, 0xFF, 0xC3, 0xFF, 0xCF, 0xFF, 0xBC, 0x7E, 0xF0,
    0x7B, 0xC1, 0xFF, 0x07, 0xBC, 0x7E, 0xFF, 0xFB, 0xFF, 0xCF, 0xFC, 0x3C, 0x00, 0xF0, 0x03, 0xC0,
    0x0F, 0x00, 0x3C, 0x00, 0xF0, 0x00, 0x07, 0xFC, 0x3F, 0xFC, 0xFF, 0xF3, 0xF8, 0xE7, 0xC0, 0x1F,
    0x00, 0x3E, 0x00, 0x7C, 0x00, 0xF8, 0x01, 0xF0, 0x03, 0xE0, 0x07, 0xC0, 0x07, 0xC0, 0x0F, 0xE3,
    0x8F, 0xFF, 0x8F, 0xFF, 0x0F, 0xFC, 0xFF, 0xFF, 0xFF, 0xFF, 0xFF, 0xF8, 0x3E, 0x00, 0x7C, 0x00,
    0xF8, 0x01, 0xF0, 0x03, 0xE0, 0x07, 0xC0, 0x0F, 0x80, 0x1F, 0x00, 0x3E, 0x00, 0x7C, 0x00, 0xF8,
    0x01, 0xF0, 0x03, 0xE0, 0x07, 0xC0, 0xF8, 0x1F, 0x3E, 0x0F, 0x9F, 0x07, 0xC7, 0xC7, 0xC3, 0xE3,
    0xE0, 0xF9, 0xE0, 0x7D, 0xF0, 0x1F, 0xF0, 0x0F, 0xF8, 0x03, 0xFC, 0x00, 0xFC, 0x00, 0x7E, 0x00,
    0x3E, 0x01, 0x3F, 0x01, 0xFF, 0x00, 0xFF, 0x00, 0x7F, 0x00, 0x00, 0x00, 0xF0, 0x00, 0x0F, 0x00,
    0x0F, 0xFE, 0x01, 0xFF, 0xF8, 0x3F, 0xFF, 0xC7, 0xEF, 0xFE, 0xF8, 0xF3, 0xEF, 0x8F, 0x1F, 0xF0,
    0xF1, 0xFF, 0x0F, 0x1F, 0xF8, 0xF1, 0xFF, 0x8F, 0x3E, 0x7E, 0xF7, 0xE7, 0xFF, 0xFC, 0x3F, 0xFF,
    0x80, 0xFF, 0xF0, 0x00, 0xF0, 0x00, 0x0F, 0x00, 0xFC, 0x1F, 0x3F, 0x1F, 0x8F, 0x8F, 0x87, 0xEF,
    0x81, 0xFF, 0xC0, 0x7F, 0xC0, 0x3F, 0xC0, 0x0F, 0xE0, 0x03, 0xE0, 0x03, 0xF8, 0x03, 0xFE, 0x03,
    0xFF, 0x81, 0xF7, 0xC1, 0xF3, 0xF1, 0xF8, 0xFC, 0xF8, 0x3E, 0xF8, 0x1F, 0x80, 0xF0, 0x3E, 0x3C,
    0x0F, 0x8F, 0x03, 0xE3, 0xC0, 0xF8, 0xF0, 0x3E, 0x3C, 0x0F, 0x8F, 0x03, 0xE3, 0xC0, 0xF8, 0xF0,
    0x3E, 0x3C, 0x0F, 0x8F, 0x03, 0xE3, 0xC0, 0xF8, 0xF0, 0x3E, 0x3C, 0x0F, 0x8F, 0xFF, 0xFF, 0xFF,
    0xFF, 0xFF, 0xFF, 0xC0, 0x01, 0xF0, 0x00, 0x7C, 0x00, 0x1F, 0x00, 0x07, 0xC0, 0x01, 0xF0, 0xF0,
    0x3F, 0xC0, 0xFF, 0x03, 0xFC, 0x0F, 0xF0, 0x3F, 0xC0, 0xFF, 0x83, 0xFF, 0x1F, 0xFF, 0xFD, 0xFF,
    0xF3, 0xFF, 0xC0, 0x0F, 0x00, 0x3C, 0x00, 0xF0, 0x03, 0xC0, 0x0F, 0x00, 0x3C, 0xF0, 0xF8, 0x7F,
    0xC3, 0xE1, 0xFF, 0x0F, 0x87, 0xFC, 0x3E, 0x1F, 0xF0, 0xF8, 0x7F, 0xC3, 0xE1, 0xFF, 0x0F, 0x87,
    0xFC, 0x3E, 0x1F, 0xF0, 0xF8, 0x7F, 0xC3, 0xE1, 0xFF, 0x0F, 0x87, 0xFC, 0x3E, 0x1F, 0xF0, 0xF8,
    0x7F, 0xC3, 0xE1, 0xFF, 0xFF, 0xFF, 0xFF, 0xFF, 0xFF, 0xFF, 0xFF, 0xFC, 0xF0, 0xF8, 0x7C, 0x78,
    0x7C, 0x3E, 0x3C, 0x3E, 0x1F, 0x1E, 0x1F, 0x0F, 0x8F, 0x0F, 0x87, 0xC7, 0x87, 0xC3, 0xE3, 0xC3,
    0xE1, 0xF1, 0xE1, 0xF0, 0xF8, 0xF0, 0xF8, 0x7C, 0x78, 0x7C, 0x3E, 0x3C, 0x3E, 0x1F, 0x1E, 0x1F,
    0x0F, 0x8F, 0x0F, 0x87, 0xC7, 0x87, 0xC3, 0xE3, 0xFF, 0xFF, 0xFF, 0xFF, 0xFF, 0xFF, 0xFF, 0xFF,
    0xFF, 0x80, 0x00, 0x07, 0xC0, 0x00, 0x03, 0xE0, 0x00, 0x01, 0xF0, 0x00, 0x00, 0xF8, 0x00, 0x00,
    0x7C, 0xFF, 0x80, 0x1F, 0xF0, 0x03, 0xFE, 0x00, 0x07, 0xC0, 0x00, 0xF8, 0x00, 0x1F, 0x00, 0x03,
    0xFF, 0x80, 0x7F, 0xFC, 0x0F, 0xFF, 0xC1, 0xF3, 0xF8, 0x3E, 0x0F, 0x07, 0xC1, 0xF0, 0xF8, 0x3C,
    0x1F, 0x1F, 0x83, 0xFF, 0xF0, 0x7F, 0xFC, 0x07, 0xFE, 0x00, 0xF0, 0x01, 0xFF, 0x00, 0x1F, 0xF0,
    0x01, 0xFF, 0x00, 0x1F, 0xF0, 0x01, 0xFF, 0x00, 0x1F, 0xFF, 0xC1, 0xFF, 0xFF, 0x1F, 0xFF, 0xF9,
    0xFF, 0x3F, 0x9F, 0xF0, 0xF9, 0xFF, 0x07, 0x9F, 0xF0, 0xF9, 0xFF, 0x1F, 0x9F, 0xFF, 0xF9, 0xFF,
    0xFF, 0x1F, 0xFF, 0xC1, 0xF0, 0xF0, 0x03, 0xC0, 0x0F, 0x00, 0x3C, 0x00, 0xF0, 0x03, 0xC0, 0x0F,
    0xFC, 0x3F, 0xFC, 0xFF, 0xFB, 0xCF, 0xEF, 0x07, 0xFC, 0x1F, 0xF0, 0x7F, 0xC7, 0xEF, 0xFF, 0xBF,
    0xFC, 0xFF, 0xC0, 0x7F, 0xC1, 0xFF, 0xE3, 0xFF, 0xE3, 0x8F, 0xE0, 0x07, 0xC0, 0x07, 0xC0, 0x0F,
    0x8F, 0xFF, 0x1F, 0xFE, 0x3F, 0xFC, 0x00, 0xF8, 0x01, 0xF0, 0x07, 0xCF, 0x3F, 0xBF, 0xFE, 0x7F,
    0xF8, 0x7F, 0xC0, 0xF0, 0x0F, 0xE0, 0xF0, 0x3F, 0xF8, 0xF0, 0x7F, 0xFC, 0xF0, 0xFC, 0xFE, 0xF0,
    0xF8, 0x3E, 0xF1, 0xF0, 0x1F, 0xF1, 0xF0, 0x1F, 0xFF, 0xE0, 0x1F, 0xFF, 0xE0, 0x1F, 0xFF, 0xE0,
    0x1F, 0xF1, 0xF0, 0x1F, 0xF1, 0xF0, 0x1F, 0xF1, 0xF8, 0x3E, 0xF0, 0xFC, 0xFE, 0xF0, 0x7F, 0xFC,
    0xF0, 0x3F, 0xF8, 0xF0, 0x1F, 0xE0, 0x0F, 0xFC, 0x7F, 0xFC, 0xFF, 0xFB, 0xF9, 0xF7, 0xC3, 0xEF,
    0x07, 0xDF, 0x0F, 0xBF, 0x1F, 0x7F, 0xFE, 0x7F, 0xFC, 0x7F, 0xF8, 0xF9, 0xF3, 0xE3, 0xEF, 0x87,
    0xDF, 0x0F, 0xFC, 0x1F, 0xF8, 0x3E, 0x3F, 0xC1, 0xFF, 0x8F, 0xFC, 0x63, 0xE0, 0x0F, 0x8F, 0xFD,
    0xFF, 0xEF, 0xFF, 0x7C, 0xFB, 0xE7, 0xDF, 0xFE, 0xFF, 0xF3, 0xFF, 0x00, 0x01, 0xF0, 0x7F, 0x87,
    0xFE, 0x7F, 0xC7, 0xC0, 0x3C, 0x03, 0xFF, 0x1F, 0xFE, 0xFF, 0xF7, 0xEF, 0xFC, 0x3F, 0xE0, 0xFF,
    0x07, 0xFC, 0x3F, 0xE3, 0xFF, 0xBF, 0x7F, 0xF1, 0xFF, 0x07, 0xF0, 0xFF, 0xE7, 0xFF, 0xBF, 0xFD,
    0xF1, 0xFF, 0x8F, 0x7F, 0xFB, 0xFF, 0xDF, 0xFF, 0xF8, 0xFF, 0xC7, 0xFF, 0xFF, 0xFF, 0xE7, 0xFE,
    0x00, 0xFF, 0xDF, 0xFB, 0xFF, 0x7C, 0x0F, 0x81, 0xF0, 0x3E, 0x07, 0xC0, 0xF8, 0x1F, 0x03, 0xE0,
    0x7C, 0x0F, 0x80, 0x0F, 0xFE, 0x07, 0xFF, 0x03, 0xFF, 0x83, 0xE7, 0xC1, 0xF3, 0xE0, 0xF9, 0xF0,
    0x78, 0xF8, 0x3C, 0x7C, 0x1E, 0x3E, 0x1F, 0x1F, 0x3F, 0xFF, 0xFF, 0xFF, 0xFF, 0xFF, 0xFF, 0x80,
    0x3F, 0xC0, 0x1F, 0xE0, 0x0F, 0xF0, 0x07, 0x80, 0x1F, 0xC1, 0xFF, 0x1F, 0xFD, 0xFB, 0xEF, 0x8F,
    0xFF, 0xFF, 0xFF, 0xFF, 0xFF, 0xF8, 0x07, 0xE3, 0x9F, 0xFC, 0x7F, 0xE1, 0xFF, 0x00, 0xFC, 0xF8,
    0xFB, 0xE7, 0xCF, 0x8F, 0xBE, 0xF8, 0x3F, 0xFF, 0xC1, 0xFF, 0xFC, 0x07, 0xFF, 0xC0, 0x1F, 0xFC,
    0x01, 0xFF, 0xF0, 0x1F, 0xFF, 0xC1, 0xFF, 0xDF, 0x0F, 0xBE, 0xFC, 0xF9, 0xF3, 0xEF, 0x8F, 0x8F,
    0x80, 0x7F, 0xC7, 0xFE, 0x7F, 0xE7, 0x3E, 0x01, 0xE3, 0xFE, 0x3F, 0xE3, 0xFE, 0x01, 0xF7, 0x1F,
    0x7F, 0xF7, 0xFE, 0x7F, 0xC0, 0xF8, 0x7F, 0xC7, 0xFE, 0x7F, 0xF7, 0xFF, 0xBF, 0xFF, 0xFF, 0xFF,
    0xFF, 0xEF, 0xFE, 0x7F, 0xF3, 0xFF, 0x1F, 0xF0, 0xFF, 0x87, 0x80, 0x18, 0xE1, 0xEF, 0x0F, 0xF8,
    0x3F, 0x80, 0xF8, 0x00, 0x00, 0x00, 0x1F, 0x0F, 0xF8, 0xFF, 0xCF, 0xFE, 0xFF, 0xF7, 0xFF, 0xFF,
    0xFF, 0xFF, 0xFD, 0xFF, 0xCF, 0xFE, 0x7F, 0xE3, 0xFE, 0x1F, 0xF0, 0xF0, 0xF8, 0xFB, 0xE7, 0xCF,
    0xBE, 0x3F, 0xF0, 0xFF, 0x83, 0xFC, 0x0F, 0xF8, 0x3F, 0xF0, 0xFF, 0xC3, 0xEF, 0x8F, 0x9F, 0x3E,
    0x7E, 0xF8, 0xF8, 0x0F, 0xFC, 0x3F, 0xF0, 0xFF, 0xC3, 0xCF, 0x0F, 0x3C, 0x7C, 0xF1, 0xF3, 0xC7,
    0xCF, 0x1E, 0x3D, 0xF8, 0xFF, 0xC3, 0xFE, 0x0F, 0xF0, 0x3C, 0x78, 0x0F, 0x3E, 0x0F, 0x9F, 0x07,
    0xCF, 0xC7, 0xE7, 0xE3, 0xF3, 0xFB, 0xF9, 0xFF, 0xFF, 0xFF, 0xFF, 0xFB, 0xEF, 0xFD, 0xF7, 0xFE,
    0x73, 0xFF, 0x01, 0xFF, 0x80, 0xF8, 0xF8, 0xF7, 0xC7, 0xBE, 0x3D, 0xF1, 0xEF, 0x8F, 0x7F, 0xFB,
    0xFF, 0xDF, 0xFE, 0xF8, 0xF7, 0xC7, 0xBE, 0x3D, 0xF1, 0xEF, 0x8F, 0x00, 0x1F, 0xC0, 0xFF, 0x87,
    0xFF, 0x3F, 0x7E, 0xF8, 0xFB, 0xC1, 0xEF, 0x07, 0xBC, 0x1E, 0xF8, 0xFB, 0xF7, 0xE7, 0xFF, 0x0F,
    0xF8, 0x1F, 0xC0, 0xFF, 0xF7, 0xFF, 0xBF, 0xFD, 0xF1, 0xEF, 0x8F, 0x7C, 0x7B, 0xE3, 0xDF, 0x1E,
    0xF8, 0xF7, 0xC7, 0xBE, 0x3D, 0xF1, 0xEF, 0x8F, 0x00, 0x7F, 0xC7, 0xFF, 0x3F, 0xFD, 0xF3, 0xFF,
    0x8F, 0xFC, 0x3F, 0xE1, 0xFF, 0x0F, 0xF8, 0xFF, 0xEF, 0xFF, 0xFD, 0xFF, 0xEF, 0xFC, 0x7C, 0x03,
    0xE0, 0x1F, 0x00, 0xF8, 0x07, 0xC0, 0x00, 0x1F, 0xE7, 0xFD, 0xFF, 0x7E, 0x6F, 0x81, 0xE0, 0x3C,
    0x07, 0x80, 0xF8, 0x1F, 0x8D, 0xFF, 0x9F, 0xF1, 0xFE, 0xFF, 0xFF, 0xFF, 0xFF, 0xFE, 0x1F, 0x00,
    0xF8, 0x07, 0xC0, 0x3E, 0x01, 0xF0, 0x0F, 0x80, 0x7C, 0x03, 0xE0, 0x1F, 0x00, 0xF8, 0x00, 0xF8,
    0x7F, 0xE1, 0xE7, 0x87, 0x9F, 0x3E, 0x7C, 0xF0, 0xF3, 0xC3, 0xFF, 0x0F, 0xF8, 0x1F, 0xE0, 0x7F,
    0x80, 0xFC, 0x03, 0xF0, 0x07, 0x80, 0x3E, 0x05, 0xF0, 0x3F, 0xC0, 0xFE, 0x03, 0xF0, 0x00, 0x01,
    0xE0, 0x00, 0x78, 0x00, 0x1E, 0x00, 0x07, 0x80, 0x01, 0xE0, 0x00, 0x78, 0x00, 0xFF, 0xC0, 0xFF,
    0xFC, 0x7F, 0xFF, 0xBF, 0xFF, 0xEF, 0x9E, 0x7F, 0xC7, 0x9F, 0xF1, 0xE3, 0xFC, 0x79, 0xFF, 0x9E,
    0x7F, 0xFF, 0xBE, 0x7F, 0xFF, 0x8F, 0xFF, 0xC0, 0xFF, 0xC0, 0x07, 0x80, 0x01, 0xE0, 0x00, 0x78,
    0x00, 0x1E, 0x00, 0x07, 0x80, 0xF8, 0x79, 0xF3, 0xE3, 0xFF, 0x0F, 0xF8, 0x1F, 0xE0, 0x3F, 0x00,
    0xF8, 0x03, 0xF0, 0x1F, 0xE0, 0xFF, 0xC7, 0xCF, 0x1E, 0x3E, 0xF8, 0x7C, 0xF8, 0xF1, 0xF1, 0xE3,
    0xE3, 0xC7, 0xC7, 0x8F, 0x8F, 0x1F, 0x1E, 0x3E, 0x3C, 0x7C, 0x78, 0xF8, 0xF1, 0xF1, 0xE3, 0xFF,
    0xFF, 0xFF, 0xFF, 0xFF, 0xE0, 0x03, 0xC0, 0x07, 0x80, 0x0F, 0x00, 0x1E, 0xF1, 0xFF, 0x1F, 0xF1,
    0xFF, 0x1F, 0xF1, 0xFF, 0x9F, 0xFF, 0xF7, 0xFF, 0x3F, 0xF0, 0x1F, 0x01, 0xF0, 0x1F, 0x01, 0xF0,
    0xF8, 0xF1, 0xFF, 0x1E, 0x3F, 0xE3, 0xC7, 0xFC, 0x78, 0xFF, 0x8F, 0x1F, 0xF1, 0xE3, 0xFE, 0x3C,
    0x7F, 0xC7, 0x8F, 0xF8, 0xF1, 0xFF, 0x1E, 0x3F, 0xFF, 0xFF, 0xFF, 0xFF, 0xFF, 0xFF, 0xFE, 0xF8,
    0xF1, 0xE7, 0xC7, 0x8F, 0x3E, 0x3C, 0x79, 0xF1, 0xE3, 0xCF, 0x8F, 0x1E, 0x7C, 0x78, 0xF3, 0xE3,
    0xC7, 0x9F, 0x1E, 0x3C, 0xF8, 0xF1, 0xE7, 0xC7, 0x8F, 0x3F, 0xFF, 0xFF, 0xFF, 0xFF, 0xFF, 0xFF,
    0xFF, 0x80, 0x00, 0x3C, 0x00, 0x01, 0xE0, 0x00, 0x0F, 0x00, 0x00, 0x78, 0xFF, 0x00, 0xFF, 0x00,
    0xFF, 0x00, 0x1F, 0x00, 0x1F, 0xF8, 0x1F, 0xFC, 0x1F, 0xFE, 0x1F, 0x3E, 0x1F, 0x1E, 0x1F, 0x3E,
    0x1F, 0xFE, 0x1F, 0xFC, 0x1F, 0xF8, 0xF8, 0x03, 0xFE, 0x00, 0xFF, 0x80, 0x3F, 0xE0, 0x0F, 0xFF,
    0xC3, 0xFF, 0xF8, 0xFF, 0xFF, 0x3F, 0xE7, 0xCF, 0xF8, 0xFB, 0xFE, 0x7C, 0xFF, 0xFF, 0x3F, 0xFF,
    0xCF, 0x7F, 0xC3, 0xC0, 0xF8, 0x07, 0xC0, 0x3E, 0x01, 0xF0, 0x0F, 0xFC, 0x7F, 0xFB, 0xFF, 0xDF,
    0x3E, 0xF8, 0xFF, 0xCF, 0xBF, 0xFD, 0xFF, 0xE7, 0xFC, 0x00, 0x7F, 0x83, 0xFF, 0x1F, 0xF8, 0xE7,
    0xE0, 0x0F, 0x0F, 0xF8, 0x7F, 0xE3, 0xFE, 0x00, 0xF3, 0x9F, 0x9F, 0xF8, 0xFF, 0xC7, 0xF8, 0x00,
    0xF8, 0x3F, 0x8F, 0x87, 0xFC, 0xF8, 0xFF, 0xEF, 0x9F, 0xBE, 0xF9, 0xF1, 0xFF, 0xFE, 0x1F, 0xFF,
    0xE1, 0xFF, 0xFE, 0x1F, 0xF9, 0xF1, 0xFF, 0x9F, 0xBE, 0xF8, 0xFF, 0xEF, 0x87, 0xFC, 0xF8, 0x3F,
    0x80, 0x1F, 0xF9, 0xFF, 0xDF, 0xFE, 0xF8, 0xF7, 0xC7, 0xBF, 0xFC, 0xFF, 0xE3, 0xFF, 0x1E, 0x79,
    0xF3, 0xCF, 0x1E, 0xF8, 0xF7, 0x87, 0x80, 0x0C, 0x00, 0xF0, 0x07, 0xC0, 0x1F, 0x00, 0x78, 0x01,
    0x80, 0x00, 0x03, 0xF8, 0x3F, 0xE3, 0xFF, 0xBF, 0x7D, 0xF1, 0xFF, 0xFF, 0xFF, 0xFF, 0xFF, 0xFF,
    0x00, 0xFC, 0x73, 0xFF, 0x8F, 0xFC, 0x3F, 0xE0, 0x39, 0xE3, 0xEF, 0x1F, 0x78, 0x73, 0xC0, 0x00,
    0x00, 0x00, 0x7F, 0x07, 0xFC, 0x7F, 0xF7, 0xEF, 0xBE, 0x3F, 0xFF, 0xFF, 0xFF, 0xFF, 0xFF, 0xE0,
    0x1F, 0x8E, 0x7F, 0xF1, 0xFF, 0x87, 0xFC, 0x3C, 0x00, 0xF0, 0x0F, 0xFC, 0x3F, 0xF0, 0x3C, 0x00,
    0xF0, 0x03, 0xFE, 0x0F, 0xFC, 0x3F, 0xF8, 0xF3, 0xE3, 0xC7, 0xCF, 0x1F, 0x3C, 0x7C, 0xF1, 0xF3,
    0xC7, 0xCF, 0x1F, 0x3C, 0x7C, 0xF1, 0xF3, 0xC7, 0xC0, 0x1F, 0x00, 0x7C, 0x0F, 0xE0, 0x3F, 0x80,
    0xFC, 0x06, 0x01, 0xE0, 0x3E, 0x0F, 0x01, 0xC0, 0x10, 0x00, 0x07, 0xFE, 0xFF, 0xDF, 0xFB, 0xE0,
    0x7C, 0x0F, 0x81, 0xF0, 0x3E, 0x07, 0xC0, 0xF8, 0x1F, 0x03, 0xE0, 0x7C, 0x00, 0x0F, 0xF0, 0xFF,
    0x8F, 0xFC, 0xFC, 0xE7, 0x80, 0x3F, 0xE1, 0xFF, 0x0F, 0xF8, 0x78, 0x03, 0xF3, 0x8F, 0xFC, 0x7F,
    0xF0, 0xFF, 0x00, 0x1F, 0xE3, 0xFE, 0x7F, 0xC7, 0xCC, 0x7F, 0x07, 0xFE, 0x7F, 0xE3, 0xFE, 0x03,
    0xE7, 0x1E, 0x7F, 0xE7, 0xFC, 0x7F, 0x80, 0x7F, 0xFE, 0xF0, 0x03, 0xFF, 0xFF, 0xFF, 0xFF, 0xFF,
    0xFF, 0xFF, 0xFE, 0x71, 0xCF, 0x7D, 0xEF, 0xB8, 0xE0, 0x00, 0x00, 0x07, 0xC0, 0xF8, 0x1F, 0x03,
    0xE0, 0x7C, 0x0F, 0x81, 0xF0, 0x3E, 0x07, 0xC0, 0xF8, 0x1F, 0x03, 0xE0, 0x7C, 0x00, 0x0F, 0x1F,
    0x1F, 0x0F, 0x00, 0x00, 0x1F, 0x1F, 0x1F, 0x1F, 0x1F, 0x1F, 0x1F, 0x1F, 0x1F, 0x1F, 0x1F, 0x1F,
    0x1F, 0x1F, 0x1F, 0xFE, 0xFE, 0xFC, 0x0F, 0xFC, 0x00, 0x3F, 0xF0, 0x00, 0xFF, 0xC0, 0x03, 0xCF,
    0x00, 0x0F, 0x3C, 0x00, 0x7C, 0xFF, 0xC1, 0xF3, 0xFF, 0x87, 0xCF, 0xFF, 0x1E, 0x3C, 0x7D, 0xF8,
    0xF1, 0xFF, 0xC3, 0xFF, 0xFE, 0x0F, 0xFE, 0xF0, 0x3F, 0xF0, 0xF8, 0xF0, 0x0F, 0x8F, 0x00, 0xF8,
    0xF0, 0x0F, 0x8F, 0x00, 0xF8, 0xF0, 0x0F, 0xFF, 0xFC, 0xFF, 0xFF, 0xEF, 0xFF, 0xFF, 0xF8, 0xF9,
    0xFF, 0x8F, 0x1F, 0xF8, 0xFF, 0xFF, 0x8F, 0xFE, 0xF8, 0xFF, 0xC0, 0x3C, 0x00, 0xF0, 0x0F, 0xFC,
    0x3F, 0xF0, 0x3C, 0x00, 0xF0, 0x03, 0xFE, 0x0F, 0xFC, 0x3F, 0xF8, 0xF3, 0xE3, 0xC7, 0xCF, 0x1F,
    0x3C, 0x7C, 0xF1, 0xF3, 0xC7, 0xCF, 0x1F, 0x3C, 0x7C, 0xF1, 0xF3, 0xC7, 0xC0, 0x01, 0x80, 0x0F,
    0x00, 0x7C, 0x03, 0xE0, 0x0F, 0x00, 0x18, 0x00, 0x00, 0x3E, 0x3E, 0xF9, 0xF3, 0xEF, 0x8F, 0xFC,
    0x3F, 0xE0, 0xFF, 0x03, 0xFE, 0x0F, 0xFC, 0x3F, 0xF0, 0xFB, 0xE3, 0xE7, 0xCF, 0x9F, 0xBE, 0x3E,
    0x0C, 0x00, 0xF0, 0x07, 0xC0, 0x1F, 0x00, 0x78, 0x01, 0x80, 0x00, 0x1F, 0x0F, 0xF8, 0xFF, 0xCF,
    0xFE, 0xFF, 0xF7, 0xFF, 0xFF, 0xFF, 0xFF, 0xFD, 0xFF, 0xCF, 0xFE, 0x7F, 0xE3, 0xFE, 0x1F, 0xF0,
    0xF0, 0x18, 0xE0, 0xF7, 0x83, 0xFE, 0x07, 0xF0, 0x0F, 0x80, 0x00, 0x00, 0x00, 0x3E, 0x1F, 0xF8,
    0x79, 0xE1, 0xE7, 0xCF, 0x9F, 0x3C, 0x3C, 0xF0, 0xFF, 0xC3, 0xFE, 0x07, 0xF8, 0x1F, 0xE0, 0x3F,
    0x00, 0xFC, 0x01, 0xE0, 0x0F, 0x81, 0x7C, 0x0F, 0xF0, 0x3F, 0x80, 0xFC, 0x00, 0xF8, 0xF7, 0xC7,
    0xBE, 0x3D, 0xF1, 0xEF, 0x8F, 0x7C, 0x7B, 0xE3, 0xDF, 0x1E, 0xF8, 0xF7, 0xC7, 0xBF, 0xFD, 0xFF,
    0xEF, 0xFF, 0x07, 0x80, 0x3C, 0x01, 0xE0, 0x0F, 0x00, 0x0F, 0x80, 0x03, 0xE0, 0x0F, 0xFF, 0x83,
    0xFF, 0xE0, 0xFF, 0xF8, 0x03, 0xE0, 0x00, 0xF8, 0x00, 0x3F, 0xF0, 0x0F, 0xFF, 0x03, 0xFF, 0xE0,
    0xF9, 0xF8, 0x3E, 0x1F, 0x0F, 0x87, 0xC3, 0xE1, 0xF0, 0xF8, 0x7C, 0x3E, 0x7E, 0x0F, 0xFF, 0x83,
    0xFF, 0xC0, 0xFF, 0xC0, 0x1E, 0x00, 0x3C, 0x00, 0x78, 0x00, 0xF0, 0x01, 0xE0, 0x03, 0xC0, 0x3F,
    0xFC, 0x7F, 0xF8, 0xFF, 0xF0, 0x3C, 0x00, 0x78, 0x00, 0xFF, 0xC1, 0xFF, 0xC3, 0xFF, 0xC7, 0x8F,
    0x8F, 0x1F, 0x1F, 0xFE, 0x3F, 0xF8, 0x7F, 0xE0, 0x0F, 0xFF, 0xE0, 0x7F, 0xFF, 0x80, 0xFF, 0xFE,
    0x01, 0xC0, 0xF0, 0x03, 0x83, 0x80, 0x0F, 0x1C, 0x00, 0x1C, 0xE0, 0x00, 0x3F, 0x80, 0x01, 0xFF,
    0x00, 0x0F, 0xFE, 0x00, 0x3F, 0xF8, 0x01, 0xCE, 0x70, 0x0E, 0x38, 0xE0, 0x38, 0xE3, 0x81, 0xC3,
    0x87, 0x0E, 0x0E, 0x1E, 0x78, 0x38, 0x3D, 0xC0, 0xE0, 0x76, 0x01, 0x01, 0xC0, 0x1F, 0xFC, 0x0F,
    0xFF, 0x07, 0xFF, 0x01, 0xC7, 0x80, 0x77, 0x80, 0x1F, 0x80, 0x1F, 0xE0, 0x1F, 0xF0, 0x1D, 0xDC,
    0x0E, 0xE7, 0x0E, 0x71, 0xCE, 0x38, 0xFF, 0x1C, 0x3B, 0x06, 0x08, 0x07, 0xF8, 0x07, 0xFF, 0x83,
    0xFF, 0xF1, 0xFC, 0xFC, 0x7C, 0x0F, 0xBE, 0x03, 0xEF, 0x80, 0x7F, 0xFF, 0xBF, 0xFF, 0xFF, 0xFF,
    0xFF, 0xFF, 0xDF, 0xFF, 0xE0, 0x1E, 0x7C, 0x0F, 0x9F, 0xCF, 0xE3, 0xFF, 0xF0, 0x7F, 0xF8, 0x07,
    0xF8, 0x00, 0x1F, 0xC0, 0xFF, 0x87, 0xFF, 0x3F, 0x7E, 0xF8, 0x7B, 0xFD, 0xEF, 0xFF, 0xBD, 0xFE,
    0xF8, 0x7B, 0xF7, 0xE7, 0xFF, 0x0F, 0xF8, 0x1F, 0xC0, 0xF8, 0x03, 0xF7, 0xC0, 0x3F, 0x9F, 0x03,
    0xFC, 0xF8, 0x1F, 0x47, 0xC1, 0xF0, 0x1F, 0x0F, 0x80, 0xF8, 0x78, 0x03, 0xC7, 0xC0, 0x1F, 0x3E,
    0x00, 0xF9, 0xE0, 0x03, 0xFF, 0x00, 0x1F, 0xF0, 0x00, 0x7F, 0x80, 0x03, 0xFC, 0x00, 0x0F, 0xC0,
    0x00, 0x7E, 0x00, 0x03, 0xE0, 0x00, 0xF8, 0x3E, 0xF8, 0x7E, 0x78, 0x7E, 0x7C, 0xF8, 0x7C, 0xF0,
    0x3C, 0xF0, 0x3F, 0xE0, 0x1F, 0xE0, 0x1F, 0xE0, 0x1F, 0xC0, 0x0F, 0xC0, 0x0F, 0x80, 0x07, 0x80,
    0x03, 0xF8, 0x00, 0x00, 0xFF, 0xE0, 0x00, 0x0F, 0x87, 0x80, 0x00, 0xF0, 0x1E, 0x00, 0x07, 0x00,
    0x70, 0x00, 0x38, 0x03, 0xA0, 0x13, 0x80, 0x0F, 0x80, 0xDC, 0x00, 0x7E, 0x0E, 0xE0, 0x03, 0xF0,
    0x77, 0x00, 0x1D, 0xC7, 0x38, 0x00, 0xEE, 0x39, 0xC0, 0x07, 0x33, 0x8E, 0x00, 0x71, 0xDC, 0x70,
    0x03, 0x8F, 0xC1, 0xC0, 0x3C, 0x3E, 0x0F, 0x03, 0xC1, 0xE0, 0x3F, 0xFC, 0x07, 0x00, 0xFF, 0xC0,
    0x30, 0x01, 0xF8, 0x03, 0x80, 0x00, 0x00, 0x18, 0x00, 0x00, 0x0F, 0xC0, 0x00, 0x00, 0x7C, 0x00,
    0x00, 0x00, 0xC0, 0x00, 0x03, 0x08, 0x04, 0x1F, 0xDC, 0x06, 0x3F, 0xEE, 0x0E, 0x78, 0xFE, 0x0E,
    0x70, 0x77, 0x1C, 0xE0, 0x77, 0x1C, 0xE0, 0x77, 0x38, 0xE0, 0x73, 0xB8, 0xE0, 0x73, 0xF0, 0xE0,
    0x71, 0xF0, 0xE0, 0xE1, 0xE0, 0x7F, 0xE0, 0xE0, 0x3F, 0xC0, 0xC0, 0x1F, 0x01, 0xC0, 0x00, 0x03,
    0x80, 0x00, 0x1F, 0x80, 0x00, 0x1F, 0x00, 0x00, 0x0E, 0x00, 0x1E, 0x70, 0x07, 0xBC, 0x00, 0xFF,
    0x00, 0x3F, 0x80, 0x07, 0xC0, 0x00, 0x00, 0x00, 0x00, 0x03, 0xC0, 0x78, 0xF0, 0x3E, 0x3C, 0x1F,
    0x8F, 0x0F, 0xE3, 0xC7, 0xF8, 0xF1, 0xFE, 0x3C, 0xFF, 0x8F, 0x7D, 0xE3, 0xFE, 0x78, 0xFF, 0x9E,
    0x3F, 0xC7, 0x8F, 0xE1, 0xE3, 0xF8, 0x78, 0xFC, 0x1E, 0x3E, 0x07, 0xFF, 0x81, 0xFF, 0xC0, 0x7F,
    0x00, 0x07, 0x80, 0x01, 0xE0, 0x00, 0xF8, 0x00, 0x3C, 0x00, 0x06, 0x00, 0x38, 0xE0, 0x7B, 0xC0,
    0xFF, 0x80, 0xFE, 0x00, 0xF8, 0x00, 0x00, 0x00, 0x00, 0x78, 0x7C, 0xF1, 0xF9, 0xE3, 0xF3, 0xCF,
    0xE7, 0xBF, 0xCF, 0xFF, 0x9F, 0xFF, 0x3F, 0xFE, 0x7F, 0x7C, 0xFC, 0xF9, 0xF9, 0xFF, 0xE3, 0xFF,
    0x87, 0xE0, 0x03, 0xC0, 0x0F, 0x80, 0x1E, 0x00, 0x18, 0x3C, 0x00, 0xFF, 0x80, 0xFF, 0x80, 0xFF,
    0x80, 0x3C, 0x00, 0x3C, 0x00, 0x3F, 0xF8, 0x3F, 0xFC, 0x3F, 0xFE, 0x3C, 0x7E, 0x3C, 0x1F, 0x3C,
    0x1F, 0x3C, 0x1F, 0x3C, 0x7E, 0x3F, 0xFE, 0x3F, 0xFC, 0x3F, 0xF0, 0x7C, 0x01, 0xF0, 0x0F, 0xF8,
    0x3F, 0xE0, 0x7C, 0x01, 0xFF, 0x87, 0xFF, 0x9F, 0xFE, 0x7C, 0xFD, 0xF1, 0xF7, 0xCF, 0xDF, 0xFE,
    0x7F, 0xF8, 0xFF, 0x80, 0xFF, 0xE3, 0xFF, 0xCF, 0xFF, 0xBC, 0x7F, 0xF0, 0x7F, 0xDD, 0xFF, 0x7F,
    0xFD, 0xFE, 0xFF, 0xFB, 0xFF, 0xCF, 0xFE, 0x3C, 0x3C, 0xF0, 0xF3, 0xC1, 0x8F, 0x00, 0x3C, 0x00,
    0xF0, 0x00, 0x7F, 0xC3, 0xFF, 0xCF, 0xFF, 0x3E, 0x7E, 0xF8, 0xFB, 0xE1, 0xFF, 0x87, 0xFE, 0xDF,
    0xFF, 0xFB, 0xFF, 0xEF, 0xFF, 0xBF, 0xFC, 0xFF, 0xF3, 0xE3, 0xCF, 0x87, 0x3E, 0x1C, 0xF8, 0x03,
    0xE0, 0x00, 0x00, 0xF0, 0x0F, 0x00, 0xFF, 0xFF, 0xFF, 0xFF, 0xFF, 0xF0, 0x0F, 0x00, 0xF0, 0x0F,
    0x00, 0xF0, 0x0F, 0x00, 0xF0, 0x0F, 0x00, 0xF0, 0x0F, 0x00, 0xF0, 0x0F, 0x00, 0xF0, 0x0F, 0x00,
    0x01, 0xC0, 0x38, 0x07, 0x7F, 0xEF, 0xFD, 0xFF, 0xBE, 0x07, 0xC0, 0xF8, 0x1F, 0x03, 0xE0, 0x7C,
    0x0F, 0x81, 0xF0, 0x3E, 0x07, 0xC0, 0x3F, 0xFE, 0x7F, 0xFC, 0xFF, 0xF9, 0xF0, 0x03, 0xE0, 0x07,
    0xC0, 0x0F, 0x80, 0x7F, 0xF0, 0xFF, 0xE1, 0xFF, 0xC0, 0xF8, 0x01, 0xF0, 0x03, 0xE0, 0x07, 0xC0,
    0x0F, 0x80, 0x1F, 0x00, 0x3E, 0x00, 0x3F, 0xF3, 0xFF, 0x3F, 0xF3, 0xC0, 0x3C, 0x03, 0xC0, 0xFF,
    0xCF, 0xFC, 0x3C, 0x03, 0xC0, 0x3C, 0x03, 0xC0, 0x3C, 0x00, 0xFF, 0xF3, 0xFF, 0xCF, 0xFF, 0x3C,
    0x00, 0xF0, 0x03, 0xC0, 0x0F, 0xFC, 0x3F, 0xFC, 0xFF, 0xFB, 0xC7, 0xEF, 0x07, 0xFC, 0x1F, 0xF0,
    0x3F, 0xC0, 0xFF, 0x03, 0xFC, 0x1F, 0xF0, 0x7C, 0x01, 0xF0, 0x1F, 0x81, 0xFC, 0x07, 0xF0, 0x1F,
    0x00, 0xFF, 0xE7, 0xFF, 0x3F, 0xF9, 0xF0, 0x0F, 0x80, 0x7F, 0xE3, 0xFF, 0x9F, 0xFE, 0xF9, 0xF7,
    0xC7, 0xBE, 0x3F, 0xF0, 0xFF, 0x8F, 0x80, 0x7C, 0x07, 0xC0, 0xFE, 0x07, 0xE0, 0x3E, 0x00, 0xFC,
    0x3E, 0x1F, 0x1F, 0x8F, 0x8F, 0xC3, 0xE3, 0xE7, 0xE0, 0xFC, 0xFB, 0xF0, 0x1F, 0xBE, 0xF8, 0x03,
    0xFF, 0xFC, 0x00, 0x7F, 0xFF, 0x00, 0x0F, 0xFF, 0x80, 0x03, 0xFF, 0xC0, 0x00, 0xFF, 0xF8, 0x00,
    0x7F, 0xFF, 0x00, 0x3E, 0xFF, 0xE0, 0x1F, 0x3E, 0xF8, 0x0F, 0xCF, 0x9F, 0x07, 0xE3, 0xE3, 0xF9,
    0xF0, 0xF8, 0xFE, 0xF8, 0x3E, 0x1F, 0x80, 0x00, 0x01, 0xE0, 0x00, 0x00, 0x78, 0x00, 0x00, 0x1E,
    0x00, 0x00, 0x07, 0x80, 0xFC, 0xF8, 0xF9, 0xF3, 0xE7, 0xC3, 0xEF, 0xBE, 0x07, 0xFF, 0xF8, 0x1F,
    0xFF, 0xC0, 0x3F, 0xFE, 0x00, 0x7F, 0xF0, 0x03, 0xFF, 0xE0, 0x1F, 0xFF, 0xC0, 0xFF, 0xFF, 0x83,
    0xEF, 0xBF, 0xDF, 0x3E, 0x7F, 0xF8, 0xF8, 0xFC, 0x00, 0x00, 0xF0, 0x00, 0x03, 0xC0, 0x00, 0x0F,
    0x00, 0x00, 0x3C, 0x3F, 0xE0, 0xFF, 0xE1, 0xFF, 0xE1, 0xC7, 0xE0, 0x07, 0xC0, 0x0F, 0x80, 0x7E,
    0x0F, 0xFC, 0x1F, 0xF0, 0x3F, 0xF8, 0x03, 0xF0, 0x01, 0xE0, 0x03, 0xCF, 0x1F, 0x9F, 0xFF, 0x7F,
    0xFC, 0x3F, 0xF0, 0x0F, 0x00, 0x1F, 0x00, 0x1E, 0x00, 0xFC, 0x01, 0xF0, 0x00, 0x7F, 0xC7, 0xFE,
    0x7F, 0xE7, 0x3E, 0x01, 0xE3, 0xFE, 0x3F, 0xE3, 0xFE, 0x01, 0xF7, 0x1F, 0x7F, 0xF7, 0xFE, 0x7F,
    0xC0, 0xF0, 0x0F, 0x01, 0x78, 0x1F, 0x81, 0xF0, 0xF0, 0x7C, 0xF0, 0xFC, 0xF1, 0xF8, 0xF3, 0xF0,
    0xF7, 0xE0, 0xFF, 0xC0, 0xFF, 0x80, 0xFF, 0x00, 0xFF, 0x80, 0xFF, 0xC0, 0xFF, 0xC0, 0xF7, 0xE0,
    0xF3, 0xF0, 0xF1, 0xF8, 0xF0, 0xFF, 0xF0, 0x7F, 0xF0, 0x7F, 0x00, 0x0F, 0x00, 0x0F, 0x00, 0x0F,
    0x00, 0x0F, 0x00, 0x0F, 0xF8, 0xFB, 0xE7, 0xCF, 0xBE, 0x3F, 0xF0, 0xFF, 0x83, 0xFC, 0x0F, 0xF8,
    0x3F, 0xF0, 0xFF, 0xC3, 0xEF, 0x8F, 0x9F, 0xFE, 0x3F, 0xF8, 0xFC, 0x00, 0xF0, 0x03, 0xC0, 0x0F,
    0x00, 0x3C, 0xF0, 0x0F, 0xBC, 0x07, 0xEF, 0x01, 0xF3, 0xDC, 0xF8, 0xF7, 0x7C, 0x3D, 0xFE, 0x0F,
    0x7F, 0x83, 0xFF, 0xC0, 0xFF, 0xF0, 0x3F, 0xFE, 0x0F, 0x7F, 0xC3, 0xDF, 0xF0, 0xF7, 0x7E, 0x3D,
    0xCF, 0xCF, 0x01, 0xF3, 0xC0, 0x7E, 0xF0, 0x0F, 0x80, 0xF8, 0x3F, 0xF8, 0x3E, 0xFF, 0x7C, 0xFF,
    0xF8, 0xFF, 0xF0, 0xFF, 0xE0, 0xFF, 0xF0, 0xFF, 0xF0, 0xFF, 0xF8, 0xFF, 0x7C, 0xF8, 0x3E, 0xF8,
    0x3E, 0xF8, 0x1F, 0x3E, 0x00, 0x0F, 0x83, 0xEF, 0xF9, 0xFB, 0xFE, 0xFC, 0xFF, 0xFE, 0x0F, 0xBF,
    0x03, 0xFF, 0x80, 0xFF, 0xC0, 0x3F, 0xE0, 0x0F, 0xF0, 0x03, 0xFE, 0x00, 0xFF, 0xC0, 0x3F, 0xF8,
    0x0F, 0xBF, 0x03, 0xE7, 0xE0, 0xF8, 0xFC, 0x3E, 0x1F, 0x0F, 0x83, 0xE0, 0x7C, 0x01, 0xFE, 0x7F,
    0xFD, 0xF7, 0xFF, 0xC7, 0xDF, 0x0F, 0xFC, 0x1F, 0xF0, 0x3F, 0xC0, 0x7F, 0xC0, 0xFF, 0xC1, 0xFF,
    0xC3, 0xEF, 0xC7, 0xC7, 0xCF, 0x8F, 0xC0, 0xFF, 0x83, 0xEF, 0xF8, 0x7C, 0xFF, 0x8F, 0x80, 0xF9,
    0xF0, 0x0F, 0xBF, 0x00, 0xFF, 0xC0, 0x0F, 0xF8, 0x00, 0xFF, 0x80, 0x0F, 0xFC, 0x00, 0xFF, 0xE0,
    0x0F, 0xFE, 0x00, 0xFB, 0xF0, 0x0F, 0x9F, 0x80, 0xF8, 0xFC, 0x0F, 0x87, 0xC0, 0xF8, 0x3E, 0x0F,
    0x83, 0xF0, 0xFF, 0x1F, 0x7F, 0x9F, 0x3F, 0xDF, 0x03, 0xFF, 0x01, 0xFF, 0x00, 0xFF, 0x00, 0x7F,
    0xC0, 0x3F, 0xF0, 0x1F, 0xFC, 0x0F, 0xBE, 0x07, 0xCF, 0x83, 0xE7, 0xE1, 0xF1, 0xF0, 0xF0, 0x3E,
    0x3C, 0x0F, 0x8F, 0x03, 0xE3, 0xC0, 0xF8, 0xF0, 0x3E, 0x3C, 0x0F, 0x8F, 0x03, 0xE3, 0xFF, 0xF8,
    0xFF, 0xFE, 0x3F, 0xFF, 0x8F, 0x03, 0xE3, 0xC0, 0xF8, 0xF0, 0x3E, 0x3C, 0x0F, 0x8F, 0x03, 0xFF,
    0xC0, 0xFF, 0xF0, 0x3F, 0xC0, 0x00, 0xF0, 0x00, 0x3C, 0x00, 0x0F, 0x00, 0x03, 0xC0, 0x00, 0xF0,
    0xF8, 0xF1, 0xF1, 0xE3, 0xE3, 0xC7, 0xC7, 0x8F, 0x8F, 0x1F, 0xFE, 0x3F, 0xFC, 0x7F, 0xF8, 0xF8,
    0xF1, 0xF1, 0xE3, 0xE3, 0xFF, 0xC7, 0xFF, 0x8F, 0xE0, 0x03, 0xC0, 0x07, 0x80, 0x0F, 0x00, 0x1E,
    0xF0, 0x3F, 0xFE, 0x07, 0xFF, 0xC0, 0xFF, 0xF8, 0x1F, 0x0F, 0x03, 0xE1, 0xE0, 0x7C, 0x3C, 0x0F,
    0x87, 0xFF, 0xF0, 0xFF, 0xFE, 0x1F, 0xFF, 0xC3, 0xC0, 0xF8, 0x78, 0x1F, 0x0F, 0x03, 0xE1, 0xE0,
    0x7C, 0x3C, 0x0F, 0x87, 0x81, 0xF0, 0xF0, 0x3E, 0x00, 0xF8, 0xFE, 0xF8, 0xFE, 0xF8, 0xFE, 0xF8,
    0xF0, 0xF8, 0xF0, 0xFF, 0xF0, 0xFF, 0xF0, 0xFF, 0xF0, 0xF8, 0xF0, 0xF8, 0xF0, 0xF8, 0xF0, 0xF8,
    0xF0, 0xF8, 0xF0, 0xFF, 0xFE, 0x00, 0x7F, 0xFF, 0x00, 0x3F, 0xFF, 0x80, 0x1E, 0x07, 0xC0, 0x0F,
    0x03, 0xE0, 0x07, 0x81, 0xF0, 0x03, 0xC0, 0xFF, 0xE1, 0xE0, 0x7F, 0xF8, 0xF0, 0x3F, 0xFE, 0x78,
    0x1F, 0x3F, 0xBC, 0x0F, 0x83, 0xDE, 0x07, 0xC1, 0xFF, 0x03, 0xE0, 0xFF, 0x81, 0xF0, 0x3F, 0xC0,
    0xF8, 0x3F, 0xE0, 0x7C, 0x1F, 0xF0, 0x3E, 0x0F, 0x80, 0x00, 0x07, 0x80, 0x00, 0x0F, 0xC0, 0x00,
    0x1F, 0xC0, 0x00, 0x0F, 0xC0, 0x00, 0x0F, 0xC0, 0xFF, 0xF0, 0x0F, 0xFF, 0x00, 0xFF, 0xF0, 0x0F,
    0x8F, 0x00, 0xF8, 0xF0, 0x0F, 0x8F, 0xF8, 0xF8, 0xFF, 0xEF, 0x8F, 0xFE, 0xF8, 0xFB, 0xFF, 0x8F,
    0x0F, 0xF8, 0xF0, 0xFF, 0x8F, 0x0F, 0xF8, 0xF0, 0xF0, 0x00, 0x0F, 0x00, 0x01, 0xF0, 0x00, 0xFE,
    0x00, 0x0F, 0xE0, 0x00, 0xFC, 0x07, 0xFC, 0x03, 0xFF, 0x80, 0xFF, 0xE0, 0x3F, 0x8C, 0x07, 0xC0,
    0x01, 0xF0, 0xFE, 0x3E, 0x3F, 0xE7, 0xCF, 0xFE, 0xF9, 0xF7, 0xDF, 0x3C, 0x7B, 0xEF, 0x8F, 0x7D,
    0xF1, 0xE7, 0xFE, 0x7C, 0xFF, 0xFF, 0x8F, 0xFF, 0xE0, 0xFF, 0xF8, 0x07, 0xFC, 0x00, 0x1F, 0xE0,
    0x01, 0xFF, 0x00, 0x0F, 0xE0, 0x00, 0x7C, 0x1F, 0xC0, 0x7F, 0x81, 0xFF, 0x07, 0xE6, 0x0F, 0x1F,
    0x9E, 0x7F, 0xBD, 0xFF, 0x7B, 0xDE, 0xF7, 0x9D, 0xFF, 0x79, 0xFF, 0xF1, 0xFF, 0xC1, 0xFF, 0x00,
    0x7F, 0x00, 0x7F, 0x00, 0x7E, 0x00, 0x3C, 0x07, 0xFC, 0x3F, 0xFC, 0xFF, 0xF3, 0xF8, 0xE7, 0xC0,
    0x1F, 0x00, 0x3E, 0x00, 0x7C, 0x00, 0xF8, 0x01, 0xF0, 0x03, 0xE0, 0x07, 0xC0, 0x07, 0xC0, 0x0F,
    0xE3, 0x8F, 0xFF, 0x8F, 0xFF, 0x07, 0xFC, 0x03, 0x80, 0x07, 0x80, 0x07, 0x00, 0x7E, 0x00, 0xF8,
    0x00, 0x1F, 0xE7, 0xFD, 0xFF, 0x7E, 0x6F, 0x81, 0xE0, 0x3C, 0x07, 0x80, 0xF8, 0x1F, 0x8D, 0xFF,
    0x9F, 0xF0, 0xFE, 0x1E, 0x01, 0xE0, 0x3C, 0x1F, 0x83, 0xE0, 0xFF, 0xFF, 0xFF, 0xFF, 0xFF, 0xF8,
    0x3E, 0x00, 0x7C, 0x00, 0xF8, 0x01, 0xF0, 0x03, 0xE0, 0x07, 0xC0, 0x0F, 0x80, 0x1F, 0x00, 0x3E,
    0x00, 0x7C, 0x00, 0xF8, 0x01, 0xFE, 0x03, 0xFC, 0x07, 0xF8, 0x00, 0xF0, 0x01, 0xE0, 0x03, 0xC0,
    0x07, 0x80, 0x0F, 0x00, 0xFF, 0xFF, 0xFF, 0xFF, 0xFE, 0x1F, 0x00, 0xF8, 0x07, 0xC0, 0x3E, 0x01,
    0xF0, 0x0F, 0x80, 0x7C, 0x03, 0xF8, 0x1F, 0xC0, 0xFE, 0x00, 0xF0, 0x07, 0x80, 0x3C, 0x01, 0xE0,
    0xF8, 0x1F, 0xBE, 0x0F, 0x9F, 0x0F, 0x87, 0xC7, 0xC3, 0xE7, 0xC0, 0xFB, 0xE0, 0x7F, 0xE0, 0x1F,
    0xF0, 0x07, 0xF0, 0x03, 0xF0, 0x00, 0xF8, 0x00, 0x7C, 0x00, 0x3E, 0x00, 0x1F, 0x00, 0x0F, 0x80,
    0x07, 0xC0, 0x03, 0xE0, 0x00, 0xF8, 0x7F, 0xE1, 0xE7, 0x8F, 0x9F, 0x3E, 0x7C, 0xF0, 0xF7, 0xC3,
    0xFF, 0x07, 0xF8, 0x1F, 0xE0, 0x7F, 0x00, 0xFC, 0x03, 0xE0, 0x07, 0x80, 0x1E, 0x00, 0x78, 0x01,
    0xE0, 0x07, 0x80, 0x1E, 0x00, 0xF8, 0x1F, 0xBE, 0x0F, 0x9F, 0x0F, 0x87, 0xC7, 0xC3, 0xE7, 0xC0,
    0xFB, 0xE0, 0x7F, 0xE0, 0x1F, 0xF0, 0x07, 0xF0, 0x03, 0xF0, 0x07, 0xFF, 0x03, 0xFF, 0x81, 0xFF,
    0xC0, 0x1F, 0x00, 0x0F, 0x80, 0x07, 0xC0, 0x03, 0xE0, 0x00, 0xF8, 0x7F, 0xE1, 0xE7, 0x8F, 0x9F,
    0x3E, 0x7C, 0xF0, 0xF7, 0xC3, 0xFF, 0x07, 0xF8, 0x1F, 0xE0, 0x7F, 0x00, 0xFC, 0x0F, 0xFC, 0x3F,
    0xF0, 0x1E, 0x00, 0x78, 0x01, 0xE0, 0x07, 0x80, 0x1E, 0x00, 0xFC, 0x1F, 0x1F, 0x8F, 0xC3, 0xE3,
    0xE0, 0xFD, 0xF0, 0x1F, 0xFC, 0x03, 0xFE, 0x00, 0xFF, 0x00, 0x1F, 0xC0, 0x03, 0xE0, 0x01, 0xFC,
    0x00, 0xFF, 0x80, 0x7F, 0xF0, 0x1F, 0x7C, 0x0F, 0x9F, 0x87, 0xE3, 0xFD, 0xF0, 0x7F, 0xF8, 0x1F,
    0xC0, 0x01, 0xF0, 0x00, 0x7C, 0x00, 0x1F, 0x00, 0x07, 0xC0, 0x01, 0xF0, 0xF8, 0x78, 0xF9, 0xF0,
    0xFF, 0xC1, 0xFF, 0x01, 0xFE, 0x01, 0xF8, 0x03, 0xF0, 0x07, 0xE0, 0x1F, 0xE0, 0x7F, 0xE1, 0xF3,
    0xFB, 0xC7, 0xFF, 0x87, 0xE0, 0x03, 0xC0, 0x07, 0x80, 0x0F, 0x00, 0x1E, 0xFF, 0xFD, 0xF1, 0xFF,
    0xFB, 0xE3, 0xFF, 0xF7, 0xC0, 0x3C, 0x0F, 0x80, 0x78, 0x1F, 0x00, 0xF0, 0x3E, 0x01, 0xE0, 0x7C,
    0x03, 0xC0, 0xF8, 0x07, 0x81, 0xF0, 0x0F, 0x03, 0xE0, 0x1E, 0x07, 0xC0, 0x3C, 0x0F, 0x80, 0x78,
    0x1F, 0x00, 0xF0, 0x3E, 0x01, 0xFF, 0xFF, 0x83, 0xFF, 0xFF, 0x07, 0xFF, 0xFE, 0x00, 0x00, 0x3C,
    0x00, 0x00, 0x78, 0x00, 0x00, 0xF0, 0x00, 0x01, 0xE0, 0x00, 0x03, 0xC0, 0xFF, 0xDE, 0x7F, 0xEF,
    0x3F, 0xF7, 0x87, 0xC3, 0xC3, 0xE1, 0xE1, 0xF0, 0xF0, 0xF8, 0x78, 0x7C, 0x3C, 0x3E, 0x1E, 0x1F,
    0x0F, 0x0F, 0xFF, 0xE7, 0xFF, 0xF3, 0xFF, 0xF8, 0x00, 0x3C, 0x00, 0x1E, 0x00, 0x0F, 0x00, 0x07,
    0x80, 0xF8, 0x3E, 0x7C, 0x1F, 0x3E, 0x0F, 0x9F, 0x07, 0xCF, 0x83, 0xE7, 0xC1, 0xF3, 0xE0, 0xF9,
    0xF8, 0x7C, 0x7F, 0xFE, 0x3F, 0xFF, 0x07, 0xFF, 0x80, 0x07, 0xC0, 0x03, 0xE0, 0x01, 0xF0, 0x00,
    0xFE, 0x00, 0x7F, 0x00, 0x3F, 0x80, 0x07, 0xC0, 0x03, 0xE0, 0x01, 0xF0, 0x00, 0xF8, 0x00, 0x7C,
    0xF8, 0xF1, 0xF1, 0xE3, 0xE3, 0xC7, 0xC7, 0x8F, 0x8F, 0x1F, 0x9E, 0x1F, 0xFC, 0x3F, 0xF8, 0x3F,
    0xF0, 0x01, 0xE0, 0x03, 0xF8, 0x07, 0xF0, 0x0F, 0xE0, 0x03, 0xC0, 0x07, 0x80, 0x0F, 0x00, 0x1E,
    0xF8, 0x3F, 0xE0, 0xFF, 0x83, 0xFE, 0x0F, 0xF8, 0x3F, 0xEE, 0xFF, 0xBB, 0xFF, 0xEF, 0x7F, 0xFD,
    0xFF, 0xF1, 0xFF, 0xC0, 0xEF, 0x03, 0xBC, 0x0E, 0xF0, 0x03, 0xC0, 0x0F, 0x00, 0x3C, 0xF8, 0x7F,
    0xC3, 0xFE, 0x1F, 0xF0, 0xFF, 0xB7, 0xFF, 0xBD, 0xFF, 0xEF, 0xFF, 0x3F, 0xF8, 0x1B, 0xC0, 0xDE,
    0x00, 0xF0, 0x07, 0x80, 0xF0, 0x03, 0xC0, 0x0F, 0x00, 0x3C, 0x00, 0xF0, 0x03, 0xFF, 0x8F, 0xFF,
    0xBF, 0xFF, 0xF8, 0xFF, 0xC1, 0xFF, 0x03, 0xFC, 0x0F, 0xF0, 0x3F, 0xC0, 0xFF, 0x03, 0xFC, 0x0F,
    0xF0, 0x3C, 0x78, 0x07, 0xC0, 0x3E, 0x01, 0xF0, 0x0F, 0x80, 0x7C, 0x03, 0xFF, 0x1F, 0xFC, 0xFF,
    0xF7, 0xCF, 0xBE, 0x3D, 0xF1, 0xEF, 0x8F, 0x7C, 0x7B, 0xE3, 0xDF, 0x1E, 0xF8, 0xF7, 0xC7, 0xBE,
    0x3C, 0x00, 0x7F, 0x80, 0x07, 0xFE, 0x00, 0x7F, 0xF8, 0x07, 0xE7, 0xEF, 0x7E, 0x1F, 0x7B, 0xE0,
    0x7F, 0xFF, 0x03, 0xFF, 0xFF, 0xFF, 0x7F, 0xFF, 0xF8, 0xFF, 0xFF, 0xC1, 0xF0, 0x00, 0x0F, 0x80,
    0x00, 0x7C, 0x00, 0x01, 0xFC, 0xF0, 0x07, 0xFF, 0xC0, 0x1F, 0xFE, 0x00, 0x7F, 0xC0, 0x01, 0xFC,
    0x71, 0xFF, 0x3D, 0xFF, 0xDF, 0xFB, 0xEF, 0xF8, 0xFF, 0xFF, 0xFD, 0xFF, 0xFE, 0x7F, 0xFF, 0x0F,
    0x80, 0x07, 0xE3, 0x81, 0xFF, 0xC0, 0x7F, 0xE0, 0x1F, 0xF0, 0x00, 0x7F, 0x80, 0x07, 0xFE, 0x00,
    0x7F, 0xF8, 0x07, 0xE7, 0xEF, 0x7E, 0x1F, 0x7B, 0xE0, 0x7F, 0xFF, 0x03, 0xFF, 0xFF, 0xFF, 0x7F,
    0xFF, 0xF8, 0xFF, 0xFF, 0xC1, 0xF0, 0x00, 0x0F, 0x80, 0x00, 0x7C, 0x00, 0x01, 0xFC, 0xF0, 0x0F,
    0xFF, 0xC0, 0x1F, 0xFE, 0x00, 0x7F, 0xE0, 0x00, 0xF0, 0x00, 0x07, 0x80, 0x00, 0x3C, 0x00, 0x01,
    0xE0, 0x00, 0x01, 0xFC, 0x71, 0xFF, 0x3D, 0xFF, 0xDF, 0xFB, 0xEF, 0xF8, 0xFF, 0xFF, 0xFD, 0xFF,
    0xFE, 0x7F, 0xFF, 0x0F, 0x80, 0x07, 0xE3, 0x81, 0xFF, 0xC0, 0x7F, 0xE0, 0x1F, 0xF0, 0x03, 0xC0,
    0x01, 0xE0, 0x00, 0xF0, 0xFF, 0xFF, 0xFF, 0xFF, 0xFF, 0xFF, 0xFF, 0xFF, 0xF0, 0x00, 0xE3, 0x00,
    0x00, 0x7B, 0xC0, 0x00, 0x3F, 0xE0, 0x00, 0x0F, 0xE0, 0x00, 0x03, 0xE0, 0x00, 0x00, 0x00, 0x00,
    0x00, 0x00, 0x01, 0xF8, 0x7C, 0x3E, 0x7E, 0x3E, 0x3F, 0x1F, 0x1F, 0x3F, 0x0F, 0xCF, 0xBF, 0x03,
    0xF7, 0xDF, 0x00, 0xFF, 0xFF, 0x00, 0x3F, 0xFF, 0x80, 0x0F, 0xFF, 0x80, 0x07, 0xFF, 0x80, 0x03,
    0xFF, 0xE0, 0x03, 0xFF, 0xF8, 0x03, 0xEF, 0xFE, 0x03, 0xE7, 0xDF, 0x83, 0xF3, 0xE7, 0xC3, 0xF1,
    0xF1, 0xF1, 0xF0, 0xF8, 0xFD, 0xF0, 0x7C, 0x3E, 0x01, 0x8C, 0x00, 0x1E, 0xF0, 0x00, 0xFF, 0x80,
    0x03, 0xF8, 0x00, 0x0F, 0x80, 0x00, 0x00, 0x00, 0x00, 0x00, 0x1F, 0x9F, 0x1F, 0x7C, 0xF9, 0xF1,
    0xF7, 0xDF, 0x07, 0xFF, 0xF8, 0x3F, 0xFF, 0x80, 0xFF, 0xF8, 0x03, 0xFF, 0x80, 0x3F, 0xFE, 0x03,
    0xFF, 0xF8, 0x3F, 0xFB, 0xE1, 0xF7, 0xDF, 0x9F, 0x3E, 0x7D, 0xF1, 0xF1, 0xF0, 0xF0, 0x7D, 0xE1,
    0xF3, 0xC7, 0xE7, 0x9F, 0x8F, 0x7E, 0x1E, 0xF8, 0x3F, 0xE0, 0x7F, 0xE0, 0xFF, 0xF1, 0xFF, 0xF3,
    0xCF, 0xF7, 0x83, 0xEF, 0x03, 0xDE, 0x07, 0xBC, 0x0F, 0x78, 0x1E, 0xF0, 0x3C, 0x00, 0xF8, 0x07,
    0xF0, 0x3F, 0xC0, 0x7F, 0x00, 0xFC, 0x00, 0xF8, 0xFF, 0xCF, 0xBE, 0xF9, 0xFF, 0x8F, 0xF8, 0x7F,
    0xE3, 0xFF, 0x9F, 0xFE, 0xF9, 0xF7, 0xC7, 0xFE, 0x1F, 0xF0, 0xFF, 0x87, 0x80, 0x7C, 0x07, 0xC0,
    0xFE, 0x07, 0xE0, 0x3E, 0x00, 0x07, 0xFF, 0xC0, 0x3F, 0xFE, 0x01, 0xFF, 0xF0, 0x0F, 0x8F, 0x80,
    0x7C, 0x7C, 0x03, 0xE3, 0xE0, 0x1E, 0x1F, 0x00, 0xF0, 0xF8, 0x07, 0x87, 0xC0, 0x3C, 0x3E, 0x03,
    0xE1, 0xF0, 0x1F, 0x0F, 0x81, 0xF0, 0x7C, 0x3F, 0x83, 0xE3, 0xF8, 0x1F, 0xFF, 0x80, 0xFE, 0xF0,
    0x07, 0xF0, 0x00, 0x07, 0x80, 0x00, 0x7C, 0x00, 0x03, 0xC0, 0x00, 0x3E, 0x00, 0x00, 0xE0, 0x0F,
    0xFC, 0x07, 0xFE, 0x03, 0xFF, 0x01, 0xE7, 0x80, 0xF3, 0xC0, 0xF9, 0xE0, 0x7C, 0xF0, 0x3E, 0x78,
    0x1E, 0x3C, 0x3F, 0x1E, 0x3F, 0x0F, 0xFF, 0x07, 0xFF, 0x03, 0xF0, 0x00, 0x78, 0x00, 0x7C, 0x00,
    0x3C, 0x00, 0x0C, 0x00, 0xF0, 0x3F, 0xE0, 0x7F, 0xC0, 0xFF, 0x81, 0xFF, 0x03, 0xFE, 0x07, 0xFC,
    0x0F, 0xFF, 0xFF, 0xFF, 0xFF, 0xFF, 0xFF, 0xC0, 0xFF, 0x81, 0xFF, 0x03, 0xFE, 0x07, 0xFC, 0x0F,
    0xF8, 0x1F, 0xF0, 0x3E, 0x00, 0x7C, 0x00, 0xF8, 0x0F, 0xE0, 0x1F, 0xC0, 0x3F, 0x00, 0xF8, 0xFF,
    0xC7, 0xFE, 0x3F, 0xF1, 0xFF, 0x8F, 0xFF, 0xFF, 0xFF, 0xFF, 0xFF, 0xF8, 0xFF, 0xC7, 0xFE, 0x3F,
    0xF1, 0xFF, 0x8F, 0x80, 0x7C, 0x03, 0xC0, 0xFE, 0x07, 0xF0, 0x3F, 0x00, 0xF0, 0x3E, 0x3C, 0x0F,
    0x8F, 0x03, 0xE3, 0xC0, 0xF8, 0xF0, 0x3E, 0x3C, 0x0F, 0x8F, 0x03, 0xE3, 0xFF, 0xF8, 0xFF, 0xFE,
    0x3F, 0xFF, 0x8F, 0x03, 0xE3, 0xC0, 0xF8, 0xF0, 0x3E, 0x3C, 0x0F, 0x8F, 0x03, 0xFB, 0xC0, 0xFE,
    0xF0, 0x3F, 0x80, 0x03, 0xE0, 0x00, 0xF8, 0x00, 0x7C, 0x00, 0x1E, 0x00, 0x03, 0x80, 0xF8, 0xF1,
    0xF1, 0xE3, 0xE3, 0xC7, 0xC7, 0x8F, 0x8F, 0x1F, 0xFE, 0x3F, 0xFC, 0x7F, 0xF8, 0xF8, 0xF1, 0xF1,
    0xE3, 0xE3, 0xF7, 0xC7, 0xEF, 0x8F, 0xC0, 0x07, 0x80, 0x1E, 0x00, 0x3C, 0x00, 0x30, 0xF0, 0x3F,
    0xC0, 0xFF, 0x03, 0xFC, 0x0F, 0xF0, 0x3F, 0xC0, 0xFF, 0x83, 0xFF, 0x1F, 0xFF, 0xFD, 0xFF, 0xF3,
    0xFF, 0xC0, 0x0F, 0x00, 0x3C, 0x00, 0xF0, 0x1F, 0xC0, 0x7F, 0x01, 0xFC, 0x07, 0x80, 0x1E, 0x00,
    0x78, 0x01, 0xE0, 0x07, 0x80, 0xF1, 0xFF, 0x1F, 0xF1, 0xFF, 0x1F, 0xF9, 0xFF, 0xFF, 0x7F, 0xF3,
    0xFF, 0x01, 0xF0, 0x1F, 0x07, 0xF0, 0x7F, 0x07, 0xF0, 0x78, 0x07, 0x80, 0x78, 0x07, 0x80, 0x7C,
    0x03, 0xE0, 0xFC, 0x07, 0xC1, 0xF8, 0x1F, 0x83, 0xF8, 0x3F, 0x07, 0xF0, 0xFE, 0x0F, 0xF1, 0xFE,
    0x1F, 0xE7, 0xFC, 0x3F, 0xEF, 0xF8, 0x7B, 0xDF, 0xF0, 0xF7, 0xFB, 0xE1, 0xE7, 0xF7, 0xC7, 0xCF,
    0xC7, 0x8F, 0x9F, 0x8F, 0x1F, 0x1F, 0x1E, 0x3E, 0x3C, 0x3F, 0xFC, 0x00, 0x7F, 0xF8, 0x00, 0xFE,
    0x00, 0x00, 0x78, 0x00, 0x01, 0xF0, 0x00, 0x03, 0xC0, 0x00, 0x07, 0x80, 0x00, 0x06, 0x00, 0x78,
    0x1F, 0x0F, 0x83, 0xE1, 0xF0, 0xFC, 0x3F, 0x1F, 0x8F, 0xE7, 0xF1, 0xFE, 0xFE, 0x3F, 0xFF, 0xC7,
    0xBF, 0xF8, 0xF7, 0xEF, 0x1E, 0x7D, 0xE3, 0xCF, 0x3F, 0xF8, 0x07, 0xFF, 0x00, 0xFE, 0x00, 0x07,
    0x80, 0x00, 0xF0, 0x00, 0x3C, 0x00, 0x03, 0x00, 0xFF, 0xFF, 0xFF, 0xFF, 0xFF, 0xFF, 0xFF, 0xFF,
    0xFF, 0xFF, 0xF8, 0x07, 0x38, 0x03, 0xDE, 0x00, 0x7F, 0x80, 0x1F, 0xE0, 0x03, 0xF0, 0x00, 0x00,
    0x00, 0x00, 0x00, 0x07, 0x80, 0x03, 0xF0, 0x00, 0xFC, 0x00, 0x7F, 0x80, 0x1F, 0xE0, 0x0F, 0xFC,
    0x03, 0xCF, 0x01, 0xF3, 0xE0, 0x78, 0xF8, 0x1E, 0x1E, 0x0F, 0xFF, 0xC3, 0xFF, 0xF0, 0xFF, 0xFE,
    0x7C, 0x0F, 0x9F, 0x03, 0xEF, 0x80, 0x7F, 0xE0, 0x1F, 0x1C, 0xE1, 0xE7, 0x87, 0xF8, 0x3F, 0xC0,
    0xFC, 0x00, 0x00, 0x00, 0x07, 0xF8, 0x3F, 0xF1, 0xFF, 0x8C, 0x7C, 0x01, 0xF1, 0xFF, 0xBF, 0xFD,
    0xFF, 0xEF, 0x9F, 0x7C, 0xFB, 0xFF, 0xDF, 0xFE, 0x7F, 0xE0, 0x0F, 0x38, 0x03, 0xDF, 0x00, 0xF7,
    0xC0, 0x3C, 0xE0, 0x00, 0x00, 0x00, 0x00, 0x00, 0x1E, 0x00, 0x0F, 0xC0, 0x03, 0xF0, 0x01, 0xFE,
    0x00, 0x7F, 0x80, 0x3F, 0xF0, 0x0F, 0x3C, 0x07, 0xCF, 0x81, 0xE3, 0xE0, 0x78, 0x78, 0x3F, 0xFF,
    0x0F, 0xFF, 0xC3, 0xFF, 0xF9, 0xF0, 0x3E, 0x7C, 0x0F, 0xBE, 0x01, 0xFF, 0x80, 0x7C, 0x3C, 0xE1,
    0xEF, 0x8F, 0x7C, 0x79, 0xC0, 0x00, 0x00, 0x00, 0xFF, 0x07, 0xFE, 0x3F, 0xF1, 0x8F, 0x80, 0x3E,
    0x3F, 0xF7, 0xFF, 0xBF, 0xFD, 0xF3, 0xEF, 0x9F, 0x7F, 0xFB, 0xFF, 0xCF, 0xFC, 0x00, 0x3F, 0xFF,
    0x00, 0x7F, 0xFF, 0x00, 0x7F, 0xFF, 0x00, 0xFF, 0x00, 0x01, 0xFF, 0x00, 0x01, 0xEF, 0x00, 0x03,
    0xEF, 0x00, 0x07, 0xCF, 0xFE, 0x07, 0xCF, 0xFE, 0x0F, 0x8F, 0xFE, 0x0F, 0xFF, 0x00, 0x1F, 0xFF,
    0x00, 0x3F, 0xFF, 0x00, 0x3E, 0x0F, 0x00, 0x7C, 0x0F, 0xFF, 0x7C, 0x0F, 0xFF, 0xF8, 0x0F, 0xFF,
    0x3F, 0xCF, 0xC1, 0xFF, 0xFF, 0x0F, 0xFF, 0xFC, 0x63, 0xFB, 0xF0, 0x0F, 0x87, 0x8F, 0xFF, 0xFD,
    0xFF, 0xFF, 0xEF, 0xFF, 0xFF, 0x7C, 0xF8, 0x03, 0xE3, 0xF3, 0x9F, 0xFF, 0xFC, 0xFF, 0xFF, 0xE3,
    0xFF, 0xFF, 0x00, 0x39, 0xC3, 0xCF, 0x0F, 0xF0, 0x7F, 0x81, 0xF8, 0x00, 0x00, 0x00, 0x1F, 0xFE,
    0xFF, 0xF7, 0xFF, 0xBC, 0x01, 0xE0, 0x0F, 0x00, 0x78, 0x03, 0xFF, 0x9F, 0xFC, 0xFF, 0xE7, 0x80,
    0x3C, 0x01, 0xE0, 0x0F, 0x00, 0x7F, 0xFF, 0xFF, 0xFF, 0xFF, 0x18, 0xC1, 0xEF, 0x0F, 0xF8, 0x3F,
    0x80, 0xF8, 0x00, 0x00, 0x00, 0x03, 0xF8, 0x3F, 0xE3, 0xFF, 0xBF, 0x7D, 0xF1, 0xFF, 0xFF, 0xFF,
    0xFF, 0xFF, 0xFF, 0x00, 0xFC, 0x73, 0xFF, 0x8F, 0xFC, 0x3F, 0xE0, 0x1F, 0xF0, 0x7F, 0xF8, 0x7F,
    0xFC, 0x38, 0xFE, 0x00, 0x1F, 0x00, 0x1F, 0x00, 0x1F, 0xFF, 0xFF, 0xFF, 0xFF, 0xFF, 0xFF, 0xF8,
    0x1F, 0xF8, 0x1F, 0x7C, 0x3F, 0x7E, 0x7E, 0x3F, 0xFC, 0x1F, 0xF8, 0x0F, 0xF0, 0x7F, 0x83, 0xFF,
    0x1F, 0xFC, 0xE7, 0xE0, 0x0F, 0xFF, 0xFF, 0xFF, 0xFF, 0xFF, 0xF0, 0xFF, 0xCF, 0x9F, 0xFC, 0xFF,
    0xC1, 0xF8, 0x00, 0x1E, 0x70, 0x1E, 0xF8, 0x1E, 0xF8, 0x1E, 0x70, 0x00, 0x00, 0x00, 0x00, 0x1F,
    0xF0, 0x7F, 0xF8, 0x7F, 0xFC, 0x38, 0xFE, 0x00, 0x1F, 0x00, 0x1F, 0x00, 0x1F, 0xFF, 0xFF, 0xFF,
    0xFF, 0xFF, 0xFF, 0xF8, 0x1F, 0xF8, 0x1F, 0x7C, 0x3F, 0x7E, 0x7E, 0x3F, 0xFC, 0x1F, 0xF8, 0x0F,
    0xF0, 0x39, 0xE3, 0xEF, 0x1F, 0x78, 0x73, 0xC0, 0x00, 0x00, 0x01, 0xFE, 0x0F, 0xFC, 0x7F, 0xF3,
    0x9F, 0x80, 0x3F, 0xFF, 0xFF, 0xFF, 0xFF, 0xFF, 0xC3, 0xFF, 0x3E, 0x7F, 0xF3, 0xFF, 0x07, 0xE0,
    0x00, 0xE7, 0x80, 0x00, 0xFB, 0xC0, 0x00, 0x7D, 0xE0, 0x00, 0x1C, 0xF0, 0x00, 0x00, 0x00, 0x00,
    0x00, 0x00, 0x03, 0xF0, 0xF8, 0x7C, 0xFC, 0x7C, 0x7E, 0x3E, 0x3E, 0x7E, 0x1F, 0x9F, 0x7E, 0x07,
    0xEF, 0xBE, 0x01, 0xFF, 0xFE, 0x00, 0x7F, 0xFF, 0x00, 0x1F, 0xFF, 0x00, 0x0F, 0xFF, 0x00, 0x07,
    0xFF, 0xC0, 0x07, 0xFF, 0xF0, 0x07, 0xDF, 0xFC, 0x07, 0xCF, 0xBF, 0x07, 0xE7, 0xCF, 0x87, 0xE3,
    0xE3, 0xE3, 0xE1, 0xF1, 0xFB, 0xE0, 0xF8, 0x7C, 0x03, 0xCE, 0x00, 0x1E, 0xF8, 0x00, 0xF7, 0xC0,
    0x07, 0x9C, 0x00, 0x00, 0x00, 0x00, 0x00, 0x03, 0xF3, 0xE3, 0xEF, 0x9F, 0x3E, 0x3E, 0xFB, 0xE0,
    0xFF, 0xFF, 0x07, 0xFF, 0xF0, 0x1F, 0xFF, 0x00, 0x7F, 0xF0, 0x07, 0xFF, 0xC0, 0x7F, 0xFF, 0x07,
    0xFF, 0x7C, 0x3E, 0xFB, 0xF3, 0xE7, 0xCF, 0xBE, 0x3E, 0x3E, 0x3C, 0xF0, 0x79, 0xE0, 0xF3, 0xC1,
    0xE7, 0x80, 0x00, 0x00, 0x00, 0x0F, 0xF8, 0x3F, 0xF8, 0x7F, 0xF8, 0x71, 0xF8, 0x01, 0xF0, 0x03,
    0xE0, 0x1F, 0x83, 0xFF, 0x07, 0xFC, 0x0F, 0xFE, 0x00, 0xFC, 0x00, 0x78, 0x00, 0xF3, 0xC7, 0xE7,
    0xFF, 0xDF, 0xFF, 0x0F, 0xFC, 0x00, 0x79, 0xC7, 0xBE, 0x7B, 0xE7, 0x9C, 0x00, 0x00, 0x00, 0x7F,
    0xC7, 0xFE, 0x7F, 0xE7, 0x3E, 0x01, 0xE3, 0xFE, 0x3F, 0xE3, 0xFE, 0x01, 0xF7, 0x1F, 0x7F, 0xF7,
    0xFE, 0x7F, 0xC0, 0x7F, 0xFD, 0xFF, 0xF7, 0xFF, 0xC0, 0x7E, 0x03, 0xF0, 0x1F, 0x80, 0xFC, 0x03,
    0xFC, 0x0F, 0xF8, 0x07, 0xF0, 0x07, 0xC0, 0x0F, 0x00, 0x7D, 0xE3, 0xF7, 0xFF, 0xBF, 0xFE, 0x3F,
    0xE0, 0xFF, 0xFF, 0xFF, 0xFF, 0xF0, 0x3E, 0x07, 0xC0, 0x7C, 0x0F, 0x81, 0xF0, 0x1F, 0xC1, 0xFE,
    0x03, 0xF0, 0x1F, 0x00, 0xF0, 0x0F, 0x63, 0xFF, 0xFF, 0xFF, 0xEF, 0xF8, 0x1F, 0xF0, 0x3F, 0xE0,
    0x7F, 0xC0, 0x00, 0x00, 0x00, 0x00, 0x00, 0x3C, 0x07, 0xF8, 0x1F, 0xF0, 0x7F, 0xE1, 0xFF, 0xC7,
    0xFF, 0x8F, 0xFF, 0x3F, 0xFE, 0xFB, 0xFF, 0xE7, 0xFF, 0xCF, 0xFF, 0x1F, 0xFC, 0x3F, 0xF8, 0x7F,
    0xE0, 0xFF, 0x81, 0xFF, 0x03, 0xFC, 0x07, 0x80, 0x3F, 0xE1, 0xFF, 0x0F, 0xF8, 0x00, 0x00, 0x00,
    0x00, 0x03, 0xE1, 0xFF, 0x1F, 0xF9, 0xFF, 0xDF, 0xFE, 0xFF, 0xFF, 0xFF, 0xFF, 0xFF, 0xBF, 0xF9,
    0xFF, 0xCF, 0xFC, 0x7F, 0xC3, 0xFE, 0x1E, 0x1E, 0x70, 0x3D, 0xF0, 0x7B, 0xE0, 0xF3, 0x80, 0x00,
    0x00, 0x00, 0x3C, 0x07, 0xF8, 0x1F, 0xF0, 0x7F, 0xE1, 0xFF, 0xC7, 0xFF, 0x8F, 0xFF, 0x3F, 0xFE,
    0xFB, 0xFF, 0xE7, 0xFF, 0xCF, 0xFF, 0x1F, 0xFC, 0x3F, 0xF8, 0x7F, 0xE0, 0xFF, 0x81, 0xFF, 0x03,
    0xFC, 0x07, 0x80, 0x3C, 0xE1, 0xE7, 0x8F, 0x3C, 0x79, 0xC0, 0x00, 0x00, 0x03, 0xE1, 0xFF, 0x1F,
    0xF9, 0xFF, 0xDF, 0xFE, 0xFF, 0xFF, 0xFF, 0xFF, 0xFF, 0xBF, 0xF9, 0xFF, 0xCF, 0xFC, 0x7F, 0xC3,
    0xFE, 0x1E, 0x0F, 0x38, 0x03, 0xCF, 0x00, 0xF3, 0xC0, 0x3C, 0xF0, 0x00, 0x00, 0x00, 0x00, 0x00,
    0x7F, 0x80, 0x7F, 0xF8, 0x3F, 0xFF, 0x1F, 0xCF, 0xC7, 0xC0, 0xFB, 0xE0, 0x3E, 0xF8, 0x07, 0xFE,
    0x01, 0xFF, 0x80, 0x7F, 0xE0, 0x1F, 0xF8, 0x07, 0xFE, 0x03, 0xE7, 0xC0, 0xF9, 0xFC, 0xFE, 0x3F,
    0xFF, 0x07, 0xFF, 0x80, 0x7F, 0x80, 0x3C, 0xE0, 0xF7, 0xC3, 0xDF, 0x0F, 0x38, 0x00, 0x00, 0x00,
    0x01, 0xFC, 0x0F, 0xF8, 0x7F, 0xF3, 0xF7, 0xEF, 0x8F, 0xBC, 0x1E, 0xF0, 0x7B, 0xC1, 0xEF, 0x8F,
    0xBF, 0x7E, 0x7F, 0xF0, 0xFF, 0x81, 0xFC, 0x00, 0x07, 0xF8, 0x07, 0xFF, 0x83, 0xFF, 0xF1, 0xFC,
    0xFC, 0x7C, 0x0F, 0xBE, 0x03, 0xEF, 0x80, 0x7F, 0xFF, 0xFF, 0xFF, 0xFF, 0xFF, 0xFF, 0xFF, 0x80,
    0x7F, 0xE0, 0x3E, 0x7C, 0x0F, 0x9F, 0xCF, 0xE3, 0xFF, 0xF0, 0x7F, 0xF8, 0x07, 0xF8, 0x00, 0x1F,
    0xC0, 0xFF, 0x87, 0xFF, 0x3F, 0x7E, 0xF0, 0x7B, 0xFF, 0xEF, 0xFF, 0xBC, 0x1E, 0xF8, 0xFB, 0xF7,
    0xE7, 0xFF, 0x0F, 0xF8, 0x1F, 0xC0, 0x0F, 0x38, 0x03, 0xCF, 0x00, 0xF3, 0xC0, 0x3C, 0xF0, 0x00,
    0x00, 0x00, 0x00, 0x00, 0x7F, 0x80, 0x7F, 0xF8, 0x3F, 0xFF, 0x1F, 0xCF, 0xC7, 0xC0, 0xFB, 0xE0,
    0x3E, 0xF8, 0x07, 0xFF, 0xFF, 0xFF, 0xFF, 0xFF, 0xFF, 0xFF, 0xF8, 0x07, 0xFE, 0x03, 0xE7, 0xC0,
    0xF9, 0xFC, 0xFE, 0x3F, 0xFF, 0x07, 0xFF, 0x80, 0x7F, 0x80, 0x39, 0xE1, 0xF7, 0x87, 0xDE, 0x0E,
    0x78, 0x00, 0x00, 0x00, 0x01, 0xFC, 0x0F, 0xF8, 0x7F, 0xF3, 0xF7, 0xEF, 0x07, 0xBF, 0xFE, 0xFF,
    0xFB, 0xC1, 0xEF, 0x8F, 0xBF, 0x7E, 0x7F, 0xF0, 0xFF, 0x81, 0xFC, 0x00, 0x3C, 0xE0, 0x7B, 0xE0,
    0xF7, 0xC1, 0xE7, 0x00, 0x00, 0x00, 0x00, 0x1F, 0xF0, 0x7F, 0xF8, 0xFF, 0xF8, 0xE3, 0xF8, 0x01,
    0xF0, 0x01, 0xF0, 0x03, 0xE3, 0xFF, 0xC7, 0xFF, 0x8F, 0xFF, 0x00, 0x3E, 0x00, 0x7C, 0x01, 0xF3,
    0xCF, 0xEF, 0xFF, 0x9F, 0xFE, 0x1F, 0xF0, 0x00, 0x39, 0xE3, 0xEF, 0x1F, 0x78, 0x73, 0xC0, 0x00,
    0x00, 0x01, 0xFE, 0x0F, 0xFC, 0x7F, 0xE3, 0x9F, 0x80, 0x3C, 0x3F, 0xE1, 0xFF, 0x8F, 0xF8, 0x03,
    0xCE, 0x7E, 0x7F, 0xE3, 0xFF, 0x1F, 0xE0, 0x0F, 0xF8, 0x07, 0xFC, 0x03, 0xFE, 0x00, 0x00, 0x00,
    0x00, 0x00, 0x00, 0x03, 0xE0, 0x7C, 0xF8, 0x3E, 0x7C, 0x1F, 0x1F, 0x1F, 0x0F, 0x8F, 0x83, 0xE7,
    0x81, 0xF7, 0xC0, 0x7F, 0xC0, 0x3F, 0xE0, 0x0F, 0xF0, 0x03, 0xF0, 0x01, 0xF8, 0x00, 0xF8, 0x04,
    0xFC, 0x07, 0xFC, 0x03, 0xFC, 0x01, 0xFC, 0x00, 0x1F, 0xE0, 0x7F, 0x81, 0xFE, 0x00, 0x00, 0x00,
    0x00, 0x00, 0x0F, 0x87, 0xFE, 0x1E, 0x78, 0x79, 0xF3, 0xE7, 0xCF, 0x0F, 0x3C, 0x3F, 0xF0, 0xFF,
    0x81, 0xFE, 0x07, 0xF8, 0x0F, 0xC0, 0x3F, 0x00, 0x78, 0x03, 0xE0, 0x5F, 0x03, 0xFC, 0x0F, 0xE0,
    0x3F, 0x00, 0x0E, 0x38, 0x07, 0xBE, 0x03, 0xDF, 0x01, 0xC7, 0x00, 0x00, 0x00, 0x00, 0x03, 0xE0,
    0x7C, 0xF8, 0x3E, 0x7C, 0x1F, 0x1F, 0x1F, 0x0F, 0x8F, 0x83, 0xE7, 0x81, 0xF7, 0xC0, 0x7F, 0xC0,
    0x3F, 0xE0, 0x0F, 0xF0, 0x03, 0xF0, 0x01, 0xF8, 0x00, 0xF8, 0x04, 0xFC, 0x07, 0xFC, 0x03, 0xFC,
    0x01, 0xFC, 0x00, 0x3C, 0xE0, 0xF7, 0xC3, 0xDF, 0x0F, 0x38, 0x00, 0x00, 0x00, 0x0F, 0x87, 0xFE,
    0x1E, 0x78, 0x79, 0xF3, 0xE7, 0xCF, 0x0F, 0x3C, 0x3F, 0xF0, 0xFF, 0x81, 0xFE, 0x07, 0xF8, 0x0F,
    0xC0, 0x3F, 0x00, 0x78, 0x03, 0xE0, 0x5F, 0x03, 0xFC, 0x0F, 0xE0, 0x3F, 0x00, 0x03, 0x18, 0x01,
    0xCE, 0x01, 0xEF, 0x00, 0xE7, 0x80, 0xF7, 0x80, 0x73, 0x80, 0x00, 0x01, 0xF0, 0x3E, 0x7C, 0x1F,
    0x3E, 0x0F, 0x8F, 0x8F, 0x87, 0xC7, 0xC1, 0xF3, 0xC0, 0xFB, 0xE0, 0x3F, 0xE0, 0x1F, 0xF0, 0x07,
    0xF8, 0x01, 0xF8, 0x00, 0xFC, 0x00, 0x7C, 0x02, 0x7E, 0x03, 0xFE, 0x01, 0xFE, 0x00, 0xFE, 0x00,
    0x06, 0x30, 0x3D, 0xE0, 0xF7, 0x87, 0xBC, 0x3D, 0xE0, 0x63, 0x00, 0x00, 0x3E, 0x1F, 0xF8, 0x79,
    0xE1, 0xE7, 0xCF, 0x9F, 0x3C, 0x3C, 0xF0, 0xFF, 0xC3, 0xFE, 0x07, 0xF8, 0x1F, 0xE0, 0x3F, 0x00,
    0xFC, 0x01, 0xE0, 0x0F, 0x81, 0x7C, 0x0F, 0xF0, 0x3F, 0x80, 0xFC, 0x00, 0x1C, 0xF0, 0xF3, 0xC3,
    0xCF, 0x0F, 0x3C, 0x00, 0x00, 0x00, 0x0F, 0x03, 0xFC, 0x0F, 0xF0, 0x3F, 0xC0, 0xFF, 0x03, 0xFC,
    0x0F, 0xF8, 0x3F, 0xF1, 0xFF, 0xFF, 0xDF, 0xFF, 0x3F, 0xFC, 0x00, 0xF0, 0x03, 0xC0, 0x0F, 0x00,
    0x3C, 0x00, 0xF0, 0x03, 0xC0, 0x79, 0xC7, 0xBE, 0x7B, 0xE7, 0x9C, 0x00, 0x00, 0x00, 0xF1, 0xFF,
    0x1F, 0xF1, 0xFF, 0x1F, 0xF1, 0xFF, 0x9F, 0xFF, 0xF7, 0xFF, 0x3F, 0xF0, 0x1F, 0x01, 0xF0, 0x1F,
    0x01, 0xF0, 0xFF, 0xFF, 0xFF, 0xFF, 0xFF, 0x00, 0xF0, 0x0F, 0x00, 0xF0, 0x0F, 0x00, 0xF0, 0x0F,
    0x00, 0xF0, 0x0F, 0x00, 0xF0, 0x0F, 0x00, 0xFE, 0x0F, 0xE0, 0xFE, 0x01, 0xE0, 0x1E, 0x01, 0xE0,
    0x1E, 0x01, 0xE0, 0xFF, 0xDF, 0xFB, 0xFF, 0x7C, 0x0F, 0x81, 0xF0, 0x3E, 0x07, 0xC0, 0xF8, 0x1F,
    0x03, 0xF8, 0x7F, 0x0F, 0xE0, 0x3C, 0x07, 0x80, 0xF0, 0x1E, 0x00, 0x07, 0x9C, 0x00, 0x7B, 0xE0,
    0x07, 0xBE, 0x00, 0x79, 0xC0, 0x00, 0x00, 0x00, 0x00, 0x00, 0xF0, 0x01, 0xFF, 0x00, 0x1F, 0xF0,
    0x01, 0xFF, 0x00, 0x1F, 0xF0, 0x01, 0xFF, 0x00, 0x1F, 0xFF, 0xC1, 0xFF, 0xFF, 0x1F, 0xFF, 0xF9,
    0xFF, 0x3F, 0x9F, 0xF0, 0xF9, 0xFF, 0x07, 0x9F, 0xF0, 0xF9, 0xFF, 0x1F, 0x9F, 0xFF, 0xF9, 0xFF,
    0xFF, 0x1F, 0xFF, 0xC1, 0xF0, 0x07, 0x3C, 0x03, 0xEF, 0x00, 0xFB, 0xC0, 0x1C, 0xF0, 0x00, 0x00,
    0x00, 0x00, 0x0F, 0x80, 0x3F, 0xE0, 0x0F, 0xF8, 0x03, 0xFE, 0x00, 0xFF, 0xFC, 0x3F, 0xFF, 0x8F,
    0xFF, 0xF3, 0xFE, 0x7C, 0xFF, 0x8F, 0xBF, 0xE7, 0xCF, 0xFF, 0xF3, 0xFF, 0xFC, 0xF7, 0xFC, 0x3C,
    0x70, 0x0C, 0xE0, 0x3C, 0xE0, 0x71, 0xE1, 0xC1, 0xC7, 0x01, 0xDE, 0x03, 0xF8, 0x03, 0xE0, 0x3F,
    0xF8, 0x7F, 0xF0, 0x1F, 0x00, 0x77, 0x01, 0xEF, 0x03, 0x8E, 0x0E, 0x0E, 0x38, 0x1E, 0xF0, 0x1F,
    0xC0, 0x1F, 0x00, 0x18, 0x00, 0x07, 0x07, 0x78, 0xE3, 0x9C, 0x1F, 0xC0, 0xF8, 0x3F, 0xC3, 0xFE,
    0x0F, 0x81, 0xDC, 0x39, 0xC7, 0x0E, 0xF0, 0x76, 0x02, 0x7E, 0x0F, 0x1F, 0x07, 0x87, 0xC3, 0xC3,
    0xF3, 0xE0, 0xF9, 0xF0, 0x7E, 0xF0, 0x7F, 0xF8, 0x7F, 0xF8, 0x3D, 0xF8, 0x3E, 0x7C, 0x1F, 0x1F,
    0x0F, 0x0F, 0x87, 0x83, 0xE3, 0xC0, 0xFB, 0xE0, 0x7C, 0x3F, 0xC0, 0xFF, 0xE1, 0xFF, 0xC1, 0xFF,
    0xC0, 0x0F, 0x80, 0x1F, 0x00, 0x3E, 0x00, 0x7C, 0x00, 0xF8, 0x01, 0xF0, 0x03, 0xE3, 0xFF, 0xEF,
    0xFF, 0xFF, 0xFF, 0xBF, 0xFF, 0x00, 0x3E, 0x0F, 0xC7, 0xF8, 0xFE, 0x07, 0x81, 0xE0, 0x78, 0x1E,
    0x07, 0x81, 0xE0, 0xF9, 0xFE, 0xFF, 0xFE, 0xFF, 0x3C, 0x00, 0x7F, 0xFD, 0xFF, 0xF7, 0xFF, 0xDF,
    0xFE, 0x01, 0xF0, 0x07, 0xC0, 0x1F, 0x00, 0x7C, 0x01, 0xF0, 0x07, 0xC0, 0x1F, 0x00, 0x7C, 0x01,
    0xF0, 0x07, 0xC0, 0x1F, 0x00, 0xFF, 0xF3, 0xFF, 0xEF, 0xFF, 0xDF, 0xFF, 0x00, 0x3C, 0x00, 0xF0,
    0x03, 0xFE, 0x0F, 0xF8, 0x3F, 0xE0, 0xFF, 0x83, 0xFE, 0x0F, 0xF8, 0x3F, 0xE0, 0xFF, 0x83, 0xC0,
    0x7E, 0xFD, 0xFB, 0xF1, 0xE3, 0xC7, 0x8F, 0x1E, 0x3C, 0x78, 0xF1, 0xE3, 0xC7, 0x80, 0x7F, 0xBF,
    0xDF, 0xEF, 0xE3, 0xE1, 0xE0, 0xF0, 0x78, 0x7C, 0x1E, 0x0F, 0x07, 0x83, 0xE1, 0xF0, 0xF8, 0x7F,
    0xFC, 0x7F, 0xFE, 0x7F, 0xFE, 0x7F, 0xFF, 0x3C, 0x1F, 0x3C, 0x1F, 0x3C, 0x1F, 0x3C, 0x1F, 0x3C,
    0x1F, 0x3C, 0x1F, 0x3C, 0x1F, 0x3C, 0x1F, 0x3C, 0x1F, 0x3C, 0x1F, 0x3C, 0x1F, 0xF3, 0xF1, 0xE7,
    0xF3, 0xCF, 0xF7, 0x9F, 0xEF, 0x03, 0xFE, 0x07, 0xFC, 0x0F, 0xF8, 0x1F, 0xF0, 0x3F, 0xF0, 0x7F,
    0xE1, 0xF3, 0xFF, 0xE7, 0xFF, 0x87, 0xFE, 0x03, 0xF8, 0x00, 0x7E, 0xFD, 0xFB, 0xF1, 0xE3, 0xC7,
    0x8F, 0x1E, 0x7F, 0xE3, 0xFF, 0x9F, 0xFE, 0xFF, 0xF0, 0x0F, 0x80, 0x3C, 0x01, 0xE0, 0x0F, 0x00,
    0x78, 0x03, 0xC0, 0x1E, 0x00, 0xF0, 0x07, 0x80, 0x3C, 0x01, 0xE0, 0x0F, 0x00, 0x78, 0x03, 0xC0,
    0x1E, 0x00, 0xF0, 0x7F, 0x83, 0xFF, 0x1F, 0xF8, 0xFF, 0xE0, 0x1F, 0x00, 0x7C, 0x03, 0xE0, 0x1F,
    0x00, 0xF8, 0x07, 0xC0, 0x7C, 0xFF, 0xEF, 0xFE, 0x7F, 0xF3, 0xFE, 0x00, 0xF8, 0x03, 0xE0, 0x0F,
    0x80, 0x3E, 0x00, 0xFF, 0xFB, 0xFF, 0xEF, 0xFF, 0x9F, 0xFE, 0x00, 0xF0, 0x07, 0xC0, 0x1F, 0x00,
    0x78, 0x03, 0xE0, 0x0F, 0x80, 0x3C, 0x01, 0xF0, 0x07, 0xC0, 0x1E, 0x00, 0xF8, 0x00, 0xFF, 0xF9,
    0xFF, 0xFB, 0xFF, 0xFB, 0xFF, 0xF7, 0xC1, 0xEF, 0x83, 0xDF, 0x07, 0xBE, 0x0F, 0x7C, 0x1E, 0xF8,
    0x3D, 0xF0, 0x7B, 0xFF, 0xF7, 0xFF, 0xEF, 0xFF, 0xDF, 0xFF, 0x80, 0x78, 0xFC, 0x3C, 0xFF, 0x1F,
    0xFF, 0xC7, 0xFF, 0xF3, 0xF0, 0xF9, 0xF0, 0x7C, 0x78, 0x1E, 0x7C, 0x0F, 0x3E, 0x07, 0x9F, 0x07,
    0xCF, 0x03, 0xE7, 0x9F, 0xE7, 0xCF, 0xF3, 0xEF, 0xF1, 0xF7, 0xF0, 0x7E, 0xFD, 0xFB, 0xF1, 0xE3,
    0xC7, 0x8F, 0x1E, 0x3C, 0x78, 0xF1, 0xE3, 0xC7, 0x8F, 0x1E, 0x3C, 0x78, 0xF0, 0x7C, 0xFE, 0xFF,
    0x7F, 0x1F, 0x1F, 0x1F, 0x1F, 0x1F, 0x1F, 0x1F, 0xFF, 0xFF, 0xFF, 0xFF, 0x7F, 0xF8, 0x7F, 0xFE,
    0x7F, 0xFE, 0x7F, 0xFF, 0x3C, 0x1F, 0x3C, 0x0F, 0x7C, 0x0F, 0x7C, 0x0F, 0x7C, 0x0F, 0x7C, 0x1F,
    0x3C, 0x1F, 0x3F, 0xFE, 0x3F, 0xFE, 0x1F, 0xFC, 0x07, 0xF8, 0x00, 0x00, 0xF8, 0x3D, 0xF0, 0x79,
    0xE0, 0xF3, 0xC3, 0xE7, 0xC7, 0xCF, 0x8F, 0x9F, 0x1F, 0x1E, 0x3E, 0x3C, 0x78, 0x79, 0xF0, 0xF3,
    0xE1, 0xFF, 0x8F, 0xFE, 0x3F, 0xF8, 0x7F, 0xC0, 0xF8, 0x00, 0x00, 0x00, 0x3F, 0xC1, 0xFF, 0xCF,
    0xFF, 0xBF, 0xFE, 0xF0, 0x7F, 0xC1, 0xFF, 0x07, 0xFF, 0x0F, 0x7C, 0x3C, 0xF0, 0xF0, 0x83, 0xC0,
    0x0F, 0x00, 0x3C, 0x00, 0xF0, 0x03, 0xC0, 0x0F, 0x00, 0x3C, 0x00, 0xF0, 0x03, 0xC0, 0x0F, 0x1F,
    0xE0, 0x7F, 0xF1, 0xFF, 0xF3, 0xFF, 0xE7, 0x83, 0xEF, 0x07, 0xDF, 0x0F, 0xBF, 0x0F, 0x3E, 0x3E,
    0x3C, 0x7C, 0x01, 0xF9, 0xFF, 0xE7, 0xFF, 0x8F, 0xFE, 0x1F, 0xF8, 0x00, 0xF8, 0x3D, 0xF0, 0xF7,
    0xC7, 0xCF, 0x1F, 0x3E, 0x7C, 0xF9, 0xE1, 0xEF, 0x87, 0xFC, 0x1F, 0xF0, 0x3F, 0x80, 0xF8, 0x03,
    0xE0, 0x07, 0x80, 0x1F, 0x00, 0x7C, 0x00, 0xF0, 0x03, 0xC0, 0x0F, 0x80, 0x3E, 0x00, 0x78, 0x7C,
    0x3D, 0xF0, 0xF3, 0xE7, 0xCF, 0xDF, 0x1F, 0x7C, 0x3F, 0xE0, 0xFF, 0x81, 0xFC, 0x03, 0xE0, 0x0F,
    0x80, 0x1F, 0x0F, 0xFE, 0x7F, 0xF9, 0xFF, 0xE7, 0xFF, 0x80, 0xFF, 0xFF, 0xFF, 0xFF, 0xFF, 0xFB,
    0xFF, 0xE0, 0x03, 0xC0, 0x0F, 0x80, 0x1F, 0x7C, 0x3C, 0xF8, 0xF9, 0xF1, 0xF3, 0xE3, 0xC7, 0xC7,
    0x8F, 0x9F, 0x1F, 0x3E, 0x3E, 0x78, 0x7C, 0x00, 0xF8, 0x01, 0xF0, 0x03, 0xE0, 0x07, 0xC0, 0x00,
    0x7F, 0xC7, 0xFE, 0x7F, 0xF7, 0xFF, 0x00, 0xF0, 0x0F, 0x00, 0xF0, 0x0F, 0x00, 0xF0, 0x0F, 0x00,
    0xF0, 0x0F, 0x00, 0xF0, 0x0F, 0x00, 0xF0, 0xF9, 0xE7, 0xFE, 0x79, 0xFF, 0x9E, 0x7F, 0xEF, 0x9F,
    0xFB, 0xE7, 0xFE, 0xF1, 0xFF, 0xFC, 0x7F, 0xFE, 0x1E, 0xFF, 0x07, 0x9E, 0x03, 0xE7, 0xC0, 0xF9,
    0xFF, 0xFC, 0x3F, 0xFF, 0x07, 0xFF, 0x80, 0x7F, 0x80, 0x7F, 0xFC, 0x3F, 0xFF, 0x9F, 0xFF, 0xC7,
    0xFF, 0xF1, 0xF0, 0xF8, 0xF8, 0x7C, 0x7C, 0x3E, 0x3E, 0x1F, 0x1F, 0x0F, 0x8F, 0x87, 0xC7, 0xC3,
    0xE7, 0xE1, 0xF7, 0xE0, 0xFB, 0xF0, 0x7D, 0xF0, 0x3E, 0x79, 0xEF, 0x3D, 0xEF, 0x3D, 0xE7, 0x3D,
    0xE7, 0xBC, 0xE0, 0x00, 0x60, 0x00, 0x1E, 0x00, 0x03, 0xC0, 0x00, 0xF8, 0x00, 0x1F, 0x80, 0x03,
    0x70, 0x00, 0xE6, 0x00, 0x18, 0xE0, 0x07, 0x0C, 0x00, 0xC1, 0xC0, 0x7F, 0xF8, 0x1F, 0xFF, 0x81,
    0xFF, 0xF0, 0x38, 0x07, 0x0E, 0x00, 0xE1, 0xC0, 0x0E, 0x70, 0x01, 0xCE, 0x00, 0x3D, 0x80, 0x03,
    0x00, 0x20, 0x00, 0x0E, 0x00, 0x01, 0xC0, 0x00, 0x18, 0x00, 0x07, 0x61, 0xFF, 0x3F, 0xF7, 0x8F,
    0x70, 0x6E, 0x06, 0xE0, 0x6E, 0x0E, 0xE0, 0xEE, 0x0F, 0xE1, 0xFF, 0xFF, 0x7F, 0x73, 0xC3, 0x06,
    0x00, 0xF0, 0x0F, 0x00, 0x60, 0x00, 0x70, 0x00, 0x1F, 0x00, 0x03, 0xE0, 0x00, 0x3C, 0x00, 0x0F,
    0x00, 0x00, 0xC0, 0x00, 0x18, 0x00, 0x07, 0x80, 0x00, 0xF0, 0x00, 0x3E, 0x00, 0x07, 0xE0, 0x00,
    0xDC, 0x00, 0x39, 0x80, 0x06, 0x38, 0x01, 0xC3, 0x00, 0x30, 0x70, 0x1F, 0xFE, 0x07, 0xFF, 0xE0,
    0x7F, 0xFC, 0x0E, 0x01, 0xC3, 0x80, 0x38, 0x70, 0x03, 0x9C, 0x00, 0x73, 0x80, 0x0F, 0x60, 0x00,
    0xC0, 0x07, 0x80, 0xFC, 0x07, 0xC0, 0x78, 0x06, 0x00, 0x20, 0x07, 0x61, 0xFF, 0x3F, 0xF7, 0x8F,
    0x70, 0x6E, 0x06, 0xE0, 0x6E, 0x0E, 0xE0, 0xEE, 0x0F, 0xE1, 0xFF, 0xFF, 0x7F, 0x73, 0xC3, 0x00,
    0x1C, 0x00, 0x07, 0x80, 0x01, 0xE0, 0x00, 0x70, 0x00, 0x0F, 0x00, 0x03, 0xF0, 0x00, 0xE7, 0x00,
    0x18, 0x60, 0x00, 0x60, 0x00, 0x1E, 0x00, 0x03, 0xC0, 0x00, 0xF8, 0x00, 0x1F, 0x80, 0x03, 0x70,
    0x00, 0xE6, 0x00, 0x18, 0xE0, 0x07, 0x0C, 0x00, 0xC1, 0xC0, 0x7F, 0xF8, 0x1F, 0xFF, 0x81, 0xFF,
    0xF0, 0x38, 0x07, 0x0E, 0x00, 0xE1, 0xC0, 0x0E, 0x70, 0x01, 0xCE, 0x00, 0x3D, 0x80, 0x03, 0x00,
    0x00, 0xE0, 0x3E, 0x07, 0xC0, 0x70, 0x0F, 0x01, 0xF8, 0x3D, 0xC3, 0x0E, 0x00, 0x00, 0x76, 0x1F,
    0xF3, 0xFF, 0x78, 0xF7, 0x06, 0xE0, 0x6E, 0x06, 0xE0, 0xEE, 0x0E, 0xE0, 0xFE, 0x1F, 0xFF, 0xF7,
    0xF7, 0x3C, 0x30, 0x03, 0x80, 0x00, 0x78, 0x00, 0x07, 0x80, 0x00, 0x38, 0x00, 0x0F, 0x00, 0x03,
    0xF0, 0x00, 0xE7, 0x00, 0x18, 0x60, 0x00, 0x60, 0x00, 0x1E, 0x00, 0x03, 0xC0, 0x00, 0xF8, 0x00,
    0x1F, 0x80, 0x03, 0x70, 0x00, 0xE6, 0x00, 0x18, 0xE0, 0x07, 0x0C, 0x00, 0xC1, 0xC0, 0x7F, 0xF8,
    0x1F, 0xFF, 0x81, 0xFF, 0xF0, 0x38, 0x07, 0x0E, 0x00, 0xE1, 0xC0, 0x0E, 0x70, 0x01, 0xCE, 0x00,
    0x3D, 0x80, 0x03, 0x00, 0x1C, 0x03, 0xE0, 0x1F, 0x00, 0x78, 0x0F, 0x01, 0xF8, 0x3D, 0xC3, 0x0E,
    0x00, 0x00, 0x76, 0x1F, 0xF3, 0xFF, 0x78, 0xF7, 0x06, 0xE0, 0x6E, 0x06, 0xE0, 0xEE, 0x0E, 0xE0,
    0xFE, 0x1F, 0xFF, 0xF7, 0xF7, 0x3C, 0x30, 0x00, 0x0F, 0x00, 0x01, 0xF0, 0x00, 0x3E, 0x00, 0x37,
    0x80, 0x0F, 0xE0, 0x03, 0xF8, 0x00, 0xE7, 0x00, 0x18, 0x60, 0x00, 0x60, 0x00, 0x1E, 0x00, 0x03,
    0xC0, 0x00, 0xF8, 0x00, 0x1F, 0x80, 0x03, 0x70, 0x00, 0xE6, 0x00, 0x18, 0xE0, 0x07, 0x0C, 0x00,
    0xC1, 0xC0, 0x7F, 0xF8, 0x1F, 0xFF, 0x81, 0xFF, 0xF0, 0x38, 0x07, 0x0E, 0x00, 0xE1, 0xC0, 0x0E,
    0x70, 0x01, 0xCE, 0x00, 0x3D, 0x80, 0x03, 0x00, 0x00, 0xF0, 0x0F, 0xC0, 0x3E, 0x01, 0xE0, 0x2C,
    0x07, 0xE0, 0x7E, 0x07, 0xB8, 0x30, 0xE0, 0x00, 0x01, 0xD8, 0x3F, 0xE3, 0xFF, 0x3C, 0x79, 0xC1,
    0x9C, 0x0C, 0xE0, 0x67, 0x07, 0x38, 0x39, 0xC1, 0xEE, 0x1F, 0x7F, 0xF9, 0xFD, 0xC7, 0x86, 0x01,
    0xCC, 0x00, 0x7F, 0x80, 0x1D, 0xE0, 0x01, 0x38, 0x00, 0x0F, 0x00, 0x03, 0xF0, 0x00, 0xE7, 0x00,
    0x18, 0x60, 0x00, 0x60, 0x00, 0x1E, 0x00, 0x03, 0xC0, 0x00, 0xF8, 0x00, 0x1F, 0x80, 0x03, 0x70,
    0x00, 0xE6, 0x00, 0x18, 0xE0, 0x07, 0x0C, 0x00, 0xC1, 0xC0, 0x7F, 0xF8, 0x1F, 0xFF, 0x81, 0xFF,
    0xF0, 0x38, 0x07, 0x0E, 0x00, 0xE1, 0xC0, 0x0E, 0x70, 0x01, 0xCE, 0x00, 0x3D, 0x80, 0x03, 0x00,
    0x0E, 0x61, 0xFE, 0x3F, 0xC3, 0x38, 0x0F, 0x01, 0xF8, 0x3D, 0xC3, 0x0E, 0x00, 0x00, 0x76, 0x1F,
    0xF3, 0xFF, 0x78, 0xF7, 0x06, 0xE0, 0x6E, 0x06, 0xE0, 0xEE, 0x0E, 0xE0, 0xFE, 0x1F, 0xFF, 0xF7,
    0xF7, 0x3C, 0x30, 0x00, 0x60, 0x00, 0x1E, 0x00, 0x07, 0xE0, 0x01, 0xCE, 0x00, 0x30, 0xC0, 0x00,
    0xC0, 0x00, 0x3C, 0x00, 0x07, 0x80, 0x01, 0xF0, 0x00, 0x3F, 0x00, 0x06, 0xE0, 0x01, 0xCC, 0x00,
    0x31, 0xC0, 0x0E, 0x18, 0x01, 0x83, 0x80, 0xFF, 0xF0, 0x3F, 0xFF, 0x03, 0xFF, 0xE0, 0x70, 0x0E,
    0x1C, 0x01, 0xC3, 0x80, 0x1C, 0xE0, 0x03, 0x9C, 0x00, 0x7B, 0x00, 0x06, 0x00, 0x40, 0x00, 0x1C,
    0x00, 0x03, 0x80, 0x00, 0x30, 0x00, 0x06, 0x00, 0xF0, 0x1F, 0x83, 0xDC, 0x30, 0xE0, 0x00, 0x07,
    0x61, 0xFF, 0x3F, 0xF7, 0x8F, 0x70, 0x6E, 0x06, 0xE0, 0x6E, 0x0E, 0xE0, 0xEE, 0x0F, 0xE1, 0xFF,
    0xFF, 0x7F, 0x73, 0xC3, 0x06, 0x00, 0xF0, 0x0F, 0x00, 0x60, 0x00, 0x1C, 0x00, 0x07, 0x80, 0x01,
    0xE0, 0x01, 0x72, 0x00, 0x79, 0xC0, 0x07, 0xF8, 0x00, 0x7E, 0x00, 0x00, 0x00, 0x00, 0x60, 0x00,
    0x1E, 0x00, 0x03, 0xC0, 0x00, 0xF8, 0x00, 0x1F, 0x80, 0x03, 0x70, 0x00, 0xE6, 0x00, 0x18, 0xE0,
    0x07, 0x0C, 0x00, 0xC1, 0xC0, 0x7F, 0xF8, 0x1F, 0xFF, 0x81, 0xFF, 0xF0, 0x38, 0x07, 0x0E, 0x00,
    0xE1, 0xC0, 0x0E, 0x70, 0x01, 0xCE, 0x00, 0x3D, 0x80, 0x03, 0x00, 0x00, 0xE0, 0x3E, 0x07, 0xC0,
    0x60, 0x00, 0x03, 0x06, 0x3F, 0xE1, 0xFC, 0x0F, 0x80, 0x76, 0x1F, 0xF3, 0xFF, 0x78, 0xF7, 0x06,
    0xE0, 0x6E, 0x06, 0xE0, 0xEE, 0x0E, 0xE0, 0xFE, 0x1F, 0xFF, 0xF7, 0xF7, 0x3C, 0x30, 0x03, 0x80,
    0x00, 0xF8, 0x00, 0x07, 0x80, 0x01, 0x3A, 0x00, 0x79, 0xC0, 0x07, 0xF8, 0x00, 0x7E, 0x00, 0x00,
    0x00, 0x00, 0x60, 0x00, 0x1E, 0x00, 0x03, 0xC0, 0x00, 0xF8, 0x00, 0x1F, 0x80, 0x03, 0x70, 0x00,
    0xE6, 0x00, 0x18, 0xE0, 0x07, 0x0C, 0x00, 0xC1, 0xC0, 0x7F, 0xF8, 0x1F, 0xFF, 0x81, 0xFF, 0xF0,
    0x38, 0x07, 0x0E, 0x00, 0xE1, 0xC0, 0x0E, 0x70, 0x01, 0xCE, 0x00, 0x3D, 0x80, 0x03, 0x00, 0x1C,
    0x03, 0xE0, 0x1F, 0x00, 0x38, 0x00, 0x03, 0x06, 0x3F, 0xE1, 0xFC, 0x0F, 0x80, 0x76, 0x1F, 0xF3,
    0xFF, 0x78, 0xF7, 0x06, 0xE0, 0x6E, 0x06, 0xE0, 0xEE, 0x0E, 0xE0, 0xFE, 0x1F, 0xFF, 0xF7, 0xF7,
    0x3C, 0x30, 0x00, 0xF8, 0x00, 0x1F, 0x00, 0x01, 0xE0, 0x00, 0x7C, 0x00, 0x3E, 0xC0, 0x07, 0xF8,
    0x00, 0x7E, 0x00, 0x03, 0x00, 0x00, 0x60, 0x00, 0x1E, 0x00, 0x03, 0xC0, 0x00, 0xF8, 0x00, 0x1F,
    0x80, 0x03, 0x70, 0x00, 0xE6, 0x00, 0x18, 0xE0, 0x07, 0x0C, 0x00, 0xC1, 0xC0, 0x7F, 0xF8, 0x1F,
    0xFF, 0x81, 0xFF, 0xF0, 0x38, 0x07, 0x0E, 0x00, 0xE1, 0xC0, 0x0E, 0x70, 0x01, 0xCE, 0x00, 0x3D,
    0x80, 0x03, 0x00, 0x07, 0x80, 0xFC, 0x07, 0xC0, 0x78, 0x06, 0x03, 0x66, 0x3F, 0xE1, 0xFC, 0x0F,
    0x80, 0x76, 0x1F, 0xF3, 0xFF, 0x78, 0xF7, 0x06, 0xE0, 0x6E, 0x06, 0xE0, 0xEE, 0x0E, 0xE0, 0xFE,
    0x1F, 0xFF, 0xF7, 0xF7, 0x3C, 0x30, 0x01, 0xE4, 0x00, 0x7F, 0x80, 0x0D, 0xF0, 0x01, 0x0E, 0x00,
    0x79, 0xC0, 0x07, 0xF8, 0x00, 0x7E, 0x00, 0x00, 0x00, 0x00, 0x60, 0x00, 0x1E, 0x00, 0x03, 0xC0,
    0x00, 0xF8, 0x00, 0x1F, 0x80, 0x03, 0x70, 0x00, 0xE6, 0x00, 0x18, 0xE0, 0x07, 0x0C, 0x00, 0xC1,
    0xC0, 0x7F, 0xF8, 0x1F, 0xFF, 0x81, 0xFF, 0xF0, 0x38, 0x07, 0x0E, 0x00, 0xE1, 0xC0, 0x0E, 0x70,
    0x01, 0xCE, 0x00, 0x3D, 0x80, 0x03, 0x00, 0x1E, 0x63, 0xFE, 0x33, 0xC0, 0x00, 0x30, 0x63, 0xFE,
    0x1F, 0xC0, 0xF8, 0x07, 0x61, 0xFF, 0x3F, 0xF7, 0x8F, 0x70, 0x6E, 0x06, 0xE0, 0x6E, 0x0E, 0xE0,
    0xEE, 0x0F, 0xE1, 0xFF, 0xFF, 0x7F, 0x73, 0xC3, 0x02, 0x04, 0x00, 0xF3, 0x80, 0x0F, 0xF0, 0x00,
    0xFC, 0x00, 0x00, 0x00, 0x00, 0xC0, 0x00, 0x3C, 0x00, 0x07, 0x80, 0x01, 0xF0, 0x00, 0x3F, 0x00,
    0x06, 0xE0, 0x01, 0xCC, 0x00, 0x31, 0xC0, 0x0E, 0x18, 0x01, 0x83, 0x80, 0xFF, 0xF0, 0x3F, 0xFF,
    0x03, 0xFF, 0xE0, 0x70, 0x0E, 0x1C, 0x01, 0xC3, 0x80, 0x1C, 0xE0, 0x03, 0x9C, 0x00, 0x7B, 0x00,
    0x06, 0x00, 0x40, 0x00, 0x1C, 0x00, 0x03, 0x80, 0x00, 0x30, 0x00, 0x30, 0x63, 0xFE, 0x1F, 0xC0,
    0xF8, 0x07, 0x61, 0xFF, 0x3F, 0xF7, 0x8F, 0x70, 0x6E, 0x06, 0xE0, 0x6E, 0x0E, 0xE0, 0xEE, 0x0F,
    0xE1, 0xFF, 0xFF, 0x7F, 0x73, 0xC3, 0x06, 0x00, 0xF0, 0x0F, 0x00, 0x60, 0x7F, 0xF9, 0xFF, 0xE7,
    0xF8, 0x1C, 0x00, 0x70, 0x01, 0xC0, 0x07, 0x00, 0x1F, 0xFC, 0x7F, 0xF1, 0xFF, 0x87, 0x00, 0x1C,
    0x00, 0x70, 0x01, 0xC0, 0x07, 0x00, 0x1C, 0x00, 0x7F, 0xFD, 0xFF, 0xF3, 0xFF, 0x80, 0xC0, 0x03,
    0x80, 0x0E, 0x00, 0x38, 0x00, 0x01, 0x80, 0x3F, 0x07, 0xFC, 0x38, 0x73, 0x83, 0x98, 0x3D, 0xFF,
    0xCF, 0xFC, 0x7C, 0x03, 0x80, 0xDC, 0x0C, 0x7F, 0xE1, 0xFE, 0x07, 0xC0, 0x08, 0x00, 0xE0, 0x07,
    0x00, 0x18, 0x00, 0x01, 0x80, 0x1F, 0x00, 0x7E, 0x00, 0xF8, 0x03, 0x80, 0x0C, 0x07, 0xFF, 0x9F,
    0xFE, 0x7F, 0x81, 0xC0, 0x07, 0x00, 0x1C, 0x00, 0x70, 0x01, 0xFF, 0xC7, 0xFF, 0x1F, 0xF8, 0x70,
    0x01, 0xC0, 0x07, 0x00, 0x1C, 0x00, 0x70, 0x01, 0xC0, 0x07, 0xFF, 0xDF, 0xFF, 0x3F, 0xF8, 0x07,
    0xC0, 0x3E, 0x00, 0xF0, 0x07, 0x80, 0x30, 0x01, 0x80, 0x06, 0x00, 0xFC, 0x1F, 0xF0, 0xE1, 0xCE,
    0x0E, 0x60, 0xF7, 0xFF, 0x3F, 0xF1, 0xF0, 0x0E, 0x03, 0x70, 0x31, 0xFF, 0x87, 0xF8, 0x1F, 0x00,
    0x1E, 0x60, 0xFF, 0x03, 0x7C, 0x00, 0x40, 0xFF, 0xF3, 0xFF, 0xEF, 0xF0, 0x38, 0x00, 0xE0, 0x03,
    0x80, 0x0E, 0x00, 0x3F, 0xF8, 0xFF, 0xE3, 0xFF, 0x8E, 0x00, 0x38, 0x00, 0xE0, 0x03, 0x80, 0x0E,
    0x00, 0x38, 0x00, 0xFF, 0xFB, 0xFF, 0xE7, 0xFF, 0x80, 0x0E, 0x20, 0xFF, 0x07, 0xF8, 0x23, 0x80,
    0x00, 0x00, 0xC0, 0x1F, 0x83, 0xFE, 0x1C, 0x39, 0xC1, 0xCC, 0x1E, 0xFF, 0xE7, 0xFE, 0x3E, 0x01,
    0xC0, 0x6E, 0x06, 0x3F, 0xF0, 0xFF, 0x03, 0xE0, 0x00, 0xE0, 0x07, 0xC0, 0x3E, 0x00, 0xC0, 0x07,
    0xC0, 0x3F, 0x01, 0xCE, 0x06, 0x0C, 0x7F, 0xF9, 0xFF, 0xE7, 0xF8, 0x1C, 0x00, 0x70, 0x01, 0xC0,
    0x07, 0x00, 0x1F, 0xFC, 0x7F, 0xF1, 0xFF, 0x87, 0x00, 0x1C, 0x00, 0x70, 0x01, 0xC0, 0x07, 0x00,
    0x1C, 0x00, 0x7F, 0xFD, 0xFF, 0xF3, 0xFF, 0x80, 0x00, 0xE0, 0x0F, 0x80, 0xF8, 0x0E, 0x00, 0x78,
    0x07, 0xE0, 0x77, 0x87, 0x0C, 0x00, 0x00, 0x0C, 0x01, 0xF8, 0x3F, 0xE1, 0xC3, 0x9C, 0x1C, 0xC1,
    0xEF, 0xFE, 0x7F, 0xE3, 0xE0, 0x1C, 0x06, 0xE0, 0x63, 0xFF, 0x0F, 0xF0, 0x3E, 0x00, 0x1C, 0x00,
    0x7C, 0x00, 0xF8, 0x00, 0xE0, 0x07, 0xC0, 0x3F, 0x81, 0xCE, 0x06, 0x0C, 0x7F, 0xF9, 0xFF, 0xE7,
    0xF8, 0x1C, 0x00, 0x70, 0x01, 0xC0, 0x07, 0x00, 0x1F, 0xFC, 0x7F, 0xF1, 0xFF, 0x87, 0x00, 0x1C,
    0x00, 0x70, 0x01, 0xC0, 0x07, 0x00, 0x1C, 0x00, 0x7F, 0xFD, 0xFF, 0xF3, 0xFF, 0x80, 0x1C, 0x00,
    0xF8, 0x03, 0xE0, 0x07, 0x00, 0x78, 0x07, 0xE0, 0x77, 0x87, 0x0C, 0x00, 0x00, 0x0C, 0x01, 0xF8,
    0x3F, 0xE1, 0xC3, 0x9C, 0x1C, 0xC1, 0xEF, 0xFE, 0x7F, 0xE3, 0xE0, 0x1C, 0x06, 0xE0, 0x63, 0xFF,
    0x0F, 0xF0, 0x3E, 0x00, 0x00, 0x7C, 0x01, 0xF0, 0x03, 0xC0, 0xDF, 0x07, 0xF0, 0x3F, 0xC1, 0xCE,
    0x06, 0x0C, 0x7F, 0xF9, 0xFF, 0xE7, 0xF8, 0x1C, 0x00, 0x70, 0x01, 0xC0, 0x07, 0x00, 0x1F, 0xFC,
    0x7F, 0xF1, 0xFF, 0x87, 0x00, 0x1C, 0x00, 0x70, 0x01, 0xC0, 0x07, 0x00, 0x1C, 0x00, 0x7F, 0xFD,
    0xFF, 0xF3, 0xFF, 0x80, 0x00, 0xF0, 0x07, 0xC0, 0x3E, 0x01, 0xF0, 0x3E, 0x03, 0xF0, 0x3F, 0x03,
    0xBC, 0x38, 0x60, 0x00, 0x00, 0x60, 0x0F, 0xC1, 0xFF, 0x0E, 0x1C, 0xE0, 0xE6, 0x0F, 0x7F, 0xF3,
    0xFF, 0x1F, 0x00, 0xE0, 0x37, 0x03, 0x1F, 0xF8, 0x7F, 0x81, 0xF0, 0x0F, 0x20, 0x7F, 0x81, 0xBE,
    0x04, 0xE0, 0x07, 0xC0, 0x3F, 0x81, 0xCE, 0x06, 0x0C, 0x7F, 0xF9, 0xFF, 0xE7, 0xF8, 0x1C, 0x00,
    0x70, 0x01, 0xC0, 0x07, 0x00, 0x1F, 0xFC, 0x7F, 0xF1, 0xFF, 0x87, 0x00, 0x1C, 0x00, 0x70, 0x01,
    0xC0, 0x07, 0x00, 0x1C, 0x00, 0x7F, 0xFD, 0xFF, 0xF3, 0xFF, 0x80, 0x0E, 0x20, 0xFF, 0x07, 0xF8,
    0x27, 0x00, 0x78, 0x07, 0xE0, 0x77, 0x87, 0x0C, 0x00, 0x00, 0x0C, 0x01, 0xF8, 0x3F, 0xE1, 0xC3,
    0x9C, 0x1C, 0xC1, 0xEF, 0xFE, 0x7F, 0xE3, 0xE0, 0x1C, 0x06, 0xE0, 0x63, 0xFF, 0x0F, 0xF0, 0x3E,
    0x00, 0x03, 0x00, 0x1F, 0x00, 0xFE, 0x07, 0x38, 0x18, 0x31, 0xFF, 0xE7, 0xFF, 0x9F, 0xE0, 0x70,
    0x01, 0xC0, 0x07, 0x00, 0x1C, 0x00, 0x7F, 0xF1, 0xFF, 0xC7, 0xFE, 0x1C, 0x00, 0x70, 0x01, 0xC0,
    0x07, 0x00, 0x1C, 0x00, 0x70, 0x01, 0xFF, 0xF7, 0xFF, 0xCF, 0xFE, 0x03, 0x00, 0x0E, 0x00, 0x38,
    0x00, 0xE0, 0x03, 0x00, 0x3C, 0x03, 0xF0, 0x3B, 0xC3, 0x86, 0x00, 0x00, 0x06, 0x00, 0xFC, 0x1F,
    0xF0, 0xE1, 0xCE, 0x0E, 0x60, 0xF7, 0xFF, 0x3F, 0xF1, 0xF0, 0x0E, 0x03, 0x70, 0x31, 0xFF, 0x87,
    0xF8, 0x1F, 0x00, 0x20, 0x03, 0x80, 0x1C, 0x00, 0x60, 0x77, 0xFE, 0xFF, 0x33, 0x9C, 0xE7, 0x39,
    0xCE, 0x73, 0x9C, 0xE7, 0x39, 0xCE, 0x73, 0x9C, 0x60, 0x7B, 0xF7, 0xDE, 0x60, 0x84, 0x1C, 0x71,
    0xC7, 0x1C, 0x71, 0xC7, 0x1C, 0x71, 0xC7, 0x08, 0xEE, 0xEE, 0xEE, 0xEE, 0xEE, 0xEE, 0xEE, 0xEE,
    0xEE, 0x64, 0xEF, 0x60, 0x67, 0x72, 0x04, 0x77, 0x77, 0x77, 0x77, 0x77, 0x77, 0x26, 0x77, 0x70,
    0x03, 0xF8, 0x0F, 0xFE, 0x0F, 0x87, 0x8F, 0x01, 0xE7, 0x00, 0x73, 0x80, 0x3B, 0x80, 0x0F, 0xC0,
    0x07, 0xE0, 0x03, 0xF0, 0x01, 0xF8, 0x00, 0xFC, 0x00, 0x7E, 0x00, 0x77, 0x00, 0x39, 0xC0, 0x3C,
    0xF0, 0x3C, 0x3F, 0xFC, 0x0F, 0xFC, 0x01, 0xF8, 0x00, 0x30, 0x00, 0x1C, 0x00, 0x0E, 0x00, 0x07,
    0x00, 0x03, 0x01, 0xFC, 0x3F, 0xE7, 0x8F, 0x70, 0x7E, 0x07, 0xE0, 0x7E, 0x07, 0xE0, 0x7E, 0x07,
    0xE0, 0xE7, 0xFE, 0x3F, 0xC1, 0xF0, 0x06, 0x00, 0xF0, 0x0F, 0x00, 0x60, 0x00, 0xE0, 0x00, 0xF8,
    0x00, 0x7C, 0x00, 0x1E, 0x00, 0x1E, 0x00, 0x06, 0x00, 0x0F, 0xE0, 0x3F, 0xF8, 0x3E, 0x1E, 0x3C,
    0x07, 0x9C, 0x01, 0xCE, 0x00, 0xEE, 0x00, 0x3F, 0x00, 0x1F, 0x80, 0x0F, 0xC0, 0x07, 0xE0, 0x03,
    0xF0, 0x01, 0xF8, 0x01, 0xDC, 0x00, 0xE7, 0x00, 0xF3, 0xC0, 0xF0, 0xFF, 0xF0, 0x3F, 0xF0, 0x07,
    0xE0, 0x00, 0x07, 0x80, 0xFC, 0x07, 0xC0, 0x78, 0x06, 0x00, 0x20, 0x03, 0x01, 0xFC, 0x3F, 0xE7,
    0x8F, 0x70, 0x7E, 0x07, 0xE0, 0x7E, 0x07, 0xE0, 0x7E, 0x07, 0xE0, 0xE7, 0xFE, 0x3F, 0xC1, 0xF0,
    0x00, 0x38, 0x00, 0x7C, 0x00, 0x7C, 0x00, 0x38, 0x00, 0x3E, 0x00, 0x3F, 0x80, 0x1D, 0xE0, 0x18,
    0x30, 0x03, 0xF8, 0x0F, 0xFE, 0x0F, 0x87, 0x8F, 0x01, 0xE7, 0x00, 0x73, 0x80, 0x3B, 0x80, 0x0F,
    0xC0, 0x07, 0xE0, 0x03, 0xF0, 0x01, 0xF8, 0x00, 0xFC, 0x00, 0x7E, 0x00, 0x77, 0x00, 0x39, 0xC0,
    0x3C, 0xF0, 0x3C, 0x3F, 0xFC, 0x0F, 0xFC, 0x01, 0xF8, 0x00, 0x00, 0xE0, 0x1E, 0x03, 0xC0, 0x70,
    0x0F, 0x80, 0xFC, 0x1D, 0xE3, 0x86, 0x00, 0x00, 0x30, 0x1F, 0xC3, 0xFE, 0x78, 0xF7, 0x07, 0xE0,
    0x7E, 0x07, 0xE0, 0x7E, 0x07, 0xE0, 0x7E, 0x0E, 0x7F, 0xE3, 0xFC, 0x1F, 0x00, 0x07, 0x00, 0x07,
    0xC0, 0x01, 0xF0, 0x00, 0x38, 0x00, 0x3E, 0x00, 0x3F, 0x80, 0x1D, 0xE0, 0x18, 0x30, 0x03, 0xF8,
    0x0F, 0xFE, 0x0F, 0x87, 0x8F, 0x01, 0xE7, 0x00, 0x73, 0x80, 0x3B, 0x80, 0x0F, 0xC0, 0x07, 0xE0,
    0x03, 0xF0, 0x01, 0xF8, 0x00, 0xFC, 0x00, 0x7E, 0x00, 0x77, 0x00, 0x39, 0xC0, 0x3C, 0xF0, 0x3C,
    0x3F, 0xFC, 0x0F, 0xFC, 0x01, 0xF8, 0x00, 0x1C, 0x01, 0xE0, 0x0F, 0x80, 0x38, 0x0F, 0x80, 0xFC,
    0x1D, 0xE3, 0x86, 0x00, 0x00, 0x30, 0x1F, 0xC3, 0xFE, 0x78, 0xF7, 0x07, 0xE0, 0x7E, 0x07, 0xE0,
    0x7E, 0x07, 0xE0, 0x7E, 0x0E, 0x7F, 0xE3, 0xFC, 0x1F, 0x00, 0x00, 0x3E, 0x00, 0x1F, 0x80, 0x07,
    0xC0, 0x3B, 0xC0, 0x3F, 0x80, 0x3F, 0xC0, 0x1D, 0xE0, 0x18, 0x30, 0x03, 0xF8, 0x0F, 0xFE, 0x0F,
    0x87, 0x8F, 0x01, 0xE7, 0x00, 0x73, 0x80, 0x3B, 0x80, 0x0F, 0xC0, 0x07, 0xE0, 0x03, 0xF0, 0x01,
    0xF8, 0x00, 0xFC, 0x00, 0x7E, 0x00, 0x77, 0x00, 0x39, 0xC0, 0x3C, 0xF0, 0x3C, 0x3F, 0xFC, 0x0F,
    0xFC, 0x01, 0xF8, 0x00, 0x00, 0xF0, 0x07, 0xC0, 0x3E, 0x01, 0xF0, 0x2E, 0x07, 0xE0, 0x3F, 0x03,
    0xBC, 0x38, 0x60, 0x00, 0x00, 0xC0, 0x3F, 0x83, 0xFE, 0x3C, 0x79, 0xC1, 0xDC, 0x0E, 0xE0, 0x77,
    0x03, 0xB8, 0x1D, 0xC0, 0xEE, 0x0E, 0x3F, 0xF0, 0xFF, 0x03, 0xE0, 0x07, 0x98, 0x03, 0xFC, 0x03,
    0x3C, 0x00, 0x38, 0x00, 0x3E, 0x00, 0x3F, 0x80, 0x1D, 0xE0, 0x18, 0x30, 0x03, 0xF8, 0x0F, 0xFE,
    0x0F, 0x87, 0x8F, 0x01, 0xE7, 0x00, 0x73, 0x80, 0x3B, 0x80, 0x0F, 0xC0, 0x07, 0xE0, 0x03, 0xF0,
    0x01, 0xF8, 0x00, 0xFC, 0x00, 0x7E, 0x00, 0x77, 0x00, 0x39, 0xC0, 0x3C, 0xF0, 0x3C, 0x3F, 0xFC,
    0x0F, 0xFC, 0x01, 0xF8, 0x00, 0x0E, 0x61, 0xFE, 0x3F, 0xC1, 0x38, 0x0F, 0x80, 0xFC, 0x1D, 0xE3,
    0x86, 0x00, 0x00, 0x30, 0x1F, 0xC3, 0xFE, 0x78, 0xF7, 0x07, 0xE0, 0x7E, 0x07, 0xE0, 0x7E, 0x07,
    0xE0, 0x7E, 0x0E, 0x7F, 0xE3, 0xFC, 0x1F, 0x00, 0x01, 0xC0, 0x01, 0xF0, 0x01, 0xFC, 0x00, 0xEF,
    0x00, 0xC1, 0x80, 0x1F, 0xC0, 0x7F, 0xF0, 0x7C, 0x3C, 0x78, 0x0F, 0x38, 0x03, 0x9C, 0x01, 0xDC,
    0x00, 0x7E, 0x00, 0x3F, 0x00, 0x1F, 0x80, 0x0F, 0xC0, 0x07, 0xE0, 0x03, 0xF0, 0x03, 0xB8, 0x01,
    0xCE, 0x01, 0xE7, 0x81, 0xE1, 0xFF, 0xE0, 0x7F, 0xE0, 0x0F, 0xC0, 0x01, 0x80, 0x00, 0xE0, 0x00,
    0x70, 0x00, 0x38, 0x00, 0x02, 0x00, 0xF8, 0x0F, 0xC1, 0xDE, 0x38, 0x60, 0x00, 0x03, 0x01, 0xFC,
    0x3F, 0xE7, 0x8F, 0x70, 0x7E, 0x07, 0xE0, 0x7E, 0x07, 0xE0, 0x7E, 0x07, 0xE0, 0xE7, 0xFE, 0x3F,
    0xC1, 0xF0, 0x06, 0x00, 0xF0, 0x0F, 0x00, 0x60, 0x00, 0x00, 0x00, 0x38, 0x00, 0x1F, 0x00, 0x0F,
    0x00, 0x03, 0x01, 0x00, 0xFE, 0xE1, 0xFF, 0xDC, 0xF8, 0x7F, 0x78, 0x0F, 0x9C, 0x01, 0xE7, 0x00,
    0x73, 0x80, 0x0E, 0xE0, 0x03, 0xB8, 0x00, 0xEE, 0x00, 0x3B, 0x80, 0x0E, 0xE0, 0x03, 0xB8, 0x01,
    0xCE, 0x00, 0x71, 0xC0, 0x3C, 0x78, 0x1E, 0x0F, 0xFF, 0x01, 0xFF, 0x80, 0x1F, 0x80, 0x03, 0x80,
    0x1E, 0x00, 0xF0, 0x07, 0x00, 0x00, 0x30, 0x0C, 0xE1, 0xFD, 0x8F, 0xFE, 0x78, 0xF9, 0xC1, 0xCE,
    0x07, 0x38, 0x1C, 0xE0, 0x73, 0x81, 0xCE, 0x07, 0x38, 0x38, 0x7F, 0xE0, 0xFF, 0x01, 0xF0, 0x00,
    0x00, 0x00, 0x01, 0xE0, 0x00, 0x7C, 0x00, 0x07, 0x80, 0x00, 0x61, 0x00, 0xFE, 0xE1, 0xFF, 0xDC,
    0xF8, 0x7F, 0x78, 0x0F, 0x9C, 0x01, 0xE7, 0x00, 0x73, 0x80, 0x0E, 0xE0, 0x03, 0xB8, 0x00, 0xEE,
    0x00, 0x3B, 0x80, 0x0E, 0xE0, 0x03, 0xB8, 0x01, 0xCE, 0x00, 0x71, 0xC0, 0x3C, 0x78, 0x1E, 0x0F,
    0xFF, 0x01, 0xFF, 0x80, 0x1F, 0x80, 0x0C, 0x00, 0x7C, 0x00, 0xF8, 0x00, 0x60, 0x00, 0x30, 0x0C,
    0xE1, 0xFD, 0x8F, 0xFE, 0x78, 0xF9, 0xC1, 0xCE, 0x07, 0x38, 0x1C, 0xE0, 0x73, 0x81, 0xCE, 0x07,
    0x38, 0x38, 0x7F, 0xE0, 0xFF, 0x01, 0xF0, 0x00, 0x00, 0xC0, 0x00, 0xF8, 0x00, 0x3F, 0x00, 0x07,
    0xC0, 0x01, 0xC0, 0x00, 0x60, 0x40, 0x3F, 0xB8, 0x7F, 0xF7, 0x3E, 0x1F, 0xDE, 0x03, 0xE7, 0x00,
    0x79, 0xC0, 0x1C, 0xE0, 0x03, 0xB8, 0x00, 0xEE, 0x00, 0x3B, 0x80, 0x0E, 0xE0, 0x03, 0xB8, 0x00,
    0xEE, 0x00, 0x73, 0x80, 0x1C, 0x70, 0x0F, 0x1E, 0x07, 0x83, 0xFF, 0xC0, 0x7F, 0xE0, 0x07, 0xE0,
    0x00, 0x07, 0x80, 0x3F, 0x00, 0x7C, 0x01, 0xE0, 0x06, 0x00, 0x08, 0xC0, 0x33, 0x87, 0xF6, 0x3F,
    0xF9, 0xE3, 0xE7, 0x07, 0x38, 0x1C, 0xE0, 0x73, 0x81, 0xCE, 0x07, 0x38, 0x1C, 0xE0, 0xE1, 0xFF,
    0x83, 0xFC, 0x07, 0xC0, 0x03, 0x98, 0x01, 0xFE, 0x00, 0xEF, 0x00, 0x00, 0x04, 0x03, 0xFB, 0x87,
    0xFF, 0x73, 0xE1, 0xFD, 0xE0, 0x3E, 0x70, 0x07, 0x9C, 0x01, 0xCE, 0x00, 0x3B, 0x80, 0x0E, 0xE0,
    0x03, 0xB8, 0x00, 0xEE, 0x00, 0x3B, 0x80, 0x0E, 0xE0, 0x07, 0x38, 0x01, 0xC7, 0x00, 0xF1, 0xE0,
    0x78, 0x3F, 0xFC, 0x07, 0xFE, 0x00, 0x7E, 0x00, 0x1E, 0x60, 0x7F, 0x83, 0xFC, 0x0C, 0x60, 0x00,
    0x30, 0x0C, 0xE1, 0xFD, 0x8F, 0xFE, 0x78, 0xF9, 0xC1, 0xCE, 0x07, 0x38, 0x1C, 0xE0, 0x73, 0x81,
    0xCE, 0x07, 0x38, 0x38, 0x7F, 0xE0, 0xFF, 0x01, 0xF0, 0x00, 0x00, 0x01, 0x00, 0xFE, 0xE1, 0xFF,
    0xDC, 0xF8, 0x7F, 0x78, 0x0F, 0x9C, 0x01, 0xE7, 0x00, 0x73, 0x80, 0x0E, 0xE0, 0x03, 0xB8, 0x00,
    0xEE, 0x00, 0x3B, 0x80, 0x0E, 0xE0, 0x03, 0xB8, 0x01, 0xCE, 0x00, 0x71, 0xC0, 0x3C, 0x78, 0x1E,
    0x0F, 0xFF, 0x01, 0xFF, 0x80, 0x1F, 0x80, 0x00, 0xC0, 0x00, 0x38, 0x00, 0x0E, 0x00, 0x03, 0x80,
    0x00, 0x30, 0x0C, 0xE1, 0xFD, 0x8F, 0xFE, 0x78, 0xF9, 0xC1, 0xCE, 0x07, 0x38, 0x1C, 0xE0, 0x73,
    0x81, 0xCE, 0x07, 0x38, 0x38, 0x7F, 0xE0, 0xFF, 0x01, 0xF0, 0x00, 0x80, 0x07, 0x00, 0x1C, 0x00,
    0x30, 0x00, 0xE0, 0x1F, 0x80, 0x7E, 0x01, 0xF8, 0x07, 0xE0, 0x1F, 0x80, 0x7E, 0x01, 0xF8, 0x07,
    0xE0, 0x1F, 0x80, 0x7E, 0x01, 0xF8, 0x07, 0xE0, 0x1F, 0x80, 0x7E, 0x03, 0x9C, 0x1E, 0x7F, 0xF0,
    0xFF, 0x80, 0xF8, 0x00, 0x80, 0x07, 0x00, 0x1E, 0x00, 0x30, 0x00, 0x80, 0x4E, 0x0E, 0xE0, 0xEE,
    0x0E, 0xE0, 0xEE, 0x0E, 0xE0, 0xEE, 0x0E, 0xE1, 0xEE, 0x1E, 0xE3, 0xEF, 0xFE, 0x7F, 0x73, 0xC6,
    0x04, 0x00, 0xE0, 0x0E, 0x00, 0x60, 0x03, 0x80, 0x1F, 0x00, 0x7C, 0x00, 0xF0, 0x07, 0x80, 0x0C,
    0x0E, 0x01, 0xF8, 0x07, 0xE0, 0x1F, 0x80, 0x7E, 0x01, 0xF8, 0x07, 0xE0, 0x1F, 0x80, 0x7E, 0x01,
    0xF8, 0x07, 0xE0, 0x1F, 0x80, 0x7E, 0x01, 0xF8, 0x07, 0xE0, 0x39, 0xC1, 0xE7, 0xFF, 0x0F, 0xF8,
    0x0F, 0x80, 0x0F, 0x01, 0xF8, 0x0F, 0x80, 0xF0, 0x0C, 0x00, 0x40, 0x80, 0x4E, 0x0E, 0xE0, 0xEE,
    0x0E, 0xE0, 0xEE, 0x0E, 0xE0, 0xEE, 0x0E, 0xE1, 0xEE, 0x1E, 0xE3, 0xEF, 0xFE, 0x7F, 0x73, 0xC6,
    0x00, 0x00, 0x01, 0xC0, 0x07, 0xC2, 0x0F, 0x87, 0x0C, 0x07, 0xE0, 0x1F, 0xE0, 0x1F, 0xE0, 0x1F,
    0xE0, 0x1C, 0xE0, 0x1C, 0xE0, 0x1C, 0xE0, 0x1C, 0xE0, 0x1C, 0xE0, 0x1C, 0xE0, 0x1C, 0xE0, 0x1C,
    0xE0, 0x1C, 0xE0, 0x1C, 0xE0, 0x1C, 0xE0, 0x38, 0x70, 0x78, 0x7F, 0xF0, 0x3F, 0xE0, 0x0F, 0x80,
    0x07, 0x00, 0x3E, 0x01, 0xF0, 0x06, 0x06, 0x00, 0x3A, 0x01, 0x7E, 0x0F, 0xF8, 0x3E, 0xE0, 0xFB,
    0x83, 0x8E, 0x0E, 0x38, 0x38, 0xE0, 0xE3, 0x87, 0x8E, 0x1E, 0x38, 0xF8, 0xFF, 0xE1, 0xFD, 0xC3,
    0xC6, 0x00, 0x00, 0x00, 0x0E, 0x00, 0x0F, 0x82, 0x07, 0xC7, 0x00, 0xC7, 0xE0, 0x1F, 0xE0, 0x1F,
    0xE0, 0x1F, 0xE0, 0x1C, 0xE0, 0x1C, 0xE0, 0x1C, 0xE0, 0x1C, 0xE0, 0x1C, 0xE0, 0x1C, 0xE0, 0x1C,
    0xE0, 0x1C, 0xE0, 0x1C, 0xE0, 0x1C, 0xE0, 0x1C, 0xE0, 0x38, 0x70, 0x78, 0x7F, 0xF0, 0x3F, 0xE0,
    0x0F, 0x80, 0x18, 0x00, 0xF8, 0x01, 0xF0, 0x00, 0xC6, 0x00, 0x3A, 0x01, 0x7E, 0x0F, 0xF8, 0x3E,
    0xE0, 0xFB, 0x83, 0x8E, 0x0E, 0x38, 0x38, 0xE0, 0xE3, 0x87, 0x8E, 0x1E, 0x38, 0xF8, 0xFF, 0xE1,
    0xFD, 0xC3, 0xC6, 0x00, 0x03, 0x80, 0x07, 0xC0, 0x07, 0xC0, 0x03, 0xC2, 0x07, 0x87, 0x03, 0x07,
    0xE0, 0x1F, 0xE0, 0x1F, 0xE0, 0x1F, 0xE0, 0x1C, 0xE0, 0x1C, 0xE0, 0x1C, 0xE0, 0x1C, 0xE0, 0x1C,
    0xE0, 0x1C, 0xE0, 0x1C, 0xE0, 0x1C, 0xE0, 0x1C, 0xE0, 0x1C, 0xE0, 0x1C, 0xE0, 0x38, 0x70, 0x78,
    0x7F, 0xF0, 0x3F, 0xE0, 0x0F, 0x80, 0x0F, 0x00, 0x7E, 0x00, 0xF8, 0x03, 0xC0, 0x0C, 0x18, 0x10,
    0xE8, 0x05, 0xF8, 0x3F, 0xE0, 0xFB, 0x83, 0xEE, 0x0E, 0x38, 0x38, 0xE0, 0xE3, 0x83, 0x8E, 0x1E,
    0x38, 0x78, 0xE3, 0xE3, 0xFF, 0x87, 0xF7, 0x0F, 0x18, 0x0F, 0x20, 0x1F, 0xE2, 0x1B, 0xE7, 0x10,
    0x87, 0xE0, 0x1F, 0xE0, 0x1F, 0xE0, 0x1F, 0xE0, 0x1C, 0xE0, 0x1C, 0xE0, 0x1C, 0xE0, 0x1C, 0xE0,
    0x1C, 0xE0, 0x1C, 0xE0, 0x1C, 0xE0, 0x1C, 0xE0, 0x1C, 0xE0, 0x1C, 0xE0, 0x1C, 0xE0, 0x38, 0x70,
    0x78, 0x7F, 0xF0, 0x3F, 0xE0, 0x0F, 0x80, 0x1C, 0xC0, 0xFF, 0x07, 0xF8, 0x18, 0xC6, 0x00, 0x3A,
    0x01, 0x7E, 0x0F, 0xF8, 0x3E, 0xE0, 0xFB, 0x83, 0x8E, 0x0E, 0x38, 0x38, 0xE0, 0xE3, 0x87, 0x8E,
    0x1E, 0x38, 0xF8, 0xFF, 0xE1, 0xFD, 0xC3, 0xC6, 0x00, 0x00, 0x02, 0x00, 0x07, 0x00, 0x07, 0xE0,
    0x1F, 0xE0, 0x1F, 0xE0, 0x1F, 0xE0, 0x1C, 0xE0, 0x1C, 0xE0, 0x1C, 0xE0, 0x1C, 0xE0, 0x1C, 0xE0,
    0x1C, 0xE0, 0x1C, 0xE0, 0x1C, 0xE0, 0x1C, 0xE0, 0x1C, 0xE0, 0x1C, 0xE0, 0x38, 0x70, 0x78, 0x7F,
    0xF0, 0x3F, 0xE0, 0x0F, 0x80, 0x02, 0x00, 0x07, 0x00, 0x07, 0x80, 0x03, 0x00, 0x00, 0x18, 0x00,
    0xE8, 0x05, 0xF8, 0x3F, 0xE0, 0xFB, 0x83, 0xEE, 0x0E, 0x38, 0x38, 0xE0, 0xE3, 0x83, 0x8E, 0x1E,
    0x38, 0x78, 0xE3, 0xE3, 0xFF, 0x87, 0xF7, 0x0F, 0x18, 0x04, 0x00, 0x38, 0x00, 0xE0, 0x01, 0x80,
    0x03, 0x00, 0x03, 0xC0, 0x01, 0xF0, 0x00, 0x7C, 0x00, 0x1E, 0x00, 0x06, 0x00, 0x00, 0x01, 0xF0,
    0x3F, 0x7C, 0x1F, 0x3E, 0x1F, 0x0F, 0x8F, 0x87, 0xCF, 0x81, 0xF7, 0xC0, 0xFF, 0xC0, 0x3F, 0xE0,
    0x0F, 0xE0, 0x07, 0xE0, 0x01, 0xF0, 0x00, 0xF8, 0x00, 0x7C, 0x00, 0x3E, 0x00, 0x1F, 0x00, 0x0F,
    0x80, 0x07, 0xC0, 0x0C, 0x00, 0x78, 0x01, 0xF0, 0x03, 0xE0, 0x07, 0x80, 0x0C, 0x00, 0x00, 0x3E,
    0x1F, 0xF8, 0x79, 0xE1, 0xE7, 0xCF, 0x9F, 0x3C, 0x3C, 0xF0, 0xFF, 0xC3, 0xFE, 0x07, 0xF8, 0x1F,
    0xE0, 0x3F, 0x00, 0xFC, 0x01, 0xE0, 0x0F, 0x81, 0x7C, 0x0F, 0xF0, 0x3F, 0x80, 0xFC, 0x00, 0xE0,
    0x0F, 0xC0, 0x3D, 0xC0, 0x73, 0xC1, 0xC3, 0x83, 0x83, 0x8E, 0x07, 0x38, 0x07, 0x70, 0x07, 0xC0,
    0x0F, 0x80, 0x0E, 0x00, 0x1C, 0x00, 0x38, 0x00, 0x70, 0x00, 0xE0, 0x01, 0xC0, 0x03, 0x80, 0x07,
    0x00, 0x04, 0x00, 0x08, 0x00, 0x38, 0x00, 0x70, 0x00, 0xE0, 0x00, 0x40, 0x27, 0x01, 0x9C, 0x1C,
    0xE0, 0xE3, 0x8E, 0x1C, 0x70, 0x67, 0x03, 0xB8, 0x1F, 0x80, 0x7C, 0x03, 0xC0, 0x0E, 0x00, 0x60,
    0x07, 0x00, 0x33, 0x1F, 0x9C, 0xF8, 0xE1, 0x87, 0x00, 0x01, 0xC0, 0x07, 0xC0, 0x0F, 0x80, 0x1F,
    0x00, 0x3C, 0x00, 0x70, 0x38, 0x03, 0xF0, 0x0F, 0x70, 0x1C, 0xF0, 0x70, 0xE0, 0xE0, 0xE3, 0x81,
    0xCE, 0x01, 0xDC, 0x01, 0xF0, 0x03, 0xE0, 0x03, 0x80, 0x07, 0x00, 0x0E, 0x00, 0x1C, 0x00, 0x38,
    0x00, 0x70, 0x00, 0xE0, 0x01, 0xC0, 0x01, 0x00, 0x07, 0x80, 0x3E, 0x01, 0xF0, 0x0F, 0x00, 0x70,
    0x01, 0x01, 0x00, 0x9C, 0x06, 0x70, 0x73, 0x83, 0x8E, 0x38, 0x71, 0xC1, 0x9C, 0x0E, 0xE0, 0x7E,
    0x01, 0xF0, 0x0F, 0x00, 0x38, 0x01, 0x80, 0x1C, 0x00, 0xC0, 0x7E, 0x03, 0xE0, 0x06, 0x00, 0x07,
    0x30, 0x1F, 0xE0, 0x77, 0x80, 0x00, 0x0E, 0x00, 0xFC, 0x03, 0xDC, 0x07, 0x3C, 0x1C, 0x38, 0x38,
    0x38, 0xE0, 0x73, 0x80, 0x77, 0x00, 0x7C, 0x00, 0xF8, 0x00, 0xE0, 0x01, 0xC0, 0x03, 0x80, 0x07,
    0x00, 0x0E, 0x00, 0x1C, 0x00, 0x38, 0x00, 0x70, 0x00, 0x40, 0x00, 0x0E, 0x60, 0xFF, 0x0F, 0xF0,
    0x23, 0x00, 0x00, 0x20, 0x13, 0x80, 0xCE, 0x0E, 0x70, 0x71, 0xC7, 0x0E, 0x38, 0x33, 0x81, 0xDC,
    0x0F, 0xC0, 0x3E, 0x01, 0xE0, 0x07, 0x00, 0x30, 0x03, 0x80, 0x18, 0x0F, 0xC0, 0x7C, 0x00, 0xC0,
    0x00, 0xFF, 0xFF, 0xFF, 0xFF, 0xF0, 0x03, 0x37, 0x8C, 0x7B, 0xF3, 0x0C, 0x30, 0xC3, 0x0C, 0x30,
    0xC3, 0x0C, 0x30, 0xC3, 0x00, 0x00, 0x30, 0x37, 0xEC, 0xDB, 0x30, 0x60, 0xC1, 0x83, 0x06, 0x0C,
    0x18, 0x30, 0x60, 0xC1, 0x83, 0x00, 0x00, 0x61, 0x83, 0xF6, 0x66, 0xC1, 0x83, 0x06, 0x0C, 0x18,
    0x30, 0x60, 0xC1, 0x83, 0x06, 0x0C, 0x18, 0xFF, 0xFF, 0xFF, 0x7F, 0x7F, 0xFF, 0xE0, 0x7F, 0xFF,
    0xFF, 0xF7, 0xFF, 0xC0, 0xFF, 0xFF, 0xFF, 0xFF, 0xFE, 0xFF, 0xFF, 0xFF, 0xFF, 0xFF, 0xFF, 0xFF,
    0xFF, 0xFF, 0xE0, 0xFF, 0xFF, 0xFF, 0xFF, 0xFF, 0xFF, 0xFF, 0xFF, 0xFF, 0xE0, 0xC7, 0x8F, 0xBF,
    0x7E, 0xFD, 0xFB, 0xF7, 0xEF, 0xDF, 0xBF, 0x7E, 0xFD, 0xFB, 0xF7, 0xEF, 0xDF, 0xBF, 0x7E, 0xFD,
    0xFB, 0xF7, 0xEF, 0x8F, 0x18, 0x7B, 0xFD, 0xEF, 0x7B, 0xC0, 0x79, 0xE7, 0x9E, 0x7B, 0xCF, 0x00,
    0x79, 0xE7, 0x9E, 0x7B, 0xCF, 0x00, 0x6F, 0xF6, 0x73, 0x79, 0xDE, 0xFF, 0x3F, 0xDE, 0xF7, 0xBD,
    0xEF, 0x78, 0x7B, 0xEF, 0x7D, 0xEF, 0xBD, 0xE7, 0xBD, 0xE7, 0xBC, 0xE0, 0x7B, 0xEF, 0x7D, 0xEF,
    0xBD, 0xE7, 0xBD, 0xE7, 0xBC, 0xE0, 0x66, 0x7E, 0x7E, 0x6E, 0x76, 0x33, 0x0F, 0x00, 0xF0, 0x0F,
    0x00, 0xF0, 0x0F, 0x0F, 0xFF, 0xFF, 0xFF, 0xFF, 0x0F, 0x00, 0xF0, 0x0F, 0x00, 0xF0, 0x0F, 0x00,
    0xF0, 0x0F, 0x00, 0xF0, 0x0F, 0x00, 0xF0, 0x0F, 0x00, 0x70, 0x07, 0x00, 0x0F, 0x00, 0xF0, 0x0F,
    0x00, 0xF0, 0x0F, 0x0F, 0xFF, 0xFF, 0xFF, 0xFF, 0x0F, 0x00, 0xF0, 0x0F, 0x00, 0xF0, 0xFF, 0xFF,
    0xFF, 0xFF, 0xF0, 0xF0, 0x0F, 0x00, 0xF0, 0x0F, 0x00, 0x70, 0x07, 0x00, 0x3E, 0x3F, 0x9F, 0xCF,
    0xE7, 0xF3, 0xF8, 0xF8, 0x70, 0x07, 0x78, 0x03, 0xDC, 0x01, 0xC0, 0x78, 0x38, 0x3D, 0xF0, 0xF8,
    0x7F, 0xE1, 0xF0, 0xFF, 0xC3, 0xE1, 0xF7, 0x83, 0x83, 0xC0, 0x27, 0x77, 0x20, 0x3F, 0x03, 0xC0,
    0x00, 0x3F, 0xC3, 0xE0, 0x00, 0x1E, 0xF1, 0xE0, 0x00, 0x0E, 0x79, 0xE0, 0x00, 0x07, 0x1C, 0xF0,
    0x00, 0x03, 0x9E, 0xF0, 0x00, 0x01, 0xEF, 0xF8, 0x00, 0x00, 0xFF, 0x78, 0x00, 0x00, 0x3F, 0x7D,
    0xF8, 0x7E, 0x00, 0x3D, 0xFE, 0x7F, 0x80, 0x3D, 0xEF, 0x7B, 0xC0, 0x1E, 0xF3, 0xBC, 0xE0, 0x1E,
    0x71, 0xDC, 0x70, 0x1F, 0x3C, 0xEF, 0x38, 0x0F, 0x1E, 0xF7, 0xBC, 0x0F, 0x87, 0xF9, 0xFE, 0x07,
    0x81, 0xF8, 0x7E, 0x00, 0x10, 0x40, 0x00, 0x78, 0x60, 0x00, 0xFC, 0xE0, 0x00, 0xEC, 0xC0, 0x00,
    0xCD, 0xC0, 0x00, 0xCD, 0x80, 0x00, 0xCF, 0x80, 0x00, 0xEF, 0x00, 0x00, 0x7F, 0x00, 0x00, 0x7E,
    0x00, 0x00, 0x0F, 0xC7, 0x1C, 0x0F, 0xEF, 0xBE, 0x1F, 0xEF, 0xBE, 0x1F, 0x7D, 0xF6, 0x3F, 0x7D,
    0xF6, 0x37, 0x7D, 0xF6, 0x77, 0x7D, 0xF6, 0x63, 0xEF, 0xFE, 0xE3, 0xEF, 0xBE, 0x41, 0xC7, 0x1C,
    0x31, 0xCC, 0xE7, 0x31, 0x80, 0x36, 0x37, 0x7E, 0x7E, 0x6E, 0xFC, 0xFC, 0x36, 0xE6, 0xFD, 0xFB,
    0xBF, 0xE6, 0xFD, 0xDB, 0x3B, 0x60, 0x67, 0x18, 0xE7, 0x18, 0xC0, 0x6C, 0xFC, 0xEE, 0x7E, 0x76,
    0x37, 0x37, 0x6D, 0x9F, 0xBB, 0xBF, 0x3F, 0xE7, 0x6E, 0x6F, 0xCD, 0xD8, 0x00, 0x0E, 0x1F, 0x3E,
    0x7C, 0x7C, 0xF8, 0x7C, 0x7C, 0x3E, 0x1F, 0x0E, 0x08, 0x10, 0x78, 0x78, 0x7C, 0x3E, 0x3E, 0x1F,
    0x3E, 0x3E, 0x7C, 0x78, 0x78, 0x10, 0x00, 0x80, 0x38, 0x70, 0xEF, 0x1C, 0x79, 0xE3, 0x3C, 0x3C,
    0x1E, 0x07, 0x8F, 0x00, 0xF7, 0x83, 0x9F, 0xCE, 0xE3, 0xE3, 0xB8, 0xF8, 0xE6, 0x7F, 0x18, 0x3D,
    0xE0, 0x1E, 0x3C, 0x0F, 0x07, 0x87, 0x9C, 0xF3, 0xC7, 0x1E, 0xE1, 0xC3, 0x90, 0x20, 0x00, 0xE0,
    0xEE, 0x0E, 0xE0, 0xEE, 0x0E, 0xE0, 0xEE, 0x0E, 0xE0, 0xEE, 0x0E, 0xE0, 0x6E, 0x06, 0xE0, 0x6E,
    0x06, 0xE0, 0x6E, 0x06, 0x00, 0x0E, 0x0E, 0xE0, 0xEE, 0x0F, 0x60, 0x60, 0x0C, 0x00, 0xE0, 0x0F,
    0x83, 0xFE, 0x7F, 0xEF, 0xE7, 0xEE, 0x6C, 0xEE, 0x0F, 0xC0, 0xF8, 0x0F, 0x00, 0xE0, 0x0E, 0x00,
    0xE0, 0x0E, 0x00, 0x00, 0x0C, 0x00, 0xE0, 0x0E, 0x00, 0x40, 0x7F, 0xFB, 0xFF, 0xFF, 0xFF, 0xC0,
    0xC0, 0x00, 0x1F, 0x80, 0x03, 0xDF, 0x80, 0x7C, 0x3F, 0xFF, 0x80, 0xFF, 0xF8, 0x00, 0xFE, 0x00,
    0x00, 0x00, 0x00, 0x06, 0x00, 0x00, 0x70, 0x00, 0x36, 0xE0, 0x03, 0xFE, 0x00, 0x3F, 0xC0, 0x00,
    0xF8, 0x00, 0x1F, 0x80, 0x01, 0xDC, 0x00, 0x08, 0x80, 0x00, 0x00, 0x00, 0xC0, 0x30, 0x0E, 0x03,
    0x86, 0xDD, 0xB7, 0x7F, 0xDF, 0xF7, 0xF9, 0xFE, 0x1F, 0x07, 0xC3, 0xF0, 0xFC, 0x3B, 0x8E, 0xE1,
    0x10, 0x44, 0x00, 0x78, 0x01, 0xE0, 0x0F, 0x80, 0x3C, 0x01, 0xF0, 0x07, 0x80, 0x3C, 0x00, 0xF0,
    0x07, 0x80, 0x1E, 0x00, 0xF0, 0x03, 0xC0, 0x1E, 0x00, 0x78, 0x03, 0xC0, 0x0F, 0x00, 0x78, 0x01,
    0xE0, 0x00, 0x0F, 0xCF, 0xE1, 0xFF, 0xFF, 0x9E, 0x3F, 0x1F, 0xE0, 0xF0, 0x7E, 0x07, 0x03, 0xA0,
    0x70, 0x38, 0x03, 0x81, 0xC0, 0x38, 0x1C, 0x03, 0x81, 0xC0, 0x38, 0x1C, 0x03, 0x81, 0xC0, 0x1C,
    0x0E, 0x00, 0xE0, 0x70, 0x07, 0x03, 0x80, 0x00, 0x00, 0x01, 0xC0, 0xE0, 0x0E, 0x07, 0x00, 0x70,
    0x38, 0x01, 0x80, 0xC0, 0x0F, 0xC7, 0x3F, 0xE7, 0x78, 0x77, 0x70, 0x77, 0xE0, 0x77, 0x60, 0x77,
    0x00, 0xE7, 0x01, 0xC7, 0x03, 0x87, 0x07, 0x07, 0x06, 0x07, 0x0E, 0x07, 0x0E, 0x07, 0x0E, 0x07,
    0x00, 0x00, 0x06, 0x07, 0x0F, 0x07, 0x0F, 0x07, 0x06, 0x03, 0x70, 0x7E, 0x38, 0xFF, 0x9C, 0xF1,
    0xEE, 0xF0, 0x77, 0x70, 0x3B, 0x90, 0x39, 0xC0, 0x1C, 0xE0, 0x1C, 0x70, 0x1C, 0x38, 0x1C, 0x1C,
    0x1C, 0x0E, 0x0E, 0x07, 0x07, 0x03, 0x83, 0x80, 0x00, 0x00, 0xC0, 0xE0, 0x70, 0x70, 0x38, 0x38,
    0x08, 0x0C, 0x00, 0x0C, 0x03, 0x86, 0xDD, 0xFF, 0x7F, 0x87, 0xC3, 0xF0, 0xEE, 0x11, 0x00, 0x00,
    0xC0, 0x38, 0x6D, 0xDF, 0xF7, 0xF8, 0x7C, 0x3F, 0x0E, 0xE1, 0x10, 0x00, 0x1C, 0x77, 0x1D, 0xCE,
    0x23, 0x80, 0xC0, 0x70, 0x18, 0x0E, 0x03, 0x81, 0xC0, 0x70, 0x38, 0x0E, 0x03, 0x11, 0xCE, 0x63,
    0xD8, 0xE0, 0x00, 0xFF, 0x80, 0x00, 0x00, 0x0F, 0xF8, 0xFF, 0x80, 0x00, 0xFF, 0x80, 0x00, 0xFF,
    0x80, 0x3E, 0x3F, 0xBD, 0xFE, 0x7E, 0x3F, 0x1F, 0xCF, 0xEF, 0x7F, 0x1F, 0x00, 0xDF, 0x6F, 0xFF,
    0xF8, 0x0F, 0x0F, 0x87, 0xC7, 0xE7, 0x73, 0xBB, 0xFF, 0xFF, 0x07, 0x03, 0x80, 0x7F, 0x3F, 0x9C,
    0x0E, 0x07, 0xE3, 0xF8, 0x3C, 0x8E, 0x7F, 0x7F, 0x00, 0x0F, 0x1F, 0x9F, 0x8F, 0x07, 0xF7, 0xFB,
    0xDE, 0xEF, 0x7F, 0x1F, 0x00, 0xFF, 0xFF, 0xC3, 0xC1, 0xE1, 0xE0, 0xF0, 0x70, 0x78, 0x3C, 0x1E,
    0x00, 0x3F, 0x3F, 0xBD, 0xEE, 0xE7, 0xF3, 0xFB, 0xDF, 0xEF, 0xFF, 0xBF, 0x80, 0x3E, 0x3F, 0xBD,
    0xDE, 0xF7, 0xFB, 0xFC, 0x1C, 0x3E, 0x7E, 0x3E, 0x00, 0x00, 0x18, 0x18, 0xFE, 0xFF, 0x38, 0x18,
    0x18, 0xFE, 0xFE, 0x40, 0xFE, 0xFE, 0x7E, 0xFE, 0x7E, 0x19, 0xCC, 0xE6, 0x31, 0x8C, 0x63, 0x1C,
    0x61, 0x80, 0x63, 0x1C, 0x63, 0x9C, 0xE7, 0x39, 0xCC, 0xE6, 0x00, 0x01, 0xFB, 0xF7, 0x7C, 0xF9,
    0xF3, 0xE7, 0x00, 0x3E, 0x3F, 0xBD, 0xFE, 0x7E, 0x3F, 0x1F, 0xCF, 0xEF, 0x7F, 0x1F, 0x00, 0x1E,
    0xFD, 0xFB, 0xF0, 0xE1, 0xC3, 0x87, 0x0E, 0x1C, 0x7E, 0x7F, 0x9B, 0xC1, 0xE1, 0xF1, 0xF1, 0xF0,
    0xF0, 0x7F, 0x7F, 0x80, 0x7E, 0xFF, 0x6F, 0x0F, 0x3E, 0x3F, 0x0F, 0x47, 0xFF, 0xFE, 0x0F, 0x0F,
    0x87, 0xC7, 0xE7, 0x73, 0xBB, 0xFF, 0xFF, 0x07, 0x03, 0x80, 0x7F, 0x3F, 0x9C, 0x0E, 0x07, 0xE3,
    0xF8, 0x3C, 0x8E, 0x7F, 0x7F, 0x00, 0x0F, 0x1F, 0x9F, 0x8F, 0x07, 0xF7, 0xFB, 0xDE, 0xEF, 0x7F,
    0x1F, 0x00, 0xFF, 0xFF, 0xC3, 0xC1, 0xE1, 0xE0, 0xF0, 0x70, 0x78, 0x3C, 0x1E, 0x00, 0x3F, 0x3F,
    0xBD, 0xEE, 0xE7, 0xF3, 0xFB, 0xDF, 0xEF, 0xFF, 0xBF, 0x80, 0x3E, 0x3F, 0xBD, 0xDE, 0xF7, 0xFB,
    0xFC, 0x1C, 0x3E, 0x7E, 0x3E, 0x00, 0x18, 0x18, 0x7E, 0xFF, 0xFE, 0x18, 0x18, 0x00, 0x7E, 0xFE,
    0x7E, 0xFE, 0xFE, 0x7E, 0xFE, 0xFE, 0x19, 0xCC, 0xE6, 0x31, 0x8C, 0x63, 0x1C, 0x63, 0x80, 0x43,
    0x1C, 0x63, 0x9C, 0xE7, 0x39, 0xCC, 0xE6, 0x00, 0x3E, 0x7E, 0x66, 0xE6, 0xEE, 0xFE, 0x7F, 0x32,
    0x1E, 0x3E, 0x76, 0xFE, 0x7E, 0x7E, 0x7E, 0x18, 0x3C, 0x7E, 0x76, 0xE7, 0xE6, 0x7E, 0x7C, 0x18,
    0x66, 0xFC, 0xF1, 0xC3, 0xCF, 0xFB, 0xA2, 0x3C, 0x7E, 0x66, 0x7F, 0x7E, 0x7E, 0x7C, 0x38, 0xC3,
    0x0C, 0x3E, 0xFF, 0xBC, 0xF3, 0xCF, 0x30, 0x40, 0xC1, 0x83, 0x06, 0xEF, 0xDE, 0x3C, 0x7C, 0xDD,
    0xBC, 0x10, 0xCC, 0xCC, 0xCC, 0xCC, 0xFE, 0x60, 0x7F, 0xCF, 0xF9, 0xFB, 0xB3, 0x76, 0x6E, 0xCD,
    0xD9, 0xB8, 0x02, 0xFD, 0xFF, 0xBE, 0x7C, 0xF9, 0xF3, 0x80, 0xFD, 0xFB, 0xBE, 0x7C, 0xFF, 0xBE,
    0x78, 0xC0, 0x80, 0x3C, 0xFD, 0xF3, 0xE5, 0xEF, 0xDF, 0x0C, 0x00, 0x60, 0xC7, 0xF7, 0xE6, 0x0C,
    0x18, 0x3E, 0x7C, 0x60, 0x07, 0x80, 0x1F, 0xE0, 0x3F, 0xE0, 0x78, 0x60, 0x70, 0x00, 0x60, 0x00,
    0xE3, 0xFE, 0xE7, 0xFE, 0xE7, 0xE0, 0xE7, 0x00, 0x67, 0x00, 0x7F, 0x7C, 0x3F, 0xFC, 0x0F, 0xFC,
    0x07, 0x00, 0x07, 0x00, 0x07, 0x00, 0x07, 0x3E, 0x07, 0xFF, 0x03, 0xFF, 0x00, 0xC8, 0x00, 0xCC,
    0x00, 0xDC, 0x03, 0xFC, 0x0F, 0xFE, 0x1F, 0xBE, 0x3F, 0xBE, 0x7B, 0xB0, 0x73, 0x30, 0xE3, 0x70,
    0xE7, 0x70, 0xE6, 0x60, 0xE6, 0xE0, 0xEE, 0xE0, 0xEE, 0xC0, 0xEC, 0xC0, 0xFD, 0xC3, 0xFD, 0x87,
    0x79, 0x9E, 0x3F, 0xFC, 0x3F, 0xF8, 0x3F, 0xE0, 0x37, 0x00, 0x33, 0x00, 0x03, 0xF8, 0x0F, 0xFE,
    0x1F, 0x1E, 0x3C, 0x06, 0x78, 0x00, 0x70, 0x00, 0xE0, 0x00, 0xE1, 0xFE, 0xE1, 0xFF, 0xE1, 0xF7,
    0xE1, 0xC0, 0xE1, 0xC0, 0xE1, 0xC0, 0xE1, 0xC3, 0xF1, 0xC7, 0x79, 0xDE, 0x3F, 0xFC, 0x1F, 0xF8,
    0x07, 0xE0, 0x3F, 0xFC, 0x7F, 0xF8, 0xFF, 0x01, 0xC0, 0x03, 0x80, 0x07, 0x00, 0x0E, 0x0C, 0x1F,
    0xFC, 0x3F, 0xF8, 0x70, 0x00, 0xE0, 0x01, 0xC0, 0x0F, 0xFC, 0x1F, 0xF8, 0x0E, 0x00, 0x1C, 0x00,
    0x38, 0x00, 0x70, 0x00, 0x60, 0x00, 0x03, 0xF8, 0x03, 0xFF, 0x01, 0xC7, 0x81, 0xC0, 0xC0, 0xE0,
    0x00, 0x70, 0x81, 0xFF, 0xE0, 0xFF, 0xF0, 0x0E, 0x00, 0x07, 0x00, 0x1F, 0xFE, 0x0F, 0xFF, 0x03,
    0xF0, 0x00, 0x70, 0x00, 0x38, 0x00, 0x38, 0x00, 0x7F, 0xFF, 0xBF, 0xFF, 0xDC, 0x1F, 0x80, 0x00,
    0x10, 0x00, 0x0C, 0x00, 0x0E, 0x00, 0x06, 0x00, 0x67, 0xC7, 0xFF, 0xFB, 0xFF, 0xFD, 0xE3, 0xC7,
    0xF1, 0xE3, 0xF0, 0xE1, 0xF8, 0x70, 0xFC, 0x38, 0x7E, 0x1C, 0x3F, 0x1E, 0x1F, 0x8F, 0x0F, 0xCF,
    0x87, 0xE7, 0xC3, 0xB3, 0x60, 0xC3, 0x80, 0x01, 0xC0, 0x00, 0xC0, 0x00, 0x1C, 0x01, 0x81, 0xE0,
    0x18, 0x1E, 0x01, 0x81, 0xF0, 0x18, 0x1F, 0x81, 0x81, 0xF8, 0x18, 0x7F, 0xFF, 0xF7, 0xFF, 0xFF,
    0x1C, 0xE1, 0x81, 0xCF, 0x18, 0x7F, 0xFF, 0xF7, 0xFF, 0xFF, 0x1C, 0x3D, 0x81, 0xC1, 0xD8, 0x1C,
    0x0F, 0x81, 0xC0, 0x78, 0x1C, 0x07, 0x81, 0xC0, 0x38, 0x0C, 0x01, 0x80, 0x7F, 0xE0, 0x03, 0xFF,
    0xE2, 0x07, 0x87, 0x9C, 0x1C, 0x07, 0x70, 0x70, 0x1D, 0xC1, 0xC0, 0x77, 0xE7, 0x03, 0xFF, 0x9C,
    0x3F, 0xFE, 0x7F, 0xF1, 0xC1, 0xFF, 0x07, 0x07, 0x80, 0x1C, 0x1C, 0x00, 0x70, 0x70, 0x01, 0xC1,
    0xC0, 0x07, 0x07, 0x00, 0x1C, 0x1C, 0x00, 0x73, 0x70, 0x01, 0xFD, 0xC0, 0x03, 0xE3, 0x00, 0x0F,
    0x00, 0x7F, 0xE0, 0x00, 0x7F, 0xF8, 0x00, 0x1E, 0x1E, 0x00, 0x0E, 0x07, 0x00, 0x07, 0x01, 0x80,
    0x03, 0x81, 0xC0, 0xE1, 0xC1, 0xE3, 0xFC, 0xE3, 0xE1, 0xFF, 0x7F, 0xE1, 0xC3, 0x3F, 0xC0, 0xE0,
    0x1F, 0x80, 0x7E, 0x0E, 0xE0, 0x1F, 0xC7, 0x38, 0x03, 0xFB, 0x8E, 0x00, 0x1D, 0xC3, 0x86, 0x06,
    0xE0, 0xE3, 0x07, 0x70, 0x39, 0xFF, 0xB8, 0x0F, 0x7F, 0x8C, 0x03, 0x9F, 0x00, 0x70, 0x18, 0x0E,
    0x70, 0x3C, 0x0E, 0x70, 0x3C, 0x0E, 0x38, 0x3C, 0x0E, 0x38, 0x7C, 0x1C, 0x38, 0x7E, 0x1C, 0xFF,
    0xFF, 0xFF, 0xFF, 0xFF, 0xFF, 0x1C, 0xE6, 0x38, 0x1C, 0xE7, 0x38, 0xFF, 0xFF, 0xFE, 0xFF, 0xFF,
    0xFF, 0x0F, 0xC3, 0xF0, 0x0F, 0xC3, 0xE0, 0x07, 0x83, 0xE0, 0x07, 0x83, 0xE0, 0x07, 0x81, 0xC0,
    0x07, 0x81, 0xC0, 0x03, 0x00, 0xC0, 0x7F, 0xF1, 0xEF, 0xFF, 0x3D, 0xFF, 0xE7, 0xBC, 0x1C, 0xF7,
    0x93, 0xDE, 0xF7, 0x7B, 0xDE, 0xEF, 0x7B, 0xDD, 0xEF, 0x7B, 0xBD, 0xEF, 0x77, 0xBD, 0xEE, 0x6F,
    0xBD, 0xC3, 0xF7, 0xBF, 0xFC, 0xF7, 0xFF, 0x9E, 0xFF, 0xC0, 0x00, 0x30, 0x00, 0x70, 0x0F, 0xF0,
    0x1F, 0xE0, 0x3F, 0xC0, 0x77, 0x03, 0xFE, 0x0F, 0xFC, 0x3C, 0x78, 0x70, 0x71, 0xC0, 0xE3, 0x81,
    0xC7, 0x03, 0x8E, 0x0F, 0x1C, 0x1E, 0x38, 0x7C, 0x3F, 0xF8, 0x7F, 0x30, 0x7C, 0x60, 0x00, 0x0F,
    0xFF, 0xDF, 0xFF, 0x9F, 0xFE, 0x00, 0x07, 0xF8, 0x3F, 0xE1, 0xFF, 0x87, 0xC4, 0x3E, 0x00, 0xF0,
    0x0F, 0xFE, 0x3F, 0xF8, 0x7C, 0x01, 0xF0, 0x0F, 0xFE, 0x3F, 0xF0, 0x3C, 0x00, 0xFC, 0xE1, 0xFF,
    0x87, 0xFE, 0x07, 0xF8, 0x38, 0x0C, 0x38, 0x1E, 0x38, 0x3C, 0x38, 0x78, 0x39, 0xE0, 0x3B, 0xC0,
    0x3F, 0x80, 0xFF, 0xF8, 0xFF, 0xF8, 0x7F, 0xC0, 0x3B, 0x80, 0x39, 0xC0, 0x38, 0xE0, 0x38, 0xF0,
    0x38, 0x78, 0x38, 0x3C, 0x38, 0x1E, 0x38, 0x0F, 0x18, 0x06, 0xFF, 0xFF, 0xFF, 0xFF, 0xFF, 0xC1,
    0xE0, 0x07, 0xB0, 0x1F, 0xC0, 0x7F, 0x07, 0xF8, 0x3F, 0x80, 0xFF, 0xC1, 0x7F, 0x01, 0xFC, 0x3F,
    0xC0, 0xFE, 0x01, 0xF8, 0x01, 0xE0, 0x07, 0x80, 0x7F, 0x80, 0x00, 0x7F, 0xE0, 0x00, 0x1C, 0xF8,
    0x00, 0x0E, 0x1E, 0x00, 0x07, 0x07, 0x00, 0x03, 0x81, 0xC1, 0x81, 0xC0, 0xE3, 0xF0, 0xE0, 0x77,
    0xFC, 0x70, 0x3B, 0x87, 0x38, 0x1F, 0xC3, 0x9C, 0x0F, 0xC0, 0xEE, 0x07, 0xE0, 0x77, 0x07, 0x70,
    0x3B, 0x83, 0xB8, 0x1D, 0xC3, 0x9C, 0x0E, 0xE3, 0xCE, 0x0E, 0x7F, 0xC7, 0xFF, 0x7F, 0xC3, 0xFF,
    0x1F, 0x01, 0xDF, 0x00, 0x00, 0xE0, 0x00, 0x00, 0x70, 0x00, 0x00, 0x38, 0x00, 0x00, 0x1C, 0x00,
    0x00, 0x00, 0x00, 0x00, 0x60, 0x07, 0xE0, 0x3F, 0xC0, 0xE7, 0x03, 0x9C, 0x0E, 0x70, 0x19, 0x80,
    0x7E, 0x01, 0xF8, 0x07, 0xE0, 0x0F, 0x00, 0x3C, 0x18, 0xF0, 0x73, 0xC3, 0xCF, 0x0F, 0xFC, 0x77,
    0xF9, 0xDE, 0xE6, 0x39, 0x98, 0xC7, 0x00, 0x1C, 0x00, 0x70, 0x0F, 0xC0, 0x3E, 0x00, 0xF0, 0x3F,
    0xF0, 0x7F, 0xFC, 0x3C, 0x3C, 0xFF, 0xFF, 0xFF, 0xFF, 0x38, 0x0E, 0xFF, 0xFF, 0xFF, 0xFF, 0x38,
    0x7C, 0x3F, 0xF8, 0x3F, 0xE0, 0x3C, 0x00, 0x38, 0x00, 0x38, 0x00, 0x38, 0x00, 0x38, 0x00, 0x38,
    0x00, 0x38, 0x00, 0x18, 0x00, 0x01, 0x80, 0x00, 0xE0, 0x00, 0xFE, 0x01, 0xFF, 0xC1, 0xFD, 0xE1,
    0xEE, 0x30, 0xE7, 0x00, 0xE3, 0x80, 0x71, 0xC0, 0x70, 0xE0, 0x38, 0x7F, 0xDC, 0x3F, 0xFE, 0x1F,
    0xFF, 0x0E, 0x1F, 0x87, 0x0F, 0xC3, 0x8F, 0x71, 0xCF, 0xBC, 0xEF, 0xCF, 0xFF, 0xE3, 0xFF, 0x70,
    0x7E, 0x10, 0x0E, 0x00, 0x07, 0x00, 0x01, 0x00, 0x00, 0x60, 0x00, 0x1E, 0x00, 0x03, 0xC0, 0x00,
    0xF8, 0x00, 0x1F, 0x80, 0x03, 0x70, 0x1F, 0xFF, 0xFB, 0xFF, 0xFF, 0x07, 0x0C, 0x00, 0xC1, 0xC1,
    0xFF, 0xFF, 0xBF, 0xFF, 0xF1, 0xC0, 0x70, 0x38, 0x07, 0x0E, 0x00, 0xE1, 0xC0, 0x0E, 0x70, 0x01,
    0xCE, 0x00, 0x3D, 0x80, 0x03, 0x00, 0x1F, 0xE0, 0xFF, 0xC3, 0xFF, 0x06, 0x3E, 0xFF, 0xFF, 0xFF,
    0xFF, 0xFF, 0xC3, 0xF8, 0x1F, 0x83, 0xFF, 0xFF, 0xFF, 0xFF, 0xFF, 0x7C, 0x01, 0xF9, 0xC3, 0xFF,
    0x8F, 0xFE, 0x0F, 0xF0, 0x01, 0x80, 0x01, 0xC0, 0x03, 0xF8, 0x0F, 0xFE, 0x1F, 0xDE, 0x3D, 0xC6,
    0x79, 0xC0, 0x71, 0xC0, 0xE1, 0xC0, 0xE1, 0xC0, 0xE1, 0xC0, 0xE1, 0xC0, 0xE1, 0xC0, 0xE1, 0xC0,
    0xE1, 0xC0, 0xE1, 0xC3, 0xF1, 0xC7, 0x79, 0xDE, 0x3F, 0xFC, 0x1F, 0xF8, 0x07, 0xE0, 0x01, 0xC0,
    0x01, 0xC0, 0x00, 0x80, 0x10, 0x40, 0x31, 0xC0, 0x73, 0x80, 0xC7, 0x01, 0xCF, 0xDF, 0xFF, 0xBF,
    0xFF, 0x0E, 0x70, 0x1C, 0xE0, 0x39, 0xC0, 0x73, 0x80, 0xE7, 0x01, 0xCE, 0x03, 0x9C, 0x07, 0x39,
    0x8E, 0x7F, 0x1C, 0x7C, 0x30, 0xF0, 0x07, 0xF0, 0x3F, 0xF8, 0x78, 0xF1, 0xC0, 0x63, 0x80, 0x07,
    0x00, 0x0F, 0x00, 0x0F, 0xE0, 0x0F, 0xF0, 0x03, 0xF8, 0x00, 0xF3, 0xF8, 0x77, 0xF8, 0xED, 0xB1,
    0xDB, 0x63, 0xBE, 0xCF, 0x7F, 0xFC, 0xFF, 0xF1, 0xBF, 0x83, 0x6C, 0x00, 0xFF, 0xFD, 0xFF, 0xFF,
    0xFF, 0x00, 0x00, 0x00, 0x03, 0xDF, 0xFF, 0xBF, 0xFF, 0x21, 0xC0, 0x03, 0x80, 0x07, 0x00, 0x0E,
    0x00, 0x1C, 0x00, 0x38, 0x00, 0x70, 0x00, 0xE0, 0x01, 0xC0, 0x03, 0x80, 0x07, 0x00, 0x04, 0x00,
    0xFF, 0xFF, 0xFF, 0xFF, 0xFF, 0xC1, 0xF8, 0x01, 0xE3, 0xFF, 0xEF, 0xFF, 0x80, 0xF8, 0x0F, 0xE3,
    0xFF, 0x0F, 0xF8, 0x3F, 0xC0, 0xFC, 0x01, 0xF8, 0x01, 0xF0, 0x03, 0xE0, 0x07, 0xC0, 0x1C, 0x00,
    0x38, 0x00, 0x70, 0x00, 0xE0, 0x01, 0xDF, 0x03, 0xFC, 0x1F, 0xE0, 0x7E, 0x00, 0x7C, 0xE6, 0x3F,
    0xEC, 0xFF, 0x3F, 0xF0, 0x7F, 0xC0, 0xE3, 0x83, 0x87, 0x0F, 0x0E, 0x7C, 0x1F, 0xF0, 0x3F, 0xC0,
    0x3C, 0x00, 0x00, 0x00, 0x07, 0xC0, 0x00, 0xFE, 0x00, 0x0E, 0x60, 0x00, 0xE6, 0x00, 0x0F, 0xFF,
    0xE0, 0x7F, 0xFF, 0xC1, 0xFF, 0xFE, 0x07, 0x00, 0xE0, 0x70, 0x06, 0x07, 0xEE, 0x70, 0x7F, 0xF6,
    0x07, 0xFF, 0xE0, 0x7B, 0xBE, 0x0F, 0x00, 0x01, 0xF8, 0x00, 0x1B, 0x81, 0x80, 0x1F, 0xF8, 0x00,
    0xFF, 0x80, 0x03, 0xC0, 0x00, 0x00, 0x07, 0x00, 0x0E, 0x00, 0x1C, 0x00, 0x38, 0x00, 0x70, 0x07,
    0xFC, 0x1F, 0xFC, 0x7F, 0xBC, 0xE7, 0x3F, 0x8E, 0x3F, 0x1C, 0x7E, 0x38, 0xFC, 0x71, 0xF8, 0xE3,
    0xF1, 0xC7, 0xE3, 0x8F, 0xC7, 0x1F, 0x80, 0x3B, 0x00, 0x20, 0x7F, 0xE3, 0xFF, 0xE7, 0x87, 0x9C,
    0x07, 0x70, 0x1D, 0xC0, 0x77, 0x03, 0x9C, 0x3E, 0x7F, 0xF1, 0xFF, 0x07, 0x80, 0x1C, 0x00, 0xFF,
    0x83, 0xFE, 0x07, 0x00, 0x1C, 0x00, 0x70, 0x01, 0xC0, 0x03, 0x00, 0x00, 0x01, 0x90, 0x01, 0xDC,
    0x00, 0xEE, 0x00, 0x7F, 0x80, 0x7F, 0xF0, 0x7D, 0xF8, 0x7E, 0xEC, 0x77, 0x70, 0x3B, 0xB8, 0x39,
    0xDC, 0x1C, 0xEE, 0x0E, 0x77, 0x07, 0x1B, 0x83, 0x80, 0x01, 0xC0, 0x00, 0xE0, 0x00, 0x38, 0x00,
    0x1C, 0x00, 0x07, 0x80, 0x1F, 0xFF, 0xFF, 0xFF, 0xFB, 0x00, 0x00, 0x00, 0x00, 0x3B, 0x80, 0x77,
    0x03, 0xFF, 0x0F, 0xFF, 0x0E, 0x0F, 0x1C, 0x0E, 0x38, 0x1C, 0x70, 0x38, 0xE1, 0xE1, 0xFF, 0x83,
    0xFF, 0x87, 0xFF, 0x8E, 0x03, 0x9C, 0x07, 0x38, 0x06, 0x70, 0x0C, 0xE0, 0x39, 0xC0, 0xF3, 0xFF,
    0xCF, 0xFE, 0x0F, 0xF8, 0x07, 0x70, 0x0E, 0xE0, 0x08, 0x40, 0x03, 0x80, 0xFC, 0x3F, 0xC7, 0x80,
    0x70, 0x0E, 0x00, 0xE0, 0x0E, 0x00, 0xE0, 0x0E, 0x00, 0xF0, 0x07, 0xFE, 0x3F, 0xE1, 0xF8, 0xFF,
    0xFF, 0xFF, 0x00, 0x80, 0x00, 0x0E, 0x00, 0x00, 0x73, 0x00, 0x03, 0x98, 0x00, 0x1C, 0xC0, 0x00,
    0xE6, 0x00, 0x07, 0x30, 0x00, 0x39, 0x80, 0x01, 0xCC, 0x00, 0x0E, 0x6F, 0xC0, 0x77, 0xFC, 0x07,
    0xFF, 0x83, 0xFF, 0xC0, 0x3F, 0xE6, 0x09, 0xC7, 0x3F, 0xE0, 0x39, 0xFE, 0x01, 0xCF, 0x81, 0xFC,
    0x40, 0x3F, 0xE0, 0x0D, 0xF0, 0x0F, 0xF0, 0x00, 0xFF, 0x00, 0x07, 0x80, 0x02, 0x00, 0x00, 0x1E,
    0x00, 0x00, 0x78, 0x00, 0x03, 0xE0, 0x00, 0x0F, 0xFF, 0xFF, 0xFF, 0xFF, 0xFF, 0xCF, 0x00, 0x00,
    0x0F, 0x00, 0x00, 0x07, 0x00, 0x00, 0x00, 0x00, 0x00, 0x02, 0x00, 0x00, 0x1E, 0x00, 0x00, 0x78,
    0x00, 0x03, 0xE0, 0x00, 0x0F, 0xFF, 0xFF, 0xFF, 0xFF, 0xFF, 0xCF, 0x00, 0x00, 0x0F, 0x00, 0x00,
    0x07, 0x00, 0x00, 0x00, 0x00, 0x00, 0x08, 0x0E, 0x07, 0x07, 0xC7, 0xF7, 0xFF, 0xFF, 0xBB, 0x1C,
    0x0E, 0x07, 0x03, 0x81, 0xC0, 0xE0, 0x70, 0x38, 0x1C, 0x0E, 0x07, 0x03, 0x81, 0xC0, 0xE0, 0x70,
    0x00, 0x00, 0x00, 0x80, 0x00, 0x03, 0xC0, 0x00, 0x03, 0xC0, 0x00, 0x03, 0xEF, 0xFF, 0xFF, 0xFF,
    0xFF, 0xFF, 0xC0, 0x00, 0x1E, 0x00, 0x00, 0x78, 0x00, 0x01, 0xC0, 0x00, 0x00, 0x00, 0x08, 0x0E,
    0x07, 0x03, 0x81, 0xC0, 0xE0, 0x70, 0x38, 0x1C, 0x0E, 0x07, 0x03, 0x81, 0xC0, 0xE0, 0x70, 0x38,
    0xDD, 0xFF, 0xDF, 0xC7, 0xC3, 0xE0, 0xE0, 0x70, 0x03, 0x01, 0x80, 0x0E, 0x03, 0x80, 0x78, 0x03,
    0xC3, 0xE0, 0x03, 0xEF, 0xFF, 0xFF, 0xEF, 0xFF, 0xFF, 0x8F, 0x00, 0x1E, 0x07, 0x80, 0xF0, 0x07,
    0x01, 0xC0, 0x00, 0x00, 0x00, 0x08, 0x0E, 0x0F, 0x87, 0xC7, 0xF7, 0xFF, 0xFF, 0xBB, 0x1C, 0x0E,
    0x07, 0x03, 0x81, 0xC0, 0xE0, 0x71, 0xBB, 0xFF, 0xBF, 0x9F, 0xC7, 0xC1, 0xC0, 0xE0, 0x00, 0x00,
    0x00, 0x3F, 0x00, 0x0F, 0xF8, 0x01, 0xFE, 0x00, 0x7C, 0x00, 0x1F, 0x80, 0x07, 0x70, 0x01, 0xCE,
    0x00, 0x31, 0xC0, 0x00, 0x38, 0x00, 0x07, 0x00, 0x00, 0xE0, 0x00, 0x1C, 0x00, 0x03, 0x80, 0x00,
    0x70, 0x00, 0x0E, 0x00, 0x01, 0xC0, 0x00, 0x20, 0x00, 0x00, 0x80, 0x03, 0xF0, 0x07, 0xFC, 0x01,
    0xFE, 0x00, 0x0F, 0x80, 0x07, 0xE0, 0x03, 0xB8, 0x01, 0xCE, 0x00, 0xE3, 0x00, 0x70, 0x00, 0x38,
    0x00, 0x1C, 0x00, 0x0E, 0x00, 0x07, 0x00, 0x03, 0x80, 0x01, 0xC0, 0x00, 0xE0, 0x00, 0x10, 0x00,
    0x00, 0x60, 0x00, 0x1C, 0x00, 0x03, 0x80, 0x00, 0x70, 0x00, 0x0E, 0x00, 0x01, 0xC0, 0x00, 0x38,
    0x00, 0x07, 0x00, 0x00, 0xE0, 0x00, 0x1C, 0xE0, 0x03, 0xB8, 0x00, 0x7E, 0x00, 0x0F, 0x80, 0x09,
    0xE0, 0x07, 0xF8, 0x00, 0xFF, 0x00, 0x01, 0xC0, 0x00, 0x01, 0xC0, 0x00, 0xF0, 0x00, 0x78, 0x00,
    0x3C, 0x00, 0x1E, 0x00, 0x0F, 0x00, 0x07, 0x80, 0x03, 0xC0, 0x01, 0xE0, 0x0C, 0xF0, 0x03, 0x78,
    0x00, 0xFC, 0x00, 0x7E, 0x00, 0x1F, 0x40, 0x07, 0xF8, 0x01, 0xFE, 0x00, 0x70, 0x00, 0x00, 0x00,
    0x3F, 0x80, 0x00, 0xFF, 0xE0, 0x01, 0xF0, 0xF8, 0x03, 0x80, 0x38, 0x07, 0x00, 0x1C, 0x06, 0x00,
    0x0E, 0x0E, 0x00, 0x06, 0x0E, 0x00, 0x06, 0x6D, 0x80, 0x07, 0x7F, 0x80, 0x07, 0x3F, 0x00, 0x07,
    0x3F, 0x00, 0x00, 0x1E, 0x00, 0x00, 0x0C, 0x00, 0x00, 0x0C, 0x00, 0x00, 0x01, 0xFC, 0x00, 0x07,
    0xFF, 0x00, 0x1F, 0x0F, 0x80, 0x1C, 0x01, 0xC0, 0x38, 0x00, 0xE0, 0x70, 0x00, 0x60, 0x60, 0x00,
    0x70, 0x60, 0x00, 0x70, 0xE0, 0x01, 0xB6, 0xE0, 0x01, 0xFE, 0xE0, 0x00, 0xFC, 0x00, 0x00, 0xFC,
    0x00, 0x00, 0x78, 0x00, 0x00, 0x30, 0x00, 0x00, 0x30, 0x7F, 0xFF, 0xFD, 0xFF, 0xFF, 0xF7, 0xFF,
    0xFF, 0xC0, 0x00, 0x00, 0x1F, 0x80, 0x00, 0x7F, 0xC0, 0x00, 0xFF, 0x00, 0x03, 0xE0, 0x00, 0x0F,
    0xC0, 0x00, 0x3B, 0x80, 0x00, 0xE7, 0x00, 0x01, 0x8E, 0x00, 0x00, 0x1C, 0x00, 0x00, 0x38, 0x00,
    0x00, 0x70, 0x00, 0x00, 0xE0, 0x00, 0x01, 0xC0, 0x00, 0x03, 0x80, 0x00, 0x07, 0x00, 0x00, 0x0E,
    0x00, 0x00, 0x10, 0x40, 0xC0, 0x01, 0xC3, 0x80, 0x03, 0x9F, 0x00, 0x07, 0x7C, 0x00, 0x0F, 0xFF,
    0xFF, 0xFF, 0xFF, 0xFF, 0xFF, 0xE0, 0x00, 0x73, 0xE0, 0x00, 0xE1, 0xC0, 0x00, 0xC1, 0x8C, 0x18,
    0x00, 0x1C, 0x38, 0x00, 0x3E, 0x70, 0x00, 0x3F, 0xFF, 0xFF, 0xFF, 0xFF, 0xFF, 0xFF, 0x80, 0x01,
    0xFF, 0x00, 0x07, 0xCE, 0x00, 0x0E, 0x1C, 0x00, 0x18, 0x30, 0x00, 0x00, 0x80, 0x00, 0x03, 0xC0,
    0x00, 0x03, 0xC0, 0x00, 0x03, 0xEF, 0xFF, 0xFF, 0xFF, 0xFF, 0xFF, 0xC0, 0x00, 0x1F, 0x00, 0x00,
    0x78, 0x00, 0x01, 0xE0, 0x04, 0x01, 0x00, 0x3C, 0x00, 0x00, 0xF0, 0x00, 0x07, 0xC0, 0x00, 0x1F,
    0xFF, 0xFF, 0xFF, 0xFF, 0xFF, 0xBE, 0x00, 0x00, 0x1E, 0x00, 0x00, 0x1E, 0x00, 0x00, 0x08, 0x00,
    0x00, 0x0C, 0x06, 0x03, 0xC0, 0xC0, 0x78, 0x18, 0x1F, 0x83, 0x07, 0xF8, 0x60, 0xFF, 0x0C, 0x3B,
    0x71, 0x82, 0x64, 0x30, 0x0C, 0x06, 0x01, 0x80, 0xC0, 0x30, 0x18, 0x06, 0x03, 0x00, 0xC0, 0x60,
    0x18, 0x0C, 0x03, 0x01, 0x80, 0x61, 0x32, 0x0C, 0x76, 0xE1, 0x87, 0xF8, 0x30, 0xFF, 0x06, 0x0F,
    0xC0, 0xC0, 0xF0, 0x18, 0x1E, 0x03, 0x01, 0x80, 0x02, 0x00, 0x00, 0x1E, 0x00, 0x00, 0x78, 0x00,
    0x03, 0xE0, 0x00, 0x0F, 0xFF, 0xFF, 0xFF, 0xFF, 0xFF, 0xDF, 0x00, 0x00, 0x0F, 0x00, 0x00, 0x0F,
    0x00, 0x00, 0x04, 0x01, 0x00, 0x00, 0x07, 0x80, 0x00, 0x07, 0x80, 0x00, 0x07, 0xDF, 0xFF, 0xFF,
    0xFF, 0xFF, 0xFF, 0x80, 0x00, 0x3E, 0x00, 0x00, 0xF0, 0x00, 0x03, 0xC0, 0x00, 0x02, 0x00, 0x02,
    0x00, 0x00, 0x0E, 0x00, 0x00, 0x78, 0x00, 0x01, 0xE0, 0x00, 0x0F, 0xFF, 0xFF, 0xFF, 0xFF, 0xFF,
    0xC0, 0x00, 0x00, 0x00, 0x00, 0x00, 0x00, 0x00, 0x00, 0x00, 0x00, 0x00, 0x00, 0x00, 0x00, 0x00,
    0x00, 0x00, 0x00, 0x00, 0x1F, 0xFF, 0xFF, 0xFF, 0xFF, 0xFF, 0x80, 0x00, 0x3C, 0x00, 0x01, 0xF0,
    0x00, 0x03, 0x80, 0x00, 0x02, 0x00, 0x00, 0x00, 0x80, 0x00, 0x03, 0x80, 0x00, 0x03, 0xC0, 0x00,
    0x03, 0xCF, 0xFF, 0xFF, 0xFF, 0xFF, 0xFF, 0xC0, 0x00, 0x00, 0x00, 0x00, 0x00, 0x00, 0x00, 0x00,
    0x00, 0x00, 0x00, 0x00, 0x00, 0x00, 0x00, 0x00, 0x00, 0x00, 0x00, 0x1F, 0xFF, 0xFF, 0xFF, 0xFF,
    0xFF, 0x9E, 0x00, 0x00, 0x1F, 0x00, 0x00, 0x0E, 0x00, 0x00, 0x08, 0x00, 0x00, 0x00, 0xC0, 0x60,
    0x01, 0xE0, 0x70, 0x03, 0xC0, 0xE0, 0x07, 0x80, 0xE0, 0x0F, 0xFF, 0xFF, 0x1F, 0xFF, 0xFF, 0x3F,
    0xFF, 0xFE, 0x78, 0x01, 0x80, 0x70, 0x03, 0x80, 0x70, 0x03, 0x80, 0x38, 0x03, 0x00, 0x1F, 0xFF,
    0xFF, 0x0F, 0xFF, 0xFF, 0x07, 0xFF, 0xFF, 0x03, 0x8E, 0x00, 0x01, 0xCE, 0x00, 0x00, 0xFC, 0x00,
    0x00, 0x5C, 0x00, 0x00, 0x08, 0x00, 0x00, 0x0E, 0x00, 0x03, 0x9E, 0x00, 0x0E, 0x3E, 0x00, 0x3F,
    0xFE, 0x00, 0xFF, 0xFE, 0x03, 0xFF, 0xFE, 0x0E, 0x0E, 0x0E, 0x38, 0x1C, 0x0E, 0xE0, 0x38, 0x0F,
    0xE0, 0xE0, 0x3D, 0xE1, 0xC0, 0xF1, 0xFF, 0xFF, 0xC1, 0xFF, 0xFF, 0x01, 0xFF, 0xFC, 0x01, 0xF0,
    0xF0, 0x01, 0xE3, 0xC0, 0x01, 0xC3, 0x00, 0x03, 0x00, 0x00, 0x06, 0x00, 0x00, 0x00, 0x66, 0x00,
    0x00, 0xEE, 0x00, 0x03, 0x8E, 0x00, 0x07, 0x0E, 0x07, 0xFF, 0xFE, 0x1F, 0xFF, 0xFE, 0x1F, 0xFF,
    0xFE, 0x00, 0xC0, 0x0E, 0x03, 0x80, 0x0E, 0x07, 0x00, 0x3C, 0x0C, 0x00, 0xF3, 0xFF, 0xFF, 0xCF,
    0xFF, 0xFF, 0x0F, 0xFF, 0xFC, 0x03, 0x80, 0xF0, 0x07, 0x03, 0xC0, 0x0C, 0x07, 0x00, 0x38, 0x04,
    0x00, 0x20, 0x00, 0x00, 0x00, 0xC0, 0x00, 0x01, 0xE0, 0x00, 0x03, 0xC0, 0x00, 0x07, 0x80, 0x00,
    0x0F, 0xFF, 0xFF, 0x1F, 0xFF, 0xFF, 0x3F, 0xFF, 0xFE, 0x78, 0x00, 0x00, 0x70, 0x00, 0x00, 0x70,
    0x00, 0x00, 0x38, 0x00, 0x00, 0x1F, 0xFF, 0xFF, 0x0F, 0xFF, 0xFF, 0x07, 0xFF, 0xFF, 0x03, 0x80,
    0x00, 0x01, 0xC0, 0x00, 0x00, 0xE0, 0x00, 0x00, 0x40, 0x00, 0x00, 0x06, 0x00, 0x00, 0x0E, 0x00,
    0x00, 0x0E, 0x00, 0x00, 0x0E, 0x07, 0xFF, 0xFE, 0x1F, 0xFF, 0xFE, 0x1F, 0xFF, 0xFE, 0x00, 0x00,
    0x0E, 0x00, 0x00, 0x0E, 0x00, 0x00, 0x3C, 0x00, 0x00, 0xF3, 0xFF, 0xFF, 0xCF, 0xFF, 0xFF, 0x0F,
    0xFF, 0xFC, 0x00, 0x00, 0xF0, 0x00, 0x03, 0xC0, 0x00, 0x07, 0x00, 0x00, 0x04, 0x00, 0x00, 0x00,
    0x00, 0x03, 0x8E, 0x00, 0x0E, 0x0E, 0x00, 0x3F, 0xFE, 0x00, 0xFF, 0xFE, 0x03, 0xFF, 0xFE, 0x0E,
    0x00, 0x0E, 0x38, 0x00, 0x0E, 0xE0, 0x00, 0x0F, 0xE0, 0x00, 0x3D, 0xE0, 0x00, 0xF1, 0xFF, 0xFF,
    0xC1, 0xFF, 0xFF, 0x01, 0xFF, 0xFC, 0x01, 0xE0, 0xF0, 0x01, 0xE3, 0xC0, 0x01, 0x83, 0x00, 0x00,
    0x20, 0x00, 0x00, 0xC0, 0x00, 0x07, 0x80, 0x00, 0x1F, 0x00, 0x00, 0x76, 0x00, 0x01, 0xCF, 0xFF,
    0xC7, 0x1F, 0xFF, 0x9C, 0x00, 0x03, 0x70, 0x00, 0x06, 0x70, 0x00, 0x0C, 0x71, 0xFF, 0xF8, 0x73,
    0xFF, 0xF0, 0x76, 0x00, 0x00, 0x7C, 0x00, 0x00, 0x78, 0x00, 0x00, 0x30, 0x00, 0x00, 0x20, 0x00,
    0x00, 0x00, 0x00, 0x40, 0x00, 0x70, 0x00, 0x7C, 0x00, 0x77, 0x00, 0x71, 0xC0, 0x70, 0x70, 0x70,
    0x18, 0x30, 0x06, 0x3F, 0x1F, 0xBF, 0x8F, 0xE0, 0xC6, 0x00, 0x63, 0x00, 0x31, 0x80, 0x18, 0xC0,
    0x0C, 0x60, 0x06, 0x30, 0x03, 0x18, 0x01, 0x8C, 0x00, 0xC6, 0x00, 0x63, 0x00, 0x3F, 0x80, 0x1F,
    0xC0, 0x00, 0x00, 0x00, 0x00, 0x18, 0x00, 0x00, 0x3C, 0x00, 0x00, 0x7C, 0x00, 0x00, 0xFC, 0x1F,
    0xFF, 0xDC, 0x3F, 0xFF, 0x1C, 0x60, 0x00, 0x1E, 0xC0, 0x00, 0x1D, 0x80, 0x00, 0x7B, 0xFF, 0xF1,
    0xC7, 0xFF, 0xF7, 0x00, 0x00, 0xFC, 0x00, 0x01, 0xF0, 0x00, 0x03, 0xC0, 0x00, 0x06, 0x00, 0x00,
    0x08, 0x00, 0x07, 0xF0, 0x03, 0xF8, 0x01, 0x8C, 0x00, 0xC6, 0x00, 0x63, 0x00, 0x31, 0x80, 0x18,
    0xC0, 0x0C, 0x60, 0x06, 0x30, 0x03, 0x18, 0x01, 0x8C, 0x00, 0xC6, 0x0F, 0xE3, 0xFB, 0xF1, 0xF8,
    0xC0, 0x18, 0x70, 0x1C, 0x1C, 0x1C, 0x07, 0x1C, 0x01, 0xDC, 0x00, 0x7C, 0x00, 0x1C, 0x00, 0x0C,
    0x00, 0x00, 0x00, 0x00, 0x00, 0x00, 0x40, 0x00, 0x70, 0x00, 0x7C, 0x00, 0x77, 0x00, 0x71, 0xC0,
    0x70, 0x70, 0x70, 0x18, 0x30, 0x06, 0x3F, 0x1F, 0xBF, 0x8F, 0xE0, 0xC6, 0x00, 0x63, 0x00, 0x31,
    0x80, 0x1F, 0xC0, 0x0F, 0xE0, 0x00, 0x00, 0x03, 0xF8, 0x01, 0xFC, 0x00, 0xC6, 0x00, 0x63, 0x00,
    0x3F, 0x80, 0x1F, 0xC0, 0x0C, 0x06, 0x01, 0x81, 0xE0, 0x30, 0x3C, 0x06, 0x0F, 0xC0, 0xC3, 0xFC,
    0x18, 0x7F, 0x83, 0x1D, 0xB8, 0x61, 0x32, 0x0C, 0x06, 0x01, 0x80, 0xC0, 0x30, 0x18, 0x06, 0x03,
    0x00, 0xC0, 0x60, 0x18, 0x0C, 0x03, 0x01, 0x82, 0x64, 0x30, 0xED, 0xC6, 0x0F, 0xF0, 0xC1, 0xFE,
    0x18, 0x1F, 0x83, 0x01, 0xE0, 0x60, 0x3C, 0x0C, 0x03, 0x01, 0x80, 0xC0, 0x00, 0x7C, 0x00, 0x1F,
    0x80, 0x03, 0xB8, 0x00, 0xE7, 0x00, 0x1C, 0x7F, 0xFF, 0x0F, 0xFF, 0xE0, 0xFF, 0xF8, 0x1C, 0x07,
    0x01, 0xC1, 0xC0, 0x38, 0x38, 0x03, 0x8E, 0x00, 0x71, 0xC0, 0x07, 0x70, 0x00, 0x6C, 0x00, 0x0F,
    0x80, 0x00, 0xE0, 0x00, 0x1C, 0x00, 0x01, 0x00, 0x00, 0x04, 0x0F, 0xC7, 0xF9, 0xC7, 0x61, 0xF8,
    0x3E, 0x03, 0x80, 0xE0, 0x38, 0x0E, 0x03, 0x80, 0xE0, 0x38, 0x0E, 0x0D, 0x87, 0x71, 0xDF, 0xE3,
    0xF0, 0x1F, 0xC0, 0x7F, 0xE0, 0x7F, 0xE0, 0xCF, 0xC0, 0x07, 0xC0, 0x07, 0x83, 0xFF, 0x0F, 0xFE,
    0x3F, 0xFC, 0xFC, 0xF9, 0xE0, 0xF3, 0xC1, 0xE7, 0x83, 0xCF, 0x0F, 0x9F, 0x3E, 0x3F, 0xFC, 0x3F,
    0xF0, 0x3F, 0x80, 0xFF, 0xFF, 0xFF, 0xFC, 0x00, 0x38, 0x00, 0x70, 0x00, 0xE0, 0x01, 0xC0, 0x03,
    0x9F, 0xFF, 0xFF, 0xFF, 0xFF, 0xFC, 0x00, 0x38, 0x00, 0x70, 0x00, 0xE0, 0x01, 0xC0, 0x03, 0xBF,
    0xFF, 0xFF, 0xFE, 0xFF, 0xF8, 0x00, 0x30, 0x00, 0xE0, 0x01, 0xC7, 0xFF, 0xFF, 0xFF, 0xE0, 0x1D,
    0xC0, 0x3B, 0x80, 0x67, 0x01, 0xCE, 0x03, 0x9C, 0xFF, 0xFF, 0xFF, 0xFF, 0xFF, 0xE0, 0x61, 0xC0,
    0xC3, 0x83, 0x87, 0x07, 0x0E, 0x0C, 0x1D, 0xFF, 0xFF, 0xFF, 0xF7, 0xFF, 0xC3, 0x80, 0x07, 0x00,
    0x04, 0x00, 0x01, 0xFC, 0x20, 0x3F, 0xFB, 0x83, 0xC1, 0xF8, 0x38, 0x03, 0x83, 0x80, 0x3E, 0x18,
    0x03, 0xF1, 0xC0, 0x39, 0xCC, 0x03, 0x86, 0x60, 0x38, 0x33, 0x03, 0x81, 0x98, 0x38, 0x0C, 0xC3,
    0x80, 0x66, 0x38, 0x03, 0x3B, 0x80, 0x38, 0xF8, 0x03, 0x87, 0x80, 0x3C, 0x3E, 0x03, 0xC3, 0xFF,
    0xFC, 0x18, 0xFF, 0x80, 0x01, 0xE0, 0x00, 0x03, 0xE0, 0x00, 0xF8, 0x00, 0x7F, 0x00, 0x1F, 0xC0,
    0x07, 0xF8, 0x03, 0xFE, 0x00, 0xF7, 0xC0, 0x7D, 0xF0, 0x1E, 0x3C, 0x07, 0x8F, 0x83, 0xE3, 0xE0,
    0xF0, 0x7C, 0x7C, 0x1F, 0x1F, 0x03, 0xC7, 0xFF, 0xFB, 0xFF, 0xFE, 0xFF, 0xFF, 0x80, 0x7F, 0xFF,
    0xFF, 0xFF, 0xDC, 0x00, 0xCE, 0x00, 0x63, 0x80, 0x61, 0xC0, 0x30, 0x70, 0x30, 0x38, 0x18, 0x0E,
    0x1C, 0x07, 0x0C, 0x03, 0xCE, 0x00, 0xE6, 0x00, 0x7F, 0x00, 0x1F, 0x00, 0x0F, 0x80, 0x03, 0x80,
    0x01, 0xC0, 0x00, 0x40, 0x00, 0x03, 0xFF, 0xC3, 0xFF, 0xF3, 0xFF, 0xF8, 0xE0, 0x00, 0x70, 0x00,
    0x1C, 0x00, 0x07, 0xFF, 0xF9, 0xFF, 0xFF, 0x7F, 0xFF, 0xDC, 0x00, 0x07, 0x00, 0x01, 0xE0, 0x00,
    0x3C, 0x00, 0x07, 0xFF, 0xF0, 0xFF, 0xFC, 0x07, 0xFE, 0x00, 0x04, 0x00, 0x03, 0x80, 0x00, 0xE0,
    0x0F, 0xFF, 0x0F, 0xFF, 0xCF, 0xFF, 0xE3, 0x81, 0x81, 0xC0, 0xE0, 0x70, 0x38, 0x1F, 0xFF, 0xE7,
    0xFF, 0xFD, 0xFF, 0xFF, 0x70, 0xE0, 0x1C, 0x38, 0x07, 0x8E, 0x00, 0xF7, 0x00, 0x1F, 0xFF, 0xC3,
    0xFF, 0xF0, 0x3F, 0xF8, 0x0E, 0x00, 0x03, 0x00, 0x00, 0xC0, 0x00, 0x02, 0x01, 0xFC, 0x3F, 0xE7,
    0x87, 0x70, 0x3E, 0x00, 0xFF, 0xCF, 0xFC, 0xFF, 0x8E, 0x00, 0x70, 0x37, 0x87, 0x3F, 0xF1, 0xFC,
    0x03, 0x00, 0xFF, 0xF8, 0x3F, 0xFF, 0x07, 0xFF, 0xE0, 0x00, 0x1C, 0x00, 0x03, 0x80, 0x00, 0xE7,
    0xFF, 0xFB, 0xFF, 0xFE, 0xFF, 0xFF, 0x80, 0x00, 0xE0, 0x00, 0x38, 0x00, 0x1E, 0x00, 0x0F, 0x3F,
    0xFF, 0x8F, 0xFF, 0xC1, 0xFF, 0x80, 0x00, 0x30, 0x00, 0x0E, 0x00, 0x03, 0x03, 0xFF, 0xE0, 0xFF,
    0xFC, 0x1F, 0xFF, 0xC0, 0x0E, 0x70, 0x03, 0x8E, 0x00, 0xC3, 0x9F, 0xFF, 0xEF, 0xFF, 0xFB, 0xFF,
    0xFE, 0x03, 0x83, 0x80, 0xE0, 0xE0, 0x30, 0x78, 0x1C, 0x3C, 0xFF, 0xFE, 0x3F, 0xFF, 0x07, 0xFE,
    0x00, 0x38, 0x00, 0x1C, 0x00, 0x03, 0x00, 0x00, 0x04, 0x03, 0xF8, 0x7F, 0xCE, 0x0E, 0xC0, 0x70,
    0x07, 0x1F, 0xF1, 0xFF, 0x1F, 0xF0, 0x07, 0xC0, 0x7E, 0x0E, 0x7F, 0xE3, 0xF8, 0x0E, 0x00, 0xFF,
    0xFF, 0xFF, 0xFF, 0xFF, 0xFF, 0x81, 0xFF, 0x03, 0xFE, 0x07, 0xFC, 0x0F, 0xF8, 0x1F, 0xF0, 0x3F,
    0xE0, 0x7F, 0xC0, 0xFF, 0x81, 0xFF, 0x03, 0xFE, 0x07, 0xFC, 0x0F, 0xF8, 0x1F, 0xF0, 0x3F, 0xE0,
    0x7F, 0xC0, 0xFF, 0x81, 0xFF, 0x03, 0xE0, 0xFF, 0xFB, 0xFF, 0xEF, 0xFF, 0x9F, 0x00, 0x3E, 0x00,
    0xF8, 0x01, 0xF0, 0x03, 0xE0, 0x0F, 0x80, 0x1F, 0x00, 0xFC, 0x03, 0xE0, 0x1F, 0x00, 0xFC, 0x03,
    0xE0, 0x1F, 0x00, 0x7C, 0x03, 0xFF, 0xEF, 0xFF, 0xBF, 0xFE, 0xFF, 0xFF, 0xFF, 0xFF, 0xF0, 0x7F,
    0xFF, 0xDF, 0xFF, 0xF3, 0x00, 0x00, 0x01, 0x00, 0x00, 0xE0, 0x00, 0x38, 0x00, 0x0E, 0x00, 0x03,
    0x80, 0x00, 0xE0, 0x1F, 0xFF, 0xF7, 0xFF, 0xFC, 0x03, 0x80, 0x00, 0xE0, 0x00, 0x38, 0x00, 0x0E,
    0x00, 0x03, 0x80, 0x00, 0xE0, 0x00, 0x00, 0x78, 0x01, 0xE0, 0x0F, 0x80, 0x3C, 0x01, 0xF0, 0x07,
    0x80, 0x3C, 0x00, 0xF0, 0x07, 0x80, 0x1E, 0x00, 0xF0, 0x03, 0xC0, 0x1E, 0x00, 0x78, 0x03, 0xC0,
    0x0F, 0x00, 0x78, 0x01, 0xE0, 0x00, 0xC0, 0x60, 0x38, 0x0C, 0x07, 0x03, 0x80, 0xC0, 0x70, 0x38,
    0x0C, 0x07, 0x03, 0x80, 0xC0, 0x70, 0x18, 0x0E, 0x07, 0x01, 0x80, 0xE0, 0x70, 0x10, 0x79, 0xFF,
    0xDF, 0x78, 0x00, 0x0F, 0x00, 0x0F, 0x00, 0x1E, 0x00, 0x1E, 0x00, 0x1E, 0x00, 0x3C, 0x00, 0x3C,
    0x00, 0x3C, 0x1C, 0x78, 0x7E, 0x78, 0x7E, 0x78, 0x7F, 0xF0, 0x7F, 0xF0, 0x0F, 0xF0, 0x07, 0xE0,
    0x07, 0xE0, 0x03, 0xE0, 0x03, 0xC0, 0x00, 0x06, 0x0F, 0x87, 0x1F, 0xC7, 0x0C, 0xCE, 0x03, 0xCE,
    0x07, 0xCC, 0x07, 0xDC, 0x00, 0xDC, 0x18, 0xF8, 0x1F, 0xF8, 0x0F, 0xB8, 0x18, 0x70, 0x3C, 0x70,
    0x3C, 0x60, 0x3C, 0xE0, 0x7E, 0xE0, 0x6F, 0xC0, 0xEF, 0xC0, 0xE7, 0xC0, 0x47, 0x80, 0x07, 0x80,
    0x00, 0x00, 0x00, 0x06, 0x03, 0x07, 0x07, 0x07, 0x07, 0x8E, 0x0F, 0x8E, 0x1F, 0x8C, 0x1F, 0x9C,
    0x3F, 0xDC, 0x3F, 0xF8, 0x03, 0xB8, 0x03, 0xB8, 0x18, 0x70, 0x3C, 0x70, 0x3C, 0x60, 0x3C, 0xE0,
    0x7E, 0xE0, 0x6F, 0xC0, 0xEF, 0xC0, 0xE7, 0xC0, 0x47, 0x80, 0x07, 0x80, 0x00, 0x00, 0x0F, 0x03,
    0xC1, 0xFC, 0x7F, 0x9F, 0xF7, 0xFC, 0xE1, 0xF8, 0x7E, 0x07, 0x81, 0x70, 0x38, 0x03, 0x81, 0xC0,
    0x1C, 0x1E, 0x00, 0xE1, 0xF8, 0x63, 0xFE, 0xFF, 0x0F, 0xC3, 0xF0, 0x00, 0x00, 0x00, 0x3E, 0x7C,
    0x7F, 0xFE, 0x7F, 0xFE, 0xF7, 0xEE, 0xF7, 0xEE, 0x7F, 0xFE, 0x7F, 0xFE, 0x3E, 0x7C, 0x60, 0x00,
    0xE0, 0x00, 0xE0, 0x00, 0x60, 0x00, 0x60, 0x00, 0x60, 0x00, 0x60, 0x00, 0x60, 0x00, 0x60, 0x00,
    0x60, 0x00, 0x60, 0x00, 0x60, 0x00, 0x60, 0x00, 0x60, 0x00, 0x60, 0x00, 0x7F, 0xFF, 0x7F, 0xFF,
    0x00, 0x06, 0x00, 0x01, 0xC0, 0x00, 0xE0, 0x00, 0x70, 0x00, 0x38, 0x00, 0x1E, 0x00, 0x0F, 0x00,
    0x07, 0x80, 0x03, 0xC0, 0x00, 0xE0, 0x00, 0x70, 0x00, 0x38, 0x00, 0x1C, 0x00, 0x0E, 0x00, 0x07,
    0x80, 0x03, 0xFF, 0xFF, 0xFF, 0xFF, 0xC0, 0x5F, 0xFF, 0xFF, 0xFF, 0xFF, 0xFF, 0xFF, 0xFF, 0xFF,
    0xFD, 0x00, 0x04, 0x01, 0xC0, 0x38, 0x07, 0x00, 0xE0, 0x1C, 0x03, 0x80, 0x70, 0x0E, 0x41, 0xDC,
    0x3F, 0x87, 0xE0, 0xF8, 0x1E, 0x07, 0x81, 0xF0, 0x7E, 0x1F, 0xC3, 0xB8, 0x07, 0x00, 0xE0, 0x1C,
    0x03, 0x80, 0x70, 0x0E, 0x01, 0xC0, 0x10, 0x00, 0x01, 0x06, 0x01, 0x86, 0x03, 0x86, 0x03, 0x8E,
    0x03, 0x0E, 0x03, 0x0C, 0x07, 0x1C, 0x06, 0x1C, 0x06, 0x18, 0x0E, 0x18, 0x0E, 0x38, 0x0C, 0x38,
    0x1C, 0x30, 0x1C, 0x70, 0x18, 0x70, 0x18, 0x60, 0x38, 0xE0, 0x30, 0xE0, 0x30, 0xC0, 0x70, 0xC0,
    0x71, 0xC0, 0x61, 0xC0, 0xE1, 0x80, 0x61, 0x80, 0x01, 0x06, 0x01, 0x86, 0x03, 0x86, 0x03, 0x8E,
    0x03, 0x0E, 0x03, 0x0C, 0x07, 0x1C, 0x06, 0x1C, 0x06, 0x18, 0x0E, 0x18, 0x0E, 0x3A, 0xFF, 0xFF,
    0xFF, 0xFF, 0x1C, 0x70, 0x18, 0x70, 0x18, 0x60, 0x38, 0xE0, 0x30, 0xE0, 0x30, 0xC0, 0x70, 0xC0,
    0x71, 0xC0, 0x61, 0x80, 0xE1, 0x80, 0x61, 0x80, 0x00, 0x40, 0x00, 0x1C, 0x00, 0x07, 0xC0, 0x00,
    0xF8, 0x00, 0x3B, 0x80, 0x07, 0x70, 0x01, 0xC7, 0x00, 0x30, 0x60, 0x0E, 0x0E, 0x03, 0x80, 0xE0,
    0x70, 0x1C, 0x1C, 0x01, 0xC3, 0x80, 0x38, 0xE0, 0x03, 0x98, 0x00, 0x37, 0x00, 0x07, 0xC0, 0x00,
    0x60, 0xC0, 0x00, 0x7C, 0x00, 0x1D, 0xC0, 0x07, 0x38, 0x00, 0xE3, 0x80, 0x38, 0x70, 0x07, 0x07,
    0x01, 0xC0, 0x60, 0x30, 0x0E, 0x0E, 0x00, 0xC1, 0x80, 0x1C, 0x70, 0x01, 0xDC, 0x00, 0x3B, 0x80,
    0x03, 0xE0, 0x00, 0x7C, 0x00, 0x07, 0x00, 0x00, 0x40, 0x00, 0x03, 0x80, 0x3F, 0xE0, 0xFF, 0xE3,
    0xC1, 0xEF, 0x01, 0xFC, 0x01, 0xF0, 0x03, 0xE0, 0x03, 0xC0, 0x07, 0x80, 0x0F, 0x00, 0x1E, 0x00,
    0x3C, 0x00, 0x78, 0x00, 0xF0, 0x01, 0xE0, 0x03, 0xC0, 0x07, 0x80, 0x0C, 0x00, 0x00, 0xC0, 0x07,
    0x80, 0x0F, 0x00, 0x1E, 0x00, 0x3C, 0x00, 0x78, 0x00, 0xF0, 0x01, 0xE0, 0x03, 0xC0, 0x07, 0x80,
    0x0F, 0x00, 0x1E, 0x00, 0x3E, 0x00, 0xFC, 0x01, 0xDE, 0x0F, 0x1F, 0xFC, 0x1F, 0xF0, 0x0F, 0x80,
    0x00, 0x01, 0xF0, 0xFC, 0x7F, 0x1F, 0x07, 0x81, 0xE0, 0x78, 0x1E, 0x07, 0x81, 0xE0, 0x78, 0x1E,
    0x07, 0x81, 0xE0, 0x78, 0x1E, 0x07, 0x81, 0xE0, 0x78, 0x3E, 0x3F, 0x8F, 0xC3, 0xE0, 0x00, 0x00,
    0x03, 0x8F, 0x03, 0xE7, 0xC1, 0xF7, 0xE1, 0xC3, 0x80, 0xE1, 0x80, 0x70, 0xC0, 0x38, 0x60, 0x1C,
    0x30, 0x0E, 0x18, 0x07, 0x0C, 0x03, 0x86, 0x01, 0xC3, 0x00, 0xE1, 0x80, 0x70, 0xC0, 0x38, 0x60,
    0x1C, 0x30, 0x0E, 0x18, 0x06, 0x1C, 0x13, 0x2E, 0x0F, 0xBF, 0x07, 0xDF, 0x01, 0x83, 0x00, 0x07,
    0x8E, 0x3C, 0x0F, 0xBE, 0xFC, 0x3F, 0x7D, 0xF8, 0x71, 0xC3, 0x00, 0xC3, 0x86, 0x01, 0x87, 0x0C,
    0x03, 0x0E, 0x18, 0x06, 0x1C, 0x30, 0x0C, 0x38, 0x60, 0x18, 0x70, 0xC0, 0x30, 0xE1, 0x80, 0x61,
    0xC3, 0x00, 0xC3, 0x86, 0x01, 0x87, 0x0C, 0x03, 0x0E, 0x38, 0x06, 0x1C, 0x70, 0x0C, 0x38, 0xE0,
    0x38, 0x61, 0xC1, 0x74, 0xC3, 0x87, 0xEF, 0xBF, 0x0F, 0x9F, 0x7C, 0x06, 0x18, 0x30, 0x00, 0x03,
    0x80, 0xF8, 0x1F, 0x07, 0x00, 0xE0, 0x1C, 0x0F, 0xE3, 0xFE, 0x6E, 0xDD, 0xDF, 0x39, 0xE7, 0x3E,
    0xEE, 0xFF, 0x9F, 0xF0, 0xF8, 0x0E, 0x01, 0xC1, 0x30, 0x3E, 0x07, 0xC0, 0x70, 0x00, 0x03, 0x8F,
    0x01, 0xF3, 0xE0, 0x7D, 0xF8, 0x38, 0x70, 0x0E, 0x1C, 0x03, 0xFF, 0x03, 0xFF, 0xE1, 0xFF, 0xFC,
    0x6E, 0x1B, 0xBB, 0x86, 0x6C, 0xE1, 0x9B, 0x38, 0x66, 0xEE, 0x19, 0x9F, 0x86, 0xE3, 0xFF, 0xF0,
    0x7F, 0xF8, 0x0E, 0x18, 0x03, 0x06, 0x04, 0xCB, 0x81, 0xF7, 0xE0, 0x7D, 0xF0, 0x0C, 0x18, 0x00,
    0x07, 0x8E, 0x3C, 0x07, 0xDF, 0x7E, 0x0F, 0xDF, 0x7E, 0x0E, 0x38, 0x60, 0x0C, 0x38, 0x60, 0x0F,
    0xFF, 0xE0, 0x3F, 0xFF, 0xF8, 0x7F, 0xFF, 0xFC, 0xEC, 0x38, 0x6E, 0xCC, 0x38, 0x66, 0xCC, 0x38,
    0x66, 0xCC, 0x38, 0x66, 0xCC, 0x38, 0x66, 0xEC, 0x38, 0x6E, 0x7F, 0xFF, 0xFC, 0x3F, 0xFF, 0xF8,
    0x0C, 0x38, 0xE0, 0x0C, 0x30, 0xE0, 0x5D, 0x30, 0xE0, 0xFD, 0xF7, 0xE0, 0xF9, 0xF7, 0xC0, 0x30,
    0xC1, 0x80, 0x01, 0xC0, 0x00, 0xE0, 0x00, 0x70, 0x00, 0x00, 0x00, 0x00, 0x00, 0x00, 0x00, 0x00,
    0x00, 0x00, 0x00, 0x00, 0x00, 0x00, 0x00, 0x00, 0x00, 0x00, 0x00, 0x0E, 0x00, 0x3F, 0x00, 0x1F,
    0x80, 0x0E, 0x00, 0x00, 0xE0, 0x03, 0x70, 0x01, 0xF8, 0x00, 0xEC, 0x00, 0x20, 0x00, 0x00, 0x00,
    0x00, 0x00, 0x00, 0x00, 0x00, 0x00, 0x00, 0x00, 0x00, 0x00, 0x00, 0x00, 0x00, 0x00, 0x1C, 0x00,
    0x0E, 0x00, 0x07, 0x00, 0x01, 0x00, 0xFF, 0x80, 0x00, 0x00, 0x0F, 0xF8, 0x00, 0x00, 0x38, 0x03,
    0xBC, 0x01, 0xEE, 0x00, 0xE0, 0x00, 0x00, 0x00, 0x00, 0x00, 0x00, 0x00, 0x00, 0x00, 0x00, 0x00,
    0x00, 0x00, 0x00, 0x00, 0x00, 0x00, 0x00, 0x03, 0x00, 0x1B, 0xC0, 0x1D, 0xE0, 0x0F, 0x60, 0x03,
    0x00, 0x00, 0x03, 0xF0, 0xDF, 0xFF, 0xCF, 0xEC, 0x1E, 0x00, 0x07, 0x03, 0xC0, 0xF8, 0x7F, 0x9F,
    0xC7, 0xFC, 0xE0, 0x78, 0x7E, 0x03, 0x83, 0xF0, 0x38, 0x1F, 0x81, 0xC0, 0xFC, 0x1C, 0x07, 0xE3,
    0xC0, 0x73, 0xFE, 0x1F, 0x0F, 0xC1, 0xF0, 0x00, 0x00, 0x00, 0x1E, 0x03, 0x03, 0xFC, 0x3E, 0x1F,
    0xF0, 0x79, 0xC3, 0xC0, 0xEE, 0x0E, 0x03, 0xF0, 0x38, 0x1F, 0x80, 0xE0, 0xFE, 0x07, 0x07, 0x78,
    0x1C, 0x79, 0xF8, 0x7F, 0x87, 0xC1, 0xF8, 0x00, 0x00, 0x00, 0xFF, 0xFF, 0xFF, 0xFF, 0xFD, 0xFF,
    0xF0, 0x00, 0x00, 0x01, 0xE0, 0x00, 0xFF, 0x80, 0xFF, 0xFF, 0xFE, 0x07, 0xFE, 0x00, 0x1F, 0x00,
    0x3F, 0x80, 0x0F, 0xFC, 0x0F, 0xFF, 0xFF, 0x80, 0x3F, 0xC0, 0x00, 0xE0, 0x00, 0x00, 0x1F, 0xFF,
    0xF7, 0xFF, 0xFF, 0xFF, 0xFF, 0xC0, 0x3F, 0x80, 0x0F, 0xFE, 0x1F, 0x8F, 0xFF, 0x00, 0x3F, 0xC0,
    0x00, 0x00, 0x00, 0x7F, 0x9F, 0xFF, 0xF3, 0xFF, 0xFE, 0x00, 0x00, 0x00, 0x00, 0x01, 0xFF, 0xFF,
    0x3F, 0xFF, 0xE0, 0x3E, 0x1D, 0xFE, 0xF7, 0xFF, 0xBD, 0xFE, 0x71, 0xF0, 0x00, 0x03, 0xE1, 0xDF,
    0xEF, 0x7F, 0xFB, 0xDF, 0xE7, 0x1F, 0x00, 0x3F, 0x80, 0x0F, 0xFE, 0x1F, 0x8F, 0xFF, 0x00, 0x3F,
    0xC3, 0xF8, 0x00, 0xFF, 0xC1, 0xFF, 0xFF, 0xF0, 0x03, 0xFC, 0x1F, 0x06, 0x0F, 0xFC, 0x0F, 0xFF,
    0xFF, 0xE0, 0x7F, 0xE0, 0x00, 0xF0, 0x0F, 0x07, 0xE1, 0xF8, 0x7F, 0x9F, 0xC7, 0xFE, 0xE0, 0x78,
    0x7E, 0x03, 0x83, 0xF0, 0x38, 0x1F, 0x81, 0xC0, 0xFC, 0x1C, 0x0E, 0xF7, 0xC0, 0xF3, 0xFC, 0x3F,
    0x0F, 0xC1, 0xE0, 0x00, 0x00, 0x01, 0x1F, 0xFE, 0x1F, 0xFF, 0xF0, 0xFF, 0xFF, 0x80, 0x00, 0x00,
    0x3F, 0xFF, 0xE1, 0xFF, 0xFF, 0x0F, 0xFF, 0xF0, 0x00, 0xE0, 0x00, 0x38, 0x00, 0x0E, 0x00, 0x01,
    0x00, 0x00, 0x00, 0x1F, 0xFF, 0xF7, 0xFF, 0xFC, 0x00, 0x00, 0x00, 0x00, 0x00, 0x00, 0x07, 0xFF,
    0xFD, 0xFF, 0xFF, 0x00, 0x00, 0x00, 0x10, 0x00, 0x0E, 0x00, 0x03, 0x80, 0x00, 0xE0, 0x00, 0x06,
    0x00, 0x03, 0xC0, 0x00, 0xF0, 0x00, 0x18, 0x00, 0x00, 0x00, 0x1F, 0xFF, 0xF7, 0xFF, 0xFC, 0x00,
    0x00, 0x00, 0x00, 0x00, 0x00, 0x07, 0xFF, 0xFD, 0xFF, 0xFF, 0x00, 0x00, 0x00, 0x03, 0x00, 0x01,
    0xE0, 0x00, 0x78, 0x00, 0x0C, 0x00, 0x00, 0x0C, 0x00, 0x07, 0x80, 0x01, 0xE0, 0x00, 0x30, 0x00,
    0x00, 0x1F, 0xFF, 0xF7, 0xFF, 0xFC, 0x00, 0x00, 0x00, 0x00, 0x00, 0x00, 0x07, 0xFF, 0xFD, 0xFF,
    0xFF, 0x00, 0x00, 0x01, 0x80, 0x00, 0xF0, 0x00, 0x3C, 0x00, 0x06, 0x00, 0x00, 0x00, 0x40, 0x00,
    0x38, 0x00, 0x1F, 0x00, 0x07, 0xC0, 0x03, 0xB8, 0x01, 0xC7, 0x00, 0x7F, 0xC0, 0x3F, 0xF8, 0x07,
    0xFC, 0x00, 0x00, 0x07, 0xFF, 0xFD, 0xFF, 0xFF, 0x7F, 0xFF, 0xC0, 0x00, 0x00, 0x00, 0x00, 0x00,
    0x0E, 0x7F, 0xFF, 0xDF, 0xFF, 0xF0, 0x00, 0xC0, 0x1E, 0x01, 0xCF, 0xFF, 0xFF, 0xFF, 0xFF, 0x07,
    0x00, 0xF0, 0xFF, 0xFF, 0xFF, 0xFF, 0xF3, 0x80, 0x78, 0x03, 0x00, 0x7F, 0xFF, 0xDF, 0xFF, 0xF7,
    0xFF, 0xFC, 0x00, 0x00, 0x00, 0x3F, 0xDF, 0xFF, 0xF7, 0xFF, 0xFC, 0x00, 0x00, 0x00, 0x00, 0x1F,
    0xFF, 0xF7, 0xFF, 0xFC, 0x00, 0x18, 0x00, 0x07, 0x00, 0x03, 0x83, 0xFF, 0xFE, 0xFF, 0xFF, 0x80,
    0x1C, 0x00, 0x0E, 0x03, 0xFF, 0xFE, 0xFF, 0xFF, 0x9C, 0xE0, 0x00, 0x38, 0x03, 0xFF, 0xFE, 0xFF,
    0xFF, 0xBF, 0xFF, 0xE1, 0xE0, 0x00, 0x70, 0x00, 0x08, 0x00, 0x00, 0x01, 0xF3, 0xFF, 0xFF, 0xFF,
    0xFF, 0xFF, 0xEF, 0xC0, 0xFF, 0xEF, 0xFF, 0xFF, 0xF3, 0xFF, 0x01, 0xF0, 0x00, 0xFF, 0xFF, 0xFF,
    0xFF, 0xF0, 0x78, 0x0F, 0xFC, 0xFF, 0xFF, 0xFF, 0x3F, 0xF0, 0x3F, 0x7F, 0xFF, 0xFF, 0xFF, 0xFF,
    0xFC, 0x78, 0x00, 0x00, 0xFF, 0xFF, 0xFF, 0xFF, 0xF0, 0x00, 0x00, 0x00, 0x03, 0x80, 0x0F, 0xC0,
    0x3F, 0xC0, 0xFF, 0x03, 0xFC, 0x01, 0xF0, 0x00, 0xFC, 0x00, 0x3F, 0xE0, 0x01, 0xFE, 0x00, 0x1F,
    0xC0, 0x01, 0xE0, 0x00, 0x30, 0x1F, 0xFF, 0xFF, 0xFF, 0xFF, 0xFF, 0x00, 0x00, 0x7F, 0xFF, 0xFF,
    0xFF, 0xFF, 0xFF, 0xE0, 0x00, 0x00, 0x38, 0x00, 0x1F, 0x80, 0x07, 0xF0, 0x00, 0x7F, 0x80, 0x07,
    0xF8, 0x00, 0x7C, 0x00, 0x7E, 0x01, 0xFE, 0x07, 0xF0, 0x1F, 0xC0, 0x0F, 0x00, 0x06, 0x00, 0x00,
    0x1F, 0xFF, 0xFF, 0xFF, 0xFF, 0xFF, 0x00, 0x00, 0x7F, 0xFF, 0xFF, 0xFF, 0xFF, 0xFF, 0xE0, 0x00,
    0x00, 0x00, 0x03, 0x80, 0x0F, 0xC0, 0x3F, 0xC0, 0xFF, 0x03, 0xFC, 0x01, 0xF0, 0x00, 0xFC, 0x00,
    0x3F, 0xE0, 0x01, 0xFE, 0x00, 0x1F, 0xC0, 0x01, 0xE0, 0x06, 0x30, 0x3F, 0xFF, 0xFF, 0xFF, 0xFF,
    0xFF, 0x01, 0xC0, 0x7F, 0xFF, 0xFF, 0xFF, 0xFF, 0xFF, 0xE0, 0x30, 0x00, 0x00, 0x00, 0x38, 0x00,
    0x1F, 0x80, 0x07, 0xF0, 0x00, 0x7F, 0x80, 0x07, 0xF8, 0x00, 0x7C, 0x00, 0x7E, 0x01, 0xFE, 0x07,
    0xF0, 0x1F, 0xC0, 0x0F, 0x00, 0x06, 0x06, 0x00, 0x3F, 0xFF, 0xFF, 0xFF, 0xFF, 0xFF, 0x01, 0xC0,
    0x7F, 0xFF, 0xFF, 0xFF, 0xFF, 0xFF, 0xE0, 0x30, 0x00, 0x00, 0x18, 0x30, 0x03, 0x87, 0x00, 0x79,
    0xF0, 0x1E, 0x3C, 0x03, 0xC7, 0x80, 0x79, 0xE0, 0x1E, 0x3C, 0x03, 0xCF, 0x80, 0x71, 0xE0, 0x07,
    0x1E, 0x00, 0x7C, 0xF0, 0x01, 0xE3, 0xC0, 0x07, 0x9E, 0x00, 0x3C, 0x78, 0x01, 0xF3, 0xC0, 0x07,
    0x9F, 0x00, 0x38, 0x70, 0x01, 0x83, 0xC1, 0x80, 0x0E, 0x1C, 0x00, 0xF9, 0xE0, 0x03, 0xC7, 0x80,
    0x1E, 0x3C, 0x00, 0x79, 0xF0, 0x03, 0xC7, 0x80, 0x0F, 0x3E, 0x00, 0x78, 0xE0, 0x07, 0x8F, 0x00,
    0xF3, 0xE0, 0x3C, 0x78, 0x07, 0x9F, 0x01, 0xF3, 0xC0, 0x3C, 0x78, 0x07, 0x9F, 0x00, 0xE1, 0xC0,
    0x0C, 0x18, 0x00, 0x00, 0x80, 0x01, 0xC0, 0x01, 0xC0, 0x01, 0xC0, 0x01, 0xC0, 0x01, 0xC6, 0x01,
    0xCF, 0x01, 0xFE, 0x01, 0xF8, 0x01, 0xF0, 0x07, 0xC0, 0x1F, 0xC0, 0x7D, 0xC0, 0x79, 0xC0, 0x7D,
    0xC0, 0x3F, 0xC0, 0x0F, 0xC0, 0x03, 0xE0, 0x01, 0xF8, 0x01, 0xFC, 0x01, 0xDE, 0x01, 0xC7, 0x01,
    0xC2, 0x01, 0xC0, 0x01, 0xC0, 0x01, 0xC0, 0x00, 0x80, 0x01, 0x00, 0x07, 0x00, 0x0E, 0x00, 0x1C,
    0x00, 0x38, 0x18, 0x70, 0x3C, 0xE0, 0x7D, 0xC0, 0x3F, 0x80, 0x1F, 0x00, 0x1F, 0x80, 0x1F, 0x80,
    0x3F, 0xC0, 0x73, 0xC0, 0xEF, 0x81, 0xFE, 0x03, 0xF0, 0x0F, 0x80, 0x7E, 0x03, 0xFC, 0x0F, 0xB8,
    0x1C, 0x70, 0x10, 0xE0, 0x01, 0xC0, 0x03, 0x80, 0x07, 0x00, 0x04, 0x00, 0x00, 0x03, 0x00, 0x0F,
    0x80, 0x3F, 0xC0, 0xFF, 0x03, 0xFC, 0x03, 0xF0, 0x01, 0xF0, 0x00, 0xFF, 0x00, 0x0F, 0xF8, 0x00,
    0x7F, 0x00, 0x07, 0xC0, 0x00, 0xE0, 0x00, 0x00, 0xF0, 0x01, 0xFE, 0x07, 0xFF, 0xFF, 0xC1, 0xFF,
    0x00, 0x1E, 0x00, 0x60, 0x00, 0x3E, 0x00, 0x1F, 0xE0, 0x03, 0xFE, 0x00, 0x1F, 0xE0, 0x01, 0xF8,
    0x00, 0x7C, 0x03, 0xFC, 0x0F, 0xF0, 0x3F, 0xC0, 0x1F, 0x00, 0x0E, 0x00, 0x00, 0x00, 0x00, 0xF0,
    0x01, 0xFE, 0x07, 0xFF, 0xFF, 0xC1, 0xFF, 0x00, 0x1E, 0x00, 0x00, 0x06, 0x00, 0x3E, 0x01, 0xFE,
    0x0F, 0xF0, 0x7F, 0x80, 0xFC, 0x00, 0xF8, 0x00, 0x7F, 0x80, 0xCF, 0xF0, 0xF1, 0xFE, 0xFE, 0x3E,
    0x3F, 0xC6, 0x07, 0xF8, 0x00, 0xFE, 0x00, 0x1E, 0x00, 0xFE, 0x07, 0xF8, 0x3F, 0xC0, 0xFE, 0x00,
    0xF0, 0x00, 0x80, 0x00, 0xC0, 0x00, 0xF8, 0x00, 0xFF, 0x00, 0x1F, 0xE0, 0x03, 0xFC, 0x00, 0x7E,
    0x00, 0x3E, 0x03, 0xFE, 0x1F, 0xE2, 0xFF, 0x1E, 0xF8, 0xFE, 0xE7, 0xF8, 0x3F, 0xC0, 0xFE, 0x00,
    0xF0, 0x00, 0xFE, 0x00, 0x3F, 0xC0, 0x03, 0xFC, 0x00, 0x7E, 0x00, 0x1E, 0x00, 0x02, 0x07, 0xFF,
    0xC3, 0xFF, 0xF8, 0xFF, 0xFF, 0x3C, 0x00, 0x07, 0x00, 0x00, 0xC0, 0x00, 0x38, 0x00, 0x07, 0x00,
    0x00, 0xE0, 0x00, 0x1C, 0x00, 0x01, 0xC0, 0x00, 0x38, 0x00, 0x03, 0x80, 0x00, 0x7F, 0xFF, 0x83,
    0xFF, 0xF0, 0x1F, 0xFE, 0x7F, 0xFC, 0x0F, 0xFF, 0xE1, 0xFF, 0xFE, 0x00, 0x01, 0xE0, 0x00, 0x1C,
    0x00, 0x01, 0x80, 0x00, 0x38, 0x00, 0x07, 0x00, 0x00, 0xE0, 0x00, 0x1C, 0x00, 0x07, 0x00, 0x00,
    0xE0, 0x00, 0x38, 0xFF, 0xFF, 0x1F, 0xFF, 0x83, 0xFF, 0xC0, 0x00, 0x04, 0x00, 0x01, 0xC0, 0x00,
    0x38, 0x03, 0xFF, 0xE1, 0xFF, 0xFC, 0x7F, 0xFF, 0x9E, 0x06, 0x03, 0x81, 0xC0, 0x60, 0x38, 0x1C,
    0x0E, 0x03, 0x81, 0xC0, 0x70, 0x38, 0x0E, 0x0E, 0x00, 0xE1, 0xC0, 0x1C, 0x38, 0x01, 0xCE, 0x00,
    0x3F, 0xFF, 0xC1, 0xFF, 0xF8, 0x0F, 0xFF, 0x01, 0xC0, 0x00, 0x30, 0x00, 0x06, 0x00, 0x00, 0x00,
    0x08, 0x00, 0x01, 0x80, 0x00, 0x70, 0x3F, 0xFE, 0x07, 0xFF, 0xF0, 0xFF, 0xFF, 0x00, 0x0E, 0xF0,
    0x01, 0x8E, 0x00, 0x70, 0xC0, 0x0E, 0x1C, 0x01, 0x83, 0x80, 0x70, 0x70, 0x0E, 0x0E, 0x01, 0x83,
    0x80, 0x70, 0x70, 0x0E, 0x1C, 0x7F, 0xFF, 0x8F, 0xFF, 0xC1, 0xFF, 0xE0, 0x03, 0x80, 0x00, 0x70,
    0x00, 0x04, 0x00, 0x00, 0x0F, 0xFF, 0xC7, 0xFF, 0xF9, 0xE0, 0x00, 0x38, 0x00, 0x0E, 0x00, 0x01,
    0xC0, 0x00, 0x38, 0x00, 0x07, 0x00, 0x00, 0xE0, 0x00, 0x0E, 0x00, 0x01, 0xF0, 0x00, 0x1F, 0xFF,
    0xE0, 0xFF, 0xFC, 0x00, 0x00, 0x00, 0x00, 0x01, 0xFF, 0xFE, 0x7F, 0xFF, 0xEF, 0xFF, 0xF8, 0x7F,
    0xFE, 0x0F, 0xFF, 0xF0, 0x00, 0x1F, 0x00, 0x00, 0xE0, 0x00, 0x0E, 0x00, 0x01, 0xC0, 0x00, 0x38,
    0x00, 0x07, 0x00, 0x00, 0xE0, 0x00, 0x38, 0x00, 0x1F, 0x7F, 0xFF, 0xC7, 0xFF, 0xE0, 0x00, 0x00,
    0x00, 0x00, 0x03, 0xFF, 0xFC, 0xFF, 0xFF, 0xCF, 0xFF, 0xF8, 0x00, 0x08, 0x00, 0x03, 0x80, 0x00,
    0x70, 0x07, 0xFF, 0xE3, 0xFF, 0xFC, 0xF0, 0x70, 0x1C, 0x0C, 0x07, 0x01, 0x80, 0xE0, 0x70, 0x1C,
    0x0E, 0x03, 0x81, 0x80, 0x70, 0x70, 0x07, 0x0E, 0x00, 0xF9, 0x80, 0x0F, 0xFF, 0xF0, 0x7F, 0xFE,
    0x01, 0x80, 0x00, 0x30, 0x00, 0xFF, 0xFF, 0x3F, 0xFF, 0xF7, 0xFF, 0xFC, 0x0E, 0x00, 0x01, 0xC0,
    0x00, 0x10, 0x00, 0x00, 0x18, 0x00, 0x03, 0x80, 0x00, 0x60, 0x7F, 0xFF, 0x0F, 0xFF, 0xF0, 0x00,
    0x6F, 0x00, 0x1C, 0x70, 0x03, 0x8E, 0x00, 0x60, 0xC0, 0x0C, 0x1C, 0x03, 0x83, 0x00, 0x70, 0xE0,
    0x0C, 0x1C, 0x03, 0x9F, 0x3F, 0xFF, 0xC7, 0xFF, 0xF0, 0x03, 0x80, 0x00, 0x70, 0x01, 0xFF, 0xFE,
    0x7F, 0xFF, 0xEF, 0xFF, 0xFC, 0x0E, 0x00, 0x01, 0x80, 0x00, 0x30, 0x00, 0x0F, 0xFF, 0xC7, 0xFF,
    0xF9, 0xE0, 0x00, 0x38, 0x00, 0x0E, 0x00, 0x01, 0xC0, 0x00, 0x38, 0x00, 0x07, 0x00, 0x00, 0xE0,
    0x00, 0x0E, 0x00, 0x01, 0xF0, 0x00, 0x1F, 0xFF, 0xE0, 0xFF, 0xFC, 0x00, 0xC0, 0x00, 0x1C, 0x01,
    0xFF, 0xFE, 0x7F, 0xFF, 0xEF, 0xFF, 0xF8, 0x03, 0x00, 0x00, 0x60, 0x00, 0x00, 0x00, 0x7F, 0xFE,
    0x0F, 0xFF, 0xF0, 0x00, 0x1F, 0x00, 0x00, 0xE0, 0x00, 0x0E, 0x00, 0x01, 0xC0, 0x00, 0x38, 0x00,
    0x07, 0x00, 0x00, 0xE0, 0x00, 0x38, 0x00, 0x1F, 0x7F, 0xFF, 0xC7, 0xFF, 0xE0, 0x00, 0xC0, 0x00,
    0x18, 0x03, 0xFF, 0xFC, 0xFF, 0xFF, 0xCF, 0xFF, 0xF8, 0x07, 0x00, 0x00, 0xE0, 0x00, 0x00, 0x00,
    0x01, 0xFC, 0x00, 0x3F, 0xF8, 0x03, 0xC9, 0xE0, 0x38, 0xE3, 0x83, 0x87, 0x0E, 0x18, 0x38, 0x31,
    0xC1, 0xC1, 0xCC, 0x0E, 0x06, 0x60, 0x70, 0x33, 0xFF, 0xFF, 0x9F, 0xFF, 0xFC, 0xC0, 0xE0, 0x66,
    0x07, 0x03, 0x38, 0x38, 0x38, 0xE1, 0xC3, 0x87, 0x8E, 0x3C, 0x1E, 0x73, 0xC0, 0x7F, 0xFC, 0x00,
    0xFF, 0x80, 0x00, 0xE0, 0x00, 0x01, 0xFC, 0x00, 0x3F, 0xF8, 0x03, 0xC1, 0xE0, 0x38, 0x03, 0x83,
    0x80, 0x0E, 0x18, 0x00, 0x31, 0xC0, 0x01, 0xCC, 0x00, 0x06, 0x60, 0x00, 0x33, 0xFF, 0xFF, 0x9F,
    0xFF, 0xFC, 0xC0, 0x00, 0x66, 0x00, 0x03, 0x38, 0x00, 0x38, 0xE0, 0x03, 0x87, 0x80, 0x3C, 0x1E,
    0x03, 0xC0, 0x7F, 0xFC, 0x00, 0xFF, 0x80, 0x00, 0xE0, 0x00, 0x01, 0xFC, 0x00, 0x3F, 0xF8, 0x03,
    0xC1, 0xE0, 0x38, 0x03, 0x83, 0xE0, 0x3E, 0x1B, 0x83, 0xB1, 0xDE, 0x39, 0xCC, 0x7B, 0x86, 0x61,
    0xF8, 0x33, 0x07, 0x81, 0x98, 0x3E, 0x0C, 0xC3, 0xF8, 0x66, 0x38, 0xE3, 0x3B, 0x83, 0xB8, 0xF8,
    0x0F, 0x87, 0x80, 0x3C, 0x1E, 0x03, 0xC0, 0x7F, 0xFC, 0x00, 0xFF, 0x80, 0x00, 0xE0, 0x00, 0x01,
    0xFC, 0x00, 0x3F, 0xF8, 0x03, 0xC1, 0xE0, 0x38, 0x03, 0x83, 0x80, 0x3E, 0x18, 0x03, 0xB1, 0xC0,
    0x39, 0xCC, 0x03, 0x86, 0x60, 0x38, 0x33, 0x03, 0x81, 0x98, 0x38, 0x0C, 0xC3, 0x80, 0x66, 0x38,
    0x03, 0x3B, 0x80, 0x38, 0xF8, 0x03, 0x87, 0x80, 0x3C, 0x1E, 0x03, 0xC0, 0x7F, 0xFC, 0x00, 0xFF,
    0x80, 0x00, 0xE0, 0x00, 0x00, 0x10, 0x00, 0x03, 0xFE, 0x00, 0x1F, 0xFF, 0x00, 0x78, 0x0F, 0x01,
    0xC0, 0x07, 0x07, 0x00, 0x07, 0x1C, 0x00, 0x07, 0x38, 0x00, 0x0E, 0x60, 0x00, 0x0D, 0xC0, 0xF8,
    0x1F, 0x81, 0xF0, 0x3F, 0x07, 0xF0, 0x7E, 0x0F, 0xE0, 0xFC, 0x0F, 0x81, 0xF8, 0x0E, 0x03, 0xB0,
    0x00, 0x06, 0x70, 0x00, 0x1C, 0x70, 0x00, 0x70, 0xF0, 0x01, 0xE0, 0xF0, 0x07, 0x80, 0xF8, 0x3E,
    0x00, 0x7F, 0xF0, 0x00, 0x3F, 0x80, 0x00, 0x03, 0xFE, 0x00, 0x3F, 0xF8, 0x07, 0xC1, 0xF0, 0x78,
    0x03, 0xC3, 0x80, 0x0E, 0x38, 0x00, 0x3B, 0x80, 0x00, 0xFD, 0xFF, 0xF7, 0xCF, 0xFF, 0x9E, 0x00,
    0x00, 0xF0, 0x00, 0x07, 0x80, 0x00, 0x3C, 0xFF, 0xF9, 0xF7, 0xFF, 0xDF, 0x80, 0x00, 0xEE, 0x00,
    0x0E, 0x38, 0x00, 0xE1, 0xE0, 0x0F, 0x07, 0xC1, 0xF0, 0x0F, 0xFE, 0x00, 0x3F, 0xE0, 0x00, 0x01,
    0xFC, 0x00, 0x3F, 0xF8, 0x03, 0xC1, 0xE0, 0x38, 0x03, 0x83, 0x80, 0x0E, 0x18, 0x00, 0x31, 0xC0,
    0x01, 0xCC, 0x00, 0x06, 0x60, 0x00, 0x33, 0xFF, 0xFF, 0x9F, 0xFF, 0xFC, 0xC0, 0x00, 0x66, 0x00,
    0x03, 0x38, 0x00, 0x38, 0xE0, 0x03, 0x87, 0x80, 0x3C, 0x1E, 0x03, 0xC0, 0x7F, 0xFC, 0x00, 0xFF,
    0x80, 0x01, 0xF0, 0x00, 0xFF, 0xFF, 0xFF, 0xFF, 0xFF, 0xFF, 0xFF, 0xFF, 0xFE, 0x01, 0xC0, 0x3C,
    0x03, 0x80, 0x78, 0x07, 0x00, 0xF0, 0x0E, 0x01, 0xE0, 0x1C, 0x03, 0xC0, 0x38, 0x07, 0x80, 0x70,
    0x0F, 0x00, 0xE0, 0x1F, 0xFF, 0xFF, 0xFF, 0xFF, 0xFF, 0xF8, 0x07, 0x00, 0xF0, 0x0E, 0x01, 0xE0,
    0x1C, 0x03, 0xC0, 0x38, 0x07, 0x80, 0x70, 0x0F, 0x00, 0xE0, 0x1E, 0x01, 0xC0, 0x3C, 0x03, 0x80,
    0x7F, 0xFF, 0xFF, 0xFF, 0xFF, 0xFF, 0x80, 0x7F, 0xFF, 0xFD, 0xFF, 0xFF, 0xFF, 0xFF, 0xFF, 0xFF,
    0x00, 0x00, 0x7E, 0x00, 0x00, 0xFC, 0x40, 0x11, 0xF9, 0xC0, 0x73, 0xF1, 0xC1, 0xE7, 0xE1, 0xC7,
    0x8F, 0xC1, 0xDE, 0x1F, 0x81, 0xF8, 0x3F, 0x01, 0xE0, 0x7E, 0x07, 0xC0, 0xFC, 0x1F, 0xC1, 0xF8,
    0x73, 0xC3, 0xF1, 0xC3, 0xC7, 0xE7, 0x03, 0xCF, 0xCC, 0x03, 0x9F, 0x80, 0x00, 0x3F, 0x00, 0x00,
    0x7E, 0x00, 0x00, 0xFF, 0xFF, 0xFF, 0xFF, 0xFF, 0xFF, 0x80, 0xC0, 0x00, 0x70, 0x00, 0x38, 0x00,
    0x1C, 0x00, 0x0E, 0x00, 0x07, 0x00, 0x03, 0x80, 0x01, 0xFF, 0xFF, 0xFF, 0xFF, 0xFF, 0xFF, 0xF8,
    0x00, 0x18, 0x00, 0x0C, 0x00, 0x06, 0x00, 0x03, 0x00, 0x01, 0x80, 0x00, 0xC0, 0x00, 0x00, 0x00,
    0x01, 0x80, 0x00, 0xC0, 0x00, 0x60, 0x00, 0x30, 0x00, 0x18, 0x00, 0x0C, 0x00, 0x07, 0xFF, 0xFF,
    0xFF, 0xFF, 0xFF, 0xFF, 0xC0, 0x00, 0x60, 0x00, 0x30, 0x00, 0x18, 0x00, 0x0C, 0x00, 0x06, 0x00,
    0x03, 0x00, 0x01, 0x80, 0xFF, 0xFF, 0xFF, 0xFF, 0xFF, 0xFF, 0xC0, 0x38, 0x00, 0x1C, 0x00, 0x0E,
    0x00, 0x07, 0x00, 0x03, 0x80, 0x01, 0xC0, 0x00, 0xE0, 0x00, 0x70, 0x00, 0x38, 0x00, 0x1C, 0x00,
    0x0E, 0x00, 0x07, 0x00, 0x03, 0x80, 0x01, 0xC0, 0x00, 0x00, 0x00, 0x01, 0xC0, 0x00, 0xE0, 0x00,
    0x70, 0x00, 0x38, 0x00, 0x1C, 0x00, 0x0E, 0x00, 0x07, 0x00, 0x03, 0x80, 0x01, 0xC0, 0x00, 0xE0,
    0x00, 0x70, 0x00, 0x38, 0x00, 0x1C, 0x00, 0x0E, 0x00, 0x07, 0x01, 0xFF, 0xFF, 0xFF, 0xFF, 0x80,
    0x00, 0x00, 0x00, 0x01, 0x00, 0x00, 0xE0, 0x00, 0x78, 0x00, 0x3E, 0x00, 0x1F, 0x80, 0x0F, 0xE0,
    0x07, 0xB8, 0x03, 0xCE, 0x01, 0xE3, 0x80, 0xF0, 0xE0, 0x78, 0x38, 0x3C, 0x0E, 0x1E, 0x03, 0x8F,
    0x00, 0xE7, 0x80, 0x3B, 0xFF, 0xFE, 0xFF, 0xFF, 0xD0, 0x00, 0x20, 0x00, 0x10, 0x00, 0x00, 0x70,
    0x00, 0x00, 0xF0, 0x00, 0x03, 0xE0, 0x00, 0x0F, 0xE0, 0x00, 0x1D, 0xC0, 0x00, 0x71, 0xC0, 0x00,
    0xE3, 0x80, 0x03, 0x83, 0x80, 0x07, 0x07, 0x00, 0x1C, 0x07, 0x00, 0x78, 0x0F, 0x00, 0xE0, 0x0E,
    0x03, 0x80, 0x0E, 0x07, 0x00, 0x1C, 0x1C, 0x00, 0x1C, 0x38, 0x00, 0x38, 0xE0, 0x00, 0x39, 0xC0,
    0x00, 0x7F, 0x00, 0x00, 0x76, 0x00, 0x00, 0x40, 0x60, 0x00, 0x0D, 0xC0, 0x00, 0x1D, 0xC0, 0x00,
    0x73, 0x80, 0x00, 0xE3, 0x80, 0x03, 0x87, 0x00, 0x07, 0x07, 0x00, 0x1C, 0x0F, 0x00, 0x78, 0x0E,
    0x00, 0xE0, 0x0E, 0x03, 0xC0, 0x1C, 0x07, 0x00, 0x1C, 0x1C, 0x00, 0x38, 0x38, 0x00, 0x38, 0xE0,
    0x00, 0x71, 0xC0, 0x00, 0x77, 0x00, 0x00, 0xFE, 0x00, 0x00, 0xF8, 0x00, 0x00, 0xE0, 0x00, 0x01,
    0xC0, 0x00, 0x01, 0x00, 0x00, 0x00, 0x00, 0x00, 0xFF, 0x80, 0x3F, 0xF8, 0x1F, 0xFF, 0xC3, 0xC0,
    0x78, 0xF0, 0x07, 0x9C, 0x00, 0x77, 0x00, 0x07, 0xE0, 0x00, 0xFC, 0x00, 0x1F, 0x80, 0x03, 0xF0,
    0x00, 0x7E, 0x00, 0x0F, 0xC0, 0x01, 0xF8, 0x00, 0x3F, 0x00, 0x07, 0xE0, 0x00, 0xFC, 0x00, 0x1F,
    0x80, 0x03, 0xF0, 0x00, 0x7E, 0x00, 0x0F, 0xC0, 0x01, 0xC0, 0x00, 0x00, 0xE0, 0x00, 0xFC, 0x00,
    0x1F, 0x80, 0x03, 0xF0, 0x00, 0x7E, 0x00, 0x0F, 0xC0, 0x01, 0xF8, 0x00, 0x3F, 0x00, 0x07, 0xE0,
    0x00, 0xFC, 0x00, 0x1F, 0x80, 0x03, 0xF0, 0x00, 0x7E, 0x00, 0x0F, 0xC0, 0x01, 0xF8, 0x00, 0x3B,
    0x80, 0x0E, 0x70, 0x01, 0xC7, 0x80, 0xF8, 0xFC, 0x7E, 0x0F, 0xFF, 0x80, 0x7F, 0xC0, 0x01, 0xE0,
    0x00, 0x00, 0x0E, 0x0F, 0x8F, 0xE6, 0x73, 0xB8, 0xF8, 0x38, 0x00, 0x00, 0x77, 0xFF, 0xF7, 0x98,
    0x00, 0x07, 0x00, 0x3F, 0x81, 0xFF, 0x0F, 0xF8, 0x07, 0xC0, 0x03, 0xFE, 0x00, 0x1F, 0xF8, 0x00,
    0xFE, 0x00, 0x0F, 0x7F, 0xFF, 0xFF, 0xFF, 0xEF, 0x80, 0x07, 0xFC, 0x00, 0x3F, 0xF0, 0x01, 0xFC,
    0x00, 0xFE, 0x0F, 0xFE, 0x3F, 0xE0, 0x1F, 0x00, 0x0C, 0x00, 0x00, 0x70, 0x00, 0x3F, 0x80, 0x07,
    0xFE, 0x00, 0x3F, 0xE0, 0x01, 0xF0, 0x0F, 0xF8, 0xFF, 0xC0, 0xFE, 0x00, 0x70, 0x03, 0x7F, 0xFF,
    0xFF, 0xFF, 0xE0, 0x03, 0xE0, 0x1F, 0xF1, 0xFF, 0x81, 0xFC, 0x00, 0xFE, 0x00, 0x3F, 0xF8, 0x00,
    0xFF, 0x80, 0x07, 0xC0, 0x00, 0x60, 0xFF, 0x80, 0x00, 0xFF, 0x80, 0x00, 0xFF, 0x80, 0x70, 0x70,
    0x77, 0x83, 0x83, 0xDC, 0x1C, 0x1C, 0x00, 0x00, 0x70, 0x00, 0x03, 0xC0, 0x00, 0x1C, 0x00, 0x00,
    0x00, 0x00, 0x00, 0x00, 0x00, 0x00, 0x00, 0x00, 0x00, 0x00, 0x00, 0x00, 0x70, 0x00, 0x03, 0x80,
    0x00, 0x1C, 0x00, 0x00, 0x00, 0x00, 0x00, 0x00, 0x00, 0x00, 0x00, 0x00, 0x00, 0x00, 0x00, 0x00,
    0x70, 0x00, 0x07, 0x80, 0x00, 0x1C, 0x00, 0x00, 0x60, 0x00, 0x07, 0x80, 0x00, 0x1C, 0x00, 0x00,
    0x00, 0x00, 0x00, 0x00, 0x00, 0x00, 0x00, 0x00, 0x00, 0x00, 0x00, 0x00, 0x00, 0x00, 0x70, 0x00,
    0x03, 0x80, 0x00, 0x1C, 0x00, 0x00, 0x00, 0x00, 0x00, 0x00, 0x00, 0x00, 0x00, 0x00, 0x00, 0x00,
    0x00, 0x00, 0x00, 0x00, 0x70, 0x00, 0x03, 0xC0, 0x00, 0x0C, 0x3E, 0x7F, 0x67, 0xE3, 0x63, 0x7F,
    0x3E, 0x18, 0x7C, 0xFD, 0xFB, 0x06, 0x0C, 0x18, 0x30, 0x60, 0xC1, 0x83, 0x06, 0x0C, 0x18, 0x30,
    0x60, 0xC0, 0x08, 0x18, 0x30, 0x60, 0xC1, 0x83, 0x06, 0x0C, 0x18, 0x30, 0x60, 0xC1, 0x83, 0x06,
    0xFD, 0xF8, 0x00, 0x3F, 0xFD, 0xFF, 0xFF, 0xFF, 0xFF, 0xFF, 0xF1, 0x00, 0x00, 0x00, 0x00, 0x70,
    0x00, 0x00, 0x70, 0x00, 0x00, 0x70, 0x00, 0x00, 0x70, 0x00, 0x00, 0x70, 0x00, 0x00, 0x70, 0x00,
    0x00, 0x70, 0x00, 0x00, 0x70, 0x00, 0x00, 0x7F, 0xE0, 0x00, 0x7F, 0xF0, 0x00, 0x7E, 0x00, 0x00,
    0x70, 0x00, 0x00, 0x70, 0x00, 0x00, 0x70, 0x00, 0x00, 0x70, 0x00, 0x00, 0x70, 0x00, 0x00, 0x70,
    0x00, 0x00, 0x70, 0x00, 0x9F, 0xFF, 0xFE, 0xFF, 0xFF, 0xFE, 0xFF, 0xFF, 0xF0, 0x00, 0x00, 0xF8,
    0xFF, 0xFF, 0xF9, 0xFF, 0xFF, 0xF3, 0xFF, 0x80, 0x00, 0x03, 0x00, 0x00, 0x06, 0x00, 0x00, 0x0E,
    0x00, 0x00, 0x1F, 0x00, 0x00, 0x3F, 0x00, 0x00, 0x6F, 0x80, 0x00, 0xCF, 0x80, 0x01, 0x87, 0x80,
    0x03, 0x06, 0x00, 0x06, 0x00, 0x00, 0x0C, 0x00, 0x00, 0x18, 0x00, 0x00, 0x30, 0x00, 0x00, 0x60,
    0x00, 0x00, 0xC0, 0x00, 0x03, 0x80, 0x00, 0x07, 0x00, 0x00, 0x06, 0x00, 0x00, 0x00, 0x00, 0xF8,
    0xFF, 0xFF, 0xF9, 0xFF, 0xFF, 0xF1, 0xF8, 0xE0, 0x00, 0x01, 0xC0, 0x00, 0x0F, 0x00, 0x00, 0x1E,
    0x00, 0x00, 0x78, 0x00, 0x00, 0xF6, 0x00, 0x03, 0xEF, 0x00, 0x0E, 0xCF, 0x00, 0x39, 0x8F, 0x80,
    0xE3, 0x07, 0x87, 0x86, 0x07, 0x9C, 0x0C, 0x07, 0x70, 0x18, 0x00, 0x80, 0x30, 0x00, 0x00, 0x60,
    0x00, 0x00, 0xC0, 0x00, 0x01, 0x80, 0x00, 0x03, 0x00, 0x00, 0x06, 0x00, 0x00, 0x00, 0x70, 0x00,
    0x00, 0xE0, 0x00, 0x01, 0xC0, 0x00, 0x03, 0x80, 0x01, 0xFF, 0xFF, 0x03, 0xFF, 0xFE, 0x03, 0xFF,
    0x00, 0x00, 0x70, 0x00, 0x00, 0xE7, 0xFD, 0xFF, 0xFF, 0xFD, 0xFF, 0xFF, 0xF1, 0x8E, 0x00, 0x00,
    0x18, 0x00, 0x00, 0x7F, 0xFC, 0x00, 0xFF, 0xF8, 0x01, 0xFF, 0xE0, 0x00, 0x03, 0x80, 0x01, 0x8F,
    0x00, 0x03, 0xBC, 0x00, 0x07, 0xF0, 0x00, 0x03, 0xE0, 0x00, 0x03, 0xE0, 0x00, 0x01, 0xE0, 0x00,
    0x01, 0x80, 0x00, 0x00, 0xC0, 0x00, 0x0F, 0x80, 0x01, 0xFF, 0x00, 0x3F, 0xF8, 0x01, 0xFF, 0x80,
    0x00, 0x07, 0x00, 0x00, 0x0F, 0xF0, 0x07, 0xFF, 0xF0, 0x07, 0xFF, 0xC0, 0x00, 0x70, 0x00, 0x00,
    0xE1, 0xF7, 0xFF, 0xFF, 0xFF, 0xFF, 0xFF, 0xEF, 0xCE, 0x00, 0x00, 0x38, 0x80, 0x00, 0xE3, 0x80,
    0x01, 0xC3, 0x80, 0x07, 0x03, 0x80, 0x1C, 0x7F, 0x81, 0xFF, 0xFF, 0x83, 0xFF, 0xC7, 0x83, 0xE0,
    0x07, 0x00, 0x00, 0x00, 0x00, 0x00, 0x1F, 0xFD, 0xFF, 0xFF, 0xF7, 0xFF, 0xFF, 0x80, 0x31, 0xC0,
    0x00, 0xC7, 0x00, 0x03, 0x1D, 0xC7, 0xFF, 0xFF, 0x8F, 0xFF, 0xFE, 0x3F, 0xC7, 0x18, 0xC7, 0x1C,
    0x63, 0x1E, 0x71, 0x8C, 0x7F, 0xE6, 0x33, 0xFF, 0xD8, 0xCC, 0xF3, 0xE3, 0x71, 0xCF, 0x8D, 0x86,
    0x06, 0x3C, 0x30, 0x18, 0xE1, 0xC4, 0x63, 0x00, 0x1F, 0x8C, 0x00, 0x3E, 0x30, 0x00, 0x78, 0xC0,
    0x00, 0x40, 0x00, 0x1C, 0x00, 0x00, 0x0E, 0x00, 0x00, 0x07, 0x00, 0x00, 0x07, 0x80, 0x00, 0x07,
    0xE0, 0x00, 0x03, 0xB8, 0x00, 0x03, 0x8E, 0x00, 0x03, 0xC3, 0x80, 0x03, 0xD9, 0xF0, 0x03, 0xCE,
    0x3C, 0x03, 0xC7, 0x0F, 0x83, 0xC3, 0x83, 0xE3, 0x81, 0xC0, 0xFB, 0x80, 0xE0, 0x1B, 0x00, 0x70,
    0x00, 0x00, 0x38, 0x00, 0x00, 0x1C, 0x00, 0x00, 0x0E, 0x00, 0x00, 0x07, 0x00, 0x00, 0x03, 0x80,
    0x00, 0x01, 0xC0, 0x00, 0x00, 0xE0, 0x00, 0x00, 0x70, 0x00, 0x00, 0x18, 0x00, 0x00, 0xC0, 0x00,
    0x1C, 0x00, 0x03, 0x80, 0x00, 0x70, 0x00, 0x0E, 0x00, 0x01, 0xDF, 0xFF, 0xFF, 0xFF, 0xFF, 0xFF,
    0xE0, 0xE0, 0xEC, 0x1C, 0x1D, 0x83, 0x83, 0xB0, 0x70, 0x76, 0x0E, 0xFC, 0xFF, 0xFF, 0xDF, 0xFF,
    0xFB, 0x87, 0x00, 0x20, 0xE0, 0x00, 0x1C, 0x00, 0x03, 0x80, 0x00, 0x70, 0x00, 0x0E, 0x00, 0x01,
    0xC0, 0x00, 0x38, 0x00, 0x07, 0x00, 0x00, 0xC0, 0x00, 0x1C, 0x00, 0x03, 0x80, 0x00, 0x7F, 0xC7,
    0xFF, 0xFC, 0xFF, 0xFF, 0x8C, 0x38, 0x71, 0x87, 0xFC, 0x3F, 0xFF, 0xC7, 0xFF, 0xF0, 0xC3, 0x80,
    0x63, 0xFF, 0xFF, 0xFF, 0xFF, 0xFF, 0xE1, 0xF8, 0x38, 0x3B, 0x07, 0xFF, 0x7F, 0xFF, 0xEF, 0xFF,
    0xF9, 0x83, 0x80, 0x00, 0x70, 0x00, 0x0E, 0x00, 0x01, 0xC0, 0x00, 0x38, 0x00, 0x07, 0x00, 0x00,
    0x30, 0x00, 0x01, 0xC0, 0x03, 0x8E, 0x00, 0x1E, 0x70, 0x00, 0x7B, 0x80, 0x00, 0xFC, 0x00, 0x02,
    0xE7, 0xC7, 0xFF, 0xFF, 0x1F, 0xFF, 0xF8, 0x63, 0x81, 0xC0, 0x1C, 0x0E, 0x00, 0xF8, 0x70, 0x0F,
    0xE3, 0x80, 0x77, 0x9C, 0x07, 0x1E, 0xE0, 0x38, 0x76, 0x03, 0x80, 0x70, 0x3C, 0x03, 0x83, 0xC6,
    0x1C, 0x3C, 0x3C, 0xE3, 0xC0, 0xFF, 0x38, 0x03, 0xF3, 0x80, 0x07, 0x80, 0x00, 0x08, 0x01, 0x80,
    0x00, 0x03, 0xE0, 0x00, 0x03, 0xF0, 0x00, 0x01, 0xF0, 0x00, 0x00, 0xE0, 0x00, 0x00, 0xFE, 0x0F,
    0xFF, 0xFE, 0x1F, 0xFF, 0xF8, 0x08, 0x38, 0x00, 0x00, 0x70, 0x00, 0x00, 0xE0, 0x00, 0x01, 0xC0,
    0x00, 0x0F, 0xFE, 0x01, 0xFF, 0xFC, 0x03, 0xFF, 0xF0, 0x00, 0x1C, 0x00, 0x00, 0x38, 0x00, 0x00,
    0x70, 0x00, 0x00, 0xE0, 0x00, 0x01, 0xDF, 0xEF, 0xFF, 0xFF, 0xFF, 0xFF, 0xFF, 0xCC, 0x00, 0x00,
    0x00, 0x00, 0x40, 0x00, 0x00, 0xF0, 0xC0, 0x0C, 0x78, 0xE0, 0x0C, 0x38, 0xE0, 0x0E, 0x1D, 0xE0,
    0x0E, 0x0D, 0xC0, 0x07, 0x01, 0xC0, 0x03, 0x83, 0x80, 0x03, 0x87, 0x80, 0x01, 0xC7, 0x00, 0x00,
    0xEE, 0x00, 0x00, 0xFE, 0x00, 0x00, 0x7C, 0x00, 0x00, 0x3C, 0x00, 0x00, 0x7E, 0x00, 0x00, 0xEF,
    0x00, 0x03, 0xC7, 0x80, 0x07, 0x83, 0xE0, 0x0F, 0x01, 0xF8, 0x3C, 0x00, 0x7E, 0xF8, 0x00, 0x3E,
    0xE0, 0x00, 0x0E, 0x00, 0x40, 0x00, 0x01, 0xC2, 0x00, 0x07, 0x1C, 0x00, 0x1C, 0x3C, 0x00, 0x70,
    0x78, 0x2F, 0xFF, 0xE0, 0xFF, 0xFD, 0x83, 0xFF, 0xF0, 0x00, 0x71, 0x80, 0x01, 0xC6, 0x00, 0x07,
    0x38, 0x00, 0x3F, 0xFF, 0x7F, 0xFF, 0xFD, 0xFF, 0xFF, 0x70, 0x07, 0x01, 0xC0, 0x1C, 0x07, 0x00,
    0x70, 0x18, 0x01, 0xCE, 0xE0, 0x07, 0x1F, 0x80, 0x1C, 0x3E, 0x00, 0x70, 0x70, 0x01, 0xC0, 0x00,
    0x07, 0x00, 0x00, 0x1C, 0x00, 0x03, 0xFF, 0xC0, 0x3F, 0xFF, 0xC0, 0x3F, 0xFE, 0x00, 0x00, 0x00,
    0x00, 0x00, 0x00, 0x00, 0x00, 0x00, 0x00, 0x00, 0x00, 0x00, 0x00, 0x00, 0x00, 0x00, 0x00, 0x00,
    0x00, 0x00, 0x00, 0x00, 0x00, 0x00, 0x07, 0xEF, 0xFF, 0xFF, 0xFF, 0xFF, 0xFF, 0xDF, 0xC0, 0x00,
    0x00, 0x00, 0x20, 0x00, 0x00, 0x38, 0x00, 0x00, 0x38, 0x00, 0x00, 0x38, 0x00, 0x00, 0x3F, 0xF8,
    0x7F, 0xFF, 0xFC, 0x3F, 0xFF, 0xE0, 0x01, 0x87, 0x00, 0x01, 0xC7, 0xC0, 0x03, 0x81, 0xE0, 0x07,
    0x02, 0xF0, 0x0F, 0x83, 0x70, 0x3F, 0xC7, 0x30, 0x31, 0xCF, 0x00, 0x00, 0xFE, 0x00, 0x00, 0x7C,
    0x00, 0x00, 0x3C, 0x00, 0x00, 0x7E, 0x00, 0x01, 0xEF, 0x80, 0x03, 0xC7, 0xE0, 0x0F, 0x81, 0xF8,
    0x3E, 0x00, 0x7E, 0xF8, 0x00, 0x1E, 0xC0, 0x00, 0x04, 0x00, 0x18, 0x00, 0x00, 0x0E, 0x00, 0x00,
    0x07, 0x00, 0x00, 0x07, 0xC0, 0x00, 0x07, 0xE0, 0x00, 0x03, 0xB8, 0x00, 0x03, 0x8E, 0x00, 0x03,
    0x83, 0xC0, 0x03, 0x80, 0xF0, 0x03, 0xBC, 0x3C, 0x03, 0x9F, 0xCF, 0x83, 0x83, 0xF1, 0xF3, 0x80,
    0x30, 0x7B, 0x00, 0x03, 0x18, 0x1F, 0xFF, 0xC0, 0x0F, 0xFF, 0xE0, 0x00, 0x00, 0xE0, 0x00, 0x00,
    0x70, 0x00, 0x00, 0x70, 0x00, 0x00, 0x70, 0x00, 0x00, 0x70, 0x00, 0x00, 0x78, 0x00, 0x00, 0x78,
    0x00, 0x00, 0x38, 0x00, 0x00, 0x02, 0x00, 0x00, 0x03, 0x80, 0x07, 0x03, 0x80, 0x07, 0x03, 0x80,
    0x07, 0x03, 0x80, 0x07, 0x03, 0x80, 0x07, 0x03, 0x80, 0x07, 0x03, 0x80, 0x07, 0x03, 0x80, 0x06,
    0x03, 0x80, 0x0F, 0x07, 0x80, 0x0F, 0x87, 0xC0, 0x0F, 0xC7, 0xC0, 0x1D, 0xCE, 0xE0, 0x1C, 0xEE,
    0xE0, 0x18, 0x7E, 0x70, 0x38, 0x7C, 0x70, 0x30, 0x38, 0x38, 0x70, 0x38, 0x3C, 0xE0, 0x70, 0x1E,
    0xC0, 0xE0, 0x0E, 0x01, 0xC0, 0x0F, 0x03, 0x80, 0x06, 0x03, 0x83, 0x80, 0x01, 0xC1, 0xC0, 0x00,
    0xE0, 0xE0, 0x00, 0x60, 0x70, 0x00, 0x73, 0x38, 0x00, 0x31, 0x9C, 0xE0, 0x38, 0xCF, 0xF8, 0x1C,
    0x67, 0xF8, 0x1E, 0x3F, 0xCC, 0x1F, 0x3F, 0xC6, 0x0F, 0xFE, 0xE3, 0x0D, 0xFE, 0x71, 0x8C, 0xE3,
    0x39, 0xC0, 0x71, 0x9F, 0xE8, 0x38, 0xCF, 0xF4, 0x1C, 0x67, 0x76, 0x0E, 0x33, 0x93, 0x07, 0x18,
    0x01, 0x83, 0x8C, 0x00, 0xC1, 0xC7, 0xFF, 0xE0, 0xE3, 0xFF, 0xF0, 0x70, 0x7F, 0xE0, 0x10, 0x00,
    0x00, 0x00, 0x00, 0x30, 0x38, 0x00, 0x60, 0x70, 0x01, 0xC0, 0xE6, 0x03, 0x81, 0xCE, 0x07, 0x03,
    0x8E, 0x0E, 0x07, 0x0E, 0x18, 0x0E, 0x0E, 0x70, 0x1C, 0x1C, 0xE0, 0x38, 0x01, 0x80, 0x70, 0xC7,
    0x00, 0xE3, 0x8E, 0x01, 0xCE, 0x38, 0x03, 0xF8, 0xF8, 0x07, 0xE3, 0xF8, 0x0F, 0x87, 0x38, 0x7C,
    0x1C, 0x38, 0xF0, 0xF0, 0x78, 0xC3, 0xC0, 0x78, 0x0E, 0x00, 0x70, 0x10, 0x00, 0x00, 0x00, 0x03,
    0x00, 0x00, 0xE1, 0xC0, 0x00, 0x70, 0x60, 0x00, 0x3B, 0x30, 0x00, 0x39, 0xD8, 0x00, 0x1C, 0xEC,
    0x00, 0x1C, 0xFF, 0xF0, 0x1C, 0x7F, 0xF8, 0x0E, 0x3F, 0xC0, 0x0F, 0x38, 0xC0, 0x0F, 0x98, 0x60,
    0x07, 0xD8, 0x30, 0x07, 0x69, 0xFF, 0xF7, 0x3F, 0xFF, 0xFC, 0x1B, 0xFF, 0xFC, 0x1C, 0x03, 0x00,
    0x0E, 0x01, 0x80, 0x07, 0x00, 0xC0, 0x03, 0x80, 0x60, 0x01, 0xC0, 0x30, 0x00, 0xE0, 0x18, 0x00,
    0x70, 0x1C, 0x00, 0x38, 0x0E, 0x00, 0x0C, 0x03, 0x00, 0x00, 0x02, 0x00, 0x01, 0xC1, 0x80, 0x00,
    0xE0, 0xC0, 0x00, 0x70, 0x60, 0x00, 0x38, 0x30, 0x00, 0x38, 0x18, 0x00, 0x1C, 0x0C, 0x20, 0x1D,
    0xFF, 0xFC, 0x1E, 0xFF, 0xFE, 0x0F, 0x3F, 0xE0, 0x0F, 0x83, 0xF0, 0x0F, 0xC1, 0xFC, 0x06, 0xE1,
    0xF7, 0x06, 0x70, 0xD9, 0xC0, 0x38, 0xEC, 0xF0, 0x1C, 0xE6, 0x3C, 0x0E, 0x63, 0x0F, 0x07, 0x61,
    0x83, 0xC3, 0xF0, 0xC0, 0xE1, 0xF0, 0x60, 0x00, 0xE0, 0x30, 0x00, 0x70, 0x18, 0x00, 0x38, 0x0C,
    0x00, 0x08, 0x06, 0x00, 0x00, 0x0C, 0x00, 0x00, 0x0E, 0x00, 0x00, 0x07, 0x00, 0x00, 0x07, 0x80,
    0x00, 0x07, 0xF0, 0x00, 0x07, 0xBC, 0x00, 0x07, 0x8F, 0x00, 0x07, 0x83, 0xE0, 0x07, 0x80, 0xF8,
    0x07, 0xFF, 0xFF, 0x0F, 0x7F, 0xF7, 0xEF, 0x00, 0x00, 0xFE, 0x00, 0x00, 0x81, 0xFF, 0xFF, 0xE0,
    0x7F, 0xFF, 0xF0, 0x1F, 0xE6, 0x00, 0x00, 0xE3, 0x80, 0x00, 0x71, 0xE0, 0x00, 0x70, 0x78, 0x00,
    0x39, 0xFC, 0x00, 0xFF, 0xFF, 0x00, 0x7F, 0xF1, 0xC0, 0x3E, 0x00, 0xE0, 0x00, 0x00, 0x30, 0x00,
    0x01, 0x00, 0x00, 0xE1, 0xC0, 0x00, 0x70, 0xE0, 0x00, 0x70, 0x70, 0x00, 0x38, 0x30, 0x00, 0x3B,
    0xFF, 0xE0, 0x1C, 0xFF, 0xF0, 0x1C, 0x0C, 0x00, 0x0E, 0x0E, 0x00, 0x0F, 0xFF, 0xFF, 0xCF, 0xFF,
    0xFF, 0xE6, 0xDF, 0xE0, 0x06, 0x61, 0xC0, 0x06, 0x30, 0xE7, 0xE0, 0x18, 0x7F, 0xF0, 0x0C, 0x3F,
    0xF8, 0x06, 0x00, 0x38, 0x03, 0x06, 0x38, 0x01, 0x83, 0xB8, 0x00, 0xC0, 0xF8, 0x00, 0x60, 0x3C,
    0x00, 0x70, 0x0F, 0x00, 0x38, 0x03, 0xC0, 0x0C, 0x00, 0xC0, 0x00, 0x00, 0x00, 0x00, 0xC3, 0x80,
    0x00, 0x70, 0xE0, 0x00, 0x70, 0x70, 0x00, 0x38, 0x38, 0x00, 0x38, 0x1C, 0x00, 0x1C, 0x7F, 0xF8,
    0x1D, 0xFF, 0xFC, 0x0E, 0xFF, 0xF8, 0x0F, 0x08, 0x38, 0x0F, 0x8E, 0x1C, 0x07, 0xC3, 0x0E, 0x06,
    0xE1, 0xC7, 0x07, 0x70, 0xE3, 0x80, 0x38, 0x71, 0x80, 0x1C, 0x19, 0xC0, 0x0E, 0x0E, 0xE0, 0x07,
    0x07, 0x60, 0x03, 0x83, 0xF0, 0x01, 0xC0, 0x7F, 0xE0, 0xFF, 0xFF, 0xF8, 0x7F, 0xFF, 0xF8, 0x38,
    0x00, 0x00, 0x0C, 0x00, 0x00, 0x00, 0x0C, 0x00, 0x00, 0xC7, 0x00, 0x00, 0x73, 0xE0, 0x00, 0x70,
    0x78, 0x00, 0x38, 0x1C, 0x00, 0x38, 0x06, 0x40, 0x1F, 0xFF, 0xF8, 0x1D, 0xFF, 0xFC, 0x0E, 0x63,
    0x80, 0x0F, 0x01, 0xC0, 0x0F, 0x80, 0xE0, 0x0F, 0xC0, 0x70, 0x06, 0xE0, 0x3F, 0x86, 0x73, 0xFF,
    0xE0, 0x38, 0xFF, 0xE0, 0x1C, 0x07, 0x00, 0x0E, 0x03, 0x80, 0x07, 0x01, 0xC0, 0x03, 0x80, 0xE0,
    0x01, 0xC0, 0x70, 0x00, 0xFF, 0xFF, 0xF0, 0x7F, 0xFF, 0xF8, 0x3B, 0xF0, 0x00, 0x08, 0x00, 0x00,
    0x00, 0x02, 0x00, 0x01, 0xC1, 0xC0, 0x00, 0xE0, 0xE0, 0x00, 0x70, 0x70, 0x00, 0x30, 0x38, 0x00,
    0x38, 0x1C, 0x00, 0x1F, 0xFF, 0xF8, 0x1D, 0xFF, 0xFC, 0x1E, 0x7F, 0x80, 0x0F, 0x07, 0xE0, 0x0F,
    0x83, 0xF8, 0x0F, 0xC1, 0xFE, 0x06, 0xE1, 0xFF, 0x06, 0x71, 0xDD, 0xC0, 0x38, 0xEE, 0x70, 0x1C,
    0xE7, 0x3C, 0x0E, 0x7F, 0xFF, 0x07, 0x7F, 0xFF, 0xC3, 0xF7, 0xF8, 0xE1, 0xF0, 0x70, 0x00, 0xE0,
    0x38, 0x00, 0x70, 0x1C, 0x00, 0x38, 0x0E, 0x00, 0x08, 0x02, 0x00, 0x00, 0x1C, 0x00, 0x00, 0x0E,
    0x00, 0x00, 0x0F, 0x00, 0x00, 0x07, 0xC0, 0x00, 0x07, 0xF0, 0x00, 0x07, 0xBC, 0x00, 0x07, 0x8F,
    0x00, 0x07, 0x83, 0xE0, 0x07, 0xFF, 0xF8, 0x07, 0xFF, 0xFF, 0x07, 0x1F, 0x07, 0xEF, 0x03, 0x80,
    0xF6, 0xFF, 0xFF, 0xB0, 0x7F, 0xFF, 0xC0, 0x3F, 0xF8, 0x00, 0x03, 0x3B, 0x00, 0x01, 0xDD, 0xC0,
    0x01, 0xCE, 0x70, 0x01, 0xC7, 0x1E, 0x01, 0xC3, 0x87, 0x81, 0xDD, 0xC1, 0xC1, 0xC7, 0xE0, 0x40,
    0x01, 0xF0, 0x00, 0x00, 0x30, 0x00, 0x00, 0x06, 0x00, 0x00, 0xE3, 0x80, 0x00, 0x71, 0xC0, 0x00,
    0x39, 0xC0, 0x00, 0x38, 0xE0, 0x00, 0x1C, 0x7F, 0xF8, 0x1C, 0x7F, 0xFE, 0x0C, 0x3F, 0xC0, 0x0E,
    0x3B, 0x00, 0x0F, 0x39, 0x80, 0x07, 0x98, 0xFF, 0x07, 0xDC, 0x7F, 0xC7, 0x6C, 0x30, 0x07, 0x34,
    0x18, 0x01, 0x18, 0x0C, 0x30, 0x0C, 0x07, 0xFC, 0x06, 0x03, 0xFE, 0x03, 0x01, 0x80, 0x01, 0x80,
    0xC0, 0x00, 0xC0, 0x60, 0x00, 0x60, 0x30, 0x00, 0x30, 0x18, 0x00, 0x18, 0x0C, 0x00, 0x00, 0x06,
    0x00, 0x00, 0x00, 0x00, 0x01, 0xCE, 0x00, 0x01, 0xCE, 0x00, 0x01, 0xCE, 0x00, 0x03, 0x9C, 0x00,
    0x03, 0x9F, 0xFE, 0x07, 0x3F, 0xFF, 0x06, 0x3F, 0xFE, 0x0E, 0x73, 0x8C, 0x1E, 0x63, 0x9C, 0x1E,
    0xE3, 0x98, 0x3E, 0xFB, 0xB0, 0x76, 0xBB, 0xB8, 0xE6, 0x3B, 0x9C, 0x06, 0x3B, 0x9C, 0x06, 0x71,
    0x8E, 0x06, 0x61, 0x87, 0x06, 0xE1, 0x87, 0x07, 0xC1, 0x83, 0x07, 0x99, 0x80, 0x0E, 0x1F, 0x80,
    0x0E, 0x0F, 0x80, 0x06, 0x07, 0x80, 0x00, 0x01, 0x00, 0x00, 0x02, 0x00, 0x01, 0xC1, 0x80, 0x00,
    0xE0, 0xC0, 0x00, 0x70, 0x60, 0x00, 0x3F, 0xFF, 0xC0, 0x3F, 0xFF, 0xE0, 0x19, 0xFC, 0x00, 0x1C,
    0x87, 0xF0, 0x0E, 0xFF, 0xFC, 0x0F, 0x3F, 0xFE, 0x0F, 0x9C, 0xC7, 0x07, 0xCE, 0x63, 0x06, 0xE7,
    0xFF, 0x86, 0x73, 0xFF, 0xE0, 0x39, 0xDC, 0x00, 0x1F, 0xFE, 0x00, 0x0E, 0xFE, 0x00, 0x07, 0x0F,
    0x80, 0x03, 0x83, 0xE0, 0x01, 0xC3, 0xFE, 0x00, 0xE7, 0x8F, 0xC0, 0x77, 0x81, 0xFC, 0x3F, 0x00,
    0x3E, 0x00, 0x00, 0x00, 0x03, 0x90, 0x60, 0x03, 0x98, 0x70, 0x03, 0x9C, 0x70, 0x07, 0x1C, 0x70,
    0x07, 0x1C, 0x70, 0x06, 0x1C, 0x7C, 0x0E, 0xFF, 0xFE, 0x1E, 0xFF, 0xFE, 0x1E, 0x1C, 0x60, 0x3E,
    0x1C, 0x60, 0x3E, 0x1C, 0x60, 0x6E, 0x1C, 0x60, 0xCF, 0xFF, 0xFF, 0x0F, 0xFF, 0xFF, 0x0F, 0xFF,
    0x80, 0x0E, 0x1C, 0x60, 0x0E, 0x1C, 0x70, 0x0E, 0x3C, 0x78, 0x0E, 0x38, 0x3C, 0x0E, 0x70, 0x1E,
    0x0E, 0xE0, 0x0E, 0x0F, 0xC0, 0x06, 0x04, 0x00, 0x00, 0x00, 0x00, 0x04, 0x03, 0x00, 0x06, 0x07,
    0x80, 0x07, 0x07, 0xFF, 0x87, 0x07, 0xFF, 0x87, 0x0E, 0xC3, 0xF7, 0x0E, 0xDB, 0xF7, 0x1C, 0xDF,
    0xF7, 0x1C, 0xDF, 0xF7, 0x3C, 0xDF, 0xF7, 0x3C, 0xDF, 0xF7, 0x7C, 0xFB, 0xF7, 0x6C, 0xFB, 0x77,
    0xCC, 0xFB, 0x77, 0x0C, 0xFB, 0x77, 0x0C, 0xFB, 0x77, 0x0C, 0xFF, 0x77, 0x0C, 0x36, 0x37, 0x0C,
    0x77, 0x07, 0x0C, 0x63, 0x87, 0x0C, 0xE3, 0xF7, 0x0D, 0xC1, 0xBF, 0x0F, 0x80, 0x1E, 0x0E, 0x00,
    0x06, 0x03, 0x80, 0x00, 0x01, 0xC3, 0xFE, 0x00, 0xFF, 0xFF, 0x00, 0xEF, 0xFE, 0x00, 0x70, 0x38,
    0x80, 0x77, 0xFF, 0xE0, 0x39, 0xFF, 0xF0, 0x3C, 0xC7, 0x18, 0x1E, 0x7F, 0xFC, 0x1F, 0x3F, 0xFE,
    0x1F, 0x9C, 0xE7, 0x0D, 0xCF, 0xFF, 0x8C, 0xE7, 0xFF, 0xC0, 0x73, 0xFC, 0x00, 0x3B, 0xDC, 0x00,
    0x1F, 0xFE, 0x00, 0x0E, 0x3E, 0x00, 0x07, 0x07, 0xC0, 0x03, 0x87, 0xF8, 0x01, 0xCF, 0x1F, 0x80,
    0xEF, 0x03, 0xF8, 0x7E, 0x00, 0x7C, 0x10, 0x00, 0x04, 0x03, 0x80, 0x00, 0x01, 0xFF, 0xFC, 0x00,
    0xEF, 0xFE, 0x00, 0xE7, 0xC7, 0x00, 0x73, 0x03, 0x80, 0x71, 0x81, 0x80, 0x38, 0xFF, 0xC0, 0x3C,
    0x7F, 0xF0, 0x1E, 0x3F, 0xC0, 0x1F, 0x0D, 0xC0, 0x1F, 0x80, 0xE3, 0x0D, 0xDF, 0xFF, 0xCC, 0xEF,
    0xFF, 0xE0, 0x70, 0x7F, 0x00, 0x38, 0x7F, 0xC0, 0x1C, 0x3F, 0xF0, 0x0E, 0x3B, 0xBC, 0x07, 0x39,
    0xCF, 0x83, 0xF8, 0xE1, 0xE1, 0xF0, 0x70, 0x60, 0xE0, 0x38, 0x00, 0x70, 0x1C, 0x00, 0x10, 0x0C,
    0x00, 0x01, 0x00, 0x00, 0x01, 0x8E, 0x00, 0x01, 0x8F, 0xC0, 0x03, 0x87, 0xE0, 0x03, 0x80, 0xE0,
    0x07, 0xBF, 0xFF, 0x07, 0xFF, 0xFF, 0x0E, 0xFF, 0xC0, 0x0E, 0x00, 0x78, 0x1E, 0x3F, 0xFC, 0x3E,
    0x3F, 0xF8, 0x3E, 0x00, 0x10, 0x6E, 0x3F, 0xFC, 0xCE, 0x3F, 0xFC, 0x0E, 0x00, 0x00, 0x0E, 0x3F,
    0xF8, 0x0E, 0x3F, 0xFC, 0x0E, 0x3F, 0xF8, 0x0E, 0x38, 0x18, 0x0E, 0x18, 0x38, 0x0E, 0x1F, 0xF8,
    0x0E, 0x1F, 0xFC, 0x0E, 0x1F, 0xC0, 0x06, 0x08, 0x00, 0x00, 0x00, 0x00, 0x01, 0x81, 0xC0, 0x00,
    0xE0, 0xE0, 0x00, 0xE0, 0xFF, 0x00, 0x70, 0x7F, 0xC0, 0x30, 0x71, 0xC0, 0x3C, 0x7D, 0xC0, 0x1B,
    0xF7, 0xE0, 0x1D, 0xF1, 0xE0, 0x1E, 0xE1, 0xFC, 0x0F, 0x71, 0xDF, 0xCF, 0xBB, 0xDD, 0xFE, 0xDF,
    0x9E, 0x36, 0x6F, 0x1F, 0x80, 0x37, 0x3C, 0xE0, 0x1B, 0xB9, 0xE0, 0x0D, 0xC1, 0xEC, 0x06, 0xE3,
    0xCF, 0x03, 0x77, 0x8F, 0x01, 0x93, 0x1E, 0x00, 0xC0, 0x3E, 0x00, 0x60, 0xFC, 0x00, 0x30, 0xF8,
    0x00, 0x18, 0x40, 0x00, 0x00, 0x00, 0x08, 0x0E, 0x00, 0x1C, 0x1C, 0x00, 0x38, 0x3F, 0xF8, 0x70,
    0x7F, 0xF0, 0xE1, 0xCE, 0x1D, 0xC3, 0x1F, 0x1B, 0x8E, 0x37, 0x37, 0x1C, 0xEE, 0x6E, 0x3B, 0xFE,
    0xDC, 0xF7, 0xED, 0xB9, 0xE1, 0xDB, 0x76, 0xC3, 0x86, 0xE9, 0x87, 0xCD, 0xD7, 0x7F, 0xDB, 0x8E,
    0x7F, 0x37, 0x1C, 0x38, 0x6E, 0x38, 0x77, 0xDC, 0x70, 0xFC, 0x38, 0xFF, 0xE4, 0x71, 0xFF, 0x0E,
    0xE3, 0xB0, 0x0F, 0xC7, 0x00, 0x0F, 0x84, 0x00, 0x06, 0x03, 0x00, 0x02, 0x01, 0xC7, 0xFF, 0x81,
    0xF1, 0xFF, 0xC0, 0xFC, 0x0C, 0x00, 0x6E, 0x0E, 0x00, 0x77, 0x1F, 0xF0, 0x33, 0x8F, 0xF8, 0x39,
    0xF6, 0x0C, 0x1C, 0xFF, 0x7E, 0x1E, 0x7F, 0xBF, 0x1F, 0x38, 0xDF, 0x8D, 0x9C, 0x6F, 0xCC, 0xCE,
    0x3F, 0xE0, 0x67, 0x3F, 0xF0, 0x33, 0xBF, 0xF8, 0x19, 0xF7, 0xDC, 0x0C, 0xF3, 0xEE, 0x06, 0xF0,
    0x7E, 0x03, 0xF0, 0x37, 0x01, 0x80, 0x39, 0xC0, 0xC0, 0x78, 0x70, 0x60, 0x78, 0x18, 0x10, 0x70,
    0x04, 0x00, 0x00, 0x00, 0x07, 0x0E, 0x00, 0x0E, 0x1F, 0x00, 0x1C, 0x0E, 0x00, 0x70, 0x0D, 0x00,
    0xEF, 0xFF, 0x83, 0x9F, 0xFF, 0x07, 0x38, 0x0E, 0x1E, 0x7F, 0xFC, 0x3C, 0xFF, 0xF8, 0xF9, 0xFF,
    0x03, 0xF3, 0xDF, 0xE6, 0xE7, 0xFF, 0xF9, 0xCF, 0xFF, 0xC3, 0x9E, 0xD9, 0x87, 0x7D, 0xFF, 0x0E,
    0xFF, 0xFE, 0x1D, 0xBF, 0xFC, 0x3B, 0x6D, 0x98, 0x7C, 0xDB, 0x30, 0xF9, 0xB7, 0xE1, 0xE3, 0x6F,
    0xC3, 0x86, 0x03, 0x82, 0x00, 0x02, 0x00, 0x00, 0x00, 0x01, 0x80, 0x60, 0x01, 0xC0, 0x30, 0x00,
    0xF0, 0x18, 0x80, 0x7C, 0x0F, 0x60, 0x77, 0x7F, 0xF0, 0x31, 0xDF, 0xF8, 0x38, 0x61, 0xB8, 0x1C,
    0x00, 0xFF, 0x1F, 0xFF, 0xFF, 0xCF, 0xFF, 0xFF, 0xCF, 0x9C, 0x1C, 0x0F, 0xCE, 0x1F, 0x86, 0xE7,
    0x3F, 0xE0, 0x73, 0xBF, 0xF0, 0x39, 0xFE, 0x18, 0x1C, 0xFF, 0xFC, 0x0E, 0x7D, 0xFE, 0x07, 0x3E,
    0xFF, 0x03, 0x9E, 0x63, 0x81, 0xDE, 0x3F, 0xC0, 0xE6, 0x1F, 0xE0, 0x70, 0x0F, 0xC0, 0x18, 0x06,
    0x00, 0x00, 0x20, 0x00, 0x00, 0x70, 0x00, 0x00, 0xE0, 0x00, 0x01, 0xC7, 0x83, 0xFF, 0xFF, 0x87,
    0xFF, 0xFE, 0x07, 0x38, 0x00, 0x00, 0x73, 0x00, 0x01, 0xC7, 0x00, 0x07, 0x0F, 0x00, 0x1E, 0x7F,
    0x81, 0xFF, 0xFF, 0x81, 0xFF, 0xC7, 0x01, 0x99, 0x86, 0x00, 0x73, 0x00, 0x00, 0xE6, 0x01, 0x03,
    0x8C, 0x06, 0x07, 0x38, 0x0C, 0x1C, 0x70, 0x18, 0x70, 0xE0, 0x31, 0xC0, 0xFF, 0xEF, 0x01, 0xFF,
    0xF8, 0x01, 0xFF, 0x00, 0x00, 0x00, 0x00, 0x18, 0x00, 0x00, 0x1C, 0x00, 0x01, 0x9C, 0x00, 0x01,
    0xDC, 0x00, 0x01, 0xDC, 0x00, 0x03, 0xBF, 0xF0, 0x03, 0xFF, 0xF0, 0x03, 0xFF, 0xC0, 0x07, 0x1C,
    0x00, 0x0E, 0x1C, 0x00, 0x0C, 0x1C, 0x3C, 0x3F, 0xFF, 0xFE, 0x3F, 0xFF, 0xFE, 0x1F, 0xE7, 0x00,
    0x00, 0xE7, 0x00, 0x00, 0xE7, 0x03, 0x01, 0xC7, 0x03, 0x01, 0xC7, 0x07, 0x03, 0x87, 0x07, 0x07,
    0x07, 0x07, 0x1E, 0x07, 0xFE, 0x3C, 0x07, 0xFE, 0xF0, 0x01, 0xFC, 0x00, 0x00, 0x00, 0x00, 0x18,
    0x00, 0x00, 0x1C, 0x00, 0x00, 0x1C, 0x20, 0x04, 0x1C, 0x70, 0x0F, 0x1C, 0x70, 0x07, 0x9C, 0xE0,
    0x03, 0x9C, 0xC0, 0x01, 0xDD, 0xC0, 0x00, 0xDF, 0x08, 0x0F, 0xFF, 0xFE, 0x3F, 0xFF, 0xFE, 0x1F,
    0xFF, 0x00, 0x00, 0xE7, 0x00, 0x00, 0xE7, 0x02, 0x00, 0xE7, 0x02, 0x01, 0xC7, 0x03, 0x03, 0xC6,
    0x07, 0x03, 0x86, 0x07, 0x07, 0x06, 0x07, 0x1E, 0x07, 0xFE, 0x3C, 0x07, 0xFE, 0x70, 0x01, 0xF8,
    0x00, 0x00, 0x00, 0x00, 0xE0, 0x00, 0x00, 0xE0, 0x00, 0x00, 0x70, 0x00, 0x00, 0x70, 0x00, 0x00,
    0x70, 0x00, 0x00, 0x38, 0x00, 0x00, 0x38, 0x00, 0x00, 0x38, 0x00, 0x00, 0x7C, 0x00, 0x00, 0x7C,
    0x00, 0x00, 0xEE, 0x00, 0x00, 0xE7, 0x00, 0x01, 0xC7, 0x00, 0x03, 0xC3, 0x80, 0x03, 0x81, 0xC0,
    0x07, 0x01, 0xE0, 0x0E, 0x00, 0xF0, 0x1C, 0x00, 0x78, 0x3C, 0x00, 0x3C, 0x70, 0x00, 0x1E, 0xE0,
    0x00, 0x0F, 0xC0, 0x00, 0x07, 0x00, 0x18, 0x00, 0x00, 0x0E, 0x00, 0x00, 0x07, 0x00, 0x00, 0x07,
    0x80, 0x00, 0x07, 0xE0, 0x00, 0x03, 0xB8, 0x00, 0x03, 0x8F, 0x00, 0x03, 0x83, 0xC0, 0x03, 0x80,
    0xF0, 0x03, 0x80, 0x7E, 0x03, 0xFF, 0xFF, 0xC7, 0xBF, 0xFD, 0xF7, 0x01, 0xC0, 0x37, 0x00, 0xE0,
    0x00, 0x00, 0x7F, 0x80, 0x0F, 0xFF, 0xE0, 0x03, 0xFF, 0xE0, 0x00, 0x0E, 0x00, 0x00, 0x07, 0x00,
    0x00, 0x03, 0x80, 0x83, 0xFF, 0xFF, 0xE0, 0xFF, 0xFF, 0xF0, 0x3E, 0x00, 0x00, 0x00, 0x01, 0x00,
    0x03, 0x03, 0x80, 0x03, 0x83, 0x80, 0x03, 0xC7, 0x80, 0x01, 0xC7, 0x00, 0x00, 0xEE, 0x00, 0x13,
    0xFF, 0xE0, 0x1F, 0xFF, 0xF0, 0x1F, 0xFF, 0x80, 0x00, 0x38, 0x00, 0x00, 0x38, 0x00, 0x00, 0x3F,
    0xF8, 0x7F, 0xFF, 0xFC, 0x3F, 0xFF, 0xF8, 0x00, 0x7C, 0x00, 0x00, 0xFC, 0x00, 0x00, 0xEE, 0x00,
    0x01, 0xC7, 0x00, 0x03, 0xC3, 0xC0, 0x07, 0x81, 0xE0, 0x1F, 0x00, 0xF8, 0x3C, 0x00, 0x3F, 0xF0,
    0x00, 0x1E, 0xC0, 0x00, 0x04, 0x00, 0x03, 0x00, 0x07, 0x07, 0x00, 0x0E, 0x0E, 0x00, 0x1C, 0x1C,
    0x00, 0x3F, 0xFF, 0x07, 0xFF, 0xFF, 0x07, 0xFF, 0xE0, 0x01, 0xC1, 0xC0, 0x03, 0xFF, 0x80, 0x07,
    0xFF, 0x00, 0x0E, 0x0E, 0x00, 0x1F, 0xF8, 0x00, 0x3F, 0xF0, 0x00, 0x7F, 0xE0, 0x00, 0xE0, 0xC0,
    0x7F, 0xFF, 0xFF, 0xFF, 0xFF, 0xFE, 0xFF, 0xFC, 0x00, 0x07, 0x1C, 0x00, 0x1E, 0x3E, 0x00, 0x78,
    0x1E, 0x01, 0xE0, 0x1E, 0x0F, 0x00, 0x1C, 0x18, 0x00, 0x00, 0x00, 0x06, 0x00, 0x00, 0x73, 0x80,
    0x00, 0x19, 0xC0, 0x00, 0x0C, 0xE0, 0x00, 0x06, 0x70, 0x00, 0x7F, 0xFF, 0xC0, 0x3F, 0xFF, 0xE0,
    0x1F, 0xEE, 0x70, 0x0E, 0x67, 0x38, 0x07, 0x33, 0xF8, 0x03, 0xFF, 0xFC, 0x01, 0xFF, 0xFE, 0x00,
    0x66, 0x73, 0x00, 0x33, 0x39, 0x80, 0x19, 0x9C, 0xD8, 0xFF, 0xFF, 0xFE, 0x7F, 0xFF, 0xFF, 0x1F,
    0x61, 0x80, 0x00, 0x38, 0xE0, 0x00, 0x3C, 0x7C, 0x00, 0x78, 0x0F, 0x00, 0x78, 0x03, 0xC0, 0xF0,
    0x00, 0xE0, 0x60, 0x00, 0x00, 0x00, 0xC0, 0x00, 0x1C, 0x00, 0x03, 0x80, 0x00, 0x70, 0x00, 0x0E,
    0x01, 0x87, 0xFF, 0xFF, 0xFF, 0xFF, 0xFF, 0xF7, 0xE0, 0xC0, 0xFC, 0x38, 0x1F, 0x87, 0xC3, 0xF0,
    0xFC, 0x7E, 0x3B, 0xCF, 0xC6, 0x39, 0xF9, 0xC3, 0xBF, 0x70, 0x3F, 0xFC, 0x07, 0xFF, 0x00, 0x7F,
    0x80, 0x03, 0xF0, 0x0E, 0x7E, 0x01, 0xFF, 0xC0, 0x0F, 0xF8, 0x00, 0xFA, 0x00, 0x06, 0x00, 0x00,
    0x18, 0x0F, 0xFF, 0xFE, 0x07, 0xFF, 0xFE, 0x01, 0xFB, 0x80, 0x00, 0x01, 0xC0, 0x00, 0x3F, 0xFF,
    0x80, 0x1F, 0xFF, 0xC0, 0x0F, 0xB0, 0xE0, 0x07, 0x18, 0x70, 0x03, 0xFF, 0xF8, 0x01, 0xFF, 0xFC,
    0x00, 0xFB, 0x0E, 0x00, 0x71, 0x87, 0x00, 0x39, 0xFF, 0xF9, 0xFF, 0xFF, 0xFC, 0xFF, 0xFF, 0xE0,
    0x07, 0x00, 0x70, 0x03, 0x80, 0x38, 0x01, 0xC0, 0x1C, 0x00, 0xE0, 0xEE, 0x00, 0x70, 0x3F, 0x00,
    0x38, 0x0F, 0x80, 0x08, 0x01, 0x80, 0x00, 0x00, 0x00, 0x30, 0x0F, 0xE1, 0xFF, 0xFF, 0xC7, 0xFF,
    0xFE, 0x3B, 0x80, 0x38, 0xEE, 0x01, 0xC3, 0x38, 0x7E, 0x1C, 0xFF, 0xF0, 0x03, 0xFF, 0xC0, 0x1C,
    0x00, 0x00, 0x7F, 0xFF, 0x01, 0xFF, 0xFC, 0x07, 0xFF, 0xF0, 0x00, 0x01, 0xC0, 0x1F, 0xE6, 0x3F,
    0xFF, 0xD8, 0x7F, 0xFE, 0xE0, 0x00, 0x03, 0x80, 0x02, 0x0E, 0x00, 0x0F, 0x70, 0x00, 0x1F, 0xC0,
    0x00, 0x3E, 0x00, 0x00, 0x38, 0x00, 0x00, 0x00, 0x00, 0x00, 0x1C, 0x00, 0x00, 0x1C, 0xE0, 0x00,
    0x38, 0xE0, 0x70, 0x39, 0xC0, 0x78, 0x71, 0xC8, 0x3C, 0x7F, 0xFC, 0x1E, 0xFF, 0xFC, 0x0F, 0xE3,
    0x80, 0x03, 0xE3, 0x80, 0x07, 0x7F, 0xF8, 0x07, 0x7F, 0xFC, 0x03, 0x7F, 0x80, 0x06, 0x63, 0x80,
    0x0E, 0x7F, 0xF8, 0x1C, 0x7F, 0xFC, 0x3C, 0x7F, 0x80, 0x78, 0x63, 0x80, 0xF0, 0x63, 0x80, 0xE0,
    0xFF, 0xFE, 0x00, 0xFF, 0xFF, 0x00, 0xF8, 0x00, 0x00, 0xE0, 0x00, 0x00, 0x60, 0x00, 0x00, 0x0E,
    0x00, 0x00, 0x0E, 0x00, 0x00, 0x0E, 0x00, 0x01, 0xFF, 0xF8, 0x61, 0xFF, 0xF8, 0x78, 0x0C, 0x00,
    0x3C, 0xFF, 0xF0, 0x1C, 0xFF, 0xF0, 0x0C, 0x18, 0x0C, 0x03, 0xFF, 0xFC, 0x03, 0xFF, 0xFC, 0x02,
    0x70, 0x70, 0x06, 0xFF, 0xF8, 0x0E, 0xFF, 0xFC, 0x0D, 0xDE, 0x1E, 0x1F, 0x86, 0x3F, 0x3F, 0xFF,
    0xFF, 0x7D, 0xFF, 0xF8, 0xF0, 0x1F, 0x80, 0xE0, 0x3D, 0xE0, 0x40, 0x78, 0xF0, 0x01, 0xE0, 0x7C,
    0x07, 0xC0, 0x1C, 0x02, 0x00, 0x0C, 0x03, 0xFF, 0x80, 0x01, 0xFF, 0xC0, 0x00, 0xF0, 0xE0, 0x00,
    0x70, 0x70, 0x00, 0x38, 0x38, 0x00, 0x1C, 0x1C, 0x00, 0x0E, 0x0E, 0x00, 0x07, 0x07, 0x00, 0x03,
    0x83, 0x80, 0x01, 0xC1, 0xC0, 0x00, 0xC0, 0xE0, 0x00, 0x60, 0x70, 0x00, 0x70, 0x38, 0x18, 0x38,
    0x1C, 0x0C, 0x1C, 0x0E, 0x06, 0x1C, 0x07, 0x07, 0x0E, 0x03, 0x83, 0x8E, 0x01, 0xE7, 0xCE, 0x00,
    0x7F, 0xCE, 0x00, 0x3F, 0xC6, 0x00, 0x00, 0x00, 0x00, 0x80, 0x00, 0x1C, 0x00, 0x03, 0x80, 0x00,
    0x70, 0x00, 0x0E, 0x18, 0xE1, 0xC3, 0x9C, 0x38, 0x73, 0x87, 0x0E, 0x70, 0xE1, 0xCE, 0x1C, 0x31,
    0xFF, 0xFE, 0x3F, 0xFF, 0xC7, 0xFE, 0x18, 0x01, 0xC1, 0xB8, 0x38, 0x3F, 0x07, 0x07, 0xE0, 0xE0,
    0xFC, 0x1C, 0x1F, 0x83, 0x83, 0xF0, 0x7F, 0xFF, 0xFF, 0xFF, 0xFF, 0xFF, 0xF8, 0x00, 0x38, 0x00,
    0x03, 0x00, 0x0E, 0x00, 0x00, 0x63, 0x80, 0x00, 0x38, 0xC0, 0x00, 0x1C, 0x70, 0x00, 0x1C, 0x1C,
    0x00, 0x0E, 0x0F, 0x00, 0x0E, 0x03, 0xC0, 0x0E, 0x00, 0xF0, 0x0F, 0x00, 0x3C, 0x0F, 0x00, 0x6F,
    0x0F, 0xFF, 0xFB, 0xCE, 0xFF, 0xFC, 0xFE, 0x1F, 0x0E, 0x10, 0x03, 0x87, 0x00, 0x01, 0x83, 0x80,
    0x01, 0xC1, 0xC0, 0x01, 0xC0, 0xC0, 0x01, 0xE0, 0xE0, 0x01, 0xEE, 0x70, 0x01, 0xE3, 0xF8, 0x01,
    0xC0, 0xF8, 0x01, 0xC0, 0x3C, 0x00, 0x00, 0x00, 0x00, 0x0C, 0x00, 0x00, 0x1C, 0x00, 0x00, 0x38,
    0xFF, 0xF8, 0x71, 0xFF, 0xF0, 0xE3, 0xFE, 0xE1, 0xC0, 0x31, 0xC3, 0xFC, 0x63, 0xBF, 0xF9, 0xC7,
    0x7F, 0xE3, 0x8E, 0x7C, 0x07, 0x1C, 0x38, 0x0E, 0x38, 0x70, 0x38, 0x70, 0xE2, 0x70, 0xC1, 0xCC,
    0xC1, 0x83, 0xFB, 0x83, 0x07, 0xC7, 0x0E, 0x3F, 0x1C, 0x1C, 0x7C, 0x77, 0x38, 0x61, 0xC7, 0xF0,
    0x07, 0x07, 0xC0, 0x0C, 0x07, 0x80, 0x10, 0x02, 0x00, 0x00, 0x00, 0x08, 0x00, 0x00, 0x18, 0x07,
    0xF8, 0x39, 0xFF, 0xF0, 0x73, 0xFF, 0xC0, 0xE0, 0x70, 0x71, 0xC0, 0xE0, 0xE3, 0x83, 0x80, 0xC7,
    0x07, 0xF9, 0x8E, 0x1F, 0xF3, 0x1C, 0x30, 0xE6, 0x38, 0xF1, 0xCC, 0x73, 0xF7, 0x18, 0xE6, 0xFE,
    0x31, 0xD8, 0xF8, 0x63, 0x80, 0xF0, 0xC7, 0x01, 0xC3, 0x8E, 0x07, 0x03, 0x1C, 0x1C, 0x00, 0x38,
    0x70, 0x00, 0x71, 0xC0, 0x0E, 0xE7, 0x00, 0x0F, 0xD8, 0x00, 0x0F, 0x80, 0x00, 0x0E, 0x00, 0x00,
    0x0C, 0x03, 0x80, 0x1C, 0x07, 0x00, 0x38, 0x0E, 0x00, 0x70, 0x3E, 0x00, 0xE0, 0x7E, 0x39, 0xC1,
    0xCE, 0x33, 0x87, 0x0E, 0x67, 0x0E, 0x0E, 0xCE, 0x3F, 0xE9, 0x9C, 0xFF, 0xE3, 0x3B, 0xBD, 0xC6,
    0x76, 0x63, 0x0C, 0xE8, 0xC6, 0x19, 0xC1, 0x8C, 0x33, 0x83, 0xFB, 0x67, 0x06, 0xF6, 0xCE, 0x0C,
    0xCD, 0x9C, 0x18, 0x18, 0x38, 0x30, 0x70, 0x70, 0x7F, 0xEE, 0xE0, 0x7F, 0x8F, 0xC0, 0x00, 0x0F,
    0x80, 0x00, 0x06, 0x00, 0x00, 0x18, 0x00, 0x00, 0x73, 0xEF, 0xC1, 0xCF, 0xFF, 0x87, 0x3F, 0xFE,
    0x1C, 0xEF, 0xBF, 0x73, 0xBE, 0xED, 0xCE, 0xFB, 0xB7, 0x3B, 0xEE, 0xDC, 0xEF, 0xFB, 0x7F, 0xFF,
    0xFD, 0xFF, 0xFF, 0xF7, 0x3B, 0xEC, 0xDC, 0xEF, 0xB3, 0x73, 0xBE, 0xCD, 0xCE, 0xFB, 0x37, 0x33,
    0xEC, 0xDC, 0xCF, 0x33, 0x77, 0x3C, 0xC1, 0xDF, 0xF3, 0x07, 0x6F, 0xFD, 0xFD, 0x9E, 0xF3, 0xFC,
    0x39, 0xC7, 0xC0, 0x03, 0x06, 0x00, 0x00, 0x18, 0x00, 0x00, 0x70, 0x07, 0x81, 0xDF, 0xFE, 0x07,
    0x7F, 0xF8, 0x1C, 0x18, 0x0C, 0x70, 0xEC, 0x39, 0xC7, 0x38, 0xE7, 0x1C, 0xF3, 0x9D, 0xFF, 0xEE,
    0x77, 0xFF, 0xB9, 0xDD, 0xC6, 0xE7, 0x03, 0x03, 0x9C, 0x0C, 0xCE, 0x77, 0xFF, 0xB9, 0xCF, 0xFC,
    0xE7, 0x03, 0x03, 0x9C, 0x0C, 0x7E, 0x70, 0x3F, 0x81, 0xC3, 0xF8, 0x07, 0xFF, 0x01, 0xDF, 0xF0,
    0x03, 0xF4, 0x00, 0x07, 0xC0, 0x00, 0x06, 0x00, 0x00, 0x18, 0x06, 0x00, 0x70, 0x98, 0x01, 0xC3,
    0x60, 0x07, 0x1D, 0x80, 0x1C, 0x7F, 0xF6, 0x73, 0xFF, 0xDD, 0xCF, 0x60, 0x77, 0x61, 0xBF, 0xDF,
    0xFF, 0xFF, 0x7F, 0xFF, 0xFD, 0xC0, 0x60, 0x77, 0x37, 0xFD, 0xDC, 0xFF, 0xF7, 0x73, 0xFF, 0xDD,
    0xCE, 0x63, 0x77, 0x39, 0x9D, 0xDC, 0xE6, 0x77, 0x73, 0x9F, 0xC1, 0xCE, 0x6F, 0x07, 0x19, 0x99,
    0xDC, 0x06, 0x03, 0xF0, 0x18, 0x07, 0xC0, 0x20, 0x06, 0x00, 0x00, 0x0C, 0x20, 0x38, 0x1C, 0x7F,
    0xF8, 0x38, 0xFF, 0xF0, 0x71, 0xC0, 0xE0, 0xE3, 0x81, 0x99, 0xC7, 0xFF, 0xB3, 0x8F, 0xFF, 0x67,
    0x1C, 0xE0, 0xCE, 0x38, 0xC1, 0x9C, 0x79, 0xF3, 0x38, 0xFF, 0xF6, 0x71, 0xFF, 0xEC, 0xE3, 0xEC,
    0xD9, 0xCF, 0xD9, 0xB3, 0x9F, 0xB3, 0x67, 0x3F, 0x76, 0xCE, 0x6E, 0xFD, 0x9D, 0xDD, 0xF8, 0x3B,
    0x1B, 0x20, 0x76, 0x06, 0x0E, 0xF8, 0x0C, 0x0F, 0xE0, 0x18, 0x0F, 0x80, 0x30, 0x0E, 0x00, 0x01,
    0x80, 0x06, 0x03, 0x80, 0x0E, 0x0E, 0x00, 0x1E, 0x3C, 0x00, 0x0E, 0xF7, 0xDF, 0xFF, 0xFF, 0xFF,
    0xFF, 0xFF, 0xBF, 0x00, 0x18, 0x1F, 0xE0, 0x38, 0x3F, 0xEE, 0x70, 0x7F, 0xCC, 0xE0, 0xC3, 0x99,
    0xC1, 0xFF, 0x33, 0x83, 0xFE, 0x67, 0x06, 0x1C, 0xCE, 0x0C, 0x79, 0x9C, 0x1F, 0xF3, 0x38, 0x3F,
    0xE6, 0x70, 0x61, 0xCC, 0xE0, 0xC3, 0x81, 0xC1, 0xBF, 0x3B, 0x87, 0x3E, 0x3F, 0x06, 0x3C, 0x3E,
    0x04, 0x10, 0x18, 0x00, 0x08, 0x0C, 0x00, 0x78, 0x1C, 0x0F, 0xF0, 0x38, 0xFF, 0x00, 0x71, 0xFC,
    0x08, 0xEF, 0xFF, 0xF9, 0xDF, 0xFF, 0xFB, 0x8F, 0xF8, 0x77, 0x0F, 0xFE, 0xEE, 0x7F, 0xFD, 0xDC,
    0xFF, 0xFB, 0xB8, 0x3F, 0xC7, 0x70, 0xFF, 0xFE, 0xEF, 0xFF, 0xFD, 0xDE, 0xFB, 0x3B, 0x83, 0xF8,
    0x77, 0x0F, 0xF8, 0xEE, 0x1F, 0xB9, 0x9C, 0x77, 0x38, 0x39, 0x8E, 0x32, 0x76, 0x1C, 0x0F, 0xE8,
    0x38, 0x0F, 0xC0, 0x70, 0x07, 0x80, 0x40, 0x06, 0x00, 0x00, 0x00, 0x04, 0x03, 0x00, 0x1E, 0x0E,
    0x00, 0x1E, 0x38, 0x00, 0x1F, 0xFF, 0xFF, 0xFF, 0xFF, 0xFF, 0xFF, 0xB8, 0x0F, 0xFA, 0x30, 0x1F,
    0xF6, 0x60, 0x3F, 0xEC, 0xC0, 0x7F, 0xD9, 0x80, 0xFF, 0xB3, 0x01, 0xFF, 0x66, 0x03, 0xEE, 0xCC,
    0x07, 0xFD, 0xF8, 0x0E, 0x78, 0xF0, 0x00, 0x7F, 0xE0, 0x3F, 0xFF, 0xE0, 0x7F, 0xFF, 0xC0, 0x0F,
    0x03, 0x00, 0x3C, 0x06, 0x00, 0xF3, 0xDC, 0x07, 0x83, 0xF8, 0x3C, 0x01, 0xE0, 0x40, 0x01, 0x80,
    0x00, 0x00, 0x18, 0x00, 0x00, 0x70, 0xFF, 0xC1, 0xFF, 0xFF, 0x07, 0xFF, 0xE0, 0x1C, 0xCF, 0x8E,
    0x73, 0xFF, 0x19, 0xCF, 0xFC, 0x67, 0x18, 0x71, 0x9C, 0x7F, 0xC6, 0x71, 0xFF, 0x19, 0xC6, 0x00,
    0x67, 0x7F, 0xFD, 0x9D, 0xFF, 0xF6, 0x77, 0x31, 0xD9, 0xDD, 0xFE, 0x67, 0x7F, 0xF9, 0x9D, 0xFF,
    0xE6, 0x77, 0x31, 0x81, 0xDF, 0xFE, 0x07, 0x7F, 0xFD, 0xDD, 0xFF, 0xE3, 0xF3, 0x00, 0x07, 0xC0,
    0x00, 0x0E, 0x00, 0x00, 0x00, 0x00, 0x03, 0x80, 0x00, 0x07, 0x00, 0x00, 0x0E, 0x00, 0x00, 0x1C,
    0x00, 0x00, 0x38, 0x1F, 0xFC, 0x70, 0x1F, 0xFB, 0xFF, 0x17, 0x3F, 0xFE, 0x0E, 0x3F, 0xFC, 0x1C,
    0x0E, 0x38, 0x38, 0x1C, 0x70, 0x70, 0x38, 0xE0, 0xE6, 0x61, 0xC1, 0xFD, 0xC3, 0x83, 0xE3, 0x86,
    0x3F, 0x0E, 0x0C, 0xFC, 0x18, 0x19, 0xC0, 0x70, 0x70, 0x01, 0xDC, 0xE0, 0x07, 0x1F, 0xC0, 0x1C,
    0x1F, 0x80, 0x70, 0x1E, 0x00, 0x80, 0x08, 0x00, 0x00, 0x00, 0x07, 0x00, 0x00, 0x0E, 0x00, 0x00,
    0x1C, 0x00, 0x00, 0x38, 0x00, 0x00, 0x70, 0x00, 0x00, 0xFC, 0xFF, 0xBF, 0xFD, 0xFF, 0x3F, 0xFB,
    0xCE, 0x06, 0x77, 0x1C, 0x0C, 0xEE, 0x38, 0x39, 0xDC, 0x70, 0x73, 0xB8, 0xE0, 0xE7, 0x71, 0xC1,
    0x8E, 0xE3, 0x87, 0x1D, 0xC7, 0x0C, 0x3B, 0x8E, 0x38, 0x67, 0x1C, 0x70, 0xCE, 0x39, 0xF3, 0x8F,
    0xF3, 0x3F, 0x1F, 0xEC, 0x3E, 0x30, 0x30, 0x38, 0x60, 0x00, 0x00, 0x00, 0x00, 0x20, 0x00, 0x00,
    0x1C, 0x00, 0x00, 0x1E, 0x00, 0x00, 0x1F, 0xFC, 0x00, 0x1F, 0xFE, 0x00, 0x1F, 0xCE, 0x00, 0x1F,
    0xCE, 0x00, 0x1C, 0xFE, 0x00, 0x1C, 0x3E, 0x00, 0x00, 0x3F, 0xC0, 0x00, 0x7D, 0xFC, 0x00, 0xFF,
    0xBF, 0xC3, 0xF9, 0xC7, 0xFB, 0xE0, 0xE0, 0x79, 0x3F, 0xFF, 0xC0, 0x1F, 0xFF, 0xE0, 0x07, 0xF8,
    0x70, 0x00, 0x38, 0x30, 0x00, 0x38, 0x18, 0x00, 0x3F, 0x1C, 0x00, 0x3D, 0xEE, 0x00, 0x78, 0x7F,
    0x00, 0xF0, 0x0F, 0x00, 0x20, 0x01, 0x00, 0x00, 0x00, 0x00, 0x00, 0x07, 0x00, 0x00, 0x1C, 0x0F,
    0xF8, 0x70, 0x3F, 0xE1, 0xC0, 0xFF, 0x07, 0x00, 0x00, 0x1C, 0x00, 0x07, 0xFF, 0x03, 0xFF, 0xFF,
    0xFF, 0xFF, 0xF7, 0xFE, 0x19, 0xC3, 0x80, 0x67, 0x0D, 0x83, 0x9C, 0x77, 0x0E, 0x71, 0xDC, 0x39,
    0xC6, 0x39, 0xC7, 0x3B, 0xE7, 0x1C, 0xFF, 0x98, 0x6F, 0xE7, 0xE1, 0x9C, 0x1F, 0xCE, 0x00, 0x19,
    0xF8, 0x00, 0xC3, 0xE0, 0x06, 0x07, 0x00, 0x00, 0x00, 0x02, 0x00, 0x00, 0x30, 0x00, 0x07, 0x00,
    0x00, 0x70, 0x00, 0x07, 0x00, 0x00, 0xE3, 0xFF, 0x1F, 0xFF, 0xF1, 0xFF, 0xFF, 0x39, 0xCE, 0x73,
    0x1C, 0xE7, 0x73, 0x8C, 0x7E, 0x39, 0xC7, 0x87, 0x1C, 0x70, 0x73, 0x87, 0x0E, 0x38, 0x71, 0xC7,
    0x07, 0x38, 0x70, 0x63, 0x0E, 0x06, 0x01, 0xC0, 0xE0, 0x3D, 0x8E, 0x07, 0x9E, 0xE0, 0x60, 0xFC,
    0x0C, 0x03, 0xC0, 0x00, 0x18, 0x00, 0x00, 0x06, 0x7F, 0xFF, 0x3F, 0xFF, 0xF9, 0xFF, 0xF0, 0x0E,
    0x19, 0x80, 0x70, 0xCE, 0x03, 0x86, 0x70, 0x1C, 0x73, 0x80, 0xE3, 0x9C, 0x07, 0x1C, 0xE0, 0x38,
    0xC7, 0x01, 0xCE, 0x38, 0x0E, 0x71, 0xFE, 0x77, 0x07, 0xF3, 0xF0, 0x04, 0x1F, 0x00, 0x00, 0xE0,
    0x03, 0xF7, 0xFF, 0xFF, 0xFF, 0xFF, 0xFF, 0xC0, 0x00, 0x04, 0x00, 0x00, 0x00, 0x81, 0xFF, 0x8F,
    0xFF, 0xFC, 0xFF, 0xFE, 0x0E, 0x00, 0xE0, 0xE0, 0x0E, 0x0E, 0xE1, 0xC0, 0xEF, 0x1C, 0x0E, 0x7B,
    0x80, 0xE3, 0xF8, 0x0E, 0x1F, 0x00, 0xE0, 0xF0, 0x0E, 0x0F, 0x80, 0xC1, 0xDC, 0x0C, 0x3C, 0xE0,
    0xC7, 0x87, 0x0C, 0xE0, 0x38, 0xDC, 0x03, 0x0F, 0x1F, 0xFE, 0xFF, 0xFF, 0xEF, 0xFF, 0xFE, 0xC0,
    0x00, 0x0C, 0x00, 0x00, 0x01, 0x80, 0x00, 0x30, 0x00, 0x07, 0x00, 0x00, 0xE0, 0x00, 0x18, 0x00,
    0x03, 0x00, 0x00, 0x7F, 0xF0, 0x0F, 0xFE, 0x01, 0xF0, 0x00, 0x30, 0x00, 0x06, 0x00, 0x00, 0xC0,
    0x0E, 0xFF, 0xF9, 0xFF, 0xFF, 0x3F, 0xFF, 0xE3, 0x00, 0x1C, 0x60, 0x03, 0x8C, 0x00, 0x61, 0x80,
    0x0C, 0x38, 0x03, 0x87, 0xFF, 0xF0, 0xFF, 0xFF, 0x1C, 0x00, 0x01, 0x00, 0x00, 0x00, 0x60, 0x00,
    0x00, 0xE0, 0x00, 0x01, 0xC0, 0x00, 0x03, 0x84, 0x00, 0x07, 0xFC, 0x00, 0x0F, 0xFC, 0x00, 0x1C,
    0x00, 0x00, 0x38, 0x00, 0x00, 0x70, 0x1C, 0xFF, 0xFF, 0xFF, 0xFF, 0xFF, 0xFB, 0xFF, 0x80, 0x00,
    0x07, 0x80, 0x00, 0x0F, 0xC0, 0x00, 0x1F, 0xE0, 0x00, 0x3B, 0xE0, 0x00, 0x71, 0xE0, 0x00, 0xE1,
    0xC0, 0x01, 0xC0, 0x00, 0x03, 0x80, 0x00, 0x07, 0x00, 0x00, 0x0E, 0x00, 0x00, 0x1C, 0x00, 0x00,
    0x18, 0x00, 0x3F, 0xEC, 0x00, 0xFF, 0xFF, 0xF3, 0xF7, 0x7F, 0xCE, 0x19, 0x87, 0x3F, 0xE6, 0x1C,
    0xFF, 0x98, 0x73, 0xF6, 0x61, 0xCE, 0x19, 0x87, 0x3F, 0xE6, 0x1C, 0xFF, 0x98, 0x73, 0xFE, 0x61,
    0xCE, 0xE1, 0x87, 0x3B, 0x87, 0x98, 0xE7, 0x1F, 0xE3, 0x9E, 0x6F, 0x8F, 0xF9, 0x8E, 0x3F, 0x76,
    0x03, 0xF0, 0xD8, 0x0F, 0x03, 0x60, 0x00, 0x01, 0x80, 0x00, 0x06, 0x00, 0x00, 0x18, 0x00, 0x08,
    0x00, 0xFC, 0x0F, 0xFF, 0xFE, 0x0F, 0xFF, 0xFC, 0x0F, 0x07, 0x00, 0x0E, 0x07, 0x00, 0x0E, 0x8F,
    0xF0, 0x0F, 0xFF, 0xF8, 0x0E, 0xFF, 0xF8, 0x0E, 0xC0, 0x78, 0x0E, 0xFF, 0xF8, 0x0E, 0xFF, 0xF8,
    0x0C, 0xE0, 0x38, 0x0C, 0xFF, 0xF8, 0x1C, 0xFF, 0xF8, 0x1C, 0x67, 0x20, 0x1C, 0x67, 0x70, 0x18,
    0xE7, 0x78, 0x38, 0xE7, 0x3C, 0x31, 0xC7, 0x1E, 0x33, 0xFF, 0x0E, 0x67, 0x3F, 0x06, 0x40, 0x1F,
    0x00, 0x00, 0x07, 0x00, 0x00, 0x20, 0x00, 0x0C, 0xE6, 0x00, 0x19, 0xCE, 0x00, 0x33, 0x8E, 0x00,
    0xE7, 0x0E, 0x03, 0x8E, 0x1C, 0x07, 0x3B, 0xFE, 0x1F, 0xFF, 0xFE, 0x3F, 0xFF, 0xE0, 0x23, 0x80,
    0x00, 0x07, 0x00, 0x00, 0x0F, 0xFF, 0x00, 0x3F, 0xFE, 0x00, 0xF8, 0x38, 0x01, 0xF8, 0xE0, 0x07,
    0x7B, 0xC0, 0x1C, 0x7F, 0x00, 0x30, 0x7C, 0x00, 0xC0, 0xFC, 0x03, 0x07, 0xFE, 0x0C, 0x3E, 0x3F,
    0x81, 0xF0, 0x1F, 0xCF, 0x80, 0x0F, 0x80, 0x00, 0x02, 0x00, 0x3C, 0x00, 0x3F, 0xFF, 0x00, 0x1F,
    0xFF, 0x00, 0x03, 0x8F, 0xFF, 0x81, 0xC7, 0xFF, 0xE0, 0xFF, 0xFF, 0xE0, 0x7F, 0xD8, 0x70, 0x38,
    0xEE, 0x38, 0x1C, 0x73, 0x18, 0x0F, 0xF9, 0xDC, 0x07, 0xFC, 0x7E, 0x03, 0x8E, 0x3E, 0x01, 0xC7,
    0x0F, 0x00, 0xEF, 0x87, 0x80, 0x7F, 0xC7, 0xE0, 0xFE, 0xE3, 0xF0, 0x7C, 0x73, 0x9E, 0x10, 0x3B,
    0x87, 0x80, 0x1F, 0x81, 0xE0, 0x0F, 0x80, 0x70, 0x07, 0x00, 0x00, 0x01, 0x80, 0x00, 0xFF, 0xFF,
    0xFF, 0xFF, 0xFF, 0xC0, 0xEC, 0x00, 0x66, 0x00, 0x33, 0x00, 0x19, 0x80, 0x1C, 0xE0, 0x0E, 0x70,
    0x07, 0x38, 0x03, 0x9C, 0x01, 0xCF, 0xFF, 0xE7, 0xFF, 0xF3, 0xFF, 0xF9, 0xC0, 0x00, 0x60, 0x00,
    0x00, 0xFF, 0xFE, 0xFF, 0xFF, 0xFD, 0xFF, 0xFF, 0x80, 0x00, 0x07, 0x00, 0x00, 0x0E, 0x01, 0x9F,
    0x1C, 0x03, 0xFF, 0x38, 0x07, 0xFE, 0x70, 0x0E, 0x18, 0xE0, 0x1C, 0x31, 0xC0, 0x1F, 0xE3, 0x80,
    0x3F, 0xC7, 0x00, 0x7F, 0x8E, 0x00, 0xC0, 0x1C, 0x00, 0x00, 0x38, 0x00, 0x00, 0x70, 0x00, 0x38,
    0xE0, 0x00, 0x3F, 0xC0, 0x00, 0x3F, 0x80, 0x00, 0x1E, 0x00, 0x00, 0x0C, 0x00, 0x00, 0x00, 0x00,
    0x00, 0x1C, 0x00, 0x00, 0x1C, 0x00, 0x00, 0x1C, 0x00, 0x00, 0x18, 0x00, 0x00, 0x38, 0x00, 0x03,
    0xFF, 0xFE, 0x3F, 0xFF, 0xFF, 0x3F, 0xFF, 0x00, 0x00, 0xE0, 0x00, 0x00, 0xE0, 0x00, 0x01, 0xC0,
    0x00, 0x03, 0xFF, 0xF0, 0x03, 0xFF, 0xF0, 0x07, 0xFF, 0xF0, 0x0F, 0xC0, 0x70, 0x1D, 0xC0, 0x70,
    0x39, 0xC0, 0x70, 0x71, 0xC0, 0x70, 0x41, 0xFF, 0xF0, 0x00, 0xFF, 0xF0, 0x01, 0xFF, 0xE0, 0x00,
    0xC0, 0x00, 0x00, 0x00, 0x00, 0x00, 0x00, 0x00, 0x07, 0xFF, 0xC0, 0x07, 0xFF, 0xC0, 0x07, 0x01,
    0x80, 0x03, 0x01, 0x80, 0x03, 0xFF, 0x80, 0x03, 0xFF, 0xC0, 0x03, 0xFE, 0x00, 0x03, 0x00, 0x3E,
    0xFF, 0xFF, 0xFE, 0xFF, 0xFF, 0xFE, 0x7D, 0xC0, 0x00, 0x03, 0x80, 0x00, 0x03, 0xFF, 0xC0, 0x03,
    0xFF, 0xC0, 0x01, 0x01, 0xC0, 0x00, 0x01, 0xC0, 0x00, 0x03, 0x80, 0x00, 0xC3, 0x80, 0x00, 0xF3,
    0x80, 0x00, 0x7F, 0x00, 0x00, 0x1F, 0x00, 0x00, 0x0E, 0x00, 0xC3, 0xFF, 0xDF, 0xFF, 0xFF, 0xFF,
    0xFB, 0xF0, 0x00, 0x7E, 0x07, 0xCF, 0xDF, 0xFD, 0xFB, 0xFF, 0xBF, 0x00, 0x07, 0xE6, 0xFC, 0xFC,
    0xFF, 0x9F, 0x9F, 0xF3, 0xF3, 0x8E, 0x7E, 0x71, 0xCF, 0xCF, 0xF9, 0xF9, 0xFF, 0x3F, 0x3F, 0x07,
    0xE2, 0x00, 0xFC, 0x01, 0x9F, 0x80, 0x3F, 0xF0, 0x03, 0xFE, 0x00, 0x3E, 0xC0, 0x01, 0x80, 0x00,
    0x18, 0x00, 0x00, 0x70, 0x00, 0x03, 0xC0, 0x00, 0x0E, 0x00, 0x00, 0x7F, 0xF0, 0x03, 0xFF, 0xC0,
    0x1F, 0x0E, 0x00, 0xE0, 0x78, 0x07, 0xC3, 0xC0, 0x7B, 0xDE, 0x01, 0x87, 0xF0, 0x00, 0x0F, 0x80,
    0x00, 0x78, 0x00, 0x07, 0xC1, 0xC0, 0x7F, 0xFF, 0x87, 0xFF, 0xFE, 0x7C, 0xC0, 0x3B, 0xC3, 0x00,
    0xE0, 0x0C, 0x03, 0x80, 0x38, 0x0E, 0x00, 0xFF, 0xF8, 0x03, 0xFF, 0xE0, 0x0E, 0x00, 0x00, 0x18,
    0x00, 0x00, 0x00, 0x00, 0x00, 0x00, 0xE0, 0x00, 0x07, 0xF0, 0x00, 0x3F, 0xC0, 0x07, 0xFE, 0x00,
    0x07, 0xF0, 0x00, 0x07, 0x00, 0x00, 0x07, 0x00, 0x00, 0x07, 0xFF, 0xFE, 0x07, 0xFF, 0xFE, 0x07,
    0xFF, 0x00, 0x06, 0x00, 0x00, 0x06, 0x00, 0x00, 0x0E, 0x83, 0xF0, 0x0E, 0xFF, 0xF8, 0x0E, 0xFF,
    0xF8, 0x0C, 0xC0, 0x30, 0x1C, 0xE0, 0x30, 0x18, 0xE0, 0x70, 0x38, 0xE0, 0x70, 0x30, 0xFF, 0xF0,
    0x60, 0xFF, 0xF0, 0x40, 0xE0, 0x00, 0x00, 0x60, 0x00, 0x00, 0xC0, 0x00, 0x1C, 0x00, 0x07, 0x00,
    0x00, 0xE0, 0x00, 0x38, 0x01, 0x8F, 0xFF, 0xFF, 0xFF, 0xFF, 0xFF, 0xFF, 0xE0, 0x00, 0xFC, 0x00,
    0x1F, 0x9F, 0xF3, 0xF3, 0xFE, 0x7E, 0x79, 0xCF, 0xCE, 0x39, 0xF9, 0xC6, 0x3F, 0x3F, 0xC7, 0xE7,
    0xFC, 0xFC, 0xFF, 0x9F, 0x8C, 0x03, 0xF0, 0x06, 0x7E, 0x00, 0xFF, 0xC0, 0x0F, 0xF8, 0x00, 0xFA,
    0x00, 0x06, 0x00, 0x1F, 0xF8, 0xFF, 0xFF, 0xF8, 0xFF, 0xFF, 0xC0, 0x03, 0xE0, 0x00, 0x07, 0x80,
    0x00, 0x1E, 0xE0, 0x00, 0x7D, 0xF0, 0x03, 0xD9, 0xF8, 0x1F, 0x30, 0xFC, 0x78, 0x60, 0x7F, 0xC0,
    0xC0, 0x36, 0x01, 0x80, 0x00, 0xFF, 0xFC, 0x00, 0xFF, 0xF8, 0x01, 0xFF, 0xF0, 0x03, 0x00, 0xE0,
    0x07, 0x01, 0xC0, 0x0E, 0x03, 0x80, 0x1F, 0xFF, 0x00, 0x3F, 0xFE, 0x00, 0x70, 0x00, 0x00, 0x60,
    0x00, 0x00, 0x00, 0x60, 0x00, 0x01, 0xE0, 0x00, 0x03, 0xC0, 0x00, 0x07, 0x00, 0x08, 0x0F, 0xE0,
    0x3F, 0xFF, 0xC0, 0xFF, 0xFF, 0x03, 0x80, 0x1C, 0x0E, 0x00, 0x70, 0x38, 0x7F, 0x80, 0xFF, 0xFF,
    0x03, 0xFF, 0xFC, 0x0C, 0x00, 0x00, 0x34, 0x00, 0x41, 0xDF, 0xFF, 0x87, 0x7F, 0xFE, 0x1D, 0xC0,
    0x38, 0x67, 0x00, 0xE3, 0x9C, 0x03, 0x8C, 0x70, 0x0E, 0x70, 0xFF, 0xFB, 0x83, 0xFF, 0xEC, 0x0C,
    0x00, 0x00, 0x30, 0x00, 0x00, 0x30, 0x00, 0x00, 0x70, 0x00, 0x08, 0xE0, 0x00, 0x1D, 0xC0, 0x00,
    0x3B, 0x80, 0x00, 0xE7, 0xFC, 0x01, 0xFF, 0xF8, 0x07, 0xFF, 0xF0, 0x0E, 0x38, 0x00, 0x38, 0x70,
    0x00, 0x60, 0xE0, 0x77, 0xFF, 0xFF, 0xFF, 0xFF, 0xFF, 0xCF, 0xE0, 0x00, 0x01, 0x00, 0xF0, 0x03,
    0xFF, 0xF0, 0x07, 0xFF, 0xE0, 0x0E, 0x01, 0x80, 0x1C, 0x03, 0x00, 0x38, 0x06, 0x00, 0x7F, 0xFC,
    0x00, 0xFF, 0xF8, 0x01, 0xF0, 0x00, 0x01, 0x80, 0x00, 0x00, 0x0C, 0x00, 0x00, 0x0E, 0x00, 0x00,
    0x07, 0x00, 0x00, 0x07, 0xC0, 0x00, 0x07, 0xF0, 0x00, 0x07, 0x9E, 0x00, 0x07, 0x87, 0x80, 0x07,
    0x87, 0xF0, 0x07, 0xFF, 0xFC, 0x07, 0x7F, 0xCF, 0x8F, 0x00, 0x03, 0xEF, 0x9C, 0xFF, 0x64, 0xFF,
    0x7F, 0x80, 0x7F, 0xB0, 0xC0, 0x39, 0xD8, 0x60, 0x1C, 0xEC, 0x70, 0x07, 0xF7, 0x38, 0x03, 0xFB,
    0xFC, 0x01, 0xFD, 0xFE, 0x00, 0xC0, 0xCE, 0x00, 0x00, 0x60, 0x00, 0x00, 0x30, 0x00, 0x00, 0x18,
    0x00, 0x00, 0x0C, 0x00, 0x00, 0x06, 0x00, 0x00, 0x03, 0x80, 0x00, 0x01, 0xC0, 0x00, 0x00, 0xE0,
    0x00, 0x00, 0xF8, 0x07, 0xF8, 0x7E, 0x03, 0xFC, 0x77, 0x81, 0xCE, 0x39, 0xE0, 0x67, 0x38, 0x78,
    0x33, 0xB8, 0x3E, 0x19, 0x9F, 0xFF, 0x8D, 0xDF, 0xFD, 0xE7, 0xFC, 0x00, 0x73, 0xFC, 0x00, 0x01,
    0x81, 0xFF, 0xE0, 0xC0, 0xFF, 0xF0, 0x00, 0x7E, 0x38, 0x00, 0x38, 0x1C, 0x00, 0x1C, 0x0E, 0x00,
    0x0E, 0x07, 0x00, 0x03, 0xFF, 0x80, 0x01, 0xFF, 0xC0, 0x00, 0xC0, 0x00, 0x00, 0x60, 0x00, 0x00,
    0x3B, 0xE1, 0xFF, 0xFF, 0xC7, 0xFD, 0xFE, 0x1C, 0x76, 0x18, 0x31, 0x9F, 0xE0, 0xFE, 0x7F, 0x83,
    0xFF, 0xFE, 0x0C, 0x1F, 0xE0, 0x00, 0x7F, 0xE1, 0xFF, 0xFF, 0xC3, 0xFF, 0xF0, 0x00, 0x7F, 0x80,
    0x07, 0x8F, 0xC0, 0x7C, 0x1F, 0xFF, 0xC1, 0x9F, 0xBF, 0xF7, 0xFC, 0x7F, 0xDF, 0xF0, 0xC7, 0x71,
    0xC3, 0x1D, 0xC6, 0x0F, 0xF7, 0xF8, 0x3F, 0xDF, 0xF0, 0xFF, 0x78, 0x01, 0x00, 0x80, 0x00, 0x00,
    0x00, 0x67, 0xFF, 0xFF, 0x9F, 0xFF, 0xFE, 0xFE, 0x00, 0x67, 0x00, 0x03, 0x39, 0xBE, 0x19, 0xCF,
    0xF8, 0xCE, 0x7F, 0xCE, 0x73, 0x8E, 0x73, 0x9C, 0x73, 0x9C, 0xE3, 0x9C, 0xE7, 0xFC, 0xE7, 0x3F,
    0xE7, 0x38, 0xC0, 0x39, 0xC0, 0x01, 0xCE, 0x0F, 0xFE, 0x7F, 0xFF, 0xF3, 0xFF, 0xFF, 0x9C, 0x00,
    0x00, 0x60, 0x00, 0x00, 0x00, 0x00, 0xCF, 0xFF, 0xFE, 0xFF, 0xFF, 0xEF, 0xEC, 0x06, 0xE0, 0xE0,
    0x6E, 0x0E, 0x06, 0xE0, 0xE0, 0x6E, 0x3F, 0xF6, 0xFF, 0xFF, 0xEE, 0xFF, 0x86, 0xE1, 0xE0, 0x6E,
    0x1F, 0x06, 0xE3, 0xF8, 0xEE, 0x3B, 0xCE, 0xE7, 0x1E, 0xEE, 0xE0, 0x7E, 0xFC, 0x07, 0xEF, 0x80,
    0x0E, 0xFF, 0xFF, 0xEF, 0xFF, 0xFF, 0xFF, 0xFF, 0xEE, 0x00, 0x00, 0x60, 0x00, 0x00, 0xC7, 0xFF,
    0xF7, 0xFF, 0xFF, 0xFF, 0xFE, 0x0C, 0xC0, 0xC0, 0x66, 0x07, 0xF3, 0x37, 0xFF, 0xD9, 0xBF, 0xFC,
    0xCC, 0x0F, 0xC6, 0x67, 0xFF, 0x33, 0x3F, 0xF9, 0x98, 0x18, 0xCC, 0xFF, 0xFF, 0xE7, 0xFF, 0xFF,
    0x30, 0x30, 0xD9, 0x81, 0xF6, 0xCC, 0x0D, 0xF6, 0x60, 0x67, 0xB3, 0x03, 0x0D, 0xB8, 0x18, 0x0D,
    0xFF, 0xFF, 0xFF, 0xFF, 0xFF, 0xFF, 0xFF, 0x81, 0x80, 0x00, 0x00, 0x6F, 0xFF, 0xF3, 0xFF, 0xFF,
    0x9F, 0xFF, 0x1C, 0xE0, 0xE0, 0xE7, 0x07, 0x07, 0x38, 0x3B, 0xB9, 0xFF, 0xFF, 0xCF, 0xFF, 0xFE,
    0x70, 0x60, 0x73, 0x93, 0x83, 0x9C, 0xFF, 0x9C, 0xE7, 0xFC, 0xE7, 0x38, 0xE7, 0x39, 0xC6, 0x39,
    0xCF, 0xF9, 0xCE, 0x7F, 0xCE, 0x73, 0x80, 0x73, 0x80, 0xFF, 0x9F, 0xFF, 0xFC, 0xFF, 0xFF, 0xE7,
    0x00, 0x00, 0x18, 0x00, 0x00, 0x80, 0x3F, 0xCF, 0xFF, 0xFE, 0xFF, 0xFF, 0xEE, 0x1C, 0x06, 0xE1,
    0xD8, 0x6E, 0x3F, 0xC6, 0xE3, 0xFC, 0x6E, 0x7B, 0x86, 0xEF, 0xF0, 0x6F, 0xCE, 0x06, 0xE1, 0xF8,
    0x6E, 0x3B, 0xE6, 0xEF, 0xCF, 0xEF, 0xDF, 0x7E, 0xF3, 0x78, 0xEE, 0x3D, 0x0E, 0xE1, 0xF0, 0xEE,
    0x07, 0x8E, 0xE0, 0x18, 0xEF, 0xFF, 0xFF, 0xFF, 0xFF, 0xFE, 0x00, 0x00, 0x40, 0x00, 0x00, 0x00,
    0x18, 0x00, 0x00, 0x18, 0x00, 0x00, 0x38, 0x00, 0x00, 0x38, 0x00, 0x00, 0x30, 0x3C, 0x1F, 0xFF,
    0xFE, 0x1F, 0xFF, 0xFE, 0x1F, 0xE7, 0x00, 0x00, 0xC3, 0x00, 0x07, 0xC3, 0x00, 0x07, 0x83, 0x00,
    0x07, 0x03, 0x00, 0x07, 0x5F, 0xF8, 0x0F, 0x7F, 0xFC, 0x1F, 0x7F, 0xE0, 0x3F, 0x03, 0x00, 0x77,
    0x03, 0x00, 0xE7, 0x03, 0x00, 0x07, 0x03, 0x00, 0x07, 0xFF, 0xFF, 0x07, 0xFF, 0xFF, 0x07, 0xFF,
    0xFC, 0x07, 0x00, 0x00, 0x03, 0x00, 0x00, 0x00, 0x01, 0x80, 0x06, 0x00, 0xE0, 0x03, 0x80, 0x70,
    0x01, 0xC0, 0x38, 0x00, 0xE1, 0x9C, 0x00, 0x70, 0xCE, 0xE0, 0x38, 0x67, 0xF8, 0xFF, 0xB7, 0xFC,
    0x7F, 0xDF, 0xCC, 0x1F, 0xBF, 0xE6, 0x03, 0xBE, 0x73, 0x01, 0xDF, 0x39, 0x80, 0xE1, 0x9C, 0xC0,
    0x73, 0xCF, 0xE0, 0x3F, 0x67, 0xF6, 0x3F, 0x33, 0xF3, 0x7E, 0x19, 0xD9, 0xBE, 0x0C, 0x41, 0xCC,
    0x06, 0x00, 0xE0, 0x03, 0xFF, 0xE0, 0x01, 0xFF, 0xF0, 0x00, 0x3F, 0xE0, 0x00, 0x01, 0x80, 0x00,
    0x00, 0xE0, 0x03, 0x80, 0x70, 0x00, 0xC0, 0x38, 0x00, 0x60, 0x1C, 0x00, 0x30, 0x0E, 0x00, 0x18,
    0x07, 0x00, 0x0C, 0x23, 0x80, 0x7F, 0xD9, 0xC0, 0x3F, 0xFC, 0xFF, 0x0F, 0x86, 0x7F, 0x80, 0xC3,
    0x3F, 0x00, 0x61, 0x9C, 0x00, 0x30, 0xCE, 0x00, 0x19, 0xE7, 0x00, 0x0F, 0xF3, 0x80, 0x0F, 0x99,
    0xC0, 0x3F, 0x8C, 0xE0, 0x1F, 0x06, 0x70, 0x06, 0x03, 0x38, 0xE0, 0x3F, 0xFF, 0xF8, 0x0F, 0xFF,
    0xFC, 0x00, 0x00, 0x00, 0x00, 0x02, 0x00, 0x00, 0x0E, 0x00, 0x30, 0x1C, 0x00, 0x70, 0x38, 0x00,
    0xE0, 0x60, 0x01, 0xC1, 0xC7, 0x83, 0x83, 0xFF, 0x87, 0x0F, 0xFF, 0x7F, 0x98, 0x0E, 0xFF, 0xF0,
    0x1C, 0xFD, 0xF8, 0x38, 0x73, 0x7C, 0x70, 0xE4, 0x3C, 0xE1, 0xC0, 0x17, 0xC3, 0x90, 0x3F, 0x87,
    0xE3, 0xE6, 0x0F, 0xBF, 0x8C, 0xFE, 0x7C, 0x19, 0xF0, 0x60, 0x71, 0x80, 0x08, 0xE0, 0x00, 0x1F,
    0xC0, 0x00, 0x1F, 0x80, 0x00, 0x1E, 0x00, 0x00, 0x08, 0x00, 0x20, 0x00, 0x00, 0x1C, 0x00, 0x00,
    0x1E, 0x00, 0x00, 0x1F, 0xFC, 0x00, 0x1F, 0xFE, 0x00, 0x1F, 0xCE, 0x00, 0x1F, 0xCE, 0x00, 0x1C,
    0xFE, 0x00, 0x1C, 0x3E, 0x00, 0x00, 0x3F, 0xC0, 0x00, 0x7D, 0xFC, 0x00, 0xFC, 0x3F, 0xC3, 0xF0,
    0x07, 0xFB, 0xFF, 0xFF, 0xF9, 0x1F, 0xFF, 0xC0, 0x0E, 0x38, 0x60, 0x07, 0xFF, 0xF0, 0x01, 0xFF,
    0xF8, 0x00, 0xFF, 0x9C, 0x00, 0x63, 0x8E, 0x00, 0x3F, 0xFF, 0x00, 0x1F, 0xFF, 0x80, 0x0F, 0x00,
    0x00, 0x06, 0x00, 0x00, 0x01, 0x80, 0x00, 0x01, 0xC0, 0x00, 0x03, 0x80, 0xE0, 0x03, 0xFF, 0xF0,
    0x07, 0xFF, 0xE0, 0x0E, 0x1F, 0x80, 0x1F, 0xFF, 0xC0, 0x1F, 0xFF, 0xC0, 0x37, 0xFF, 0xC0, 0x27,
    0xFF, 0xC0, 0x07, 0x01, 0xC0, 0x07, 0xFF, 0xC0, 0x07, 0xFF, 0xC0, 0x07, 0xE0, 0x00, 0x01, 0xFF,
    0x80, 0x03, 0xFF, 0xC0, 0x07, 0xC7, 0x80, 0x1F, 0xEF, 0x00, 0x3C, 0xFE, 0x00, 0x30, 0xFF, 0x00,
    0x03, 0xEF, 0xE0, 0x1F, 0x83, 0xFE, 0xFE, 0x00, 0x7E, 0xE0, 0x00, 0x0E, 0x00, 0x06, 0x00, 0x03,
    0x03, 0x00, 0x03, 0x83, 0x00, 0x07, 0x03, 0x00, 0x07, 0x03, 0x00, 0x07, 0xF3, 0x00, 0x0F, 0xFB,
    0x00, 0x0F, 0xFB, 0x00, 0x1C, 0x73, 0xC0, 0x18, 0x73, 0xE0, 0x3E, 0x63, 0xF8, 0x3F, 0xE3, 0x7C,
    0x67, 0xC3, 0x1E, 0xC3, 0xC3, 0x0E, 0x03, 0x83, 0x06, 0x03, 0x83, 0x00, 0x07, 0x03, 0x00, 0x0E,
    0x03, 0x00, 0x1C, 0x03, 0x00, 0x1C, 0x03, 0x00, 0x30, 0x03, 0x00, 0xE0, 0x03, 0x00, 0xC0, 0x03,
    0x00, 0x00, 0x03, 0x00, 0x00, 0x38, 0x00, 0x00, 0x0E, 0x00, 0x00, 0x06, 0x00, 0x00, 0x03, 0x00,
    0x00, 0x01, 0x80, 0x00, 0x01, 0xC0, 0x00, 0x00, 0xE0, 0x30, 0x7F, 0xFF, 0xFC, 0x3F, 0xFF, 0xFE,
    0x0F, 0xFF, 0x00, 0x00, 0x0F, 0x80, 0x00, 0x0F, 0xC0, 0x00, 0x07, 0x70, 0x00, 0x07, 0x3C, 0x00,
    0x03, 0x8E, 0x00, 0x03, 0x83, 0x80, 0x03, 0x80, 0xE0, 0x03, 0xC0, 0x3C, 0x03, 0xC0, 0x0F, 0x03,
    0x80, 0x03, 0xE7, 0x80, 0x00, 0xFF, 0x00, 0x00, 0x38, 0x00, 0x03, 0xE0, 0x1F, 0xFF, 0xF0, 0x1F,
    0xFF, 0xF0, 0x0E, 0x38, 0x00, 0x00, 0x38, 0x00, 0x00, 0x38, 0x00, 0x00, 0x38, 0x00, 0x00, 0x3F,
    0xF8, 0x3F, 0xFF, 0xFC, 0x3F, 0xFF, 0xF8, 0x00, 0x7C, 0x00, 0x00, 0x7E, 0x00, 0x00, 0xEE, 0x00,
    0x01, 0xE7, 0x00, 0x01, 0xC3, 0x80, 0x03, 0x81, 0xC0, 0x07, 0x00, 0xF0, 0x1E, 0x00, 0x78, 0x3C,
    0x00, 0x3E, 0xF0, 0x00, 0x1F, 0xC0, 0x00, 0x06, 0x00, 0x20, 0x00, 0x00, 0x38, 0x00, 0x00, 0x38,
    0x00, 0x03, 0x38, 0x00, 0x03, 0xB8, 0x00, 0x07, 0x38, 0x00, 0x07, 0xFF, 0xC0, 0x07, 0xFF, 0xE0,
    0x0F, 0xFF, 0x00, 0x1C, 0x38, 0x00, 0x18, 0x38, 0x00, 0x30, 0x31, 0xF8, 0x7F, 0xFF, 0xFC, 0x7F,
    0xFF, 0xF8, 0x10, 0x7C, 0x00, 0x00, 0xFC, 0x00, 0x00, 0xEE, 0x00, 0x01, 0xC7, 0x00, 0x03, 0xC3,
    0xC0, 0x07, 0x81, 0xE0, 0x1F, 0x00, 0xFC, 0x3C, 0x00, 0x3E, 0xF0, 0x00, 0x1E, 0x80, 0x00, 0x00,
    0x00, 0x30, 0x00, 0x00, 0x38, 0x00, 0x00, 0x38, 0x00, 0x00, 0x38, 0x00, 0x00, 0x38, 0xE0, 0x1F,
    0xFF, 0xF0, 0x1F, 0xFF, 0xF0, 0x06, 0x39, 0xC0, 0x06, 0x39, 0xC0, 0x07, 0x39, 0xC0, 0x03, 0xBB,
    0x80, 0x03, 0xB7, 0x00, 0x0F, 0xFF, 0xFE, 0xFF, 0xFF, 0xFE, 0x7F, 0xFC, 0x00, 0x00, 0xFC, 0x00,
    0x00, 0xEE, 0x00, 0x01, 0xCF, 0x00, 0x03, 0xC7, 0x80, 0x07, 0x81, 0xE0, 0x1E, 0x00, 0xFC, 0x3C,
    0x00, 0x7E, 0xF0, 0x00, 0x1E, 0xC0, 0x00, 0x00, 0x02, 0x00, 0x00, 0x07, 0x00, 0x00, 0x0E, 0x00,
    0x00, 0x1C, 0x00, 0x00, 0x30, 0x00, 0x00, 0x67, 0x40, 0x01, 0xCE, 0xFF, 0x83, 0xFF, 0xFF, 0xFF,
    0xFF, 0x8E, 0xFF, 0xE7, 0x1C, 0x98, 0xCE, 0x38, 0x73, 0x9C, 0x70, 0xE7, 0x38, 0xE1, 0x8C, 0x71,
    0xC3, 0xB8, 0xE3, 0x87, 0xF1, 0xC6, 0x03, 0xC3, 0x8C, 0x07, 0x87, 0xFC, 0x1F, 0xCF, 0xF8, 0x3B,
    0x9C, 0x01, 0xE3, 0x98, 0x07, 0x03, 0x00, 0x1C, 0x00, 0x00, 0x00, 0x00, 0x00, 0x06, 0x00, 0xC0,
    0x07, 0x00, 0xC0, 0x07, 0x01, 0xC0, 0x06, 0x01, 0xC0, 0x06, 0x03, 0x80, 0x0E, 0xC3, 0xB8, 0x0E,
    0xE7, 0x38, 0x0F, 0xFF, 0x1C, 0xFF, 0xEE, 0xFE, 0x7E, 0xFF, 0xFE, 0x1C, 0xFF, 0xE7, 0x1D, 0xC0,
    0x07, 0x19, 0xC8, 0x18, 0x1D, 0x8F, 0xFE, 0x0F, 0x8F, 0xFE, 0x07, 0x8E, 0x0C, 0x07, 0xCE, 0x0C,
    0x0F, 0xCE, 0x1C, 0x1C, 0xEE, 0x1C, 0x38, 0x6F, 0xFC, 0x70, 0x0F, 0xFC, 0x60, 0x0E, 0x00, 0x00,
    0x06, 0x00, 0x00, 0x30, 0x00, 0x00, 0x70, 0x00, 0x00, 0xE0, 0x00, 0xE1, 0xFF, 0xE1, 0xFF, 0xFF,
    0xC7, 0xFF, 0xFF, 0x8E, 0x00, 0x06, 0x38, 0x0F, 0xDC, 0x77, 0xFF, 0xF0, 0xCF, 0xFF, 0x80, 0x00,
    0x1C, 0x00, 0x01, 0xF0, 0x00, 0x03, 0xC0, 0x00, 0x07, 0x3F, 0xBF, 0xFF, 0xFF, 0xBF, 0xFF, 0xFF,
    0x20, 0x1C, 0x00, 0x00, 0x38, 0x00, 0x00, 0x70, 0x00, 0x10, 0xE0, 0x00, 0x3D, 0xC0, 0x00, 0x3F,
    0x00, 0x00, 0x1E, 0x00, 0x00, 0x1C, 0x00, 0x00, 0x10, 0x00, 0x00, 0x0E, 0x00, 0x00, 0x07, 0x00,
    0x00, 0x07, 0x01, 0x01, 0xFF, 0xFF, 0xC0, 0xFF, 0xFF, 0xE0, 0x7F, 0xC0, 0x00, 0x01, 0xC0, 0x60,
    0x01, 0xFF, 0xF8, 0x03, 0xEF, 0xF8, 0x01, 0xE0, 0x1C, 0x00, 0xE0, 0x7C, 0x00, 0xF0, 0x3C, 0x00,
    0xF8, 0x1C, 0x10, 0xFF, 0xFF, 0xFC, 0xEF, 0xFF, 0xFE, 0xE7, 0x01, 0xC0, 0x03, 0x80, 0xE0, 0x01,
    0xC0, 0x70, 0x00, 0xE0, 0x38, 0x00, 0x71, 0xDC, 0x00, 0x38, 0x7E, 0x00, 0x1C, 0x1F, 0x00, 0x06,
    0x07, 0x00, 0x00, 0x40, 0x00, 0x03, 0x80, 0x00, 0x1C, 0x00, 0x20, 0xE0, 0x03, 0x87, 0xFF, 0x9F,
    0xFF, 0xFD, 0xFF, 0xFF, 0xEE, 0x00, 0x0E, 0x66, 0x00, 0x67, 0x30, 0x07, 0x39, 0x80, 0xE0, 0x0C,
    0x0F, 0x00, 0x61, 0xF0, 0x03, 0x3F, 0x00, 0x1F, 0xE0, 0x00, 0xFC, 0x03, 0x07, 0x00, 0x18, 0x30,
    0x00, 0xC1, 0x80, 0x06, 0x0C, 0x00, 0x70, 0x7F, 0xFF, 0x83, 0xFF, 0xF8, 0x07, 0xFF, 0x80, 0x00,
    0x20, 0x00, 0x00, 0x70, 0x00, 0x00, 0xE0, 0x00, 0x61, 0xC0, 0x01, 0xFF, 0xFF, 0xC3, 0xFF, 0xFF,
    0x8F, 0xFE, 0x0E, 0x1C, 0x38, 0x1C, 0x38, 0x70, 0x30, 0xE0, 0xE0, 0xC0, 0x03, 0x80, 0xF7, 0xFF,
    0xFF, 0xFF, 0xFF, 0xFF, 0xEF, 0xF8, 0xE0, 0x00, 0xE1, 0xC0, 0x01, 0x87, 0x00, 0x07, 0xFE, 0x00,
    0x07, 0xF8, 0x00, 0x01, 0xF8, 0x00, 0x07, 0xFC, 0x00, 0x3E, 0x7E, 0x03, 0xF0, 0x3E, 0x1F, 0x80,
    0x1E, 0x00, 0x00, 0x08, 0x00, 0x20, 0x00, 0x00, 0x70, 0x00, 0x00, 0xE0, 0x00, 0x61, 0xC0, 0xC1,
    0xFF, 0xFF, 0xC3, 0xFF, 0xFF, 0x87, 0xF0, 0x0E, 0x1C, 0x00, 0x98, 0x37, 0xFF, 0xF0, 0xE7, 0xFF,
    0x00, 0x00, 0x00, 0x00, 0x00, 0x07, 0x83, 0xFF, 0xFF, 0x87, 0xFF, 0xFF, 0x00, 0x33, 0x80, 0x00,
    0xE7, 0x00, 0x01, 0xCE, 0x06, 0x07, 0x1C, 0x0C, 0x0E, 0x38, 0x18, 0x38, 0x70, 0x31, 0xE0, 0xFF,
    0xE7, 0x81, 0xFF, 0xFC, 0x01, 0xFF, 0x00, 0x00, 0x00, 0x00, 0x20, 0x00, 0x00, 0x70, 0x00, 0x00,
    0xE0, 0x00, 0x61, 0xC0, 0x01, 0xFF, 0xFF, 0xC3, 0xFF, 0xFF, 0x87, 0xFC, 0x0E, 0x1C, 0x00, 0x18,
    0x30, 0x03, 0xE0, 0xFF, 0xFF, 0x80, 0x1F, 0xFF, 0x00, 0x01, 0xC0, 0x00, 0x33, 0x80, 0x00, 0x67,
    0x78, 0x01, 0xCF, 0xF8, 0x03, 0x9F, 0xE0, 0x06, 0x38, 0x00, 0x1F, 0x70, 0x00, 0x7F, 0xE0, 0x00,
    0xCF, 0xE0, 0x03, 0x87, 0xFF, 0x8E, 0x01, 0xFF, 0xF8, 0x00, 0x3F, 0x80, 0x00, 0x00, 0x00, 0x20,
    0x00, 0x00, 0x70, 0x00, 0x00, 0xE0, 0x00, 0xC1, 0xC0, 0x01, 0x87, 0xFF, 0xC7, 0xFF, 0xFF, 0x8F,
    0xFF, 0xE7, 0x18, 0x0E, 0x1C, 0x77, 0x1C, 0x30, 0xEF, 0x98, 0x40, 0x87, 0xB0, 0x00, 0xE3, 0x60,
    0x01, 0xF1, 0xC0, 0x00, 0xF3, 0x80, 0x00, 0x67, 0x00, 0x00, 0x0F, 0xFC, 0x7F, 0xFF, 0xFC, 0xFF,
    0xFF, 0xF0, 0x01, 0xF8, 0x00, 0x0F, 0x7C, 0x00, 0x3C, 0x3E, 0x01, 0xE0, 0x1F, 0x1F, 0x00, 0x1E,
    0x38, 0x00, 0x0C, 0x00, 0x30, 0x00, 0x00, 0x70, 0x00, 0x60, 0xE1, 0xF1, 0xFF, 0xFF, 0xF3, 0xFF,
    0xFF, 0xC7, 0x70, 0xE3, 0x9C, 0x61, 0xF6, 0x3F, 0xFF, 0xF8, 0x6F, 0xFF, 0xC0, 0x03, 0x9C, 0x00,
    0x3F, 0xFF, 0x00, 0x7F, 0xFE, 0x00, 0x7F, 0x1C, 0x00, 0xC7, 0x38, 0x01, 0x8C, 0x70, 0x03, 0x38,
    0xE0, 0x06, 0x7D, 0xC6, 0x0D, 0xDB, 0x8C, 0x1F, 0xB2, 0x18, 0x1E, 0x60, 0x70, 0x78, 0xF3, 0xE7,
    0xC1, 0xFF, 0xFE, 0x01, 0xFF, 0x20, 0x00, 0x00, 0x00, 0x30, 0x00, 0x00, 0xE0, 0x01, 0x83, 0x80,
    0x06, 0x3F, 0xFF, 0x1F, 0xFF, 0xFC, 0xFF, 0xFC, 0x63, 0x8E, 0x3B, 0x9F, 0x1D, 0xFC, 0x7F, 0xBF,
    0x70, 0x76, 0x7D, 0xE1, 0xDD, 0xDB, 0xCE, 0x7E, 0x37, 0x30, 0xF0, 0xE8, 0x0F, 0xFF, 0x81, 0xFB,
    0xFE, 0x1F, 0x0E, 0x10, 0x7C, 0x38, 0x60, 0x30, 0xE1, 0x80, 0xC3, 0x86, 0x03, 0x0E, 0x18, 0x0F,
    0xFF, 0xE0, 0x7F, 0xFF, 0x80, 0xF8, 0x06, 0x00, 0x00, 0x18, 0x00, 0x00, 0x70, 0x00, 0x00, 0x18,
    0x00, 0x30, 0x0C, 0x07, 0xFC, 0x06, 0x03, 0xFE, 0x03, 0x00, 0x07, 0x01, 0x80, 0x63, 0xFF, 0xFE,
    0x39, 0xFF, 0xFF, 0x1F, 0xDF, 0xF8, 0x07, 0xE2, 0x1C, 0x01, 0xF3, 0x8E, 0x00, 0x71, 0xE7, 0x00,
    0x3C, 0x73, 0x80, 0x3F, 0x1D, 0xC0, 0x1F, 0x8E, 0xE0, 0x1C, 0xE0, 0x70, 0x0C, 0x78, 0x38, 0x0E,
    0x18, 0x1C, 0x0E, 0x00, 0xCE, 0x0E, 0x00, 0x7F, 0x06, 0x00, 0x1F, 0x80, 0x00, 0x07, 0x80, 0x00,
    0x00, 0xC0, 0x07, 0x00, 0x60, 0x03, 0x00, 0x70, 0x03, 0x00, 0x30, 0x03, 0x00, 0x30, 0x3F, 0xE0,
    0x30, 0x3F, 0xF0, 0x30, 0x1F, 0x00, 0x7E, 0x03, 0x1F, 0xFF, 0x07, 0xFF, 0xFE, 0xFF, 0xF8, 0x30,
    0x7F, 0xFE, 0x30, 0x03, 0x07, 0x30, 0x03, 0x07, 0x30, 0x7F, 0xF3, 0xB0, 0x7F, 0xF3, 0xB0, 0x1F,
    0x01, 0x30, 0x03, 0x00, 0x30, 0x03, 0x38, 0x30, 0x0F, 0xFB, 0x30, 0xFF, 0xC3, 0xF0, 0xFE, 0x01,
    0xF0, 0x60, 0x00, 0xF0, 0x00, 0x00, 0x20, 0x01, 0x00, 0x00, 0x00, 0xE0, 0x0E, 0x00, 0x38, 0x03,
    0x80, 0x0C, 0x00, 0x60, 0x1F, 0xE0, 0x18, 0x07, 0xFC, 0x06, 0x01, 0xE6, 0x01, 0x80, 0x7F, 0xFF,
    0xFE, 0x1F, 0xFF, 0xFF, 0x87, 0x19, 0xE6, 0x01, 0xFF, 0xA1, 0x80, 0x7F, 0xFC, 0x60, 0x1C, 0x7B,
    0x98, 0x07, 0xFC, 0x76, 0x07, 0xFF, 0x1D, 0x81, 0xFF, 0xC3, 0x60, 0x03, 0xF0, 0x18, 0x01, 0xFC,
    0x06, 0x00, 0xE7, 0x01, 0x80, 0xF1, 0xC4, 0x60, 0x73, 0x71, 0xD8, 0x30, 0xFC, 0x3E, 0x00, 0x1E,
    0x07, 0x80, 0x01, 0x80, 0x60, 0x00, 0x00, 0x80, 0x01, 0xC0, 0xE0, 0x00, 0xE0, 0x70, 0x00, 0x70,
    0x7F, 0xC0, 0x38, 0x7F, 0xE1, 0x9C, 0x7F, 0xF0, 0xEE, 0xF8, 0xF0, 0x77, 0xEE, 0xF0, 0x1F, 0xA7,
    0xF0, 0x0F, 0xC1, 0xE0, 0x03, 0xE3, 0xEC, 0x01, 0xF7, 0xC6, 0x00, 0x3F, 0x07, 0xF0, 0x3F, 0xFF,
    0xFC, 0x3E, 0xFF, 0xFC, 0x3F, 0x18, 0x60, 0x7B, 0x8E, 0x30, 0x79, 0xC3, 0x98, 0x08, 0xE0, 0xEC,
    0x00, 0x70, 0x27, 0x00, 0x38, 0x3B, 0x80, 0x1C, 0x0F, 0xC0, 0x0E, 0x03, 0xC0, 0x03, 0x00, 0x60,
    0x00, 0x00, 0x00, 0x00, 0x38, 0x00, 0x00, 0x18, 0x00, 0x00, 0x18, 0x00, 0x00, 0x18, 0x00, 0x00,
    0x18, 0x00, 0x04, 0x18, 0x80, 0x07, 0x19, 0xC0, 0x07, 0x18, 0xE0, 0x0E, 0x18, 0xF0, 0x0E, 0x18,
    0x70, 0x1C, 0x18, 0x38, 0x1C, 0x18, 0x3C, 0x38, 0x18, 0x1C, 0x38, 0x18, 0x0E, 0x70, 0x18, 0x0E,
    0x60, 0x18, 0x06, 0xC0, 0x18, 0x00, 0x00, 0x18, 0x00, 0x03, 0x98, 0x00, 0x01, 0xF8, 0x00, 0x00,
    0xF8, 0x00, 0x00, 0x38, 0x00, 0x03, 0x01, 0xC0, 0x01, 0xC0, 0x70, 0x00, 0xE0, 0x3C, 0x00, 0x7F,
    0x9F, 0x07, 0xFF, 0xCD, 0xC3, 0xFF, 0xC6, 0x70, 0x00, 0x03, 0x30, 0x7F, 0xFF, 0xFC, 0x1F, 0xFF,
    0xFE, 0x0C, 0x18, 0xE0, 0x06, 0x0C, 0x78, 0x03, 0xFE, 0x3E, 0x01, 0xFF, 0x1F, 0x00, 0xFD, 0x1F,
    0x80, 0x3F, 0xCF, 0xC0, 0x3F, 0xE6, 0xE3, 0x1F, 0xBF, 0x71, 0x9D, 0xCF, 0x30, 0xDE, 0xE3, 0x98,
    0xED, 0xF3, 0x8F, 0xF0, 0x79, 0x87, 0xF0, 0x1D, 0x81, 0xF8, 0x00, 0x80, 0x00, 0x00, 0x01, 0xF0,
    0x03, 0xFF, 0xF8, 0x00, 0xFF, 0xFC, 0x00, 0x70, 0x0E, 0x00, 0x38, 0x07, 0x00, 0x18, 0x03, 0x80,
    0x0F, 0xFF, 0xC0, 0x0F, 0xFF, 0xF0, 0x07, 0xFE, 0x00, 0x03, 0x83, 0x80, 0x01, 0x80, 0xE0, 0x01,
    0xC8, 0x3C, 0x00, 0xC7, 0x8F, 0x00, 0xE3, 0xF3, 0xE0, 0x60, 0x7C, 0xF8, 0x60, 0x0E, 0x1F, 0x70,
    0x80, 0x07, 0xA0, 0xF8, 0x00, 0x80, 0x3F, 0x00, 0x00, 0x07, 0xE0, 0x00, 0x00, 0xF8, 0x00, 0x00,
    0x3C, 0x00, 0x00, 0x06, 0x00, 0x0C, 0x0F, 0xF0, 0x1F, 0xFF, 0xE0, 0x1F, 0xFF, 0xC0, 0x30, 0x03,
    0x80, 0x60, 0x07, 0x00, 0xFF, 0xFE, 0x03, 0xFF, 0xFC, 0x07, 0xF8, 0x00, 0x0E, 0x01, 0xFC, 0x1F,
    0xFF, 0xFC, 0x3F, 0xFF, 0xF8, 0x70, 0x00, 0x60, 0xDF, 0xF0, 0xC1, 0xBF, 0xF1, 0x87, 0x7F, 0xE7,
    0x0E, 0xE1, 0x8E, 0x19, 0xC3, 0x1C, 0x73, 0xFF, 0x38, 0xC7, 0xFE, 0x63, 0x86, 0x1C, 0xC6, 0x00,
    0x3F, 0x98, 0x00, 0x1F, 0x00, 0x00, 0x1C, 0x00, 0x00, 0x00, 0x60, 0x7F, 0xFF, 0xC0, 0xFF, 0xFF,
    0x03, 0xC0, 0x1C, 0x0C, 0x00, 0x60, 0x3F, 0xFF, 0xC0, 0xFF, 0xFF, 0x03, 0xF7, 0x00, 0x1C, 0x0C,
    0x00, 0x70, 0x30, 0xE1, 0xFF, 0xFF, 0xC7, 0xFF, 0xFE, 0x18, 0x0C, 0x00, 0x60, 0x30, 0x03, 0xBF,
    0xFE, 0x0E, 0xFF, 0xFC, 0x31, 0xFF, 0xE1, 0xC6, 0x01, 0x86, 0x18, 0x0E, 0x38, 0x7F, 0xF8, 0xC1,
    0xFF, 0xE3, 0x07, 0x00, 0x00, 0x08, 0x00, 0x00, 0x0C, 0x1F, 0xF8, 0x0F, 0xFF, 0xF8, 0x0F, 0xFF,
    0xF8, 0x0E, 0x00, 0x38, 0x0F, 0xFF, 0xF8, 0x0F, 0xFF, 0xF8, 0x0F, 0xF0, 0xC0, 0x0E, 0x71, 0xC0,
    0x0E, 0x39, 0xC0, 0x0E, 0x1B, 0xF8, 0x0F, 0xFF, 0xFC, 0x0F, 0xFF, 0xF0, 0x0C, 0x39, 0xC0, 0x0C,
    0x39, 0xDE, 0x1F, 0xFF, 0xFF, 0x1F, 0xFF, 0xFF, 0x18, 0x31, 0xC0, 0x38, 0x71, 0xC0, 0x30, 0x61,
    0xC0, 0x70, 0xE1, 0xC0, 0x61, 0xC1, 0xC0, 0xC3, 0x81, 0xC0, 0x00, 0x00, 0x80, 0x00, 0x03, 0xF0,
    0x07, 0xFF, 0xF8, 0x03, 0xFF, 0xFC, 0x01, 0xC0, 0x0E, 0x00, 0xE7, 0xFF, 0x00, 0x7F, 0xFF, 0x80,
    0x3F, 0xFE, 0x00, 0x1C, 0xE7, 0x00, 0x0E, 0x3F, 0xF0, 0x07, 0xFF, 0xFC, 0x03, 0xFF, 0xF0, 0x01,
    0x86, 0x70, 0x00, 0xCF, 0xFF, 0xE0, 0xFF, 0xFF, 0xF0, 0x7F, 0xF8, 0xC0, 0x31, 0x9C, 0xE0, 0x18,
    0xC7, 0xE0, 0x1C, 0x61, 0xE0, 0x0C, 0x33, 0xFC, 0x0E, 0x1F, 0x9F, 0x86, 0x7F, 0x03, 0xF6, 0x3E,
    0x00, 0x7D, 0x00, 0x00, 0x08, 0x00, 0x30, 0x00, 0x01, 0xC2, 0x03, 0x0E, 0x38, 0x1C, 0x70, 0xC0,
    0xE3, 0x8E, 0x07, 0xFF, 0xF0, 0x3F, 0xFF, 0x80, 0xC0, 0x1C, 0x3F, 0xCF, 0xF9, 0xFF, 0x7F, 0xC7,
    0xFB, 0x8E, 0x31, 0xDF, 0xF1, 0xFE, 0xFF, 0x8F, 0xF7, 0xFC, 0x63, 0xB0, 0xE7, 0xFD, 0xFF, 0x3F,
    0xEF, 0xF9, 0xFF, 0x61, 0xCC, 0x3F, 0x0E, 0xED, 0xF2, 0x76, 0x7F, 0x9F, 0xF1, 0xF8, 0x7F, 0x07,
    0xC1, 0xC0, 0x04, 0x04, 0x00, 0x38, 0x00, 0x04, 0x1C, 0x38, 0x03, 0x0E, 0x1C, 0x01, 0x87, 0x0E,
    0x00, 0xC3, 0xFF, 0x00, 0x7F, 0xFF, 0x80, 0x3F, 0xFF, 0xC0, 0x21, 0x86, 0x60, 0x18, 0xE7, 0x00,
    0x0C, 0x63, 0xFC, 0x3F, 0xFF, 0xFF, 0x1F, 0xFF, 0xFF, 0x87, 0xCC, 0xF9, 0x80, 0xC6, 0x6F, 0x80,
    0x7F, 0x67, 0x80, 0x3F, 0xB3, 0x00, 0x1F, 0xC3, 0xC0, 0x0C, 0x61, 0xF0, 0x06, 0x31, 0xDC, 0x03,
    0xF9, 0xCF, 0x01, 0xFF, 0xE3, 0xC0, 0xC1, 0xE0, 0xF8, 0x61, 0xC0, 0x1C, 0x00, 0x80, 0x04, 0x00,
    0x20, 0x00, 0x00, 0xE0, 0x00, 0x01, 0xC0, 0x00, 0x03, 0x80, 0x00, 0x07, 0x00, 0x00, 0x0C, 0x06,
    0x0F, 0xFF, 0xFE, 0x1F, 0xFF, 0xFC, 0x1F, 0xC0, 0x00, 0x03, 0x80, 0x00, 0x07, 0x00, 0x00, 0x1C,
    0x00, 0x00, 0x3F, 0xFE, 0x00, 0xFF, 0xFC, 0x01, 0x83, 0x00, 0x07, 0x06, 0x00, 0x1C, 0x0C, 0x00,
    0x70, 0x18, 0x01, 0xC0, 0x30, 0x07, 0x00, 0x67, 0xCC, 0xFF, 0xFF, 0xC0, 0xFF, 0xFF, 0x80, 0x00,
    0x0F, 0x03, 0xFF, 0xFE, 0x07, 0xFF, 0xF8, 0x0C, 0x00, 0xE0, 0x00, 0x03, 0x81, 0xC0, 0x0E, 0x03,
    0x00, 0x38, 0x0C, 0x00, 0xC0, 0x3F, 0xFF, 0x80, 0xFF, 0xFE, 0x03, 0xF8, 0x00, 0x0C, 0x00, 0x00,
    0x30, 0x00, 0x08, 0xC0, 0x00, 0x23, 0x00, 0x01, 0x8C, 0x00, 0x06, 0x70, 0x00, 0x19, 0xC0, 0x00,
    0xE3, 0xFF, 0xFF, 0x8F, 0xFF, 0xFC, 0x0F, 0xFF, 0xC0, 0x00, 0x30, 0x00, 0x00, 0x38, 0x00, 0x00,
    0x38, 0x00, 0x00, 0x70, 0x04, 0x03, 0xFF, 0xFF, 0x3F, 0xFF, 0xFF, 0x3F, 0xFC, 0x00, 0x01, 0xCE,
    0x00, 0x01, 0xCE, 0x00, 0x03, 0x8E, 0x00, 0x07, 0xFF, 0xF8, 0x0F, 0xFF, 0xF8, 0x0F, 0xFE, 0x38,
    0x1F, 0x8E, 0x38, 0x3B, 0x8E, 0x38, 0x61, 0x8E, 0x38, 0xC1, 0x8F, 0x38, 0x01, 0x8F, 0xF8, 0x03,
    0x8E, 0xF8, 0x01, 0x8E, 0x30, 0x00, 0x0E, 0x00, 0x00, 0x0E, 0x00, 0x00, 0x0E, 0x00, 0x00, 0x06,
    0x00, 0x00, 0x00, 0xC0, 0x03, 0x01, 0xC0, 0x03, 0xE3, 0xC0, 0x01, 0xFF, 0x80, 0x00, 0x3F, 0x00,
    0x00, 0xFF, 0xE0, 0x03, 0xF1, 0xE0, 0x0F, 0xB0, 0x7E, 0x3F, 0xFF, 0xFF, 0x3F, 0xFF, 0xFF, 0x3F,
    0xEC, 0x00, 0x01, 0xCC, 0x00, 0x03, 0xFF, 0xF0, 0x07, 0xFF, 0xF8, 0x0F, 0xFF, 0xF8, 0x1F, 0x8C,
    0x38, 0x3B, 0x8C, 0x38, 0x73, 0x8D, 0x38, 0xC3, 0x8D, 0xF8, 0x03, 0x8C, 0xF0, 0x01, 0x8C, 0x30,
    0x00, 0x0C, 0x00, 0x00, 0x0C, 0x00, 0x00, 0x0C, 0x00, 0x00, 0x30, 0x80, 0x1C, 0x71, 0x80, 0x38,
    0xE3, 0x00, 0x31, 0xCF, 0xC7, 0xFF, 0xFF, 0xCF, 0xFF, 0xFE, 0x01, 0xCE, 0x60, 0x1B, 0x9C, 0xC0,
    0x33, 0x3F, 0xFC, 0x7F, 0xFF, 0xFD, 0xFF, 0xFF, 0xF3, 0x81, 0x81, 0xCE, 0x03, 0x83, 0x1D, 0xFF,
    0xFC, 0x13, 0xFF, 0xF8, 0x07, 0xFC, 0x70, 0x0E, 0x38, 0xE0, 0x0C, 0x71, 0xC0, 0x18, 0xFF, 0x80,
    0x71, 0xDF, 0x00, 0x63, 0x9C, 0x00, 0x07, 0x00, 0x00, 0x0E, 0x00, 0x00, 0x1C, 0x00, 0x00, 0x30,
    0x80, 0x0C, 0x73, 0x80, 0x1C, 0xE7, 0x00, 0x3D, 0xDC, 0x03, 0x3B, 0xFF, 0xC7, 0xFF, 0xFF, 0xCF,
    0xFF, 0xFF, 0x3F, 0x00, 0x0E, 0x77, 0xFF, 0xB8, 0xC7, 0xFF, 0x41, 0x8C, 0x0E, 0x00, 0x1F, 0xF8,
    0x00, 0x3F, 0xF8, 0x00, 0x7F, 0x00, 0x03, 0x0F, 0xF8, 0x07, 0xFF, 0xF0, 0x0F, 0xFF, 0xE0, 0x1C,
    0x70, 0xC0, 0x38, 0xE9, 0x80, 0x71, 0xDF, 0x00, 0xE3, 0x9E, 0x00, 0x87, 0x08, 0x00, 0x0E, 0x00,
    0x00, 0x1C, 0x00, 0x00, 0x00, 0x00, 0x00, 0x00, 0x00, 0x18, 0x00, 0x00, 0x30, 0x3F, 0xF0, 0x63,
    0xFF, 0xE0, 0xC7, 0xFF, 0x01, 0x82, 0x3E, 0x1F, 0xE7, 0xFE, 0x3F, 0xEF, 0xFC, 0x7D, 0xDC, 0x30,
    0xDB, 0xBF, 0xE1, 0xB7, 0x7F, 0xE3, 0x6E, 0x60, 0x06, 0xDF, 0xFF, 0xCD, 0xFF, 0xFF, 0x9B, 0xFF,
    0xF3, 0x36, 0xF8, 0xC6, 0x2C, 0x3F, 0xFC, 0x18, 0x7F, 0xF8, 0x30, 0xC6, 0x70, 0x61, 0x8C, 0xE0,
    0xC3, 0xFF, 0xC1, 0x87, 0xFF, 0x83, 0x0E, 0x00, 0x06, 0x08, 0x00, 0x00, 0xC3, 0x80, 0x00, 0x61,
    0xC0, 0x00, 0x3F, 0xFF, 0x07, 0xFF, 0xFF, 0xC1, 0xFF, 0xF0, 0x00, 0x3F, 0xFF, 0x00, 0x0F, 0xFF,
    0x80, 0x07, 0x7F, 0xC0, 0x03, 0xFF, 0xE0, 0x01, 0xFE, 0x70, 0x00, 0xFF, 0xF8, 0x00, 0x7F, 0xFC,
    0x00, 0x1F, 0xFF, 0xE1, 0xFF, 0xFF, 0xF8, 0xFF, 0xF3, 0xC0, 0x0F, 0x3B, 0xF0, 0x0F, 0xFF, 0xFF,
    0x1F, 0xFF, 0xF7, 0xDC, 0xE7, 0x18, 0xE0, 0x73, 0xEC, 0x00, 0x39, 0xFE, 0x00, 0x1C, 0xE7, 0x00,
    0x00, 0x70, 0x00, 0x00, 0x38, 0x00, 0x00, 0x00, 0x70, 0x07, 0xFF, 0xFC, 0x03, 0xFF, 0xFE, 0x00,
    0xC3, 0x8C, 0x00, 0x61, 0xC7, 0x00, 0x38, 0xE3, 0x80, 0x1C, 0x73, 0x80, 0x07, 0x39, 0xC0, 0x01,
    0xDD, 0xC0, 0x00, 0xEE, 0xC0, 0x00, 0x37, 0xC0, 0x00, 0x0F, 0xFF, 0xEF, 0xFF, 0xFF, 0xF3, 0xFF,
    0xFF, 0x80, 0x00, 0x70, 0x00, 0x00, 0x38, 0x00, 0x00, 0x1C, 0x00, 0x00, 0x0E, 0x00, 0x00, 0x07,
    0x00, 0x00, 0x03, 0x80, 0x00, 0x01, 0xC0, 0x00, 0x00, 0xE0, 0x00, 0x00, 0x70, 0x00, 0x00, 0x00,
    0x00, 0x00, 0x01, 0x80, 0x00, 0xC0, 0xE0, 0x00, 0x70, 0x70, 0x00, 0x1C, 0x70, 0x00, 0x0F, 0x78,
    0x00, 0x03, 0xB8, 0xC0, 0x7F, 0xFF, 0xF0, 0x3F, 0xFF, 0xF8, 0x0F, 0xE3, 0x80, 0x00, 0x71, 0xC0,
    0x00, 0x38, 0xE0, 0x00, 0x1C, 0x70, 0x07, 0xFF, 0xFF, 0xF3, 0xFF, 0xFF, 0xF9, 0xFF, 0xFE, 0x00,
    0x03, 0x87, 0x00, 0x01, 0xC3, 0x80, 0x00, 0xE1, 0xC0, 0x00, 0xE0, 0xE0, 0x00, 0xE0, 0x70, 0x00,
    0xE0, 0x38, 0x00, 0xE0, 0x1C, 0x00, 0xE0, 0x0E, 0x00, 0x00, 0x03, 0x00, 0x00, 0x00, 0x00, 0x00,
    0x30, 0x00, 0x00, 0x60, 0x00, 0x00, 0xC0, 0x01, 0x83, 0xFF, 0xC3, 0xFF, 0xFF, 0x87, 0xFF, 0xE0,
    0x0E, 0x00, 0x00, 0x1C, 0x38, 0x00, 0x38, 0x30, 0x60, 0x70, 0x70, 0xE0, 0xFC, 0x61, 0xC1, 0xF8,
    0xE3, 0x03, 0x39, 0xCE, 0x06, 0x71, 0xDC, 0x1C, 0x73, 0x70, 0x38, 0xE0, 0xE0, 0x70, 0xC3, 0x80,
    0xC0, 0x07, 0x03, 0x80, 0x1F, 0xE7, 0xFF, 0xFF, 0xFD, 0xFF, 0xFF, 0xF0, 0x00, 0x00, 0x00, 0x00,
    0x00, 0x00, 0x0C, 0x00, 0x00, 0x06, 0x00, 0x00, 0x03, 0x00, 0x01, 0x01, 0xFF, 0x00, 0xFF, 0xFF,
    0xC0, 0x7F, 0xFF, 0xC0, 0x38, 0x03, 0x80, 0x1C, 0x0F, 0xC0, 0x0F, 0xFF, 0xC0, 0x07, 0x7F, 0x80,
    0x03, 0xB0, 0xC0, 0x01, 0x98, 0x60, 0x00, 0xCC, 0x3F, 0x80, 0x67, 0xFF, 0xE0, 0x73, 0xFF, 0xE0,
    0x39, 0x83, 0x80, 0x18, 0xC1, 0xC0, 0x0C, 0x64, 0x70, 0x8E, 0x3F, 0xB8, 0x66, 0x1E, 0xEE, 0x27,
    0x7E, 0x3B, 0xB3, 0x3C, 0x1F, 0xF9, 0x1C, 0x07, 0x7C, 0x00, 0x00, 0x0E, 0x00, 0x1C, 0x00, 0x00,
    0x0E, 0x00, 0x00, 0x0E, 0x00, 0x0C, 0x1F, 0xFC, 0x0F, 0xFF, 0xFE, 0x0F, 0xFF, 0xE0, 0x0E, 0x71,
    0xC0, 0x0E, 0x7F, 0xFC, 0x0F, 0xFF, 0xFC, 0x0F, 0xFF, 0xE0, 0x0E, 0x31, 0xC0, 0x0E, 0x3F, 0xC0,
    0x0C, 0x3F, 0xC0, 0x0C, 0x3F, 0xE0, 0x1D, 0xFF, 0xF0, 0x1C, 0xFF, 0xE0, 0x1C, 0x71, 0xE0, 0x18,
    0x3F, 0xC0, 0x38, 0x1F, 0x80, 0x30, 0x1F, 0x80, 0x70, 0x7F, 0xF0, 0x61, 0xF0, 0xFE, 0x67, 0xC0,
    0x3F, 0x04, 0x00, 0x0E, 0x00, 0x00, 0x00, 0x00, 0x01, 0xC0, 0x00, 0x00, 0xE0, 0x00, 0x00, 0xFF,
    0x00, 0x33, 0xFF, 0x83, 0xFC, 0xFF, 0xC0, 0xFE, 0x7F, 0xFC, 0x0F, 0xFF, 0xFE, 0x0E, 0x7F, 0xB8,
    0x07, 0x1F, 0xFC, 0x07, 0x0F, 0xFE, 0x03, 0xF3, 0xF0, 0x01, 0xFB, 0xFF, 0xC0, 0x1D, 0xFF, 0xE0,
    0x0C, 0x6E, 0x00, 0x0F, 0xFF, 0xFE, 0x7F, 0xFF, 0xFF, 0x3F, 0xF9, 0xC0, 0x0B, 0xF8, 0xE0, 0x03,
    0x9F, 0xF0, 0x03, 0x83, 0xFF, 0x01, 0x80, 0x3F, 0xFD, 0x80, 0x01, 0xFC, 0x80, 0x00, 0x04, 0x00,
    0xFF, 0xF0, 0x7F, 0xFF, 0xF0, 0x7F, 0xFF, 0x00, 0x0E, 0x18, 0x00, 0x1C, 0x30, 0x00, 0x38, 0x60,
    0x00, 0x70, 0xC0, 0x00, 0xE1, 0x8E, 0xFF, 0xFF, 0xFF, 0xFF, 0xFF, 0xFD, 0xFF, 0x8C, 0x00, 0x0C,
    0x18, 0x00, 0x38, 0x30, 0x00, 0x70, 0x60, 0x00, 0xC0, 0xC0, 0x03, 0x81, 0x80, 0x07, 0x03, 0x00,
    0x1C, 0x06, 0x00, 0x70, 0x0C, 0x01, 0xC0, 0x18, 0x07, 0x00, 0x30, 0x00, 0x00, 0x60, 0x00, 0x00,
    0x70, 0x00, 0x01, 0xD8, 0x00, 0x03, 0x70, 0x00, 0x0D, 0xE0, 0x00, 0x39, 0xC0, 0x00, 0xE3, 0x00,
    0x0F, 0xFF, 0xBF, 0xFF, 0xFE, 0xFF, 0xFF, 0xC0, 0x00, 0x70, 0x00, 0x01, 0xC0, 0x0F, 0xFB, 0x00,
    0x3F, 0xFE, 0x00, 0x7F, 0x38, 0x00, 0x70, 0x70, 0x01, 0xC1, 0xC1, 0x07, 0x1B, 0x8C, 0x1F, 0xEE,
    0x31, 0xFE, 0x1C, 0xFF, 0xC0, 0x73, 0x7C, 0x00, 0xFC, 0x00, 0x01, 0xF0, 0x00, 0x07, 0x80, 0x00,
    0x06, 0x00, 0x01, 0xCF, 0xFC, 0x19, 0xFF, 0x83, 0x9F, 0x70, 0x70, 0x0E, 0x0E, 0x01, 0xC1, 0xDF,
    0xF0, 0x3B, 0xFF, 0x07, 0x7F, 0x00, 0xEE, 0x00, 0x1D, 0x80, 0x03, 0xBF, 0xE0, 0x77, 0xFE, 0x0E,
    0xFF, 0xC1, 0xC0, 0x38, 0x38, 0x06, 0x07, 0x00, 0xC0, 0xE0, 0x38, 0x1C, 0xC7, 0x03, 0x9F, 0xE0,
    0x70, 0xF8, 0x0E, 0x0F, 0x01, 0xC0, 0x00, 0x30, 0x00, 0x80, 0x00, 0x38, 0x00, 0x0E, 0x00, 0x03,
    0x86, 0x60, 0xE1, 0xDE, 0x38, 0xF3, 0xCE, 0x38, 0x73, 0x9C, 0x0E, 0xEE, 0x03, 0xBB, 0x00, 0x0E,
    0xF9, 0xFF, 0xFF, 0x7F, 0xFF, 0xC0, 0x00, 0x70, 0x00, 0x1C, 0xFF, 0xFF, 0x3F, 0xFF, 0xC7, 0xFE,
    0x70, 0x00, 0x18, 0x00, 0x06, 0x7F, 0xFF, 0x9F, 0xFF, 0xF7, 0xFF, 0xF8, 0x0F, 0xFF, 0xC0, 0x1F,
    0xFF, 0x80, 0x1F, 0xFB, 0x00, 0x00, 0x0E, 0x00, 0x7F, 0xFC, 0x00, 0x7F, 0xF8, 0x00, 0x00, 0x70,
    0x3F, 0xFF, 0xFF, 0x7F, 0xFF, 0xFE, 0xFF, 0xF0, 0x00, 0x30, 0xE1, 0x80, 0x79, 0xC7, 0x00, 0x7B,
    0xDE, 0x00, 0x77, 0xF8, 0x00, 0x3F, 0xC0, 0x00, 0xFF, 0xC0, 0x07, 0xB9, 0xE0, 0x3E, 0x71, 0xE1,
    0xF0, 0xE1, 0xF1, 0xDD, 0xC0, 0xF0, 0x1F, 0x80, 0xC0, 0x1F, 0x00, 0x00, 0x0C, 0x00, 0x00, 0x18,
    0x04, 0x00, 0x1C, 0x0E, 0x00, 0x1C, 0x07, 0x00, 0x1C, 0x07, 0x00, 0x1C, 0x07, 0x00, 0x1E, 0x07,
    0x00, 0x7F, 0x7F, 0xF0, 0x7F, 0x7F, 0xF0, 0x7F, 0x86, 0x30, 0xFF, 0x86, 0x70, 0xFD, 0x86, 0x70,
    0xFC, 0x0E, 0x70, 0xDD, 0xFF, 0xFE, 0xDD, 0xFF, 0xFE, 0x1C, 0xFF, 0x00, 0x1C, 0x1F, 0x80, 0x1C,
    0x1D, 0xC0, 0x1C, 0x39, 0xC0, 0x1C, 0x38, 0xE0, 0x1C, 0x70, 0x78, 0x1C, 0xE0, 0x3C, 0x1D, 0xC0,
    0x1E, 0x1F, 0x80, 0x0F, 0x0E, 0x00, 0x02, 0x01, 0x80, 0x00, 0x03, 0x80, 0x00, 0x0E, 0x00, 0x00,
    0x1C, 0x3F, 0x00, 0x7F, 0xFF, 0x00, 0xFF, 0xFE, 0x03, 0xBB, 0x9C, 0x0E, 0x77, 0x30, 0x39, 0xDC,
    0x60, 0xE7, 0x38, 0xC0, 0x1C, 0xE3, 0x80, 0x73, 0x87, 0x00, 0x8E, 0xCE, 0x00, 0x38, 0xF8, 0x00,
    0x7C, 0xF0, 0x0D, 0x9C, 0xD8, 0x3F, 0x1C, 0x3C, 0x66, 0x1B, 0x3D, 0xCE, 0x17, 0x3B, 0x9E, 0x06,
    0x3E, 0x1F, 0x0E, 0x1C, 0x1F, 0xFC, 0x00, 0x0F, 0xF8, 0x00, 0x00, 0x00, 0x00, 0x1C, 0x00, 0x00,
    0x0E, 0x00, 0x00, 0x07, 0x00, 0x00, 0x07, 0x00, 0x00, 0x03, 0x80, 0x80, 0xFF, 0xFF, 0xE0, 0x7F,
    0xFF, 0xF0, 0x3F, 0xEF, 0x00, 0x01, 0xE3, 0xC0, 0x00, 0xFC, 0xF0, 0x00, 0xEF, 0x3C, 0x00, 0xE3,
    0xCF, 0x80, 0xE0, 0xE1, 0xF1, 0xE0, 0x20, 0x7D, 0xC4, 0xE0, 0xCE, 0xDF, 0x78, 0x78, 0x1D, 0x9E,
    0x1E, 0x0E, 0xE7, 0xE7, 0x86, 0x71, 0xB9, 0xC7, 0x1C, 0x0C, 0x63, 0x0F, 0xC7, 0x03, 0x83, 0xFF,
    0x80, 0x00, 0x3F, 0xC0, 0x00, 0x01, 0x00, 0x0E, 0x07, 0x00, 0x0E, 0x0E, 0x00, 0x0E, 0x38, 0x00,
    0x1E, 0xE0, 0x01, 0x1B, 0x90, 0x03, 0xFF, 0xF8, 0x07, 0xFF, 0xF0, 0x0E, 0x00, 0xC0, 0x0C, 0x01,
    0x80, 0x18, 0x07, 0x00, 0x30, 0x7E, 0x00, 0x7F, 0xFC, 0x00, 0xFF, 0xF8, 0x01, 0x98, 0x00, 0x0D,
    0x3C, 0x38, 0x1F, 0x3C, 0x78, 0x76, 0x3B, 0x78, 0xCE, 0x36, 0x7B, 0x9E, 0x06, 0x77, 0x1F, 0x0E,
    0x1C, 0x1F, 0xFC, 0x10, 0x0F, 0xF8, 0x00, 0x0C, 0x06, 0x00, 0x07, 0x03, 0x80, 0x03, 0x81, 0xC0,
    0x01, 0xC0, 0xC0, 0x00, 0xE0, 0x60, 0xE0, 0x7B, 0xFF, 0xF8, 0xFF, 0xFF, 0xFC, 0x7F, 0x3B, 0x00,
    0x7F, 0x9D, 0xC0, 0x3F, 0xEE, 0x60, 0x1F, 0xFE, 0x33, 0x0D, 0xC7, 0x99, 0x86, 0xE7, 0xFD, 0xC3,
    0x73, 0x3E, 0xC0, 0x3B, 0x9F, 0xC0, 0x1F, 0x8F, 0xC0, 0x0F, 0x81, 0xE0, 0x07, 0x01, 0xF8, 0x03,
    0x81, 0xDC, 0x01, 0xC1, 0xC7, 0x80, 0xE1, 0xE1, 0xE0, 0x71, 0xC0, 0x78, 0x39, 0xC0, 0x1E, 0x18,
    0x80, 0x00, 0x00, 0x30, 0x00, 0x00, 0x70, 0x00, 0x01, 0xC0, 0x00, 0x7F, 0xFE, 0x00, 0xFF, 0xFC,
    0x01, 0xFC, 0x38, 0x03, 0xFF, 0xF0, 0x07, 0xFF, 0xE0, 0x07, 0xFD, 0xC0, 0x0F, 0xFF, 0x80, 0x1F,
    0xFF, 0x00, 0x3F, 0xCE, 0x00, 0x61, 0xF8, 0x00, 0xFF, 0xF8, 0x01, 0xFF, 0xF0, 0x0F, 0x38, 0x38,
    0x1F, 0x38, 0x78, 0x76, 0x3B, 0x78, 0xCE, 0x36, 0x7B, 0x9E, 0x26, 0x77, 0x1F, 0x0E, 0x5C, 0x1F,
    0xFC, 0x10, 0x0F, 0xF8, 0x00, 0x10, 0x07, 0x00, 0x1C, 0x07, 0x00, 0x1C, 0x03, 0x10, 0x1C, 0xFF,
    0xF8, 0x1C, 0x7F, 0xF8, 0x1E, 0x03, 0xF0, 0x7F, 0x7F, 0xF0, 0x7F, 0x3F, 0xE0, 0x7F, 0x0F, 0xFE,
    0xFF, 0xFF, 0xFE, 0xFF, 0xFF, 0xC0, 0xFC, 0x3F, 0xF0, 0xDC, 0x3F, 0xF0, 0xDC, 0x30, 0x30, 0x1C,
    0x3F, 0xF0, 0x1C, 0x3F, 0xF0, 0x1C, 0x31, 0xF0, 0x1C, 0x3F, 0xF0, 0x1C, 0x3F, 0xF0, 0x1C, 0x30,
    0x30, 0x1C, 0x31, 0xB0, 0x1C, 0x71, 0xF0, 0x1C, 0x70, 0xF0, 0x08, 0x30, 0x30, 0x00, 0x18, 0x00,
    0x00, 0x1F, 0x80, 0x00, 0x1F, 0xC0, 0x00, 0x1D, 0xE0, 0x00, 0x0C, 0x60, 0x08, 0x0F, 0xFC, 0x0F,
    0xFF, 0xFC, 0x0F, 0xFF, 0xE0, 0x0C, 0x0E, 0x00, 0x0C, 0x06, 0x38, 0x0F, 0xF7, 0x38, 0x0F, 0xF7,
    0x38, 0x0F, 0xF3, 0x70, 0x1C, 0x73, 0xE0, 0x1C, 0x73, 0xE0, 0x1C, 0x61, 0xC0, 0x1E, 0x63, 0xC1,
    0x1B, 0xE7, 0xE3, 0x3B, 0xEE, 0x73, 0x31, 0xDC, 0x73, 0x30, 0x38, 0x3F, 0x60, 0x70, 0x1F, 0x60,
    0x40, 0x0F, 0x40, 0x00, 0x06, 0x00, 0x30, 0x00, 0x00, 0x76, 0x00, 0x00, 0xEF, 0x00, 0x00, 0xCF,
    0x00, 0x01, 0x8E, 0x00, 0x0F, 0xFF, 0x1F, 0xFF, 0xFE, 0x3F, 0xFF, 0xF0, 0x00, 0x1C, 0x00, 0x3F,
    0xD8, 0x60, 0x7F, 0xB8, 0xC0, 0xFF, 0x73, 0x81, 0xCE, 0x67, 0x03, 0xFC, 0xFC, 0x07, 0xF9, 0xF0,
    0x0F, 0xE1, 0xE0, 0x08, 0x7B, 0x82, 0x0F, 0xEF, 0x8F, 0xFF, 0x3F, 0x9B, 0xF0, 0xE7, 0x37, 0x03,
    0x87, 0x60, 0x0E, 0x07, 0xC0, 0x38, 0x0F, 0x80, 0x00, 0x06, 0x00, 0x06, 0x00, 0x00, 0xE3, 0x80,
    0x00, 0x71, 0xF8, 0x00, 0x3F, 0xFE, 0x01, 0xFF, 0xF3, 0x80, 0x7F, 0xD8, 0xC0, 0x07, 0x3F, 0xF8,
    0xFF, 0xFF, 0xFC, 0x7F, 0xFF, 0xC0, 0x03, 0x31, 0xC6, 0x03, 0xBB, 0xE3, 0x01, 0xFF, 0xF3, 0x81,
    0xFF, 0xDD, 0xC0, 0xFF, 0xEE, 0xC0, 0xFF, 0xF3, 0xE0, 0xFF, 0xC1, 0xE0, 0x4F, 0xFC, 0xF1, 0x07,
    0xFE, 0x78, 0xC3, 0x38, 0x3C, 0x63, 0xFF, 0xFF, 0x61, 0xFF, 0xF9, 0xF0, 0xE0, 0x38, 0xF8, 0x30,
    0x18, 0x3C, 0x00, 0x00, 0x00, 0x00, 0x20, 0x00, 0x03, 0x80, 0x00, 0x0F, 0x00, 0x00, 0x3C, 0x00,
    0x00, 0xE0, 0x07, 0xFF, 0xFC, 0x1F, 0xFF, 0xE0, 0xFF, 0xE7, 0x06, 0x00, 0x38, 0x30, 0x01, 0xC1,
    0x80, 0x0C, 0x0F, 0xFF, 0xF0, 0xFF, 0xFF, 0x87, 0xFC, 0x00, 0x38, 0x00, 0x01, 0xC0, 0x00, 0x0E,
    0x00, 0x00, 0x60, 0x00, 0x07, 0x00, 0x00, 0x30, 0x00, 0x03, 0x80, 0x00, 0x18, 0x00, 0x01, 0xC0,
    0x00, 0x08, 0x00, 0x00, 0x00, 0x00, 0x08, 0x00, 0x10, 0x0E, 0x00, 0x1C, 0x0F, 0x02, 0x7E, 0x1F,
    0x81, 0xFE, 0x7F, 0x00, 0xF8, 0x3E, 0x00, 0x70, 0x18, 0x00, 0x3F, 0xEC, 0x00, 0x1F, 0xF6, 0x3F,
    0x0E, 0x3B, 0xFF, 0xC7, 0x1D, 0xFF, 0xC3, 0x8E, 0xC6, 0x01, 0xFF, 0x63, 0x00, 0xFF, 0xF1, 0x80,
    0x60, 0x38, 0xC0, 0x30, 0x1C, 0x60, 0x18, 0x0C, 0x30, 0x1C, 0x0E, 0x18, 0x0C, 0x06, 0x0C, 0x06,
    0x07, 0x06, 0x06, 0x03, 0x03, 0x03, 0x03, 0x01, 0x81, 0x01, 0x00, 0xC0, 0x00, 0x00, 0x60, 0x00,
    0x00, 0x40, 0x00, 0x00, 0x70, 0x00, 0x01, 0xF8, 0x00, 0x0F, 0xF8, 0x00, 0x7F, 0xE0, 0x00, 0x7E,
    0xE0, 0x00, 0x00, 0x70, 0x00, 0x00, 0x3F, 0xE0, 0x07, 0xFF, 0xF0, 0x03, 0xFF, 0xC0, 0x00, 0x03,
    0x00, 0x00, 0x01, 0x80, 0x00, 0x0F, 0xFF, 0xF3, 0xFF, 0xFF, 0xFD, 0xFF, 0xFF, 0x00, 0x00, 0x1C,
    0x00, 0x00, 0x0E, 0x00, 0x00, 0x07, 0x00, 0x00, 0x03, 0x80, 0x00, 0x21, 0xC0, 0x00, 0x1E, 0xE0,
    0x00, 0x07, 0xF0, 0x00, 0x01, 0xF0, 0x00, 0x00, 0x38, 0x00, 0x02, 0x00, 0x00, 0x03, 0x80, 0x00,
    0x00, 0xC0, 0x00, 0x00, 0x60, 0x00, 0x60, 0x31, 0xFF, 0xF8, 0x18, 0xFF, 0xFD, 0xFF, 0xF9, 0xC0,
    0xFF, 0xE0, 0xE0, 0x3F, 0x00, 0x70, 0x01, 0x80, 0x38, 0x00, 0xCE, 0x1C, 0x00, 0x7E, 0x0E, 0x00,
    0x7E, 0x07, 0x01, 0xFC, 0x03, 0x83, 0xFC, 0x01, 0xC0, 0xF6, 0x00, 0xE0, 0x03, 0x00, 0x70, 0x01,
    0x80, 0x38, 0x00, 0xC0, 0x1C, 0x06, 0x60, 0xCE, 0x01, 0xF0, 0x7F, 0x00, 0x78, 0x1F, 0x80, 0x1C,
    0x07, 0x80, 0x00, 0x00, 0x80, 0x00, 0x00, 0x00, 0x06, 0x01, 0xC0, 0x07, 0x00, 0xC0, 0x07, 0x00,
    0xC0, 0x07, 0x10, 0xC4, 0x07, 0x1F, 0xFE, 0x07, 0xDF, 0xFE, 0x7F, 0xFC, 0x00, 0x3F, 0xFC, 0x00,
    0x07, 0x1C, 0x00, 0x07, 0x1C, 0x00, 0x07, 0x7C, 0x00, 0x07, 0xF8, 0x00, 0x0F, 0x98, 0x00, 0x7F,
    0x38, 0x00, 0x7F, 0x38, 0x00, 0x67, 0x38, 0x00, 0x07, 0x30, 0x00, 0x07, 0x70, 0x00, 0x37, 0x60,
    0x00, 0x3F, 0x60, 0x00, 0x1F, 0xC0, 0x00, 0x0F, 0xC0, 0x00, 0x00, 0x00, 0x00, 0x00, 0x00, 0x00,
    0x07, 0x00, 0x00, 0x07, 0x00, 0x00, 0x07, 0x00, 0x00, 0x07, 0x1F, 0xFE, 0x07, 0x1F, 0xFF, 0x7F,
    0xFF, 0x86, 0x7F, 0xE0, 0x06, 0x3F, 0x00, 0x06, 0x07, 0x00, 0x06, 0x07, 0x20, 0x06, 0x07, 0xFF,
    0xFE, 0x07, 0xDF, 0xFE, 0x1F, 0x04, 0x0E, 0xFF, 0x00, 0x0E, 0x7F, 0x00, 0x0E, 0x07, 0x00, 0x0E,
    0x07, 0x00, 0x0E, 0x07, 0x00, 0x7E, 0x37, 0x3F, 0xFE, 0x3F, 0x3F, 0xFE, 0x1F, 0x00, 0x00, 0x0F,
    0x00, 0x00, 0x00, 0x00, 0x00, 0x00, 0x0C, 0x00, 0x03, 0x87, 0x00, 0x00, 0xC1, 0xF0, 0x00, 0x60,
    0xDC, 0x00, 0x30, 0x67, 0x00, 0x18, 0x31, 0xC0, 0x1F, 0x9C, 0xE0, 0xFF, 0xEF, 0xFC, 0x3F, 0xFF,
    0xFE, 0x01, 0xBF, 0xF8, 0x00, 0xCE, 0xC6, 0x00, 0x6E, 0x67, 0x00, 0x3E, 0x3B, 0x80, 0x7C, 0x1F,
    0x81, 0xFC, 0x07, 0x80, 0xFE, 0x03, 0x80, 0x27, 0x03, 0xC1, 0x83, 0x87, 0xF0, 0xC1, 0xC7, 0x9C,
    0xE6, 0xEF, 0x0F, 0x63, 0xF6, 0x03, 0xF0, 0xF8, 0x00, 0xF8, 0x1C, 0x00, 0x3C, 0x00, 0x00, 0x00,
    0x06, 0x03, 0x80, 0x03, 0x01, 0xC0, 0x01, 0x80, 0xE0, 0x00, 0xC0, 0x70, 0x00, 0x67, 0xFF, 0xF0,
    0x7F, 0xFF, 0xF9, 0xFF, 0xFE, 0x00, 0x7F, 0x80, 0x00, 0x06, 0x1F, 0xE0, 0x03, 0x37, 0xF8, 0x01,
    0xF3, 0xFC, 0x00, 0xF1, 0x8E, 0x01, 0xF0, 0xC7, 0x03, 0xF0, 0x63, 0x81, 0xF8, 0x71, 0xC4, 0x4C,
    0x38, 0xE3, 0x06, 0x1C, 0x71, 0x83, 0x0C, 0x38, 0xC9, 0x8E, 0x1C, 0xE7, 0xCE, 0x0F, 0xF1, 0xEE,
    0x07, 0xF0, 0x7E, 0x01, 0xF0, 0x14, 0x00, 0x00, 0x06, 0x00, 0x00, 0x03, 0x9F, 0xFC, 0x01, 0xC7,
    0xFE, 0x00, 0xE3, 0xFF, 0x00, 0x71, 0x83, 0x80, 0x3A, 0xC1, 0xC1, 0xFF, 0xEF, 0xE0, 0xFF, 0xF3,
    0xE0, 0x07, 0x18, 0x70, 0x03, 0x8F, 0xFC, 0x01, 0xDF, 0xFF, 0x00, 0xFF, 0xFF, 0x00, 0xF9, 0xF3,
    0x83, 0xF8, 0xF9, 0xC3, 0xFC, 0x6F, 0xC0, 0xCE, 0x33, 0xE0, 0x07, 0x18, 0xE0, 0x03, 0x8C, 0x78,
    0x0D, 0xC6, 0x7F, 0x07, 0xE3, 0x73, 0xC1, 0xF1, 0xF0, 0xF8, 0x70, 0xE0, 0x38, 0x00, 0x60, 0x00,
    0x06, 0x00, 0x00, 0x03, 0x9F, 0xFE, 0x01, 0xCF, 0xFF, 0x00, 0xE3, 0xC7, 0x00, 0x70, 0xE7, 0x00,
    0xFE, 0x3F, 0x81, 0xFF, 0x8F, 0x80, 0x7F, 0x07, 0xC0, 0x07, 0x07, 0xF8, 0x03, 0xAF, 0xDF, 0x81,
    0xFE, 0x73, 0xE1, 0xF4, 0x3B, 0x23, 0xF1, 0xFF, 0xC7, 0xF8, 0xFF, 0xE1, 0xDC, 0x07, 0x00, 0x0E,
    0x4F, 0xFC, 0x07, 0x7F, 0xFF, 0x03, 0x9F, 0xFF, 0x09, 0xC0, 0x70, 0x07, 0xE0, 0x38, 0x01, 0xF0,
    0x1C, 0x00, 0x70, 0x0E, 0x00, 0x00, 0x02, 0x00, 0x00, 0x01, 0x80, 0x03, 0x00, 0xE0, 0x01, 0xC0,
    0x70, 0x00, 0xE0, 0x38, 0x00, 0x71, 0xFF, 0xC0, 0x38, 0xFF, 0xF0, 0x3F, 0x3F, 0x00, 0xFF, 0xC3,
    0x80, 0x7F, 0xC1, 0xFF, 0x03, 0xFF, 0xFF, 0xC1, 0xDF, 0xFF, 0x80, 0xFC, 0x0E, 0x00, 0x7C, 0x03,
    0xF0, 0x7F, 0xFF, 0xF9, 0xFC, 0xFF, 0xFD, 0xFE, 0x18, 0x60, 0x67, 0x0E, 0x30, 0x03, 0x83, 0x98,
    0x01, 0xC0, 0xCC, 0x06, 0xE0, 0x06, 0x03, 0xF0, 0x33, 0x00, 0xF8, 0x1F, 0x80, 0x38, 0x07, 0xC0,
    0x00, 0x00, 0xE0, 0x0E, 0x01, 0x80, 0x03, 0x00, 0xC0, 0x01, 0x80, 0x60, 0x00, 0xC3, 0x3F, 0xC0,
    0x63, 0xFF, 0xF0, 0x7F, 0xFF, 0xF1, 0xFF, 0xCC, 0x30, 0xFF, 0xE7, 0x38, 0x06, 0x73, 0x18, 0x03,
    0x63, 0x80, 0x01, 0xF3, 0xFF, 0xC0, 0xFF, 0xFF, 0xE1, 0xE7, 0xFF, 0x03, 0xF0, 0x63, 0x83, 0xF8,
    0x71, 0xC0, 0xCC, 0x3D, 0xC0, 0x06, 0x0F, 0xC0, 0x03, 0x01, 0xF0, 0x09, 0x81, 0xFE, 0x07, 0xC3,
    0xEF, 0x83, 0xE3, 0xC1, 0xE0, 0xF7, 0x80, 0x70, 0x10, 0x00, 0x00, 0x00, 0x00, 0x00, 0x07, 0x03,
    0x00, 0x03, 0x81, 0xC0, 0x01, 0xC1, 0xC0, 0x00, 0xE0, 0xFF, 0x00, 0x70, 0xFF, 0x80, 0x3E, 0xE3,
    0x80, 0xFF, 0xE3, 0x80, 0x7F, 0xFF, 0xFC, 0x07, 0x7F, 0xFE, 0x03, 0xBE, 0x67, 0x01, 0xFB, 0x33,
    0x00, 0xF9, 0x99, 0x80, 0xF8, 0xDC, 0xC1, 0xFB, 0xFF, 0xFD, 0xFD, 0xFF, 0xFE, 0x6E, 0x23, 0xC0,
    0x07, 0x03, 0xF0, 0x03, 0x83, 0x9C, 0x0D, 0xC3, 0x87, 0x87, 0xE3, 0x81, 0xE1, 0xF7, 0x80, 0x7C,
    0x7F, 0x00, 0x1E, 0x00, 0x00, 0x00, 0x0E, 0x00, 0x0C, 0x06, 0x3F, 0xFE, 0x06, 0x1F, 0xFE, 0x06,
    0x18, 0x0E, 0x06, 0x18, 0x0C, 0x07, 0xDF, 0xFE, 0x7F, 0xFF, 0xFE, 0x3F, 0xDE, 0xE0, 0x06, 0x18,
    0xE0, 0x06, 0x38, 0x60, 0x06, 0xFF, 0xFF, 0x07, 0xFF, 0xFF, 0x1F, 0x38, 0x60, 0xFE, 0x30, 0x60,
    0xFE, 0x37, 0xFC, 0x26, 0x77, 0xFE, 0x06, 0x77, 0xEE, 0x06, 0x67, 0x0E, 0x26, 0xE7, 0x0C, 0x3E,
    0xC7, 0xFC, 0x1E, 0xC7, 0xFE, 0x0E, 0x83, 0x00, 0x00, 0x00, 0x00, 0x0E, 0x03, 0x80, 0x03, 0x00,
    0xC0, 0x01, 0x80, 0x60, 0x00, 0xC7, 0xFF, 0x80, 0x63, 0xFF, 0xE0, 0x3E, 0xF3, 0x81, 0xFF, 0xB9,
    0xC0, 0x7F, 0x8E, 0xC0, 0x06, 0x07, 0xFE, 0x03, 0x3F, 0xFF, 0x81, 0xFF, 0xFF, 0xC0, 0xF0, 0x70,
    0x01, 0xF0, 0x30, 0xF3, 0xF7, 0xFF, 0xFB, 0xFB, 0xFF, 0xFC, 0x4C, 0x1C, 0xE0, 0x06, 0x1E, 0xE0,
    0x03, 0x07, 0xF0, 0x19, 0x80, 0xF8, 0x07, 0xC0, 0xFF, 0x03, 0xE3, 0xF3, 0xE0, 0x77, 0xE0, 0x70,
    0x03, 0x00, 0x00, 0x0E, 0x00, 0x30, 0x03, 0x07, 0x1C, 0x01, 0x83, 0x8C, 0x00, 0xC1, 0xC6, 0x00,
    0x60, 0xFF, 0xF0, 0x3F, 0xFF, 0xF9, 0xFF, 0xFF, 0x80, 0xFF, 0x0C, 0xC0, 0x06, 0x07, 0x40, 0x03,
    0x1B, 0xFE, 0x01, 0xFF, 0xFF, 0x80, 0xF7, 0xFF, 0xC1, 0xF3, 0x98, 0xE3, 0xF1, 0xCC, 0x73, 0xF8,
    0xFF, 0xF0, 0xCC, 0x7F, 0xF8, 0x06, 0x39, 0x8C, 0x03, 0x1C, 0xC6, 0x19, 0x8E, 0x67, 0x07, 0xC7,
    0xFF, 0xC3, 0xE3, 0xFF, 0xC0, 0x70, 0xC0, 0x00, 0x00, 0x00, 0x00, 0x0E, 0x00, 0x00, 0x03, 0x1F,
    0xFC, 0x01, 0x87, 0xFE, 0x00, 0xC3, 0x07, 0x00, 0x61, 0xFF, 0x80, 0x7E, 0xFF, 0xC1, 0xFF, 0x63,
    0xE0, 0xFF, 0x3F, 0xF0, 0x06, 0x1F, 0xF0, 0x03, 0x64, 0x3F, 0x01, 0xFF, 0xFF, 0xC0, 0xEF, 0xFF,
    0xC1, 0xE1, 0x98, 0x03, 0xF0, 0xEC, 0xC3, 0xD8, 0x77, 0xF0, 0x4C, 0x73, 0xF8, 0x06, 0x3D, 0x80,
    0x03, 0x3F, 0xC0, 0x09, 0x9B, 0xF8, 0x07, 0xDC, 0x7F, 0xC1, 0xEC, 0x07, 0xF8, 0x7C, 0x00, 0x7C,
    0x00, 0x00, 0x00, 0x00, 0x00, 0x00, 0x07, 0x00, 0x1C, 0x03, 0x80, 0x1E, 0x01, 0xC0, 0x7F, 0x00,
    0xE0, 0xFC, 0x00, 0x71, 0xFC, 0x01, 0xFF, 0xC6, 0x00, 0xFF, 0x87, 0xFE, 0x3E, 0xFF, 0xFF, 0x07,
    0x3F, 0xF8, 0x03, 0xB1, 0xE0, 0x01, 0xF9, 0xFF, 0x80, 0xFF, 0xFF, 0xE0, 0xF3, 0xCF, 0xF1, 0xF9,
    0xC6, 0x38, 0xFC, 0x6B, 0xFC, 0x2E, 0x3F, 0xFE, 0x07, 0x1F, 0xDF, 0x03, 0x8C, 0x63, 0x85, 0xC6,
    0x31, 0x83, 0xE3, 0xFF, 0xE0, 0xF1, 0xFF, 0xF0, 0x78, 0xF0, 0x00, 0x00, 0x20, 0x00, 0x00, 0x03,
    0x00, 0x07, 0x03, 0xC0, 0x01, 0x81, 0xE3, 0x00, 0xCF, 0xFF, 0xC0, 0x67, 0xDF, 0xE0, 0x33, 0x8C,
    0x70, 0x1E, 0xFF, 0xF8, 0xFF, 0xFF, 0xFC, 0x3F, 0xB9, 0x8C, 0x03, 0x1B, 0xFE, 0x01, 0x9F, 0xFF,
    0x80, 0xFF, 0xFE, 0x00, 0x79, 0x18, 0x00, 0xF9, 0xFF, 0xE1, 0xF8, 0xFF, 0xF0, 0xFC, 0x18, 0x70,
    0x26, 0x0E, 0x78, 0x03, 0x03, 0xF8, 0x01, 0x80, 0xF8, 0x04, 0xC0, 0xFE, 0x03, 0xE1, 0xF7, 0xC0,
    0xF3, 0xE0, 0xFC, 0x3B, 0xC0, 0x1E, 0x01, 0x00, 0x02, 0x0E, 0x08, 0xE0, 0x07, 0x0F, 0xF8, 0x01,
    0x83, 0xFC, 0x00, 0xC1, 0x8E, 0x00, 0x60, 0xFF, 0x00, 0x7C, 0x7F, 0x81, 0xFF, 0x32, 0x70, 0xFF,
    0xFF, 0xFC, 0x06, 0x7F, 0xFE, 0x03, 0x3B, 0xE7, 0x01, 0xFF, 0xFF, 0x80, 0xF7, 0xFF, 0xC1, 0xF3,
    0x1E, 0x03, 0xF3, 0xFF, 0xFB, 0xFB, 0xFF, 0xFC, 0xDC, 0xFF, 0xC0, 0x0E, 0x0F, 0xF8, 0x07, 0x0E,
    0xDE, 0x1B, 0x9E, 0x67, 0xC7, 0xDE, 0x30, 0xF3, 0xFC, 0x18, 0x18, 0xF0, 0x0C, 0x00, 0x00, 0x06,
    0x00, 0x00, 0x01, 0x00, 0x00, 0xE1, 0xC0, 0x00, 0x70, 0xE0, 0x02, 0x38, 0x70, 0x01, 0x9C, 0x38,
    0x00, 0xCE, 0x38, 0x00, 0x67, 0x1F, 0xF8, 0x33, 0x9F, 0xFE, 0x19, 0xCF, 0xF8, 0x0C, 0xE7, 0x1C,
    0x06, 0x77, 0xCE, 0x03, 0x3B, 0xEE, 0x01, 0x9F, 0x3F, 0x00, 0xCF, 0x1F, 0x80, 0x6F, 0x07, 0x80,
    0x3F, 0x83, 0xC0, 0x7F, 0xC1, 0xE0, 0x3C, 0xE1, 0xF8, 0x08, 0x71, 0xCE, 0x00, 0x39, 0xC3, 0xC0,
    0x1D, 0xC0, 0xF0, 0x0F, 0xC0, 0x3C, 0x07, 0xC0, 0x0E, 0x01, 0x00, 0x00, 0x00, 0x01, 0x00, 0x03,
    0x00, 0xC0, 0x01, 0xC0, 0x70, 0x00, 0x60, 0x70, 0x00, 0x30, 0x38, 0x00, 0x19, 0x9C, 0x01, 0xFF,
    0xFD, 0xFC, 0xFF, 0xFF, 0xFE, 0x0E, 0x07, 0xFE, 0x07, 0x07, 0x9C, 0x03, 0xFB, 0xCE, 0x01, 0xFF,
    0x77, 0x00, 0xCF, 0xBF, 0x00, 0xE7, 0x8F, 0x80, 0x73, 0x87, 0x80, 0x31, 0x81, 0xC0, 0x38, 0xC1,
    0xF0, 0x18, 0xE1, 0xFC, 0x0E, 0x71, 0xEF, 0x0D, 0xF8, 0xE3, 0xC6, 0x78, 0xE0, 0xF6, 0x3D, 0xE0,
    0x3C, 0x04, 0xC0, 0x0E, 0x03, 0x01, 0xC0, 0x01, 0xC0, 0xE0, 0x00, 0xE0, 0x70, 0x00, 0x7F, 0x38,
    0x03, 0xFF, 0xF8, 0x01, 0xFF, 0xDF, 0xF8, 0x3B, 0x8F, 0xFC, 0x1D, 0xC7, 0xB8, 0x1C, 0x77, 0x1C,
    0x0E, 0x3F, 0xCC, 0x0F, 0x3F, 0xEE, 0x0F, 0x9D, 0xBF, 0x04, 0xEE, 0x9F, 0x00, 0x3E, 0x07, 0x80,
    0x0F, 0x03, 0x80, 0x07, 0x81, 0xE0, 0x07, 0xC1, 0xF8, 0x07, 0x71, 0xDE, 0x07, 0x9D, 0xE7, 0x87,
    0x8E, 0xE1, 0xE7, 0x03, 0xC0, 0x7B, 0x00, 0xC0, 0x1C, 0x00, 0x40, 0x00, 0x07, 0x01, 0x80, 0x03,
    0x21, 0xC0, 0x33, 0x71, 0x80, 0x3B, 0x63, 0x80, 0x1F, 0xC3, 0x80, 0x1F, 0xFB, 0xFC, 0x7F, 0xFB,
    0xFE, 0x3F, 0xC7, 0xFC, 0x1F, 0xE7, 0x38, 0x3B, 0x7F, 0x30, 0x73, 0x3F, 0xF0, 0xE7, 0x4F, 0xF0,
    0x06, 0xF9, 0xE0, 0xFF, 0xF9, 0xE0, 0xFF, 0xE0, 0xE0, 0x7C, 0xC1, 0xE0, 0x1D, 0xC1, 0xF0, 0x1F,
    0x83, 0xB8, 0x07, 0xC7, 0x3C, 0x0F, 0xEE, 0x1E, 0x3C, 0xFC, 0x0F, 0xF0, 0x38, 0x07, 0x00, 0x10,
    0x00, 0x00, 0x38, 0x00, 0x00, 0x38, 0x00, 0x00, 0x38, 0x00, 0x00, 0x38, 0x00, 0x00, 0xFF, 0xFC,
    0x7F, 0xFF, 0xFE, 0x7F, 0xFF, 0xC0, 0x03, 0x83, 0x80, 0x03, 0x83, 0x80, 0x01, 0xC7, 0x00, 0x01,
    0xC7, 0x00, 0x00, 0xEE, 0x00, 0x00, 0x7C, 0x00, 0x00, 0x7C, 0x00, 0x00, 0x3C, 0x00, 0x00, 0x7E,
    0x00, 0x01, 0xEF, 0x00, 0x03, 0xC7, 0xC0, 0x07, 0x83, 0xE0, 0x1E, 0x00, 0xF8, 0x7C, 0x00, 0x7E,
    0xF0, 0x00, 0x1E, 0x00, 0x00, 0x04, 0x00, 0x00, 0x10, 0x00, 0x60, 0x0E, 0x00, 0x18, 0x01, 0x80,
    0x0E, 0x08, 0x60, 0x07, 0xE3, 0x98, 0x01, 0xFC, 0xF6, 0x00, 0xE7, 0x9D, 0x80, 0x70, 0xE3, 0x60,
    0x1F, 0xFE, 0x18, 0x0F, 0xFD, 0xE6, 0x07, 0x38, 0x3D, 0x83, 0x86, 0xC7, 0x60, 0x3F, 0xF8, 0xDB,
    0x8F, 0xFE, 0x1F, 0xE0, 0x9A, 0xFF, 0xF0, 0x37, 0xFF, 0xE0, 0x1D, 0xBC, 0x18, 0x07, 0x6E, 0x06,
    0x03, 0x99, 0xC1, 0x80, 0xC6, 0x70, 0x60, 0x6F, 0x80, 0x18, 0x03, 0xE0, 0x06, 0x00, 0x38, 0x01,
    0x80, 0x00, 0x00, 0x60, 0x02, 0x00, 0x31, 0x86, 0x00, 0xE3, 0x0D, 0x83, 0xC7, 0x9B, 0xFF, 0x0F,
    0xB6, 0xF8, 0x1F, 0xFD, 0xC0, 0x3F, 0xF3, 0x80, 0x77, 0xC7, 0x1C, 0xFF, 0xFF, 0xFD, 0xFF, 0xFF,
    0xFB, 0x9E, 0x39, 0x87, 0x7E, 0x73, 0x0E, 0xFE, 0xE6, 0x1F, 0xFD, 0x8C, 0x3E, 0xDF, 0x18, 0x79,
    0x96, 0x30, 0xE3, 0x0C, 0x61, 0xC6, 0x38, 0xC3, 0xFF, 0xE1, 0x87, 0xFF, 0xC3, 0x0E, 0x03, 0x0E,
    0x08, 0x04, 0x1C, 0x00, 0x00, 0x08, 0x00, 0x00, 0x00, 0x00, 0x01, 0x80, 0x06, 0x00, 0xE0, 0x07,
    0x00, 0x70, 0x0F, 0x83, 0xFF, 0xFF, 0x01, 0xFF, 0xFE, 0x00, 0x71, 0x9C, 0x00, 0x1D, 0xCE, 0x00,
    0x07, 0xC7, 0x0F, 0x2F, 0xFF, 0xFF, 0xDF, 0xFF, 0xFF, 0xC7, 0xFC, 0xE7, 0x00, 0x39, 0x73, 0x81,
    0xFF, 0xF9, 0xC0, 0xFF, 0xFC, 0xE0, 0x37, 0xCC, 0x70, 0x1F, 0xF6, 0x38, 0x0F, 0xFF, 0x1C, 0x0E,
    0xEF, 0x0E, 0x0E, 0x77, 0x87, 0x07, 0xF9, 0x83, 0x82, 0x7C, 0xC1, 0xC0, 0x1C, 0xC0, 0xE0, 0x00,
    0x00, 0x60, 0x00, 0x30, 0x00, 0x00, 0x70, 0x00, 0x00, 0xE0, 0x00, 0x01, 0xC0, 0x00, 0x03, 0x87,
    0xCF, 0xFF, 0xFF, 0xFF, 0xFF, 0xFF, 0xBF, 0xB8, 0x00, 0x00, 0x60, 0x00, 0x01, 0xFF, 0x80, 0x03,
    0xFF, 0x80, 0x07, 0xFF, 0x00, 0x1C, 0x0C, 0x00, 0x38, 0x38, 0x00, 0xE0, 0x70, 0x01, 0xC0, 0xE0,
    0x07, 0x01, 0xC0, 0x1C, 0x03, 0x80, 0x73, 0x8E, 0x01, 0xC3, 0xFC, 0x07, 0x03, 0xF8, 0x1C, 0x01,
    0xE0, 0x00, 0x00, 0x80, 0x00, 0x05, 0xFF, 0xF0, 0x0F, 0xFF, 0xF0, 0x07, 0xFE, 0x00, 0x00, 0x38,
    0x00, 0x00, 0x38, 0x00, 0x00, 0x38, 0x00, 0x00, 0x38, 0xFC, 0x3F, 0xFF, 0xFE, 0x3F, 0xFF, 0xFE,
    0x1C, 0x3E, 0x00, 0x00, 0x7E, 0x00, 0x00, 0x7E, 0x00, 0x00, 0xEE, 0x02, 0x00, 0xEE, 0x03, 0x01,
    0xCE, 0x03, 0x03, 0xCE, 0x03, 0x07, 0x8E, 0x07, 0x0F, 0x0E, 0x07, 0x1E, 0x0F, 0xFF, 0x78, 0x07,
    0xFE, 0xE0, 0x03, 0xFC, 0x00, 0x00, 0x7F, 0xFF, 0x7F, 0xFF, 0x7C, 0x07, 0x70, 0x07, 0x70, 0x07,
    0x70, 0x07, 0x70, 0x07, 0x70, 0x0F, 0x7F, 0xFF, 0x7F, 0xFF, 0x70, 0x07, 0x70, 0x07, 0x70, 0x06,
    0x70, 0x06, 0x70, 0x06, 0x70, 0x06, 0x7F, 0xFE, 0x7F, 0xFF, 0x7F, 0xF0, 0x30, 0x00, 0x00, 0x00,
    0x00, 0x01, 0xC0, 0x00, 0x01, 0x80, 0x00, 0x03, 0x07, 0xF8, 0x06, 0x0F, 0xF0, 0x0C, 0x1C, 0xE0,
    0x18, 0x39, 0xFF, 0xFF, 0xF3, 0xFF, 0xFF, 0xE7, 0x7E, 0xC1, 0xFE, 0x01, 0x83, 0xFD, 0xC3, 0x07,
    0x39, 0xC6, 0x0E, 0x73, 0xCC, 0x1C, 0xE3, 0x98, 0x39, 0xC3, 0x30, 0x7F, 0x80, 0x60, 0xFF, 0x00,
    0xC1, 0xF8, 0x01, 0x83, 0x80, 0x23, 0x02, 0x00, 0x7E, 0x00, 0x00, 0x7C, 0x00, 0x00, 0x78, 0x00,
    0x00, 0x20, 0x00, 0x00, 0x02, 0x00, 0x00, 0x03, 0x80, 0x00, 0x03, 0x80, 0x00, 0x03, 0x80, 0x7F,
    0x03, 0x80, 0x7F, 0x03, 0x80, 0x7F, 0x7F, 0xF8, 0x67, 0x7F, 0xF8, 0x77, 0x73, 0x98, 0x77, 0x33,
    0x98, 0x7F, 0x33, 0x38, 0x7F, 0x33, 0x38, 0x7F, 0x33, 0x3E, 0x77, 0xFF, 0xFF, 0x77, 0xFF, 0xFE,
    0x77, 0x07, 0xC0, 0x77, 0x0F, 0xC0, 0x7F, 0x0E, 0xE0, 0x7F, 0x1C, 0x70, 0x70, 0x38, 0x78, 0x30,
    0x70, 0x3C, 0x01, 0xE0, 0x1F, 0x03, 0xC0, 0x07, 0x03, 0x00, 0x02, 0x00, 0x00, 0x00, 0x07, 0xFF,
    0xC0, 0x07, 0xFF, 0xC0, 0x07, 0x03, 0xC0, 0x07, 0xFF, 0xC0, 0x07, 0xFF, 0xC0, 0x07, 0x07, 0xC0,
    0x07, 0xFF, 0xC0, 0x07, 0xFF, 0xC0, 0x03, 0x03, 0xF8, 0x7F, 0xFF, 0xFC, 0x3F, 0xFF, 0xF8, 0x12,
    0x38, 0x00, 0x03, 0x3F, 0xC0, 0x07, 0x3F, 0xE0, 0x07, 0x3F, 0xE0, 0x0F, 0xB8, 0x00, 0x1F, 0xF8,
    0x00, 0x1D, 0xFE, 0x00, 0x38, 0x7F, 0xFC, 0x70, 0x07, 0xFF, 0xC0, 0x00, 0x7F, 0x00, 0x00, 0x00,
    0x00, 0x00, 0x00, 0x1F, 0xFF, 0xC0, 0x3F, 0xFF, 0x80, 0x70, 0x07, 0x00, 0xFF, 0xFE, 0x01, 0xFF,
    0xFC, 0x03, 0xFC, 0x38, 0x07, 0x00, 0x60, 0x0F, 0xFF, 0xE0, 0x1F, 0xFF, 0xC0, 0x1A, 0x30, 0x00,
    0x06, 0x73, 0x00, 0x8E, 0xE7, 0x03, 0x9D, 0xCE, 0x03, 0xBB, 0xB8, 0x07, 0x77, 0x70, 0x07, 0xEF,
    0xC0, 0x0F, 0xDF, 0x00, 0x0F, 0xBC, 0x17, 0xFF, 0xFF, 0xFF, 0xFF, 0xFF, 0xEF, 0x00, 0x00, 0x00,
    0x04, 0x00, 0x00, 0x0C, 0x00, 0xE0, 0x3F, 0xA7, 0xE3, 0xFF, 0xFF, 0x03, 0xF0, 0xF0, 0x03, 0xE1,
    0x83, 0x87, 0xFB, 0xFF, 0x9F, 0xFF, 0xFE, 0x3F, 0x3C, 0xE0, 0x07, 0xF9, 0xC1, 0xFF, 0x63, 0x83,
    0xF9, 0xC7, 0x07, 0xB7, 0x0E, 0x00, 0x6C, 0x0C, 0x03, 0xFF, 0xF8, 0x03, 0xFF, 0xF0, 0x06, 0x00,
    0xE0, 0x0F, 0xFF, 0x80, 0x1F, 0xFF, 0x00, 0x38, 0x06, 0x00, 0x7F, 0xFC, 0x00, 0xFF, 0xFC, 0x01,
    0xFF, 0xF0, 0x03, 0x80, 0x00, 0x00, 0x00, 0xC0, 0x1F, 0xFF, 0xE0, 0x1F, 0xFF, 0xE0, 0x00, 0x38,
    0x00, 0x08, 0xFF, 0xE0, 0x1F, 0xFF, 0xE0, 0x0F, 0xFE, 0xE0, 0x0C, 0x3B, 0xE0, 0x0F, 0xFF, 0xE0,
    0x0F, 0xFF, 0xE0, 0x0E, 0x38, 0xE0, 0x0F, 0xFF, 0xE0, 0x0F, 0xFF, 0xE0, 0x0F, 0xF0, 0x00, 0x3E,
    0x70, 0x00, 0x3F, 0xF0, 0x00, 0x03, 0xE0, 0x00, 0x01, 0xFC, 0x00, 0x03, 0xFF, 0x80, 0x0F, 0x8F,
    0xF0, 0x3E, 0x01, 0xFE, 0xF8, 0x00, 0x3E, 0x80, 0x00, 0x04, 0x08, 0x0F, 0xC0, 0x1F, 0xFF, 0xC0,
    0x3F, 0xFF, 0x80, 0x7F, 0xFF, 0x00, 0x7F, 0xFC, 0x00, 0xC1, 0xF8, 0x01, 0xFF, 0xF8, 0x03, 0xFF,
    0x80, 0x5F, 0xFF, 0xFF, 0xFF, 0xFF, 0xFD, 0xFF, 0xC0, 0x00, 0x7F, 0xFF, 0x80, 0xFF, 0xFF, 0x81,
    0xFE, 0xCE, 0x03, 0xFD, 0x9C, 0x07, 0xFB, 0xF0, 0x0F, 0xF3, 0xC0, 0x1B, 0xE3, 0x80, 0x7F, 0xCF,
    0xC7, 0xFB, 0xFB, 0xE7, 0x87, 0xC3, 0xE0, 0x0F, 0x01, 0x80, 0x18, 0x00, 0x00, 0x00, 0x18, 0x00,
    0x00, 0x1C, 0x00, 0x00, 0x38, 0x00, 0x00, 0x38, 0x00, 0x00, 0x3F, 0xFE, 0x3F, 0xFF, 0xFF, 0x3F,
    0xFF, 0xC0, 0x00, 0xE0, 0x00, 0x01, 0xCF, 0xE0, 0x01, 0xFF, 0xE0, 0x03, 0xFF, 0xE0, 0x07, 0xC0,
    0x60, 0x0F, 0xFF, 0xE0, 0x0E, 0xFF, 0xE0, 0x19, 0xF0, 0x60, 0x31, 0xC0, 0x60, 0x61, 0xFF, 0xE0,
    0x41, 0xFF, 0xE0, 0x01, 0xC0, 0x60, 0x01, 0xC0, 0x60, 0x01, 0xC7, 0x60, 0x01, 0xC3, 0xE0, 0x01,
    0xC1, 0xE0, 0x00, 0x80, 0x60, 0x18, 0x0F, 0xF8, 0x0F, 0xF7, 0xFE, 0x07, 0xFB, 0xFF, 0x03, 0x9D,
    0xC3, 0x01, 0xCE, 0xE1, 0x80, 0xE7, 0x7F, 0xC0, 0x7F, 0xBB, 0xE0, 0x3F, 0xDC, 0xF0, 0x1C, 0xEF,
    0xF8, 0x0E, 0x77, 0xFE, 0x07, 0xFB, 0xFF, 0x03, 0xFD, 0xF3, 0x01, 0xFE, 0xFB, 0x80, 0xC7, 0x7F,
    0xC0, 0x63, 0xBB, 0xC0, 0x71, 0xDD, 0xE0, 0x30, 0xEE, 0xF8, 0x1B, 0x77, 0x7E, 0x19, 0xFB, 0xF7,
    0x8C, 0x3D, 0xF1, 0xFC, 0x0C, 0xE0, 0x30, 0x00, 0x20, 0x00, 0x00, 0x18, 0x00, 0x00, 0x0E, 0x00,
    0x00, 0x07, 0x00, 0x00, 0x03, 0x80, 0x00, 0x01, 0xCE, 0x00, 0x3F, 0xFF, 0x80, 0x1F, 0xFF, 0xC0,
    0x02, 0x38, 0x00, 0x00, 0x1C, 0x00, 0x00, 0x0E, 0x1E, 0x0F, 0xFF, 0xFF, 0x87, 0xFF, 0xFF, 0x80,
    0xC7, 0xE0, 0x00, 0x07, 0xF8, 0x00, 0x03, 0xFE, 0x00, 0x03, 0xBB, 0xC0, 0x07, 0x9C, 0xF0, 0x07,
    0x8E, 0x3E, 0x07, 0x87, 0x07, 0xC7, 0x03, 0x81, 0xF7, 0x01, 0xC0, 0x30, 0x00, 0xE0, 0x00, 0x00,
    0x60, 0x00, 0x00, 0x30, 0x00, 0x00, 0x18, 0x00, 0x00, 0x0E, 0x00, 0x00, 0x07, 0x00, 0x00, 0x03,
    0x80, 0x00, 0x01, 0xC0, 0x00, 0x00, 0xE3, 0xE0, 0x7F, 0xFF, 0xF8, 0x3F, 0xFF, 0xF8, 0x0E, 0x3E,
    0x00, 0x00, 0x3F, 0x80, 0x00, 0x3F, 0xE0, 0x00, 0x1F, 0xF8, 0x00, 0x1D, 0xDE, 0x00, 0x1C, 0xE7,
    0x80, 0x1C, 0x71, 0xE0, 0x1C, 0x38, 0x78, 0x1F, 0xFF, 0xDF, 0x1D, 0xFF, 0xF3, 0xDC, 0x7F, 0xE0,
    0xF8, 0x03, 0x80, 0x00, 0x01, 0xC0, 0x00, 0x00, 0xE0, 0x00, 0x00, 0x70, 0x00, 0x00, 0x30, 0x00,
    0x00, 0x00, 0x00, 0x03, 0x80, 0x00, 0x01, 0xC0, 0x00, 0x00, 0xE1, 0xFE, 0x00, 0x70, 0xFF, 0x00,
    0x38, 0x73, 0x80, 0x1F, 0xB9, 0xC0, 0xFF, 0xFC, 0xE0, 0x3F, 0xCE, 0x70, 0x03, 0x87, 0x38, 0x03,
    0xF3, 0x1C, 0x01, 0xF9, 0x8E, 0x00, 0xFE, 0xC7, 0x00, 0xFB, 0x63, 0x80, 0x7C, 0x31, 0xC0, 0x7E,
    0x38, 0xE2, 0x37, 0x1C, 0x71, 0xB3, 0x8C, 0x38, 0xD1, 0xCE, 0x1C, 0xE0, 0xE6, 0x0E, 0x70, 0x77,
    0x07, 0xF0, 0x3B, 0x01, 0xF8, 0x1F, 0x00, 0x00, 0x04, 0x00, 0x00, 0x00, 0x20, 0x00, 0x00, 0x38,
    0x00, 0x00, 0x1C, 0x00, 0x00, 0x1F, 0xFC, 0x00, 0x1F, 0xFE, 0x00, 0x1F, 0xCE, 0x00, 0x1F, 0x9E,
    0x00, 0x1C, 0xFE, 0x00, 0x1C, 0x3E, 0x00, 0x00, 0x3F, 0xC0, 0x00, 0x7D, 0xF8, 0x00, 0xFF, 0xBF,
    0xC3, 0xF1, 0xC7, 0xFF, 0xE0, 0xE1, 0xFB, 0x3F, 0xFF, 0xE0, 0x1F, 0xFF, 0xF0, 0x01, 0x9D, 0x80,
    0x00, 0xEE, 0xF0, 0x00, 0xF7, 0x3C, 0x00, 0xF3, 0x8F, 0x80, 0xED, 0xC3, 0xC1, 0xE7, 0xE0, 0x60,
    0x01, 0xF0, 0x00, 0x00, 0x38, 0x00, 0x00, 0x18, 0x00, 0x00, 0x0E, 0x00, 0x00, 0x07, 0x00, 0x00,
    0x03, 0xFF, 0x01, 0xFF, 0xFF, 0x80, 0x7F, 0xFF, 0x80, 0x18, 0x71, 0x80, 0x0F, 0x39, 0xC0, 0x03,
    0xDD, 0xC0, 0x00, 0xEF, 0xC0, 0x00, 0x37, 0xC0, 0x00, 0xFF, 0xFF, 0xC3, 0xFF, 0xFF, 0xE0, 0xFF,
    0xF0, 0x00, 0x01, 0xFC, 0x00, 0x01, 0xFF, 0x00, 0x01, 0xDB, 0xC0, 0x01, 0xCC, 0x78, 0x01, 0xC6,
    0x1E, 0x03, 0xC3, 0x07, 0xC3, 0xC1, 0x80, 0xFB, 0x80, 0xC0, 0x39, 0x00, 0x60, 0x00, 0x00, 0x30,
    0x00, 0x06, 0x00, 0x00, 0x03, 0x80, 0x70, 0x01, 0xC1, 0xB8, 0x00, 0xE0, 0xEE, 0x00, 0x70, 0x77,
    0x00, 0x3A, 0x31, 0x81, 0xFF, 0xB8, 0xE0, 0xFF, 0xD8, 0x38, 0x0F, 0x1C, 0x1C, 0x07, 0x8C, 0xC7,
    0x03, 0xEE, 0x73, 0xC3, 0xF6, 0x38, 0xE1, 0xFE, 0x38, 0x31, 0xFE, 0x1C, 0x00, 0xDF, 0x0C, 0xC0,
    0xCC, 0x0E, 0x70, 0xE6, 0x06, 0x38, 0x63, 0x07, 0x0E, 0x01, 0x83, 0xFF, 0x00, 0xCF, 0xFF, 0xC0,
    0x67, 0xFC, 0xE0, 0x31, 0x80, 0x30, 0x18, 0x00, 0x00, 0x00, 0x00, 0x08, 0x03, 0x80, 0x0E, 0x01,
    0xC0, 0x1F, 0x00, 0x60, 0x1F, 0x00, 0x31, 0xFE, 0x00, 0x18, 0xFC, 0x00, 0x0C, 0x30, 0x00, 0xFF,
    0xD8, 0x00, 0x7F, 0xFC, 0x7F, 0x1F, 0x87, 0xFF, 0xC1, 0xC3, 0xFF, 0xC1, 0xFB, 0x8E, 0x00, 0xFD,
    0xC7, 0x00, 0xFF, 0xE3, 0x80, 0x7D, 0xF1, 0xC0, 0x7E, 0x38, 0xE0, 0x37, 0x18, 0x70, 0x33, 0x9C,
    0x38, 0x11, 0xCC, 0x1C, 0x00, 0xE6, 0x0E, 0x00, 0x76, 0x07, 0x00, 0x3F, 0x03, 0x80, 0x1F, 0x01,
    0xC0, 0x06, 0x00, 0x60, 0x00, 0x00, 0x60, 0x07, 0xFF, 0xF8, 0x03, 0xFF, 0xFC, 0x00, 0xC3, 0x0E,
    0x00, 0x63, 0xFF, 0x00, 0x3F, 0xFF, 0x80, 0x1F, 0xFD, 0xC0, 0x0C, 0x30, 0xE0, 0x07, 0xFF, 0xF0,
    0x03, 0xFF, 0xF8, 0x01, 0xFF, 0x00, 0x00, 0x43, 0xFF, 0xC7, 0xFF, 0xFF, 0xF3, 0xFF, 0xFF, 0xF0,
    0x03, 0xFC, 0x00, 0x03, 0xF7, 0x80, 0x03, 0xD9, 0xF0, 0x03, 0xCC, 0x3E, 0x07, 0x86, 0x0F, 0xCF,
    0x03, 0x01, 0xE6, 0x01, 0x80, 0x20, 0x00, 0xC0, 0x00, 0x00, 0x60, 0x00, 0x00, 0x30, 0x00, 0x00,
    0x30, 0x00, 0x00, 0x38, 0x00, 0x00, 0x3F, 0xF0, 0x3F, 0xFF, 0xF8, 0x3F, 0xFF, 0xC0, 0x00, 0xFE,
    0x00, 0x01, 0xFF, 0x00, 0x03, 0xBB, 0xC0, 0x07, 0x39, 0xE0, 0x0E, 0x30, 0x78, 0x3F, 0xFF, 0xFE,
    0x77, 0xFF, 0xCE, 0xC7, 0x01, 0xC0, 0x07, 0xFF, 0xC0, 0x07, 0xFF, 0xC0, 0x03, 0x81, 0xC0, 0x03,
    0xFF, 0x80, 0x03, 0xFF, 0xC0, 0x03, 0xFF, 0x80, 0x03, 0x7F, 0xFE, 0xFF, 0xFF, 0xFE, 0xFF, 0xFF,
    0xFC, 0x06, 0x00, 0x00, 0x03, 0x80, 0x04, 0x01, 0xC7, 0xFF, 0x00, 0xE3, 0xFF, 0x80, 0x70, 0x00,
    0x00, 0x38, 0x00, 0x01, 0xFF, 0x80, 0x00, 0xFF, 0xC0, 0x04, 0x3F, 0x7F, 0xFF, 0x07, 0xBF, 0xFF,
    0x83, 0xE0, 0x70, 0x01, 0xF9, 0xBA, 0x01, 0xFE, 0xDF, 0x80, 0xFF, 0xEE, 0xE0, 0xDC, 0x77, 0x70,
    0xEE, 0x73, 0x9C, 0x67, 0x39, 0xC6, 0x23, 0xB8, 0xE3, 0x81, 0xF8, 0x70, 0xC0, 0xF9, 0xF8, 0x00,
    0x70, 0x7C, 0x00, 0x38, 0x1E, 0x00, 0x08, 0x06, 0x00, 0x00, 0x00, 0x00, 0x03, 0x80, 0x0C, 0x01,
    0xC3, 0x8E, 0x00, 0xE1, 0xC7, 0x00, 0x70, 0x73, 0x00, 0x38, 0x3B, 0x80, 0x1F, 0x0D, 0x80, 0xFF,
    0xFF, 0xFC, 0x3F, 0xFF, 0xFE, 0x07, 0x87, 0xF0, 0x03, 0xE0, 0x00, 0x01, 0xF8, 0x00, 0x01, 0xFC,
    0x03, 0x80, 0xFF, 0xFF, 0xE0, 0xFD, 0xBF, 0xF0, 0x6E, 0x00, 0x00, 0x67, 0x00, 0x00, 0x33, 0x80,
    0x00, 0x01, 0xC0, 0x00, 0x00, 0xEF, 0xFF, 0xE0, 0x77, 0xFF, 0xF8, 0x39, 0xFF, 0x00, 0x1C, 0x00,
    0x00, 0x04, 0x00, 0x00, 0x00, 0x00, 0x00, 0x03, 0x00, 0xC0, 0x01, 0xC0, 0x70, 0x00, 0xE0, 0x38,
    0x00, 0x70, 0x1C, 0x40, 0x3B, 0xFF, 0xF0, 0x1D, 0xFF, 0xF8, 0xFF, 0xEC, 0xE0, 0x7F, 0xE7, 0x78,
    0x1F, 0x87, 0x1E, 0x03, 0xC7, 0x0F, 0x81, 0xF7, 0x87, 0xC1, 0xFF, 0xE7, 0x60, 0xFF, 0x3B, 0x80,
    0x7B, 0x1D, 0x80, 0x7C, 0x07, 0xC0, 0x76, 0x01, 0xC0, 0x33, 0x01, 0xF0, 0x11, 0x81, 0xFC, 0x00,
    0xC1, 0xEF, 0x00, 0x61, 0xC3, 0xE0, 0x33, 0xC0, 0xF8, 0x1B, 0x80, 0x1C, 0x0C, 0x00, 0x00, 0x00,
    0x00, 0x00, 0x03, 0x82, 0x0C, 0x01, 0xC3, 0x8E, 0x00, 0x60, 0xE7, 0x00, 0x30, 0x77, 0x00, 0x18,
    0x1F, 0x00, 0x1C, 0x7F, 0xF8, 0xFF, 0xFF, 0xFC, 0x7F, 0xE8, 0xC0, 0x1F, 0x80, 0x60, 0x03, 0xE7,
    0xFF, 0x01, 0xF9, 0xFF, 0x80, 0xFC, 0x4C, 0x00, 0xFF, 0x06, 0x00, 0x7D, 0x83, 0x3C, 0x7E, 0x7F,
    0xFF, 0x77, 0x3F, 0xFF, 0x33, 0x80, 0x60, 0x11, 0xC0, 0x30, 0x00, 0xE0, 0x18, 0x00, 0x70, 0x0C,
    0x00, 0x38, 0x0E, 0x00, 0x1C, 0x07, 0x00, 0x06, 0x01, 0x80, 0x07, 0x00, 0x00, 0x01, 0x8F, 0xFC,
    0x00, 0xC7, 0xFE, 0x00, 0x63, 0xE7, 0x00, 0x31, 0xC3, 0x80, 0x1B, 0xFF, 0xC1, 0xFF, 0xFF, 0xE0,
    0x7F, 0xF8, 0x70, 0x07, 0x1C, 0x30, 0x07, 0xCF, 0xFE, 0x03, 0xF7, 0xFF, 0x81, 0xFF, 0xF1, 0xC1,
    0xF7, 0xF9, 0xC0, 0xFB, 0xEF, 0xC0, 0xDC, 0x73, 0xC0, 0xEE, 0x39, 0xC0, 0x67, 0x1C, 0x70, 0x23,
    0x8E, 0xFE, 0x01, 0xC7, 0xE7, 0x80, 0xE3, 0xE1, 0xF0, 0x77, 0xE0, 0x78, 0x39, 0xC0, 0x08, 0x08,
    0x00, 0x00, 0x00, 0x03, 0x00, 0x03, 0x01, 0xC0, 0x01, 0xC0, 0xE0, 0x00, 0xE0, 0xEE, 0x00, 0x70,
    0x7F, 0x80, 0x38, 0x7F, 0xC0, 0x7F, 0x78, 0xE0, 0xFF, 0xFC, 0xE0, 0x3F, 0xBF, 0xE0, 0x07, 0xB9,
    0xF0, 0x03, 0xF0, 0x70, 0x01, 0xF8, 0x7E, 0x01, 0xFC, 0x77, 0x80, 0xF6, 0xF1, 0xF0, 0xF8, 0xF0,
    0x7E, 0x6C, 0xFF, 0xFF, 0x77, 0xFF, 0xFD, 0x33, 0xC6, 0x0C, 0x11, 0x83, 0x06, 0x00, 0xC1, 0x83,
    0x00, 0x60, 0xFF, 0x80, 0x30, 0x7F, 0xC0, 0x18, 0x3F, 0xE0, 0x0C, 0x18, 0x00, 0x00, 0x00, 0x00,
    0x06, 0x01, 0xC0, 0x07, 0x01, 0xC0, 0x07, 0x01, 0xCE, 0x07, 0x39, 0xCE, 0x07, 0x1D, 0xCC, 0x07,
    0x1D, 0xDC, 0x7F, 0xEF, 0xD8, 0x7F, 0xEF, 0xF0, 0x17, 0x07, 0xF0, 0x0F, 0x01, 0xFE, 0x0F, 0xBF,
    0xFE, 0x1F, 0xFF, 0xFE, 0x1F, 0xE0, 0x0E, 0x3F, 0x60, 0x0E, 0x3F, 0x1F, 0xFE, 0x77, 0x1F, 0xFE,
    0x67, 0x0F, 0x8E, 0x47, 0x00, 0x0E, 0x07, 0x00, 0x0E, 0x07, 0x3F, 0xFE, 0x07, 0x3F, 0xFE, 0x07,
    0x1F, 0xF8, 0x02, 0x00, 0x00, 0x00, 0x01, 0x00, 0x07, 0x00, 0xC0, 0x01, 0x80, 0xF0, 0x00, 0xC0,
    0x78, 0x00, 0x60, 0x7E, 0x00, 0x30, 0x3F, 0x80, 0x18, 0x39, 0xE0, 0xFF, 0xB8, 0x78, 0x7F, 0xFC,
    0x1E, 0x1F, 0x1F, 0xFF, 0x83, 0xDB, 0xFD, 0xE1, 0xF8, 0x00, 0x21, 0xFC, 0x30, 0x80, 0xFE, 0x9C,
    0xE0, 0xFB, 0xE6, 0x70, 0x6C, 0x33, 0xB8, 0x76, 0x1D, 0xF8, 0x33, 0x0E, 0x5C, 0x31, 0x83, 0x0C,
    0x00, 0xC0, 0x0E, 0x40, 0x6F, 0xFF, 0xF0, 0x73, 0xFF, 0xF8, 0x38, 0x00, 0x00, 0x0C, 0x00, 0x00,
    0x00, 0x00, 0x60, 0x03, 0x06, 0x38, 0x01, 0x83, 0x9C, 0x00, 0xC0, 0xCF, 0xC0, 0x67, 0xFF, 0xF0,
    0x33, 0xFF, 0xE0, 0x18, 0x19, 0x80, 0xFF, 0xFF, 0xF8, 0x7F, 0xFF, 0xFC, 0x1F, 0x0C, 0x0E, 0x03,
    0xC7, 0xFF, 0x01, 0xF3, 0xFF, 0x01, 0xFD, 0xFF, 0x80, 0xFE, 0xFF, 0xE0, 0xFB, 0x7F, 0x00, 0x6C,
    0x03, 0xFC, 0x76, 0xFF, 0xFF, 0x33, 0x3F, 0xFF, 0x11, 0x81, 0xF8, 0x00, 0xC1, 0xEF, 0x00, 0x61,
    0xE3, 0xC0, 0x33, 0xC0, 0xFC, 0x3B, 0xC0, 0x1E, 0x0D, 0x00, 0x02, 0x00, 0x00, 0x60, 0x03, 0x07,
    0x38, 0x01, 0xC1, 0x8C, 0x00, 0xE0, 0xC6, 0xC0, 0x77, 0xFF, 0xF0, 0x3B, 0xFF, 0xF0, 0x1F, 0x19,
    0xC0, 0xFF, 0x8C, 0xFE, 0x3F, 0xFF, 0xFF, 0x87, 0xBF, 0xFF, 0x83, 0xE4, 0x7F, 0x01, 0xFF, 0xFF,
    0xC1, 0xFD, 0xFF, 0xE0, 0xF6, 0xCF, 0xE0, 0xF8, 0x7F, 0xF0, 0x6C, 0x3F, 0xF8, 0x76, 0x19, 0xCC,
    0x33, 0x0F, 0xFE, 0x11, 0x87, 0xFF, 0x00, 0xC1, 0xEF, 0x00, 0x60, 0xF7, 0xC0, 0x30, 0xF0, 0xF8,
    0x19, 0xE0, 0x1C, 0x0C, 0xC0, 0x06, 0x00, 0x0C, 0x00, 0x00, 0x0E, 0x00, 0x00, 0x1C, 0x00, 0x20,
    0x1C, 0x00, 0x70, 0x1C, 0x00, 0x38, 0x18, 0x7C, 0x1C, 0x3F, 0xFC, 0x0E, 0x3F, 0xFC, 0x0E, 0x70,
    0x18, 0x04, 0x77, 0x38, 0x00, 0x67, 0x30, 0x03, 0xC7, 0x20, 0x07, 0x87, 0x00, 0x06, 0x07, 0x00,
    0x0C, 0x0F, 0x00, 0x1C, 0x0F, 0x80, 0x38, 0x1D, 0xC0, 0x70, 0x1D, 0xE0, 0xF0, 0x38, 0xF0, 0xE0,
    0x70, 0x78, 0x00, 0xE0, 0x3C, 0x03, 0xC0, 0x1F, 0x07, 0x00, 0x0F, 0x04, 0x00, 0x00, 0x00, 0xFF,
    0xF0, 0x3F, 0xFF, 0xF8, 0x1F, 0xFF, 0xC0, 0x00, 0x18, 0x00, 0x00, 0x18, 0x00, 0x04, 0x18, 0x00,
    0x0E, 0x18, 0x00, 0x06, 0x18, 0x00, 0x06, 0x1F, 0xE0, 0x06, 0x1F, 0xF0, 0x06, 0x1F, 0x00, 0x06,
    0x18, 0x00, 0x06, 0x18, 0x00, 0x06, 0x18, 0x00, 0x06, 0x18, 0x00, 0x07, 0x18, 0x00, 0x07, 0x1F,
    0xFE, 0xFF, 0xFF, 0xFE, 0xFF, 0xFF, 0xFE, 0x00, 0x00, 0x00, 0x00, 0x0C, 0x00, 0x03, 0x1C, 0x00,
    0x07, 0x18, 0x00, 0x0E, 0x30, 0x00, 0x1C, 0x60, 0x00, 0x38, 0xC0, 0x04, 0x71, 0x8C, 0x0C, 0xE3,
    0x1C, 0x19, 0xF6, 0xF8, 0x33, 0xFF, 0xC0, 0x67, 0xDF, 0x00, 0xCE, 0x38, 0x01, 0x9C, 0x60, 0x03,
    0x38, 0xC0, 0x06, 0x71, 0x81, 0x8C, 0xE3, 0x03, 0x19, 0xFE, 0x06, 0x33, 0xFC, 0x0C, 0x7F, 0x98,
    0x3F, 0xFC, 0x3F, 0xFF, 0xC0, 0x7F, 0xCE, 0x00, 0x3F, 0x00, 0x00, 0x30, 0x00, 0x00, 0x70, 0x00,
    0x00, 0xE0, 0x00, 0x31, 0xC4, 0x00, 0x73, 0xFE, 0x00, 0xE7, 0xF8, 0x01, 0xCE, 0x00, 0x03, 0x9C,
    0x06, 0xFF, 0xFF, 0xFF, 0xFF, 0xFF, 0xFD, 0xFF, 0xE0, 0x00, 0x19, 0xC3, 0x00, 0x73, 0x87, 0x00,
    0xE7, 0x1C, 0x03, 0x8E, 0x78, 0x0E, 0x1D, 0xE0, 0x38, 0x1F, 0x80, 0x60, 0x1E, 0x00, 0x00, 0xF8,
    0x00, 0x03, 0xC0, 0x00, 0x3F, 0x00, 0x03, 0xF8, 0x00, 0x3F, 0x80, 0x00, 0x70, 0x00, 0x00, 0x00,
    0x60, 0x00, 0x00, 0x77, 0xF0, 0x00, 0xFB, 0xFC, 0x03, 0xF1, 0xFE, 0x01, 0xE0, 0xE7, 0x00, 0xE0,
    0x73, 0x80, 0x7F, 0xB9, 0xC0, 0x3F, 0xD8, 0xFC, 0x0E, 0x1C, 0x7F, 0x06, 0x2C, 0x1F, 0x03, 0xFF,
    0xFE, 0x01, 0xFF, 0xFF, 0x80, 0xC0, 0xFF, 0x80, 0x63, 0xF1, 0xC0, 0x3F, 0xF9, 0xC0, 0x3F, 0x8F,
    0xC0, 0x7E, 0x03, 0xE0, 0x3E, 0x01, 0xF0, 0x03, 0x01, 0xFC, 0x01, 0x83, 0xCF, 0x81, 0xC3, 0xC3,
    0xF0, 0x67, 0x80, 0x7C, 0x03, 0x00, 0x0C, 0x00, 0xC0, 0x00, 0x00, 0x70, 0x00, 0x00, 0x70, 0x00,
    0x00, 0x3F, 0xFF, 0x80, 0x3F, 0xFF, 0xC0, 0x3F, 0x80, 0x00, 0x3C, 0x1F, 0xC0, 0x1F, 0xFF, 0xE0,
    0x1B, 0xFF, 0xF0, 0x09, 0xDE, 0x38, 0x00, 0xE7, 0x9C, 0x00, 0x60, 0xEF, 0xEF, 0xFF, 0xFF, 0xFB,
    0xFF, 0xFF, 0xF8, 0x1D, 0xE1, 0xC0, 0x0E, 0xFC, 0xE0, 0x06, 0x1E, 0x70, 0x07, 0xFF, 0xFE, 0x03,
    0xFF, 0xFF, 0x80, 0xFF, 0xFC, 0x00, 0x01, 0xCE, 0x00, 0x00, 0x7F, 0x00, 0x00, 0x1F, 0x00, 0x00,
    0x03, 0x80, 0x00, 0x0C, 0x00, 0x38, 0x1C, 0x00, 0x70, 0x38, 0x00, 0x60, 0x70, 0x00, 0xC0, 0xE0,
    0x01, 0x81, 0xC3, 0x03, 0x03, 0x8E, 0x06, 0x07, 0x3C, 0x0F, 0xEE, 0xF0, 0x1F, 0xFF, 0xC0, 0x3F,
    0xBE, 0x00, 0x60, 0x70, 0x00, 0xC0, 0xE0, 0x01, 0x81, 0xC0, 0x03, 0x03, 0x80, 0x86, 0x1F, 0x03,
    0x0C, 0xFE, 0x06, 0x1F, 0x9C, 0x0C, 0x3E, 0x38, 0x1B, 0xF0, 0x7F, 0xF7, 0xC0, 0x7F, 0xEE, 0x00,
    0x7F, 0x00, 0x00, 0x00, 0x00, 0x38, 0x7F, 0xC0, 0x3C, 0x7F, 0xC0, 0x1E, 0x7F, 0xC0, 0x0F, 0x71,
    0xC0, 0x06, 0x71, 0xC0, 0xC0, 0x71, 0xC0, 0xF0, 0x61, 0xF8, 0x78, 0xE1, 0xFC, 0x3D, 0xC0, 0xFC,
    0x1D, 0xFF, 0xE0, 0x02, 0xFF, 0xE0, 0x06, 0x7F, 0xE0, 0x06, 0x71, 0xC0, 0x0C, 0x7B, 0xC0, 0x1C,
    0x3F, 0x80, 0x18, 0x1F, 0x00, 0x38, 0x1F, 0x00, 0x70, 0x3F, 0xC0, 0xF0, 0xF9, 0xF0, 0xE1, 0xE0,
    0xFE, 0x07, 0x80, 0x3E, 0x06, 0x00, 0x0E, 0x00, 0x07, 0x00, 0x38, 0x07, 0x00, 0x3C, 0x07, 0x00,
    0x1E, 0x07, 0x00, 0x0F, 0x07, 0x30, 0x07, 0xFF, 0xF8, 0xC0, 0xFF, 0xF8, 0xF0, 0x07, 0x00, 0x78,
    0x07, 0x00, 0x3C, 0x07, 0x00, 0x1D, 0xFF, 0xFE, 0x03, 0xFF, 0xFE, 0x07, 0xFF, 0x00, 0x06, 0x0E,
    0x80, 0x0E, 0x1C, 0xE0, 0x1C, 0x1C, 0xE0, 0x1C, 0x38, 0x70, 0x38, 0x38, 0x38, 0x70, 0x7F, 0xFC,
    0xF1, 0xFF, 0xFE, 0xE1, 0xFE, 0x0E, 0x00, 0xC0, 0x06, 0x00, 0x18, 0x00, 0x00, 0x1C, 0x00, 0x38,
    0x1F, 0x00, 0x3C, 0x07, 0x80, 0x1E, 0x03, 0x80, 0x0E, 0x01, 0x90, 0x07, 0xFF, 0xFC, 0xC1, 0xFF,
    0xFC, 0xE0, 0xC7, 0x00, 0x78, 0x07, 0x00, 0x3C, 0x07, 0x00, 0x18, 0x07, 0x00, 0x02, 0x07, 0xF0,
    0x06, 0xFF, 0xF8, 0x0E, 0x7F, 0xF0, 0x0C, 0x07, 0x00, 0x1C, 0x07, 0x00, 0x18, 0x07, 0x00, 0x38,
    0x07, 0x00, 0x70, 0x07, 0x00, 0xF3, 0xFF, 0xFE, 0xE3, 0xFF, 0xFE, 0x01, 0xFC, 0x00, 0x00, 0x30,
    0x00, 0x00, 0x3B, 0x80, 0x30, 0x1B, 0xC0, 0x38, 0x1D, 0xE0, 0x1C, 0x1C, 0x70, 0x0E, 0x1C, 0x30,
    0x06, 0x1F, 0xF8, 0xC1, 0xFF, 0xF0, 0xF1, 0xFF, 0x00, 0x78, 0xCC, 0x00, 0x3C, 0x0E, 0x7C, 0x18,
    0x0F, 0xFC, 0x07, 0xFF, 0xF0, 0x07, 0xFF, 0x30, 0x0E, 0xC7, 0x38, 0x0C, 0x03, 0xF0, 0x1C, 0x03,
    0xE3, 0x18, 0x07, 0xC3, 0x38, 0x1F, 0xE3, 0x70, 0x7C, 0xE7, 0xF1, 0xF0, 0x7F, 0x63, 0x80, 0x3E,
    0x00, 0x00, 0x1E, 0x00, 0x00, 0x04, 0x00, 0x00, 0x0C, 0x20, 0x60, 0x1C, 0xE0, 0xE0, 0x38, 0xE1,
    0xC0, 0x70, 0xE3, 0x80, 0xE0, 0xE7, 0x1D, 0xC0, 0xFF, 0xFB, 0xA0, 0xFF, 0xF7, 0x70, 0xC6, 0x6E,
    0xF1, 0x9C, 0xDC, 0x73, 0xB9, 0xB8, 0x63, 0xF3, 0x70, 0x03, 0xC6, 0xE0, 0x47, 0x8D, 0xC1, 0x87,
    0x1B, 0x83, 0x1F, 0x37, 0x0C, 0x7E, 0xEE, 0x18, 0xEE, 0xDC, 0x73, 0x9C, 0x39, 0xCE, 0x10, 0x73,
    0xB8, 0x0F, 0xEE, 0x60, 0x0F, 0xCC, 0x00, 0x0F, 0x80, 0x00, 0x06, 0x00, 0x00, 0x00, 0x00, 0x1C,
    0x03, 0x80, 0x71, 0x87, 0x31, 0xC7, 0x0F, 0xE7, 0x1C, 0x1D, 0xDC, 0xE0, 0x33, 0xF7, 0x38, 0x0F,
    0xF8, 0xF0, 0x7F, 0xF9, 0xE1, 0xFF, 0xE1, 0xC7, 0xFD, 0x83, 0x18, 0x06, 0x03, 0x7F, 0xF8, 0x0D,
    0xFF, 0xE0, 0x66, 0x01, 0x83, 0x9F, 0xFE, 0x0C, 0x7F, 0xF8, 0x71, 0xFF, 0xE3, 0x86, 0x01, 0x9E,
    0x18, 0x06, 0xF0, 0x60, 0xF9, 0x81, 0x83, 0xE0, 0x06, 0x03, 0x80, 0x08, 0x00, 0x00, 0xC0, 0x00,
    0x30, 0xFF, 0xFC, 0x3C, 0xFF, 0xFC, 0x1F, 0xF8, 0x1C, 0x0F, 0xD9, 0xB8, 0x07, 0xB9, 0xF0, 0xC1,
    0xB8, 0xE0, 0xE0, 0x7C, 0x70, 0x78, 0xEE, 0x38, 0x3D, 0x86, 0x18, 0x1B, 0x06, 0x10, 0x03, 0xFF,
    0xF8, 0x07, 0xFF, 0xF8, 0x0E, 0x1F, 0x80, 0x0C, 0x3F, 0xC0, 0x1C, 0x76, 0xF0, 0x18, 0xE6, 0x78,
    0x39, 0xE6, 0x3E, 0x73, 0x86, 0x1F, 0xF7, 0x06, 0x06, 0xE4, 0x0E, 0x00, 0x00, 0x0E, 0x00, 0x00,
    0x06, 0x00, 0x00, 0x00, 0x00, 0x1C, 0x7F, 0xF8, 0x0F, 0x3F, 0xFC, 0x03, 0xCF, 0xC0, 0x00, 0xE0,
    0xE0, 0x00, 0x3F, 0xFF, 0xF1, 0x8F, 0xFF, 0xF8, 0xE3, 0xFF, 0x80, 0x3C, 0x38, 0xE0, 0x0E, 0x1F,
    0x3C, 0x03, 0x1F, 0x8F, 0x00, 0xDC, 0xC3, 0xE0, 0x7E, 0x6B, 0xF8, 0x7F, 0xBF, 0xD8, 0x39, 0xDB,
    0x70, 0x39, 0xCD, 0xDC, 0x19, 0xC6, 0x7E, 0x1C, 0xE3, 0x3B, 0x8E, 0xE1, 0x8C, 0x8E, 0x6E, 0xC0,
    0x07, 0x03, 0xE0, 0x00, 0x00, 0xF0, 0x00, 0x00, 0x38, 0x00, 0x00, 0x06, 0x00, 0x00, 0x06, 0x00,
    0x38, 0x06, 0x10, 0x3D, 0xFF, 0xF8, 0x1E, 0xFF, 0xF8, 0x0E, 0x07, 0xF0, 0x06, 0x7F, 0xF0, 0xC0,
    0x7F, 0xE0, 0xE0, 0x3F, 0xFE, 0x7B, 0xFF, 0xFE, 0x3F, 0xFF, 0x80, 0x18, 0xFF, 0xF0, 0x02, 0xFF,
    0xF0, 0x06, 0xE0, 0x30, 0x0E, 0xFF, 0xF0, 0x0C, 0xFF, 0xF0, 0x1C, 0xE0, 0xF0, 0x18, 0xFF, 0xF0,
    0x38, 0xFF, 0xF0, 0x70, 0xE0, 0x30, 0xF0, 0xE3, 0xB0, 0xE0, 0xE1, 0xF0, 0x00, 0xE0, 0xF0, 0x00,
    0x40, 0x20, 0x00, 0x00, 0x00, 0x38, 0xFF, 0xF0, 0x3C, 0x7F, 0xF0, 0x1E, 0x7E, 0x70, 0x0F, 0x60,
    0xF0, 0x06, 0x7F, 0xF0, 0xC0, 0x7F, 0xF0, 0xF0, 0x70, 0x60, 0x78, 0x7F, 0xF0, 0x3C, 0x7F, 0xF0,
    0x1C, 0x7E, 0x00, 0x02, 0x20, 0x10, 0x07, 0xFF, 0xFC, 0x07, 0xFF, 0xFC, 0x0E, 0xDD, 0x98, 0x0C,
    0xDD, 0x98, 0x1C, 0xDD, 0x98, 0x38, 0xDD, 0x98, 0x38, 0xDD, 0x98, 0x77, 0xFF, 0xFF, 0xF7, 0xFF,
    0xFF, 0x63, 0xFE, 0x00, 0x31, 0xFF, 0xF8, 0x38, 0xFF, 0xF8, 0x1C, 0xFC, 0x38, 0x0E, 0xE7, 0xF0,
    0x06, 0xFF, 0xF0, 0xC0, 0xFF, 0xF0, 0xE0, 0xE0, 0x70, 0xF8, 0xFF, 0xF0, 0x3C, 0xFF, 0xF0, 0x18,
    0x79, 0x80, 0x04, 0x1D, 0x98, 0x05, 0x9D, 0x9C, 0x0D, 0xDD, 0x9C, 0x0C, 0xDD, 0xB8, 0x18, 0xFD,
    0xB0, 0x38, 0xFD, 0xF0, 0x38, 0x7D, 0xE0, 0x70, 0x1D, 0x80, 0xF6, 0x7F, 0xFE, 0xE7, 0xFF, 0xFF,
    0x03, 0xFF, 0xFE, 0x00, 0x06, 0x00, 0x00, 0x06, 0x00, 0x30, 0xC7, 0xE0, 0x3C, 0xFF, 0xF0, 0x1E,
    0x7F, 0x70, 0x0E, 0x66, 0x70, 0x06, 0x7F, 0xF0, 0x40, 0x7F, 0xE0, 0xF0, 0x2F, 0xFE, 0x7F, 0xFF,
    0xFE, 0x3F, 0xFF, 0x80, 0x0C, 0xFF, 0xF0, 0x00, 0xFF, 0xF0, 0x06, 0x66, 0x30, 0x0C, 0x67, 0x30,
    0x0C, 0x67, 0x30, 0x1C, 0x67, 0x30, 0x38, 0x66, 0x70, 0x38, 0x6F, 0xF0, 0x70, 0x7F, 0xF0, 0xF0,
    0x3C, 0xF8, 0xE1, 0xF0, 0x3E, 0x03, 0xE0, 0x1E, 0x03, 0x00, 0x04, 0x38, 0xDF, 0xFC, 0x79, 0xFF,
    0xF8, 0x7B, 0xFE, 0x00, 0x77, 0x1C, 0x00, 0x6E, 0x38, 0x08, 0x1F, 0xFF, 0x3C, 0x37, 0xFE, 0x3C,
    0x6C, 0x1C, 0x3C, 0xDF, 0xF8, 0x39, 0xBF, 0xF0, 0x17, 0x70, 0xC0, 0x6E, 0xFF, 0xC0, 0xDD, 0xFF,
    0x83, 0xB3, 0xB6, 0x06, 0x67, 0x6E, 0x1D, 0xCE, 0xDE, 0x73, 0x39, 0x9C, 0xEE, 0x63, 0x1F, 0x99,
    0xB6, 0x1F, 0x76, 0x7C, 0x00, 0xC0, 0x78, 0x00, 0x00, 0x20, 0x00, 0x00, 0x06, 0x00, 0x00, 0x06,
    0x00, 0x70, 0x07, 0xF0, 0x38, 0x07, 0xF8, 0x1C, 0x06, 0x00, 0x0F, 0x9F, 0xFE, 0x07, 0xFF, 0xFE,
    0xC1, 0xFF, 0x0C, 0xE1, 0xC6, 0x1C, 0xF9, 0xFF, 0xF8, 0x39, 0xFF, 0xF0, 0x19, 0xFE, 0x00, 0x07,
    0xC7, 0xF8, 0x07, 0xC7, 0xF8, 0x0D, 0xC3, 0x80, 0x0D, 0x87, 0x18, 0x1F, 0xFB, 0xDC, 0x1B, 0xFD,
    0xCE, 0x3B, 0x6C, 0xF7, 0x77, 0xEE, 0x3F, 0xF6, 0xE7, 0x98, 0xEC, 0xC7, 0xFC, 0x0C, 0x01, 0xF8,
    0x06, 0x00, 0x00, 0x03, 0x80, 0x00, 0x00, 0xC0, 0x01, 0xC0, 0x63, 0xFF, 0xF0, 0x33, 0xFF, 0xF9,
    0x9B, 0xA3, 0x00, 0xCD, 0xC1, 0x80, 0x77, 0xC0, 0xC0, 0x3B, 0xC0, 0x60, 0x1F, 0xC0, 0x30, 0x07,
    0xC0, 0x18, 0x03, 0xE0, 0x0C, 0x00, 0x70, 0x06, 0x00, 0x3C, 0x03, 0x00, 0x1F, 0x01, 0xC0, 0x1F,
    0x80, 0xE0, 0x0E, 0xE0, 0x70, 0x0E, 0x38, 0x38, 0x07, 0x19, 0x1C, 0x07, 0x00, 0xFE, 0x07, 0x00,
    0x3F, 0x03, 0x00, 0x0F, 0x00, 0x00, 0x01, 0x80, 0x00, 0x00, 0x00, 0x00, 0xE0, 0x00, 0x00, 0xC0,
    0x00, 0x01, 0x80, 0x00, 0x03, 0x7E, 0x00, 0x07, 0xFE, 0x00, 0x0F, 0xF8, 0x00, 0x18, 0x00, 0x00,
    0x30, 0x00, 0x1F, 0xFF, 0x80, 0x3F, 0xFF, 0x00, 0x70, 0x06, 0x00, 0x60, 0x1C, 0x00, 0xC0, 0x38,
    0x01, 0xFF, 0xF0, 0x03, 0xFF, 0xE0, 0x07, 0xF8, 0x00, 0x16, 0x10, 0xC0, 0x76, 0x71, 0xC1, 0xCE,
    0x73, 0xC7, 0x8E, 0x73, 0xCE, 0x1C, 0x73, 0xF8, 0x18, 0xE3, 0xA0, 0x00, 0x02, 0x00, 0x0C, 0x00,
    0x1C, 0x1C, 0x00, 0x38, 0x38, 0x00, 0x70, 0x70, 0x00, 0xE0, 0xE0, 0x0F, 0xFF, 0xFC, 0x1F, 0xFF,
    0xF8, 0x1F, 0x06, 0x70, 0x0E, 0xEC, 0xE0, 0x1F, 0xF9, 0xC0, 0x3C, 0xF3, 0x03, 0xF0, 0xF6, 0x2F,
    0xE3, 0xFC, 0x6D, 0xC6, 0xF8, 0xCB, 0x9C, 0x33, 0x9F, 0x70, 0x7F, 0x1F, 0xC0, 0xFC, 0x1F, 0x00,
    0xF0, 0x76, 0x31, 0xC0, 0xCE, 0x73, 0xC3, 0x9E, 0x73, 0xCE, 0x1C, 0xF3, 0xF8, 0x18, 0xE3, 0xA0,
    0x00, 0x03, 0x00, 0x00, 0x00, 0x00, 0x38, 0x00, 0xE0, 0xE0, 0x01, 0x83, 0x80, 0x06, 0x0E, 0x00,
    0x18, 0x38, 0x00, 0x60, 0xE0, 0x01, 0x9F, 0xFE, 0x07, 0xFF, 0xFC, 0x1F, 0xFF, 0x00, 0x60, 0x00,
    0x03, 0x80, 0x00, 0x0E, 0x1F, 0x00, 0x3F, 0xFE, 0x00, 0xFF, 0xF8, 0x03, 0x80, 0x60, 0x0C, 0x01,
    0x80, 0x70, 0x06, 0x01, 0xC0, 0x18, 0x0E, 0x00, 0x60, 0x30, 0x01, 0x81, 0xC0, 0x0E, 0x06, 0x00,
    0x18, 0x00, 0x00, 0x60, 0x03, 0x80, 0x0C, 0x08, 0xC0, 0x1E, 0x06, 0x67, 0xFF, 0x03, 0x31, 0xFE,
    0x01, 0x98, 0xE0, 0x00, 0xCC, 0x60, 0x00, 0x66, 0x30, 0x00, 0x3F, 0xDF, 0xF8, 0x1F, 0xFF, 0xFE,
    0x0F, 0x0F, 0x8E, 0x06, 0x07, 0xC7, 0x03, 0xF3, 0xF3, 0x01, 0xF9, 0xDB, 0x81, 0xEC, 0xEF, 0xC0,
    0xE6, 0x63, 0xC0, 0x73, 0x71, 0xE0, 0x31, 0xB8, 0xF0, 0x18, 0xD8, 0xFC, 0x1C, 0x7C, 0xE7, 0x0C,
    0x3C, 0xE3, 0xC6, 0x1D, 0xE0, 0xFE, 0x0D, 0xE0, 0x1C, 0x00, 0xC0, 0x04, 0x00, 0x01, 0x80, 0x03,
    0x80, 0xE0, 0x00, 0xC0, 0x70, 0x00, 0x60, 0x38, 0x01, 0xB1, 0xFF, 0xC0, 0xF8, 0xFF, 0xF0, 0x6C,
    0x3F, 0x00, 0x7F, 0xC3, 0x80, 0x3F, 0xE3, 0xFF, 0x19, 0xBF, 0xFF, 0xCC, 0xCF, 0xFE, 0x0C, 0x6C,
    0x06, 0x06, 0x3E, 0x03, 0xE0, 0x3F, 0xFF, 0xF8, 0x3C, 0xFF, 0xFC, 0xFE, 0x18, 0x60, 0xFB, 0x0E,
    0x30, 0x31, 0x83, 0x98, 0x00, 0xC0, 0xCC, 0x00, 0x60, 0x06, 0x00, 0x30, 0x33, 0x00, 0x18, 0x1F,
    0x80, 0x1C, 0x07, 0xC0, 0x06, 0x00, 0xE0, 0x00, 0x00, 0x00, 0x01, 0xC1, 0xC0, 0x00, 0x60, 0x60,
    0x00, 0x30, 0x30, 0x00, 0x18, 0x1F, 0x01, 0x8C, 0x0F, 0xC0, 0xE6, 0x06, 0xE0, 0x73, 0x03, 0x38,
    0x1D, 0x83, 0x98, 0x0E, 0xDF, 0xFF, 0x03, 0xFF, 0xFF, 0xC1, 0xB7, 0xFE, 0x00, 0x18, 0x3C, 0x00,
    0x1C, 0x1F, 0x00, 0x3E, 0x1D, 0x80, 0x3F, 0x0E, 0xE0, 0x7D, 0x86, 0x70, 0x3C, 0xC7, 0x1C, 0x00,
    0x63, 0x07, 0x00, 0x33, 0x83, 0xC0, 0x3B, 0x80, 0xF0, 0x1F, 0x80, 0x3C, 0x0F, 0x80, 0x0E, 0x03,
    0x00, 0x00, 0x00, 0x30, 0x00, 0x00, 0x38, 0x00, 0x00, 0x39, 0xF8, 0x7F, 0xFF, 0xFC, 0x7F, 0xFF,
    0xF8, 0x10, 0x38, 0x30, 0x38, 0x76, 0x70, 0x1D, 0xEE, 0xE0, 0x0F, 0xFF, 0xC0, 0x07, 0xFD, 0x80,
    0x03, 0x3F, 0xE0, 0x07, 0x76, 0xF0, 0x1F, 0xFF, 0x78, 0x7D, 0xFF, 0x18, 0x39, 0xFB, 0x00, 0x00,
    0x38, 0x3C, 0xFF, 0xFF, 0xFE, 0xFF, 0xFF, 0xFE, 0x00, 0x38, 0x00, 0x00, 0x38, 0x00, 0x00, 0x38,
    0x00, 0x00, 0x38, 0x00, 0x00, 0x38, 0x00, 0x00, 0x38, 0x00, 0x00, 0x00, 0x00, 0x00, 0x00, 0x00,
    0x00, 0x1F, 0xFE, 0x00, 0xFF, 0xFF, 0x0F, 0xFF, 0x03, 0x83, 0xFF, 0xB1, 0xC0, 0x30, 0xDC, 0xE0,
    0x18, 0x66, 0x70, 0x0C, 0x33, 0x30, 0x3F, 0xD9, 0x98, 0x1F, 0xEC, 0xCC, 0x0F, 0xE6, 0x66, 0x00,
    0xC3, 0x7B, 0x00, 0x61, 0xBD, 0x80, 0x33, 0xDE, 0xC0, 0x1F, 0xAF, 0x00, 0x1F, 0x0F, 0x83, 0x7F,
    0x07, 0xC1, 0xBE, 0x07, 0x60, 0xCC, 0x07, 0x30, 0x60, 0x07, 0x18, 0x70, 0x0F, 0x0F, 0xF8, 0x0E,
    0x03, 0xF8, 0x00, 0x00, 0x00, 0x00, 0x3F, 0xFC, 0x3F, 0xFF, 0xFF, 0x1F, 0xFF, 0xF3, 0x07, 0xC7,
    0x31, 0x80, 0x61, 0x9F, 0xC0, 0x30, 0xFF, 0xE0, 0x18, 0x7F, 0xF0, 0x7F, 0xB3, 0x38, 0x3F, 0xD9,
    0x9C, 0x0F, 0x0F, 0xFE, 0x01, 0x87, 0xFF, 0x00, 0xC3, 0x30, 0x00, 0x6E, 0x18, 0x00, 0x3E, 0xFF,
    0xE0, 0x3E, 0x7F, 0xF0, 0xFC, 0x3F, 0xF0, 0x78, 0x01, 0x80, 0x30, 0x00, 0xC0, 0x00, 0x3F, 0xFF,
    0xE0, 0x1F, 0xFF, 0xF0, 0x00, 0x00, 0x00, 0x18, 0x7F, 0xF0, 0xFF, 0xFF, 0xC7, 0xFF, 0xEC, 0x38,
    0x70, 0x61, 0xC3, 0x83, 0x0E, 0x1F, 0xF8, 0x7F, 0xFF, 0xC3, 0xFF, 0xFE, 0x1C, 0x38, 0x30, 0xE1,
    0xC1, 0x87, 0x0E, 0x0C, 0x3F, 0xFF, 0xE1, 0xFF, 0xFF, 0x0F, 0xFC, 0x18, 0x60, 0xE0, 0xC7, 0x07,
    0x06, 0x38, 0x38, 0x39, 0x81, 0xD1, 0xDC, 0x0E, 0xEE, 0xC0, 0x73, 0xFC, 0x01, 0x0F, 0x40, 0x00,
    0x18, 0x01, 0xC0, 0x00, 0x0E, 0x00, 0x00, 0x70, 0x00, 0x03, 0x80, 0x00, 0x1C, 0x00, 0x7F, 0xFF,
    0xC3, 0xFF, 0xFF, 0x1F, 0xF8, 0x38, 0xE1, 0xC1, 0x87, 0x0E, 0x7C, 0x1F, 0xFF, 0xE0, 0xFF, 0xFF,
    0x06, 0x1C, 0x38, 0x30, 0xE1, 0xC1, 0x87, 0xFE, 0x0F, 0xFF, 0xF3, 0x7F, 0xFF, 0x9B, 0x0E, 0x00,
    0xC0, 0x70, 0x06, 0x03, 0x80, 0x70, 0x1F, 0xFF, 0x80, 0x7F, 0xF8, 0x01, 0xFF, 0x80, 0x00, 0x00,
    0x20, 0x07, 0xFF, 0xF8, 0x01, 0xFF, 0xFC, 0x00, 0xE3, 0x86, 0x00, 0x7F, 0xFF, 0x00, 0x3F, 0xFF,
    0x80, 0x1F, 0xF1, 0xC0, 0x0E, 0x3F, 0xE0, 0x07, 0xFF, 0xF0, 0x03, 0xFF, 0xE0, 0x00, 0xCF, 0x80,
    0x00, 0x1F, 0xF0, 0x00, 0x1E, 0x3C, 0x00, 0x3E, 0x1F, 0xC0, 0x3F, 0x8F, 0xFC, 0x79, 0xC7, 0x3F,
    0x70, 0xE3, 0x83, 0x80, 0x61, 0xC0, 0x00, 0x70, 0xE0, 0x00, 0x78, 0x70, 0x00, 0x78, 0x38, 0x00,
    0x78, 0x1C, 0x00, 0x70, 0x06, 0x00, 0x00, 0x03, 0x00, 0x00, 0x03, 0x00, 0x00, 0x07, 0x00, 0x00,
    0x07, 0xF8, 0x7F, 0xCF, 0xF8, 0x7F, 0xCF, 0xF8, 0x7F, 0xDC, 0x70, 0x6D, 0xDE, 0x70, 0x6D, 0xFF,
    0xE0, 0x7F, 0xF3, 0xC0, 0x7F, 0xE3, 0xC0, 0x6D, 0xC3, 0xE0, 0x6D, 0x87, 0xF0, 0x6D, 0x9E, 0x3C,
    0x7F, 0xBC, 0x1F, 0x7F, 0xFF, 0xFF, 0x7C, 0xFF, 0xFA, 0x61, 0x9C, 0x38, 0x00, 0x1C, 0x38, 0x00,
    0x1C, 0x38, 0x00, 0x0F, 0xF8, 0x00, 0x0F, 0xF8, 0x00, 0x0F, 0xF0, 0x00, 0x0C, 0x00, 0x00, 0x00,
    0x00, 0x00, 0x00, 0xC0, 0x1F, 0xF9, 0xE0, 0x1F, 0xFF, 0xD8, 0x10, 0xFF, 0xB8, 0x1D, 0xCF, 0x78,
    0x1F, 0xC7, 0xF0, 0x0F, 0x83, 0xE0, 0x07, 0xFF, 0xE0, 0x0F, 0xFF, 0xF0, 0x1C, 0xE0, 0x7C, 0x3F,
    0xFF, 0xBE, 0xF7, 0xFF, 0xCE, 0xC3, 0xF1, 0x80, 0x03, 0x01, 0x80, 0x03, 0xFF, 0x80, 0x03, 0xFF,
    0x80, 0x01, 0x83, 0x00, 0x01, 0xC7, 0x00, 0x00, 0xEE, 0x00, 0x7F, 0xFF, 0xFC, 0x7F, 0xFF, 0xFC,
    0x3F, 0xFF, 0xF0, 0x00, 0x00, 0x7B, 0xFF, 0xFF, 0xFF, 0xFF, 0xFF, 0xDF, 0x8E, 0x00, 0x00, 0x70,
    0x00, 0x03, 0xC0, 0x00, 0xCF, 0xFC, 0x03, 0xFF, 0xF8, 0x0F, 0xFF, 0xE0, 0x38, 0x03, 0x00, 0xE0,
    0x0C, 0x03, 0x80, 0x70, 0x0F, 0xFF, 0xC0, 0x1F, 0xFF, 0x00, 0x60, 0x1C, 0x01, 0x80, 0x70, 0x06,
    0x01, 0xC0, 0x18, 0x07, 0x00, 0x7F, 0xFC, 0x01, 0xFF, 0xF0, 0x06, 0x00, 0x00, 0x08, 0x00, 0x00,
    0x0C, 0x06, 0x00, 0x70, 0x70, 0x03, 0x83, 0x80, 0x38, 0x1C, 0x01, 0xC0, 0xC0, 0x7F, 0xCF, 0xFF,
    0xFE, 0x7F, 0xEF, 0xF7, 0x07, 0x61, 0xB0, 0x3B, 0x0F, 0xC1, 0xD8, 0x7F, 0x0E, 0xFF, 0x1C, 0x77,
    0xF8, 0x73, 0xBF, 0xC3, 0xDD, 0x86, 0x0E, 0xEC, 0x30, 0x26, 0x61, 0x80, 0x33, 0x0C, 0x01, 0x9F,
    0xE1, 0x9C, 0xFF, 0x0F, 0xE6, 0x00, 0x3F, 0x10, 0x00, 0x70, 0x00, 0x01, 0x00, 0x00, 0x1C, 0x00,
    0x00, 0x0E, 0x00, 0x00, 0x07, 0x00, 0x00, 0x7F, 0xFC, 0x00, 0x3F, 0xFF, 0x00, 0x0F, 0xE3, 0x80,
    0x06, 0xF9, 0xC0, 0x03, 0x1C, 0xEC, 0x7F, 0xFF, 0xFF, 0x3F, 0xFF, 0xFF, 0x8F, 0xFE, 0x1C, 0x00,
    0xE7, 0x8E, 0x00, 0x71, 0xFF, 0x00, 0x70, 0x3F, 0x80, 0x70, 0x03, 0x80, 0x7F, 0xFF, 0xF0, 0x07,
    0xFF, 0xF8, 0x03, 0x33, 0x98, 0x01, 0x9D, 0xCC, 0x00, 0xEE, 0xE6, 0x04, 0x7F, 0xFF, 0xF3, 0xFF,
    0xFF, 0xFD, 0xFF, 0xFF, 0xF8, 0x40, 0x7F, 0x3F, 0xFF, 0x9F, 0xFF, 0xCE, 0x00, 0x67, 0x00, 0x33,
    0x80, 0x19, 0xFF, 0xFC, 0xFF, 0xFE, 0x7E, 0x03, 0x38, 0x01, 0x9C, 0x00, 0xCF, 0xFF, 0xE7, 0xFF,
    0xF3, 0xFF, 0x39, 0xC0, 0x1C, 0xE0, 0x0E, 0x70, 0x07, 0x3F, 0xFF, 0x9F, 0xFF, 0xCF, 0xE0, 0x07,
    0x00, 0x00, 0x80, 0x00, 0x00, 0xFF, 0xE1, 0xFD, 0xFF, 0xE3, 0xFB, 0xE1, 0x87, 0x37, 0x03, 0x0E,
    0x6E, 0x7E, 0x1F, 0xDF, 0xFE, 0x3F, 0xBF, 0xF8, 0x7F, 0x73, 0x80, 0xE6, 0xE7, 0x01, 0xCD, 0xCF,
    0xF3, 0xFB, 0xFF, 0xE7, 0xF7, 0xFE, 0x0E, 0x6E, 0x38, 0x1C, 0xDC, 0x70, 0x3B, 0xB8, 0x71, 0x7F,
    0x70, 0xE3, 0xFE, 0xE7, 0xE7, 0xC1, 0xFD, 0xDC, 0x0F, 0xE1, 0xF8, 0x1F, 0x81, 0xE0, 0x38, 0x01,
    0xC0, 0x00, 0x01, 0x00, 0x0C, 0x00, 0x00, 0x07, 0x00, 0x02, 0x03, 0x0F, 0xFF, 0x83, 0x87, 0xFF,
    0xC1, 0xC1, 0x00, 0x00, 0xFE, 0x00, 0x00, 0x7F, 0xFF, 0xF0, 0x6E, 0x3F, 0xF8, 0x37, 0x1C, 0x1C,
    0x33, 0x8E, 0x0E, 0x1F, 0xFF, 0x07, 0x0F, 0xFF, 0xFF, 0x82, 0x60, 0xFF, 0xC0, 0x38, 0x60, 0xC0,
    0x3E, 0x38, 0x60, 0x1F, 0x9C, 0x70, 0x0C, 0xE7, 0x30, 0x0E, 0x71, 0xB8, 0x0E, 0x18, 0xFF, 0xCE,
    0x0F, 0xFF, 0xF6, 0x07, 0xFF, 0xF2, 0x00, 0x00, 0x00, 0x00, 0x00, 0x30, 0x00, 0x1F, 0xF8, 0x7F,
    0xFF, 0xF8, 0x7F, 0xF0, 0x38, 0x3E, 0x00, 0x38, 0x0E, 0x0E, 0x38, 0x0E, 0x0E, 0x30, 0x0C, 0x0E,
    0x70, 0x1F, 0x8E, 0x70, 0x1F, 0xCC, 0x70, 0x3F, 0xCC, 0x7E, 0x3D, 0xDF, 0xFE, 0x7D, 0xCF, 0xFE,
    0xFD, 0xC0, 0x06, 0xDD, 0xC0, 0x66, 0x1F, 0xFF, 0xFE, 0x1F, 0xFF, 0xFE, 0x1F, 0x00, 0x0E, 0x0C,
    0x00, 0x0E, 0x00, 0x01, 0xCC, 0x00, 0x00, 0xFC, 0x00, 0x00, 0x7C, 0x00, 0x00, 0x18, 0x00, 0x07,
    0xFC, 0x00, 0x1F, 0xFF, 0x87, 0xFF, 0xFF, 0x00, 0xFF, 0x87, 0x00, 0x06, 0x3F, 0xFE, 0x03, 0x87,
    0xFF, 0x80, 0xE1, 0x9C, 0xE0, 0x30, 0x7F, 0xF8, 0x1F, 0xDF, 0xFC, 0x07, 0xF7, 0x73, 0x03, 0xDD,
    0xFF, 0xC0, 0xF7, 0x7F, 0xF8, 0x7D, 0xDF, 0xE0, 0x13, 0x7E, 0x60, 0x00, 0xDF, 0xF8, 0x00, 0x3F,
    0x3E, 0x00, 0x0F, 0xC7, 0xC0, 0x03, 0x03, 0xFC, 0x00, 0xC1, 0xC7, 0xE0, 0x01, 0xE0, 0x7E, 0x01,
    0xE0, 0x07, 0x80, 0x00, 0x00, 0x00, 0x00, 0x03, 0x00, 0x00, 0x07, 0x00, 0x00, 0x0E, 0x00, 0x06,
    0x3F, 0x87, 0xFE, 0xFF, 0x8F, 0xFD, 0xFE, 0x03, 0x87, 0x1C, 0x07, 0x1F, 0xFF, 0x0C, 0x3F, 0xFE,
    0x38, 0xFF, 0x8C, 0x7F, 0x63, 0x19, 0xFE, 0xFF, 0xF3, 0xDD, 0xFF, 0xEF, 0xBB, 0x18, 0xDF, 0x76,
    0x31, 0xEE, 0xEF, 0xFF, 0xDD, 0xFF, 0xFE, 0x3F, 0xF1, 0x8C, 0x7F, 0xE3, 0x18, 0xE1, 0x86, 0x30,
    0x07, 0x0F, 0xE0, 0x0C, 0x1B, 0xC0, 0x30, 0x03, 0x80, 0x40, 0x00, 0x00, 0x03, 0xC0, 0x1F, 0xFF,
    0xC0, 0x3F, 0xFF, 0x80, 0x00, 0x00, 0x00, 0x00, 0x00, 0x00, 0x00, 0x00, 0x00, 0x3F, 0xFF, 0x7F,
    0xFF, 0xFF, 0x7F, 0xFF, 0xC0, 0x00, 0x70, 0x00, 0x18, 0xE7, 0x00, 0x39, 0xCF, 0x00, 0x73, 0x8F,
    0x01, 0xC7, 0x0F, 0x07, 0x0E, 0x0F, 0x0E, 0x1C, 0x0F, 0x38, 0x38, 0x0E, 0xE0, 0x70, 0x0B, 0x0F,
    0xE0, 0x00, 0x0F, 0xC0, 0x00, 0x07, 0x80, 0x00, 0x02, 0x00, 0x00, 0x00, 0x03, 0x00, 0x07, 0x03,
    0x80, 0x03, 0x03, 0x80, 0x03, 0x3F, 0xF8, 0x3F, 0xFF, 0xF8, 0x3F, 0xEF, 0xC0, 0x0F, 0xCF, 0xE0,
    0x1F, 0xFF, 0xF0, 0x3F, 0x7F, 0xF8, 0x73, 0x3B, 0xBC, 0x67, 0x63, 0x8C, 0x03, 0x0F, 0x80, 0x07,
    0xFF, 0xC0, 0x03, 0xFF, 0x80, 0x00, 0x03, 0xFE, 0xFF, 0xFF, 0xFF, 0xFF, 0xFF, 0xFC, 0x03, 0x39,
    0x80, 0x07, 0x39, 0xE0, 0x0F, 0x38, 0xF8, 0x1F, 0xB8, 0x78, 0x39, 0xF8, 0x18, 0x20, 0x78, 0x00,
    0x00, 0x30, 0x00, 0x00, 0x00, 0xC0, 0x00, 0x60, 0x70, 0x00, 0x78, 0x38, 0x00, 0x78, 0x1C, 0x01,
    0xF8, 0x0E, 0x03, 0xF8, 0x37, 0xC0, 0x9C, 0x1F, 0xF0, 0x0F, 0xCF, 0xFC, 0x7F, 0xEE, 0xEF, 0x3F,
    0xF7, 0x73, 0x81, 0xC7, 0x3B, 0xC1, 0xF3, 0x1D, 0xC0, 0xFF, 0x0E, 0xE0, 0xFF, 0x07, 0xE0, 0x7D,
    0xC3, 0xF0, 0x7E, 0xC0, 0x70, 0x77, 0x00, 0x78, 0x33, 0x80, 0x78, 0x31, 0xC0, 0x78, 0x00, 0xE0,
    0x78, 0x00, 0x70, 0xF8, 0x00, 0x38, 0xF0, 0x00, 0x1D, 0xE0, 0x00, 0x04, 0xC0, 0x00, 0x00, 0x03,
    0x00, 0x00, 0x61, 0xC0, 0x00, 0x78, 0xE0, 0x00, 0xF8, 0x70, 0x01, 0xF0, 0x70, 0x03, 0xF8, 0x38,
    0x70, 0x0C, 0x3F, 0xFC, 0x1F, 0xDF, 0xFE, 0x7F, 0xFC, 0xE7, 0x3F, 0xCC, 0x73, 0x01, 0xCE, 0x3B,
    0x01, 0xF6, 0x9F, 0x00, 0xFC, 0xEF, 0xC0, 0xFF, 0x77, 0x70, 0x7D, 0xBB, 0xB8, 0x76, 0x79, 0xCE,
    0x73, 0x1C, 0xE7, 0x33, 0x9C, 0x71, 0xF1, 0xCC, 0x38, 0xE0, 0xE4, 0x9C, 0x00, 0x70, 0x7E, 0x00,
    0x38, 0x1F, 0x00, 0x1C, 0x07, 0x00, 0x06, 0x01, 0x80, 0x00, 0x00, 0x80, 0x00, 0xC1, 0xC0, 0x01,
    0xE1, 0xC0, 0x07, 0xC3, 0xFC, 0x1F, 0x07, 0xFC, 0x7F, 0x0F, 0x1C, 0x07, 0x1E, 0x38, 0x07, 0xFF,
    0xF0, 0x7F, 0xE3, 0xE0, 0x7F, 0xE3, 0xC0, 0x0F, 0x87, 0xE0, 0x0F, 0x9E, 0xE0, 0x0F, 0xF9, 0xFE,
    0x1F, 0xE3, 0xFE, 0x1F, 0xE7, 0x0E, 0x3F, 0x0F, 0x1C, 0x37, 0x1F, 0xB8, 0x67, 0x31, 0xF0, 0xC7,
    0x00, 0xE0, 0x07, 0x03, 0xC0, 0x07, 0x07, 0x80, 0x07, 0x1E, 0x00, 0x07, 0x3C, 0x00, 0x02, 0x60,
    0x00, 0x00, 0xC0, 0x00, 0x00, 0xEF, 0xFC, 0x01, 0xF7, 0xFF, 0x03, 0xF3, 0xFF, 0x87, 0xF1, 0xC1,
    0xC1, 0x38, 0x60, 0xC0, 0x1C, 0x37, 0xE0, 0xFF, 0xDF, 0xF8, 0x7F, 0xEF, 0xF8, 0x03, 0x86, 0x00,
    0x03, 0xEF, 0xFF, 0x81, 0xFF, 0xFF, 0xC1, 0xFF, 0xFC, 0x00, 0xFF, 0x0E, 0x00, 0xFC, 0x7F, 0xF0,
    0x6E, 0x3F, 0xF8, 0x67, 0x0F, 0xF0, 0x63, 0x80, 0xE0, 0x01, 0xC0, 0x70, 0x00, 0xEF, 0xFF, 0xE0,
    0x77, 0xFF, 0xF8, 0x39, 0xFF, 0x00, 0x08, 0x00, 0x00, 0x00, 0x30, 0x00, 0x00, 0x70, 0x00, 0x00,
    0xE0, 0x00, 0xC1, 0xC0, 0x01, 0x87, 0xFF, 0xC3, 0xFF, 0xFF, 0xCF, 0xFF, 0xC7, 0x1C, 0xC3, 0x0C,
    0x31, 0xCF, 0x38, 0xE7, 0x8F, 0xE1, 0x9E, 0x07, 0x80, 0x70, 0x07, 0x83, 0xC0, 0x07, 0x06, 0xBF,
    0xF8, 0x03, 0xFF, 0xF8, 0x03, 0xFF, 0xE0, 0x00, 0x38, 0x00, 0x00, 0x70, 0x00, 0x00, 0xE0, 0x00,
    0x01, 0xC0, 0x0F, 0xFF, 0xFF, 0xFF, 0xFF, 0xFF, 0xDF, 0xFF, 0xC0, 0x00, 0x00, 0x00, 0x00, 0x00,
    0x70, 0x00, 0x00, 0xE0, 0x00, 0x01, 0xC0, 0x00, 0x03, 0x80, 0x00, 0x07, 0x02, 0x0F, 0xFF, 0xFE,
    0x1F, 0xFF, 0xFC, 0x3F, 0xF0, 0x00, 0x0C, 0x07, 0x00, 0x1C, 0x07, 0x00, 0x38, 0x1C, 0x00, 0x38,
    0x38, 0x00, 0x70, 0x70, 0x00, 0x61, 0xC0, 0x00, 0xE3, 0x80, 0x01, 0xC6, 0x00, 0x01, 0xDC, 0x00,
    0x03, 0xB8, 0x00, 0x07, 0xFF, 0xEF, 0xFF, 0xFF, 0xFF, 0xFF, 0xFF, 0x80, 0x02, 0x00, 0x00, 0x06,
    0x1F, 0xE0, 0x0C, 0xFF, 0xC1, 0xD9, 0xFB, 0x83, 0xB3, 0x8E, 0x07, 0x63, 0x9C, 0x0E, 0xC3, 0xF0,
    0x1D, 0x83, 0xC0, 0x3B, 0x07, 0xC0, 0x76, 0x3F, 0xF0, 0xEC, 0xF1, 0xF0, 0x9B, 0x80, 0xE0, 0x33,
    0x80, 0x00, 0x67, 0xFC, 0x07, 0xFF, 0xFC, 0x07, 0xFF, 0xE0, 0x03, 0x83, 0x00, 0x03, 0x8E, 0x00,
    0x03, 0x38, 0x00, 0x07, 0xFF, 0xEF, 0xFF, 0xFF, 0xEF, 0xFF, 0xFF, 0x80, 0x00, 0x30, 0x00, 0x00,
    0x70, 0x00, 0x00, 0xE3, 0x80, 0xFF, 0xFF, 0x81, 0xFF, 0xFE, 0x00, 0x38, 0xE0, 0x00, 0x73, 0xFF,
    0x7F, 0xFF, 0xFE, 0x7F, 0xFF, 0xC0, 0x0F, 0xFF, 0x80, 0x1F, 0xFF, 0x00, 0x3E, 0x0E, 0x00, 0x7F,
    0xFC, 0x00, 0xFF, 0xF8, 0x01, 0xDF, 0xF0, 0x03, 0xFF, 0xE0, 0x07, 0xFF, 0x01, 0x1F, 0xFF, 0xFF,
    0xFF, 0xFF, 0xFB, 0xFF, 0xC0, 0x00, 0x03, 0x80, 0x00, 0x07, 0x00, 0x00, 0x0E, 0x00, 0x00, 0x1C,
    0x00, 0x00, 0x00, 0x00, 0x00, 0x01, 0x80, 0x00, 0x01, 0xC8, 0x0E, 0x19, 0xCC, 0x0E, 0x19, 0xCC,
    0x0E, 0x19, 0xCC, 0x0E, 0x19, 0xFC, 0x7F, 0xDF, 0xFC, 0x7F, 0xDF, 0xFC, 0x33, 0x80, 0x0E, 0x3B,
    0xBF, 0xFF, 0x1B, 0xBF, 0xFE, 0x1B, 0x81, 0x80, 0x1F, 0x23, 0x9E, 0x1F, 0x3F, 0xFF, 0x0F, 0xFF,
    0xFF, 0x07, 0xFB, 0x77, 0x7F, 0x3B, 0x77, 0xFC, 0x3B, 0x77, 0x70, 0x3B, 0x77, 0x00, 0x3B, 0x76,
    0x00, 0x3B, 0x7E, 0x00, 0x3B, 0x6E, 0x00, 0x10, 0x06, 0x00, 0x01, 0x80, 0x01, 0x80, 0xE0, 0x00,
    0xE0, 0xE7, 0x80, 0xFF, 0xFF, 0xE0, 0xFF, 0xFF, 0xE0, 0x7E, 0x33, 0x80, 0x73, 0xB8, 0xE0, 0x73,
    0xF9, 0xF0, 0x71, 0xD0, 0x60, 0x00, 0xE0, 0x30, 0x00, 0xE0, 0x3F, 0xC0, 0xFF, 0xFF, 0xE0, 0xF7,
    0xFF, 0xE0, 0x78, 0x03, 0x00, 0x7C, 0x61, 0x80, 0x7E, 0x3C, 0xC0, 0x67, 0x0E, 0x60, 0x23, 0x83,
    0xB0, 0x01, 0xC0, 0x98, 0x00, 0xE0, 0x0C, 0x00, 0x70, 0x76, 0x00, 0x38, 0x3F, 0x00, 0x1C, 0x07,
    0x80, 0x04, 0x00, 0xC0, 0x00, 0x03, 0x00, 0x0E, 0x06, 0x00, 0x1C, 0x1F, 0xF0, 0x7F, 0xFF, 0xF1,
    0xFF, 0xFF, 0x83, 0xFB, 0x9C, 0x0E, 0x7E, 0x18, 0x3F, 0xFF, 0xF0, 0xCF, 0xFF, 0xE0, 0x0F, 0xF1,
    0xC0, 0x31, 0xFF, 0x80, 0x7F, 0xFF, 0x00, 0xFF, 0xE0, 0x01, 0x87, 0x0E, 0x07, 0xFF, 0xFE, 0x0F,
    0xFF, 0xFC, 0x0C, 0xF8, 0x38, 0x03, 0xF0, 0x70, 0x0E, 0xFE, 0xE0, 0x79, 0xDF, 0x81, 0xE3, 0x8F,
    0x0F, 0x07, 0x0C, 0x38, 0x0E, 0x00, 0x00, 0x1C, 0x00, 0x02, 0x01, 0x80, 0x01, 0x80, 0xE0, 0x01,
    0xC0, 0xE3, 0x80, 0xFF, 0xFF, 0xE0, 0xFF, 0xFF, 0xE0, 0x6E, 0x37, 0x80, 0x73, 0xF0, 0xE0, 0x70,
    0xF8, 0x30, 0x70, 0x3C, 0x00, 0x00, 0x3F, 0x80, 0x00, 0x39, 0xF0, 0x00, 0x78, 0x3E, 0x00, 0x7F,
    0xFF, 0xC0, 0xFF, 0xFF, 0xFC, 0xF3, 0xF0, 0x3E, 0xE0, 0x70, 0xE6, 0x03, 0x1C, 0x70, 0x01, 0xCE,
    0x70, 0x00, 0xF3, 0x78, 0x00, 0x38, 0x78, 0x00, 0x1F, 0xFF, 0xC1, 0xFF, 0xFF, 0xF0, 0x7F, 0xFF,
    0xF0, 0x04, 0x03, 0x00, 0x0C, 0x07, 0x00, 0x38, 0x1C, 0x20, 0x7F, 0xFF, 0xF1, 0xFF, 0xFF, 0xC3,
    0xF1, 0xBC, 0x0E, 0x76, 0x38, 0x3F, 0x78, 0x30, 0xEF, 0x7F, 0xF9, 0x07, 0xFF, 0xF0, 0xE4, 0x00,
    0xE1, 0xCF, 0xF9, 0xC3, 0x9F, 0xF3, 0x87, 0x38, 0xE7, 0x0E, 0x7F, 0xCE, 0x1C, 0xFF, 0x9C, 0x39,
    0xFF, 0x38, 0x73, 0x8E, 0x70, 0xE7, 0xFC, 0xE1, 0xCF, 0xF9, 0xC3, 0x9C, 0x1B, 0x87, 0x00, 0x3F,
    0x0E, 0x00, 0x1E, 0x00, 0x00, 0x18, 0x06, 0x03, 0x00, 0x0E, 0x06, 0x00, 0x1D, 0xDF, 0xF0, 0x7F,
    0xFF, 0xF1, 0xFF, 0xFE, 0x03, 0x3B, 0x9C, 0x0F, 0xFF, 0xFC, 0x3F, 0xFF, 0xF0, 0x4F, 0xE3, 0xC0,
    0x0F, 0xFF, 0x80, 0x1F, 0xFF, 0x00, 0x3F, 0xFE, 0x00, 0x7F, 0xFC, 0x00, 0xCF, 0xF8, 0x01, 0xFF,
    0xF0, 0x03, 0xFF, 0x80, 0x03, 0xC3, 0x7D, 0xFF, 0xFF, 0xFF, 0xFF, 0xFF, 0xF0, 0x1C, 0x18, 0x00,
    0x78, 0x30, 0x01, 0xE0, 0xE0, 0x0F, 0x01, 0xC0, 0x18, 0x01, 0x80, 0x04, 0x03, 0x00, 0x0E, 0x0E,
    0x00, 0x38, 0xDF, 0xF0, 0x7F, 0xFF, 0xE1, 0xFF, 0xFC, 0x07, 0x7B, 0x9C, 0x1C, 0x7E, 0x18, 0x3C,
    0x1C, 0x3E, 0x3F, 0xFF, 0xFE, 0x7F, 0xFF, 0xF9, 0xF8, 0x04, 0x63, 0xBF, 0xFD, 0x86, 0x3F, 0xFA,
    0x04, 0x60, 0x30, 0x00, 0xFF, 0xE0, 0x01, 0xFF, 0xC0, 0x07, 0x01, 0xC0, 0x0F, 0xFF, 0xC0, 0x1F,
    0xFF, 0x80, 0x38, 0x06, 0x00, 0x7F, 0xFC, 0x00, 0xFF, 0xFC, 0x01, 0xFF, 0xC0, 0x01, 0x80, 0x00,
    0x02, 0x03, 0x00, 0x0E, 0x06, 0x00, 0x1D, 0xDF, 0xF0, 0x7F, 0xFF, 0xE1, 0xFF, 0xFE, 0x07, 0xBB,
    0x1C, 0x1D, 0xBF, 0xB8, 0x33, 0x23, 0x30, 0x7F, 0xFF, 0xFC, 0x7F, 0xFF, 0xF8, 0x7F, 0x3B, 0x81,
    0xFE, 0x37, 0xE1, 0xF3, 0xFF, 0xEF, 0xFF, 0xFF, 0x9F, 0xFF, 0xFC, 0x1F, 0x8F, 0xFC, 0x0F, 0x9F,
    0xF8, 0x3F, 0xFF, 0xF0, 0xFB, 0xBF, 0xE3, 0xB3, 0x61, 0x86, 0x60, 0xFF, 0x18, 0xC1, 0xFF, 0x01,
    0x83, 0xC0, 0x03, 0x06, 0x00, 0x03, 0x00, 0x00, 0x00, 0xC0, 0x00, 0x00, 0x30, 0xFF, 0xC0, 0xCD,
    0xFF, 0xF0, 0x3B, 0x7E, 0x1C, 0x0E, 0xDB, 0x87, 0x01, 0xFE, 0xE1, 0xC0, 0x7F, 0x3F, 0xF0, 0x0F,
    0xFF, 0xFC, 0x1F, 0xFF, 0xFF, 0x03, 0xF8, 0xE1, 0xC0, 0x1E, 0x38, 0x70, 0x0F, 0xCF, 0xFC, 0x03,
    0xFF, 0xFF, 0x01, 0xF7, 0xFF, 0xC0, 0xEC, 0xB8, 0x70, 0x33, 0x06, 0x1C, 0x18, 0xC1, 0x87, 0x04,
    0x30, 0x61, 0xF0, 0x0D, 0xFF, 0xFE, 0x03, 0x7F, 0xFF, 0x80, 0xC0, 0x00, 0x00, 0x30, 0x00, 0x00,
    0x00, 0x01, 0x00, 0x00, 0x3C, 0x00, 0x3F, 0xE0, 0x3F, 0xFE, 0x03, 0xFE, 0x00, 0x00, 0x71, 0x00,
    0x07, 0x1C, 0x03, 0xF1, 0xE0, 0x1F, 0x1E, 0x00, 0x3F, 0xE0, 0x00, 0x7C, 0xC0, 0x03, 0xC7, 0x00,
    0x3C, 0x3C, 0x23, 0xFF, 0xF1, 0xFF, 0xFF, 0xCF, 0xFE, 0x07, 0x06, 0x73, 0x30, 0x7B, 0x9C, 0x07,
    0x9C, 0x70, 0x78, 0xE1, 0xC7, 0xF7, 0x07, 0x71, 0xF8, 0x3B, 0x07, 0xC0, 0xC0, 0x0C, 0x00, 0x00,
    0x60, 0x00, 0x01, 0xC0, 0x00, 0x07, 0x00, 0x03, 0xFF, 0xF0, 0x1F, 0xFF, 0xC0, 0x7F, 0xC0, 0x03,
    0x9F, 0xFF, 0x8F, 0xFF, 0xFF, 0x7F, 0xFE, 0x39, 0xC3, 0x99, 0xCE, 0xFC, 0xE6, 0x3B, 0xE7, 0xB0,
    0x43, 0xFF, 0x00, 0x03, 0xCE, 0x00, 0x1E, 0x3C, 0x0F, 0xFF, 0xF8, 0x3F, 0xFF, 0xF0, 0x79, 0xCD,
    0x80, 0x77, 0x7C, 0x03, 0xDC, 0xF8, 0x1E, 0x70, 0xF1, 0xEF, 0xC1, 0xC6, 0x1F, 0x01, 0x00, 0x1C,
    0x00, 0x06, 0x00, 0x00, 0x1C, 0x03, 0x07, 0x7F, 0xFE, 0x1D, 0xDF, 0xF8, 0x37, 0x31, 0xC0, 0xDC,
    0xF7, 0x03, 0x71, 0xF8, 0x1D, 0xC3, 0xE0, 0x77, 0x1F, 0xF0, 0xDF, 0xE3, 0xE0, 0x3E, 0x63, 0x83,
    0xF3, 0xC0, 0x0F, 0xBC, 0x00, 0x0F, 0xEC, 0x00, 0x1E, 0x38, 0x09, 0xFF, 0xF8, 0x3F, 0xFF, 0xE0,
    0xFF, 0xD9, 0xC0, 0x73, 0x78, 0x03, 0xCC, 0xF8, 0x1F, 0x31, 0xF1, 0xEF, 0xC1, 0xC6, 0x1F, 0x03,
    0x00, 0x1C, 0x00, 0x00, 0x07, 0xC1, 0xFF, 0xFF, 0x0F, 0xFF, 0xF8, 0x70, 0xE7, 0xC3, 0xFF, 0xFE,
    0x1F, 0xFF, 0xF0, 0xE1, 0x87, 0x07, 0xFF, 0xFC, 0x3F, 0xFF, 0xC0, 0xC7, 0xB8, 0x03, 0xF3, 0xC0,
    0x1F, 0xBC, 0x00, 0x7F, 0xF8, 0x00, 0xF8, 0xE1, 0xFF, 0xFF, 0x8F, 0xFF, 0xFE, 0x3F, 0xF2, 0x30,
    0x33, 0xBC, 0x07, 0x9C, 0xF8, 0x7C, 0xE1, 0xEF, 0x3F, 0x07, 0xE0, 0xF8, 0x08, 0x01, 0xC0, 0x00,
    0x00, 0x18, 0x00, 0x06, 0x1D, 0xC0, 0x06, 0x0C, 0xE0, 0x0E, 0x0C, 0x70, 0x0E, 0x0E, 0x30, 0x1D,
    0xCE, 0x00, 0x39, 0xCF, 0xF0, 0x79, 0xFF, 0xF0, 0x7B, 0xBF, 0x80, 0x3F, 0x16, 0x00, 0x0F, 0x07,
    0x7C, 0x0E, 0x1F, 0xFC, 0x1C, 0x7F, 0xF0, 0x1F, 0xFF, 0x18, 0x7F, 0x83, 0xB8, 0x7C, 0x03, 0xF8,
    0x00, 0x61, 0xF3, 0x03, 0xC3, 0xE3, 0x0F, 0x8F, 0xE3, 0x7E, 0x3E, 0x73, 0x78, 0xF8, 0x7F, 0x61,
    0xC0, 0x3F, 0x00, 0x00, 0x1E, 0x00, 0x00, 0x04, 0x04, 0x00, 0x00, 0x1C, 0x00, 0x00, 0x38, 0x00,
    0x00, 0x73, 0xFF, 0xE1, 0xDF, 0xFF, 0xC3, 0x3F, 0x73, 0x9E, 0xEC, 0xE7, 0x79, 0xD9, 0xCE, 0x7F,
    0x33, 0x9C, 0x3E, 0x67, 0x38, 0x38, 0xFF, 0xF0, 0x71, 0xFF, 0xE1, 0xDB, 0xB9, 0xCF, 0xF6, 0x73,
    0x9F, 0xCE, 0xE6, 0x1C, 0x1D, 0xCC, 0x01, 0xFB, 0x98, 0x0F, 0x77, 0x30, 0xFC, 0xFF, 0xF7, 0xE1,
    0xFF, 0xE7, 0x03, 0x80, 0x00, 0x00, 0x00, 0x00, 0x06, 0x00, 0x00, 0x06, 0x0F, 0xF0, 0x0E, 0x7F,
    0xF0, 0x0E, 0xBF, 0xF0, 0x1D, 0xC0, 0xE0, 0x39, 0xC0, 0xE0, 0x79, 0xC1, 0xC0, 0xFB, 0x87, 0xC0,
    0x7F, 0x0F, 0xF0, 0x1F, 0x1E, 0x78, 0x0E, 0x78, 0x3C, 0x0C, 0xF0, 0x1C, 0x1F, 0xA7, 0xF0, 0x7F,
    0xBF, 0xF8, 0x7E, 0x3F, 0xF0, 0x20, 0x43, 0x00, 0x01, 0xC3, 0x00, 0x0F, 0x83, 0x00, 0x7E, 0x03,
    0x00, 0xFD, 0xFF, 0xFE, 0x70, 0xFF, 0xFF, 0x00, 0xFF, 0xE0, 0x00, 0x02, 0x00, 0x06, 0x07, 0x00,
    0x06, 0x07, 0x00, 0x0E, 0x0E, 0xE0, 0x0E, 0x8F, 0xF0, 0x1C, 0xDF, 0xF0, 0x19, 0xDC, 0x60, 0x79,
    0xFC, 0xE0, 0xFB, 0xFF, 0xC0, 0x7F, 0xE7, 0xC0, 0x1F, 0xC3, 0x80, 0x0E, 0x07, 0xE0, 0x0E, 0x0E,
    0xF0, 0x1F, 0x9C, 0x7C, 0x7F, 0xF8, 0x3F, 0x7E, 0xFF, 0xFF, 0x30, 0x1F, 0xFA, 0x01, 0xD8, 0x30,
    0x07, 0x98, 0x30, 0x7F, 0x18, 0x30, 0xFC, 0x1F, 0xF0, 0x70, 0x1F, 0xF0, 0x00, 0x1F, 0xF0, 0x00,
    0x08, 0x00, 0x00, 0x00, 0x00, 0x06, 0x03, 0x80, 0x06, 0x03, 0x80, 0x0E, 0x03, 0x80, 0x0E, 0x3F,
    0xFC, 0x1D, 0xFF, 0xFC, 0x19, 0xFF, 0x80, 0x7B, 0x87, 0x40, 0xFB, 0x86, 0xE0, 0x7F, 0x0E, 0x70,
    0x1F, 0x1F, 0xF8, 0x0E, 0x7F, 0xFC, 0x1C, 0x7F, 0xCC, 0x1F, 0x8E, 0xC0, 0x7F, 0x0E, 0xC0, 0x7C,
    0x0E, 0xC0, 0x00, 0x4C, 0xC3, 0x01, 0xDC, 0xC3, 0x0F, 0x98, 0xC3, 0x7E, 0x38, 0xC7, 0xFC, 0x70,
    0xFF, 0x70, 0xE0, 0xFE, 0x01, 0xC0, 0x7C, 0x00, 0x00, 0x00, 0x06, 0x01, 0x80, 0x0E, 0x71, 0xC0,
    0x0E, 0x70, 0xC0, 0x0C, 0x74, 0xDC, 0x1D, 0x7E, 0xDC, 0x39, 0xF6, 0xD8, 0x79, 0xF7, 0xF0, 0xFB,
    0xF3, 0xE0, 0x7F, 0x7F, 0xFC, 0x1F, 0x7F, 0xFC, 0x0E, 0x77, 0xE0, 0x0C, 0x73, 0xF0, 0x1F, 0xF3,
    0xF8, 0x7F, 0xF7, 0xF8, 0x7E, 0x76, 0xDC, 0x30, 0x7C, 0xCC, 0x03, 0xF9, 0xC8, 0x0F, 0x71, 0xC0,
    0x7E, 0x70, 0xC0, 0xF8, 0x7F, 0xFE, 0x70, 0x7F, 0xFE, 0x00, 0x70, 0x00, 0x00, 0x20, 0x00, 0x06,
    0x07, 0x00, 0x0E, 0x03, 0x00, 0x0E, 0x03, 0x08, 0x0C, 0x03, 0xDC, 0x1D, 0xBF, 0xFC, 0x39, 0xBF,
    0xF8, 0x7B, 0x83, 0x70, 0xFB, 0x83, 0xFE, 0x7F, 0xFF, 0xFF, 0x1E, 0x7F, 0xFE, 0x0E, 0x07, 0x80,
    0x1C, 0x0F, 0xF0, 0x1F, 0x9F, 0xF8, 0x7F, 0xFF, 0xF8, 0x7C, 0xFC, 0x38, 0x00, 0xDF, 0xF8, 0x03,
    0x9F, 0xF0, 0x1F, 0x1F, 0xB0, 0x7E, 0x1C, 0x30, 0x78, 0x1F, 0xF0, 0x60, 0x1F, 0xF8, 0x00, 0x1F,
    0xE0, 0x00, 0x0C, 0x00, 0x00, 0x00, 0x00, 0x0C, 0x07, 0x00, 0x38, 0x0E, 0x00, 0x70, 0x1F, 0x80,
    0xC1, 0xFF, 0x83, 0xB3, 0xFE, 0x0E, 0x60, 0xE0, 0x3D, 0xFF, 0xFE, 0xFB, 0xFF, 0xFC, 0xFE, 0x73,
    0x38, 0x78, 0x77, 0x60, 0x70, 0x7E, 0x81, 0xC3, 0x7C, 0x03, 0xFF, 0x38, 0x1F, 0xE7, 0x70, 0x3E,
    0x06, 0xDE, 0x00, 0xFF, 0xFE, 0x07, 0xFF, 0xF8, 0x7C, 0x1F, 0x83, 0xE0, 0x7F, 0x87, 0x81, 0xE7,
    0x8C, 0x1F, 0x03, 0x80, 0x78, 0x03, 0x00, 0x80, 0x00, 0x00, 0x04, 0x00, 0x06, 0x06, 0x00, 0x06,
    0x0E, 0x60, 0x0E, 0x0E, 0x70, 0x0E, 0x0C, 0xE0, 0x1D, 0xDC, 0xE0, 0x19, 0xDF, 0xFC, 0x79, 0xBF,
    0xFC, 0xFB, 0xB9, 0xC0, 0x7F, 0x79, 0xC0, 0x1F, 0x7F, 0xF8, 0x0E, 0x1F, 0xFC, 0x0E, 0x1F, 0xC0,
    0x1F, 0xD9, 0xC0, 0x7F, 0x9F, 0xFC, 0x7E, 0x1F, 0xFC, 0x20, 0x5F, 0xE0, 0x01, 0xD9, 0xC0, 0x0F,
    0x99, 0xC0, 0x7E, 0x1F, 0xFE, 0xFC, 0x1F, 0xFF, 0x70, 0x3C, 0x00, 0x00, 0x38, 0x00, 0x00, 0x18,
    0x00, 0x00, 0x00, 0x10, 0x0E, 0x00, 0x78, 0x0E, 0x03, 0xF8, 0x0E, 0x7F, 0xF0, 0x1C, 0x7E, 0x38,
    0x1D, 0xF7, 0x70, 0x3B, 0xBB, 0x60, 0xF3, 0x9B, 0xF0, 0xF7, 0x7F, 0xF8, 0x7F, 0x3F, 0xF8, 0x1E,
    0x0E, 0x3C, 0x0C, 0xFF, 0xFE, 0x1C, 0xFF, 0xFC, 0x7F, 0x9F, 0xF0, 0x7F, 0x1F, 0xF8, 0x78, 0x3F,
    0xF0, 0x01, 0xFE, 0x70, 0x07, 0xF7, 0xE0, 0x3E, 0x63, 0xC0, 0xFC, 0xC7, 0xE0, 0xF1, 0x8F, 0xF8,
    0x41, 0x3C, 0x7E, 0x00, 0xF0, 0x1E, 0x00, 0x00, 0x04, 0x00, 0x06, 0x00, 0x0C, 0x1E, 0x00, 0x18,
    0x1E, 0x00, 0x70, 0x0C, 0x00, 0xE7, 0xFF, 0x83, 0xBF, 0xFF, 0x06, 0x7C, 0x06, 0x3C, 0xF8, 0x1C,
    0x7B, 0xFF, 0xFC, 0x7E, 0xFF, 0xF0, 0x3D, 0xC0, 0x00, 0x73, 0xFF, 0xE0, 0xCF, 0xFF, 0xEF, 0xFF,
    0x6D, 0xDF, 0xDE, 0xDB, 0x9C, 0x3F, 0xFF, 0x01, 0xFF, 0xFE, 0x0F, 0xFE, 0xDC, 0x7B, 0xED, 0xBF,
    0xE7, 0xDB, 0x77, 0x1B, 0xBF, 0xE0, 0x37, 0x6F, 0xC0, 0x4E, 0x07, 0x00, 0x00, 0x06, 0x00, 0x1F,
    0xFF, 0xFF, 0xFF, 0xFF, 0xFF, 0xF0, 0xC7, 0x7E, 0x18, 0xEF, 0xC3, 0x9D, 0xFE, 0xFB, 0xBF, 0xFF,
    0xF7, 0xEF, 0x3C, 0xFC, 0xE3, 0x9F, 0x9C, 0x7B, 0xF3, 0xCF, 0x7E, 0xFB, 0xFF, 0xDB, 0xE7, 0xFF,
    0x3C, 0xFF, 0xC3, 0x07, 0xF0, 0xE0, 0xFC, 0x18, 0x9F, 0x86, 0x1F, 0xF0, 0x03, 0xFE, 0x00, 0x1E,
    0x80, 0x01, 0x80, 0x00, 0x1F, 0xF0, 0x3F, 0xFF, 0xE0, 0x7F, 0xF9, 0xC0, 0xE7, 0x7F, 0x80, 0xFF,
    0xFF, 0x01, 0xFF, 0xF0, 0x03, 0x0F, 0xFE, 0x1F, 0xFF, 0xFC, 0x1F, 0xFE, 0x00, 0x0F, 0xFF, 0x80,
    0x1F, 0xFF, 0x00, 0x3E, 0x7E, 0x00, 0x7F, 0xFC, 0x00, 0xFF, 0xF8, 0x01, 0xFF, 0xF0, 0x03, 0xFF,
    0xE0, 0x07, 0x0F, 0xC0, 0x0F, 0xFF, 0x80, 0x1F, 0xFF, 0x04, 0xFF, 0xFF, 0xFF, 0xFF, 0xFF, 0xEF,
    0xFF, 0x80, 0x00, 0x00, 0x20, 0x00, 0x00, 0xE0, 0x7E, 0x0F, 0xFF, 0xFE, 0x3F, 0xFF, 0xFE, 0x37,
    0x61, 0xC6, 0x3F, 0xE1, 0xC6, 0x1F, 0xFD, 0xF6, 0x7F, 0xFF, 0xFE, 0x7F, 0xFF, 0xBE, 0x0F, 0xC7,
    0x9E, 0x1F, 0xF3, 0x8E, 0x3F, 0x73, 0x9E, 0xF7, 0xF7, 0x9E, 0xFF, 0xFF, 0xBE, 0x3F, 0xFD, 0xF6,
    0x37, 0x7D, 0xF6, 0x3F, 0xF9, 0xE6, 0x3F, 0xE1, 0x86, 0x3F, 0x69, 0x86, 0x3F, 0xEF, 0xBE, 0x3F,
    0xE7, 0xBE, 0x38, 0x03, 0x8E, 0x10, 0x00, 0x04, 0x02, 0x00, 0x00, 0x01, 0x80, 0x0C, 0x00, 0xC0,
    0x0E, 0x00, 0x60, 0x0F, 0x00, 0x3E, 0x1F, 0x01, 0xFF, 0xBE, 0x00, 0xFF, 0xFF, 0x00, 0x06, 0xD3,
    0x80, 0x3F, 0xE1, 0xFC, 0x0F, 0xFF, 0xFE, 0x00, 0xC7, 0xFC, 0x0F, 0xFE, 0x38, 0x07, 0xFF, 0x1C,
    0x60, 0x38, 0x1F, 0xF8, 0x3F, 0xFF, 0xF8, 0x1F, 0xFF, 0x80, 0x1F, 0xF1, 0xC1, 0x9D, 0xB8, 0xE0,
    0xCC, 0xC0, 0x70, 0x6C, 0x60, 0x38, 0x74, 0x30, 0x1F, 0xF8, 0x18, 0x07, 0xF8, 0x0C, 0x01, 0xF8,
    0x06, 0x00, 0x00, 0x00, 0x04, 0x00, 0x0C, 0x0C, 0x00, 0x1C, 0x18, 0x00, 0x74, 0x30, 0xC0, 0xFC,
    0x67, 0x83, 0x9C, 0xFF, 0x0F, 0xFD, 0xFB, 0x7F, 0xFB, 0x86, 0xFF, 0x3E, 0x0C, 0x41, 0xAF, 0xF8,
    0xFF, 0x9F, 0xF1, 0xFF, 0x7F, 0xC3, 0x86, 0x60, 0x07, 0xFC, 0xC3, 0x0F, 0xF9, 0x8E, 0x1C, 0x33,
    0xFC, 0x3F, 0xE7, 0xE6, 0x7F, 0xCE, 0x0C, 0xE1, 0x98, 0x19, 0x83, 0x30, 0x33, 0x36, 0x7F, 0xE6,
    0x7C, 0xFF, 0xCC, 0x78, 0xFF, 0x08, 0x30, 0x00, 0x00, 0x18, 0x00, 0x3F, 0x1C, 0x00, 0x3F, 0x9C,
    0xFE, 0x3B, 0x9C, 0x7F, 0x3B, 0x9F, 0x7F, 0x3B, 0xFF, 0xE7, 0x3F, 0xFF, 0x67, 0x3F, 0x9C, 0x67,
    0x3B, 0x9C, 0x67, 0x3B, 0xFF, 0xE7, 0x3B, 0xFF, 0xE7, 0x3F, 0xFC, 0x67, 0x3F, 0x9E, 0x66, 0x3F,
    0xBF, 0x7E, 0x3B, 0xB7, 0x7E, 0x33, 0xB3, 0xEE, 0x33, 0xFF, 0xE0, 0x33, 0xFF, 0xE0, 0x7B, 0xF1,
    0xE0, 0x7F, 0x80, 0x60, 0x6F, 0x80, 0x60, 0xC7, 0x00, 0x60, 0x00, 0x00, 0x20, 0x01, 0x80, 0x00,
    0xE0, 0x00, 0xE0, 0x00, 0xF0, 0x0C, 0x73, 0xE7, 0xFF, 0xFB, 0xFF, 0xFC, 0xC0, 0x0E, 0x60, 0x07,
    0x31, 0xFF, 0x9F, 0xFF, 0xCF, 0xFF, 0xE6, 0x00, 0x73, 0x80, 0x39, 0xFF, 0xFC, 0xFF, 0xFE, 0x7F,
    0xE7, 0x38, 0x03, 0x9C, 0x01, 0xCE, 0xFF, 0xE7, 0xFF, 0xF3, 0xFF, 0xF9, 0xC0, 0x00, 0x60, 0x00,
    0x00, 0xC0, 0x00, 0x07, 0x00, 0x00, 0x1C, 0x00, 0x00, 0xE0, 0x00, 0x07, 0xFE, 0x00, 0x3F, 0xF8,
    0x01, 0xE1, 0xE0, 0x07, 0x0F, 0x00, 0x7B, 0xFF, 0xE3, 0xFF, 0xFF, 0x8D, 0xFF, 0xCE, 0x06, 0x1C,
    0x38, 0x18, 0x70, 0xC0, 0x61, 0xFF, 0x01, 0xFF, 0xFE, 0x0F, 0xFF, 0xF1, 0x38, 0x00, 0x0C, 0xE0,
    0x00, 0x33, 0x80, 0x00, 0xCE, 0x00, 0x03, 0x1F, 0xFF, 0xFC, 0x7F, 0xFF, 0xF0, 0xFF, 0xFE, 0x00,
    0x00, 0x04, 0x00, 0x1C, 0x1C, 0x00, 0x70, 0x70, 0x00, 0xC1, 0x80, 0x0F, 0xFF, 0xFB, 0xFF, 0xFF,
    0xEF, 0xFF, 0xC0, 0x00, 0xE3, 0x00, 0x03, 0x8C, 0x00, 0x0F, 0xFF, 0x03, 0xFF, 0xFE, 0x0F, 0xFF,
    0x38, 0x00, 0xE0, 0xE0, 0x03, 0x83, 0x00, 0x0E, 0x0C, 0x00, 0x3A, 0x30, 0x00, 0xEE, 0xC0, 0x03,
    0x9F, 0x00, 0x0E, 0x3C, 0x00, 0x38, 0x60, 0x00, 0xE0, 0x00, 0x03, 0x80, 0x00, 0x0E, 0x00, 0x00,
    0x18, 0x00, 0x00, 0x02, 0x00, 0x07, 0x0E, 0x00, 0x0E, 0x1C, 0x00, 0x0C, 0x38, 0xE7, 0xFF, 0xFF,
    0xFF, 0xFF, 0xFF, 0x9F, 0xF1, 0x80, 0x00, 0xE3, 0x00, 0x0D, 0xE4, 0x20, 0x1E, 0x7F, 0xE0, 0x1E,
    0xFF, 0xC1, 0x1D, 0xC1, 0x87, 0x83, 0x87, 0x07, 0x87, 0x0E, 0x07, 0xAF, 0x1C, 0x02, 0xDF, 0xF8,
    0x03, 0xBB, 0xE6, 0x0E, 0x73, 0xCC, 0x38, 0xE0, 0x18, 0xF1, 0xC0, 0x33, 0xC3, 0xFF, 0xEF, 0x07,
    0xFF, 0xCC, 0x03, 0xFE, 0x00, 0x00, 0x02, 0x00, 0x01, 0xC3, 0x80, 0x01, 0xC3, 0x80, 0x01, 0xCF,
    0xFC, 0x7F, 0xFF, 0xFE, 0x3F, 0xFF, 0xC0, 0x00, 0xC6, 0x00, 0x00, 0xC6, 0x60, 0x1C, 0xC3, 0xF0,
    0x0F, 0xC3, 0xB8, 0x0F, 0xC3, 0x9C, 0x07, 0x03, 0x88, 0x1F, 0x7F, 0xFC, 0x3B, 0xFF, 0xFE, 0x63,
    0xFF, 0x80, 0x07, 0x87, 0x80, 0x0F, 0x87, 0xC0, 0x3D, 0x87, 0xE0, 0x71, 0x8E, 0xE0, 0xE1, 0x9C,
    0x78, 0x1B, 0xB8, 0x3C, 0x0F, 0xF0, 0x1E, 0x07, 0xE0, 0x0F, 0x03, 0x80, 0x02, 0x00, 0x02, 0x00,
    0x03, 0x83, 0x80, 0x01, 0x83, 0x80, 0x01, 0xFF, 0xFC, 0x7F, 0xFF, 0xFC, 0x7F, 0xFF, 0x00, 0x01,
    0xDE, 0x00, 0x18, 0xDC, 0x00, 0x1E, 0x3F, 0xE0, 0x0F, 0x3F, 0xE0, 0x07, 0x7C, 0xE0, 0x60, 0xFD,
    0xC0, 0x79, 0xDF, 0x80, 0x3D, 0x8F, 0x80, 0x1C, 0x1F, 0xE0, 0x06, 0x7C, 0xFC, 0x07, 0xFF, 0xFF,
    0x0F, 0xFF, 0xEE, 0x0C, 0x7F, 0xE0, 0x1C, 0x30, 0x60, 0x38, 0x30, 0xE0, 0x70, 0x3F, 0xE0, 0x70,
    0x3F, 0xE0, 0x00, 0x30, 0x00, 0x00, 0x06, 0x00, 0x01, 0x87, 0x00, 0x01, 0xC7, 0x00, 0x01, 0xFF,
    0xFC, 0x7F, 0xFF, 0xFC, 0x7F, 0xFE, 0x70, 0x01, 0xC6, 0x78, 0x36, 0xC7, 0xFC, 0x3F, 0xFF, 0xF0,
    0x3F, 0xFF, 0xC0, 0x3F, 0xFF, 0x30, 0x3F, 0xFF, 0xB8, 0x3F, 0xFB, 0xB8, 0x17, 0xFF, 0xB0, 0xFF,
    0xFF, 0xF0, 0xFF, 0xCD, 0xE0, 0x3E, 0xFE, 0xE2, 0x36, 0xF8, 0xE3, 0x36, 0xFD, 0xE3, 0x7E, 0xFF,
    0xF3, 0x6C, 0xFF, 0x3F, 0xDC, 0x07, 0x1E, 0x98, 0x06, 0x1E, 0x10, 0x00, 0x06, 0x01, 0x80, 0x00,
    0x00, 0xE0, 0x00, 0x00, 0xE7, 0xFF, 0x00, 0xE3, 0xFF, 0x80, 0x70, 0xC0, 0x00, 0x70, 0x00, 0x00,
    0x76, 0x00, 0x00, 0x73, 0x80, 0xFE, 0x23, 0xFF, 0xFF, 0x83, 0xFF, 0xFF, 0x81, 0xC0, 0x38, 0x01,
    0xC0, 0x1C, 0x01, 0xE0, 0x0E, 0x01, 0xF0, 0x07, 0x01, 0xD8, 0x03, 0x80, 0xCC, 0x01, 0xC0, 0xC6,
    0x00, 0xE0, 0x03, 0x00, 0x70, 0x01, 0x80, 0x38, 0x00, 0xC1, 0xDC, 0x00, 0x60, 0xFE, 0x00, 0x30,
    0x1F, 0x00, 0x18, 0x03, 0x00, 0x00, 0x18, 0x00, 0x00, 0x0E, 0x00, 0x00, 0x07, 0x00, 0x00, 0x03,
    0x8C, 0x00, 0x7F, 0xFF, 0x00, 0x3F, 0xFF, 0x80, 0x00, 0x70, 0x00, 0x07, 0xFF, 0xC0, 0x03, 0xFF,
    0xE0, 0x00, 0xEE, 0x00, 0x00, 0x3F, 0xFF, 0x87, 0xFF, 0xFF, 0xC1, 0xFF, 0xFB, 0x00, 0x07, 0xE3,
    0x80, 0x07, 0xBB, 0xC0, 0x07, 0x8F, 0xC0, 0x07, 0xC3, 0x80, 0x0F, 0x60, 0xF0, 0x0F, 0x31, 0x3C,
    0x1E, 0x1B, 0x8F, 0xC0, 0x0F, 0x83, 0xF8, 0x3F, 0x00, 0x7C, 0x1E, 0x00, 0x0C, 0x04, 0x00, 0x00,
    0x00, 0x01, 0x80, 0x06, 0x00, 0xE0, 0x03, 0x80, 0x70, 0x01, 0xE0, 0x38, 0x00, 0x73, 0x1F, 0xE0,
    0x19, 0xFF, 0xF1, 0xFF, 0x7F, 0xF8, 0xFF, 0xB3, 0x98, 0x33, 0x99, 0xCC, 0x01, 0xCC, 0xEC, 0x01,
    0xFE, 0x7F, 0x00, 0xDF, 0xFF, 0x80, 0xFF, 0xFF, 0xC0, 0xFD, 0xF8, 0xE0, 0xFF, 0xFC, 0x60, 0xED,
    0xF7, 0x70, 0x66, 0x31, 0xF0, 0x63, 0x18, 0xF8, 0x01, 0x9C, 0x7C, 0x00, 0xCC, 0x7F, 0x00, 0x6E,
    0x79, 0xE0, 0x36, 0x78, 0x7C, 0x1E, 0xF0, 0x1E, 0x04, 0x60, 0x02, 0x00, 0x0C, 0x00, 0x03, 0x8E,
    0x00, 0x03, 0x8E, 0x80, 0x03, 0x8F, 0xC0, 0x03, 0xFF, 0xE0, 0x1F, 0xFE, 0xF0, 0x1F, 0xE6, 0x70,
    0x03, 0x87, 0xFC, 0xFF, 0xFF, 0xFC, 0xFF, 0xFF, 0xF8, 0x73, 0x87, 0x10, 0x01, 0x83, 0x38, 0x3F,
    0xFF, 0xB8, 0x3F, 0xFF, 0xF0, 0x07, 0x39, 0xF0, 0x0F, 0xB9, 0xE0, 0x1F, 0xF1, 0xC2, 0x7E, 0xF1,
    0xE3, 0xFE, 0x7B, 0xE7, 0x8F, 0xFF, 0x76, 0x0F, 0x9E, 0x3E, 0x1F, 0x1C, 0x3E, 0x1C, 0x38, 0x1E,
    0x00, 0x00, 0x00, 0x00, 0x02, 0x00, 0x01, 0x83, 0x80, 0x11, 0xC3, 0x80, 0x39, 0xC3, 0x80, 0x1D,
    0xC3, 0xB8, 0x0F, 0xFF, 0xFC, 0x07, 0xFF, 0xFC, 0x07, 0xC3, 0x80, 0x1F, 0xC3, 0xB0, 0x7D, 0xDF,
    0xF8, 0x79, 0xFF, 0xF8, 0x01, 0xF0, 0x00, 0x00, 0xB3, 0xF8, 0x7F, 0xFF, 0xFC, 0x3F, 0xFF, 0xF8,
    0x01, 0xF8, 0xE0, 0x03, 0xDF, 0xE0, 0x0F, 0x8F, 0x80, 0x3F, 0x87, 0x80, 0xFB, 0x9F, 0xE0, 0xE3,
    0xF8, 0xFC, 0x0F, 0xE0, 0x3F, 0x0F, 0x80, 0x1E, 0x04, 0x00, 0x00, 0x1C, 0x00, 0x00, 0x07, 0x00,
    0xFF, 0x00, 0xE3, 0x1F, 0xC0, 0x1C, 0xE6, 0x30, 0x07, 0x1D, 0xFC, 0x1F, 0xE3, 0x7F, 0x07, 0xF8,
    0x1F, 0xC0, 0xEC, 0x06, 0x70, 0x07, 0x7D, 0xFC, 0x01, 0xFF, 0x7F, 0x00, 0xFD, 0xDE, 0x60, 0x7E,
    0xE7, 0xF8, 0x1F, 0x31, 0xFC, 0x0F, 0xEF, 0x6E, 0x07, 0xFD, 0xD9, 0xC3, 0xBA, 0x37, 0xF8, 0xCE,
    0x1F, 0xE7, 0x03, 0x8F, 0xF1, 0xC0, 0xFF, 0xF0, 0x20, 0x3B, 0xFF, 0xF8, 0x0E, 0x03, 0xFF, 0x83,
    0x80, 0x07, 0xE0, 0x40, 0x00, 0x00, 0x00, 0x00, 0x00, 0x07, 0xFF, 0xFC, 0x03, 0xFF, 0xFE, 0x00,
    0xFC, 0x60, 0x00, 0x06, 0x7F, 0x00, 0x7F, 0xFF, 0xC0, 0x3F, 0xFF, 0xE0, 0x1C, 0xCE, 0x70, 0x0E,
    0x67, 0x38, 0x03, 0xFF, 0xFC, 0x01, 0xFF, 0xFE, 0x00, 0xC6, 0x00, 0x00, 0x07, 0x3F, 0xF3, 0xFF,
    0xFF, 0xF9, 0xFF, 0xFF, 0xF8, 0x03, 0x87, 0x00, 0x03, 0xC7, 0x80, 0x01, 0xFF, 0x80, 0x00, 0x1F,
    0xE0, 0x00, 0x1F, 0xFC, 0x00, 0x7F, 0x1F, 0x81, 0xFC, 0x03, 0xC0, 0xC0, 0x00, 0x20, 0x02, 0x01,
    0xC0, 0x07, 0xFF, 0xE0, 0x03, 0xFF, 0xE0, 0x03, 0x00, 0x60, 0x03, 0x00, 0x60, 0x03, 0x38, 0x60,
    0x03, 0x1C, 0x60, 0x03, 0x18, 0xE0, 0x03, 0x18, 0xE0, 0x03, 0x38, 0xE0, 0x03, 0x38, 0xE0, 0x03,
    0x3E, 0xE0, 0x03, 0x3E, 0xE0, 0x03, 0x76, 0xE2, 0x03, 0x76, 0x63, 0x00, 0xF6, 0x03, 0x01, 0xE6,
    0x03, 0x03, 0xCE, 0x07, 0x07, 0x8E, 0x07, 0x0F, 0x07, 0xFF, 0x3C, 0x07, 0xFE, 0xF0, 0x03, 0xFC,
    0x40, 0x00, 0x00, 0x01, 0x86, 0x00, 0x23, 0x8E, 0x00, 0xE7, 0x1C, 0x20, 0xCE, 0x7F, 0xE1, 0x9C,
    0xFF, 0xC3, 0x3B, 0xE0, 0x06, 0x77, 0xF0, 0x0C, 0xFC, 0xF8, 0x19, 0xF0, 0x78, 0x0B, 0x41, 0x60,
    0x1F, 0xFF, 0x00, 0x3F, 0xFE, 0x00, 0x63, 0x0C, 0x00, 0xE7, 0x18, 0x01, 0xCC, 0x30, 0x03, 0xB8,
    0xE0, 0x07, 0x7D, 0xC6, 0x0F, 0xDB, 0x8C, 0x0F, 0xB3, 0x18, 0x1E, 0x60, 0x70, 0x78, 0xF3, 0xE7,
    0xC1, 0xFF, 0xFE, 0x01, 0xFF, 0x20, 0x00, 0x00, 0x00, 0x00, 0x00, 0x03, 0x80, 0x00, 0x01, 0xC0,
    0x7F, 0x01, 0xF9, 0xFF, 0xC0, 0xFE, 0x7F, 0xE0, 0xEE, 0x0E, 0x70, 0xE6, 0x06, 0x30, 0x7F, 0xE7,
    0xF8, 0x7F, 0xF7, 0x7C, 0x2D, 0xBF, 0xBE, 0x06, 0xDE, 0xD8, 0x03, 0xFE, 0x6F, 0x83, 0xFF, 0x7F,
    0xE1, 0xDB, 0xBF, 0xF0, 0xED, 0xF9, 0x80, 0x7F, 0xF8, 0xCE, 0x3F, 0xFF, 0xFF, 0x99, 0xBF, 0xFF,
    0x8C, 0xDC, 0x18, 0x0E, 0x6E, 0x0C, 0x06, 0x3F, 0x06, 0x03, 0x07, 0x83, 0x03, 0x01, 0xC1, 0x80,
    0x00, 0x00, 0xC0, 0x00, 0xE0, 0x00, 0x01, 0xFC, 0x00, 0x01, 0xFC, 0x00, 0x00, 0x78, 0x67, 0xFF,
    0xFF, 0xFF, 0xFF, 0xFF, 0xDF, 0xF8, 0x00, 0x00, 0x1F, 0xE0, 0x07, 0xFF, 0xC0, 0x0F, 0xFF, 0x00,
    0x00, 0x02, 0x00, 0x3F, 0xFE, 0x00, 0x7F, 0xFC, 0x00, 0x00, 0x00, 0x01, 0x87, 0xF0, 0x03, 0xFF,
    0xE0, 0x07, 0xFF, 0xC0, 0x0E, 0x03, 0x80, 0x1C, 0x07, 0x00, 0x3F, 0xFE, 0x00, 0x7F, 0xFC, 0x00,
    0xFF, 0xF8, 0x00, 0xC0, 0x00, 0x00, 0x00, 0x03, 0x00, 0x00, 0x03, 0x80, 0x1C, 0x03, 0x80, 0x1E,
    0x03, 0x80, 0x0F, 0x03, 0x80, 0x07, 0x83, 0x80, 0x03, 0x83, 0x80, 0x00, 0x03, 0x80, 0x04, 0x7F,
    0xFE, 0xFE, 0xFF, 0xFE, 0xFE, 0x7F, 0xF0, 0x06, 0x03, 0x80, 0x06, 0x03, 0x80, 0x06, 0x03, 0x80,
    0x0E, 0x03, 0x80, 0x0E, 0x03, 0x80, 0x0E, 0xE3, 0x80, 0x0F, 0xC3, 0x80, 0x0F, 0x83, 0x80, 0x1F,
    0x03, 0x80, 0x1E, 0x03, 0x80, 0x00, 0x03, 0x80, 0x00, 0x03, 0x80, 0x00, 0x01, 0x80, 0x00, 0x01,
    0x00, 0x06, 0x00, 0xE0, 0x03, 0x80, 0x70, 0x00, 0xF0, 0x38, 0x00, 0x3C, 0x1C, 0x00, 0x0E, 0x0E,
    0x00, 0x02, 0x06, 0x00, 0x00, 0x07, 0x00, 0x1E, 0x03, 0x80, 0x3F, 0x81, 0xC0, 0x1F, 0xC0, 0xF0,
    0x00, 0xE0, 0x78, 0x00, 0x70, 0x7E, 0x00, 0x38, 0x3F, 0x00, 0x1C, 0x1D, 0xC0, 0x0C, 0x5C, 0xE0,
    0x06, 0xEE, 0x38, 0x03, 0xEE, 0x1E, 0x03, 0xEE, 0x07, 0x03, 0xE6, 0x01, 0xC0, 0xE7, 0x00, 0xF0,
    0x07, 0x00, 0x3C, 0x06, 0x00, 0x0C, 0x18, 0x00, 0x00, 0x1C, 0x7F, 0xF8, 0x1E, 0x7F, 0xF8, 0x0F,
    0x3F, 0x38, 0x07, 0x00, 0x38, 0x03, 0x00, 0x38, 0x00, 0x00, 0x30, 0xBE, 0x20, 0x30, 0xFE, 0x3F,
    0xF8, 0xFE, 0x3F, 0xF8, 0x0E, 0x38, 0x00, 0x0E, 0x38, 0x00, 0x0E, 0x38, 0x00, 0x0E, 0x38, 0x02,
    0x0E, 0x78, 0x03, 0x0F, 0xF8, 0x07, 0x0F, 0xB8, 0x07, 0x0F, 0x38, 0x06, 0x1E, 0x3F, 0xFE, 0x1E,
    0x1F, 0xFE, 0x00, 0x07, 0xF0, 0x18, 0x3F, 0xC0, 0x38, 0x7F, 0x80, 0x38, 0xF3, 0x00, 0x79, 0xC6,
    0x00, 0x73, 0x0C, 0x00, 0x6E, 0x18, 0x00, 0x1C, 0x3F, 0xFF, 0x70, 0x7F, 0xFE, 0xC0, 0x00, 0xFF,
    0xFF, 0xC0, 0x39, 0xFF, 0x80, 0x71, 0xE7, 0x00, 0xE3, 0x9C, 0x01, 0xC7, 0x38, 0x03, 0x37, 0xE0,
    0x06, 0xC7, 0x80, 0x0F, 0x8F, 0x80, 0x3E, 0x7F, 0x80, 0x79, 0xE7, 0xE0, 0xEF, 0x03, 0xF0, 0x3C,
    0x01, 0xE0, 0x40, 0x00, 0x80, 0x18, 0x00, 0x00, 0x1C, 0x01, 0xFC, 0x1E, 0x7F, 0xFC, 0x0F, 0x3F,
    0xFC, 0x07, 0x01, 0x80, 0x03, 0x01, 0x80, 0x00, 0x01, 0x80, 0x3C, 0x21, 0x80, 0xFE, 0x39, 0x80,
    0x7E, 0x39, 0xF8, 0x0E, 0x39, 0xFC, 0x0E, 0x39, 0x80, 0x0E, 0x39, 0x80, 0x0E, 0x39, 0x80, 0x0C,
    0x79, 0x80, 0x0D, 0xF9, 0x80, 0x0F, 0xB9, 0x80, 0x0F, 0x39, 0x84, 0x1E, 0xFF, 0xFF, 0x1C, 0xFF,
    0xFF, 0x00, 0x02, 0x00, 0x00, 0x03, 0x80, 0x18, 0x07, 0x00, 0x1C, 0x07, 0x80, 0x0E, 0x0F, 0x80,
    0x07, 0x0F, 0xC0, 0x07, 0x1C, 0xF0, 0x00, 0x3B, 0xF8, 0x00, 0x73, 0xBC, 0xFE, 0xE7, 0x1E, 0xFE,
    0xCE, 0xCF, 0x0E, 0x9C, 0xE2, 0x0E, 0x39, 0xC0, 0x0E, 0x73, 0xC0, 0x0E, 0x07, 0xB8, 0x0E, 0x0F,
    0x38, 0x0C, 0xDC, 0x70, 0x0F, 0xF0, 0xE0, 0x0F, 0x03, 0xC0, 0x1F, 0x07, 0x80, 0x1E, 0x1F, 0x00,
    0x08, 0x7C, 0x00, 0x01, 0xF0, 0x00, 0x01, 0x80, 0x00, 0x18, 0x03, 0xF8, 0x71, 0xFF, 0xF0, 0xE7,
    0xFF, 0xC1, 0xC0, 0x07, 0x07, 0x00, 0x1C, 0x03, 0xFF, 0x70, 0x07, 0xFD, 0xFF, 0x80, 0x07, 0xFE,
    0x61, 0x1C, 0x39, 0xFE, 0x70, 0xE7, 0xF9, 0xC3, 0x9C, 0x67, 0x0E, 0x73, 0x9C, 0x39, 0xFE, 0x70,
    0xCF, 0xF9, 0xC3, 0xEC, 0x07, 0x0F, 0x00, 0x1C, 0x7C, 0x04, 0x71, 0xE0, 0x1F, 0xC2, 0x00, 0x3F,
    0x00, 0x00, 0x78, 0x00, 0x00, 0x60, 0x00, 0x03, 0x00, 0x00, 0x01, 0xC0, 0x03, 0x00, 0x78, 0x03,
    0xC0, 0x3E, 0x00, 0xF0, 0x1B, 0x80, 0x3C, 0x0C, 0xE0, 0x0E, 0x07, 0x20, 0x02, 0x0F, 0xFC, 0x00,
    0xFF, 0xFE, 0x3F, 0x3F, 0xF8, 0x1F, 0xC0, 0x30, 0x07, 0xC0, 0x18, 0x00, 0x67, 0xFE, 0x00, 0x33,
    0xFF, 0x00, 0x18, 0x31, 0x80, 0x0C, 0x18, 0xE0, 0x06, 0x4C, 0x70, 0x03, 0x66, 0xF8, 0xC1, 0xE7,
    0xEE, 0x61, 0xFF, 0xC3, 0xF1, 0xFF, 0x81, 0xF0, 0x70, 0x00, 0x78, 0x00, 0x00, 0x1C, 0x00, 0x00,
    0x06, 0x00, 0x02, 0x00, 0x00, 0x07, 0x00, 0x60, 0x0E, 0x00, 0xE0, 0x1C, 0x00, 0xE0, 0x3F, 0xC0,
    0xFF, 0xFF, 0xC1, 0xDF, 0xFF, 0x00, 0x03, 0x80, 0x00, 0x07, 0x71, 0xFC, 0x7C, 0xE3, 0xF9, 0xF3,
    0x80, 0x70, 0xFE, 0x00, 0xE0, 0xFD, 0x81, 0xC0, 0xF7, 0x03, 0x83, 0xDE, 0x06, 0x2F, 0x38, 0x0D,
    0xFC, 0xE0, 0x1F, 0xE3, 0x80, 0x3F, 0x1F, 0xC0, 0xF0, 0x7B, 0xC1, 0xC3, 0xE3, 0xC0, 0x0F, 0x03,
    0xC0, 0x38, 0x03, 0x80, 0x00, 0x00, 0x00, 0x00, 0x10, 0x70, 0x18, 0x38, 0x70, 0x1C, 0x1C, 0xE0,
    0x1E, 0x0E, 0xE0, 0x0F, 0x0F, 0xC0, 0x07, 0x7F, 0xFC, 0x03, 0x7F, 0xFC, 0x00, 0x03, 0x80, 0x3C,
    0x03, 0x80, 0xFE, 0x3F, 0xF8, 0x7E, 0x3F, 0xF8, 0x0E, 0x13, 0x80, 0x0E, 0x03, 0x80, 0x0E, 0xFF,
    0xFE, 0x0E, 0xFF, 0xFF, 0x0C, 0xFF, 0x80, 0x0D, 0xC3, 0x80, 0x0F, 0x83, 0x80, 0x0F, 0x03, 0x80,
    0x1E, 0x03, 0x80, 0x1C, 0x03, 0x80, 0x00, 0x03, 0x80, 0x00, 0x03, 0x00, 0x0C, 0x0F, 0xFC, 0x0F,
    0x3F, 0xFF, 0x03, 0xCF, 0xFC, 0x00, 0xF0, 0x60, 0x00, 0x3B, 0xFF, 0x80, 0x09, 0xFF, 0xC0, 0x00,
    0x7F, 0xE0, 0xFC, 0x0C, 0x70, 0x7F, 0x06, 0x38, 0x1F, 0x7F, 0xFF, 0x81, 0xBF, 0xFF, 0xE0, 0xCF,
    0xF8, 0x00, 0x60, 0x00, 0x00, 0x31, 0xFF, 0xE0, 0x19, 0xFF, 0xF0, 0x0D, 0xB0, 0x30, 0x07, 0x98,
    0x18, 0x07, 0xCC, 0x1C, 0x07, 0xC7, 0xFE, 0x01, 0xC3, 0xFF, 0x00, 0x01, 0xC0, 0x00, 0x00, 0x40,
    0x00, 0x00, 0x37, 0xE0, 0x18, 0x3F, 0xF0, 0x1C, 0x3F, 0xF0, 0x0E, 0x30, 0x70, 0x0F, 0x38, 0x70,
    0x07, 0x3F, 0xF0, 0x03, 0x3F, 0xF0, 0x00, 0x18, 0x00, 0xFE, 0x7F, 0xF8, 0xFE, 0x7F, 0xF8, 0x7E,
    0x7F, 0xE0, 0x0E, 0x07, 0x00, 0x0E, 0x07, 0xFC, 0x0F, 0xFF, 0xFE, 0x0E, 0xFF, 0xFC, 0x0C, 0xCF,
    0x80, 0x0D, 0x8F, 0xC0, 0x0F, 0x9C, 0xE0, 0x1F, 0x38, 0x70, 0x1E, 0x70, 0x3C, 0x1D, 0xE0, 0x1F,
    0x01, 0x80, 0x0E, 0x00, 0x00, 0x00, 0x00, 0x03, 0x00, 0x00, 0x03, 0x00, 0x18, 0x03, 0x10, 0x1C,
    0x7F, 0xF8, 0x0E, 0x7F, 0xF8, 0x07, 0x03, 0xF0, 0x03, 0x3F, 0xF0, 0x00, 0x3F, 0xE0, 0x0C, 0x1F,
    0xFE, 0xFF, 0xFF, 0xFE, 0xFE, 0xFF, 0xC0, 0x0E, 0x3F, 0xF0, 0x0E, 0x3F, 0xF8, 0x0E, 0x30, 0x38,
    0x0E, 0x3F, 0xF8, 0x0E, 0x3F, 0xF8, 0x0D, 0xF0, 0x78, 0x0F, 0xBF, 0xF8, 0x0F, 0x3F, 0xF8, 0x1E,
    0x30, 0x38, 0x1C, 0x31, 0xF8, 0x00, 0x71, 0xF8, 0x00, 0x70, 0x78, 0x00, 0x20, 0x30, 0x00, 0x03,
    0x00, 0x00, 0x06, 0x00, 0x60, 0x0C, 0x00, 0xF1, 0xFF, 0x80, 0xF3, 0xFF, 0x80, 0xE3, 0xF0, 0x00,
    0xC0, 0xCF, 0x00, 0x7F, 0xFE, 0x08, 0xFF, 0xFD, 0xFC, 0x23, 0xB3, 0xF8, 0xF7, 0xC0, 0x70, 0xFE,
    0x00, 0xE6, 0x7C, 0x01, 0xCF, 0x38, 0x03, 0x8E, 0xE0, 0x06, 0x05, 0xFE, 0x0C, 0xFF, 0xFE, 0x19,
    0xFF, 0xF0, 0x3E, 0x3B, 0x80, 0x78, 0xF7, 0x83, 0xE3, 0x87, 0xC3, 0x8E, 0x03, 0x80, 0x78, 0x03,
    0x00, 0x40, 0x00, 0x00, 0x00, 0x00, 0x00, 0x03, 0x00, 0x61, 0x83, 0x80, 0x7F, 0xC7, 0x00, 0x7F,
    0xC7, 0x00, 0x30, 0xC7, 0x00, 0x36, 0xC7, 0xFC, 0x36, 0xCF, 0xFE, 0x36, 0xCF, 0xF0, 0x36, 0xDC,
    0x70, 0x36, 0xDE, 0x70, 0x36, 0xDE, 0x70, 0x36, 0xF7, 0x60, 0x36, 0xE3, 0xE0, 0x3F, 0xC3, 0xC0,
    0x3F, 0xC1, 0xC0, 0x3F, 0xC3, 0xC0, 0x0F, 0x83, 0xE0, 0x1D, 0xC7, 0x70, 0x18, 0xEE, 0x38, 0x38,
    0xFC, 0x1C, 0x70, 0x78, 0x1F, 0x40, 0xE0, 0x07, 0x00, 0x00, 0x00, 0x00, 0x18, 0x00, 0x7F, 0x9C,
    0x10, 0x7F, 0xCC, 0x38, 0x7F, 0xCC, 0x78, 0x71, 0xCC, 0x70, 0x7F, 0xCC, 0xE0, 0x7F, 0xCD, 0xC0,
    0x7F, 0xCF, 0x80, 0x7F, 0xCC, 0x1C, 0x7F, 0xFF, 0xFE, 0x7F, 0xFF, 0xFE, 0x7F, 0xDD, 0x80, 0x7F,
    0xCD, 0xC0, 0x7F, 0xCC, 0xC0, 0x7F, 0xCC, 0xE0, 0x7F, 0xCC, 0x70, 0x0F, 0x0C, 0x70, 0x1F, 0x8D,
    0xF8, 0x39, 0xCF, 0x9C, 0x31, 0xCF, 0x1E, 0xE0, 0xFE, 0x0F, 0xC0, 0x38, 0x06, 0x00, 0x00, 0x00,
    0x01, 0x80, 0x00, 0x00, 0xE3, 0xFF, 0x80, 0x71, 0xFF, 0xC0, 0x38, 0x7C, 0xE0, 0xFF, 0x8E, 0x70,
    0x7F, 0xC6, 0x38, 0x07, 0x07, 0x18, 0x03, 0x93, 0xFC, 0x3F, 0xFF, 0x3E, 0x1F, 0xFF, 0x0E, 0x00,
    0x71, 0xFF, 0x81, 0xB8, 0x7F, 0xE0, 0xFF, 0xB8, 0x60, 0x7F, 0xDC, 0x30, 0x37, 0x0E, 0x18, 0x3F,
    0x87, 0xFC, 0x1F, 0xC1, 0xFE, 0x0D, 0xF0, 0xFF, 0x0E, 0x7F, 0xE0, 0x06, 0x07, 0xFF, 0xE7, 0x00,
    0x7F, 0xFF, 0x00, 0x01, 0xFC, 0x00, 0x00, 0x00, 0x03, 0xFF, 0xF0, 0x00, 0xFF, 0xF8, 0x00, 0x78,
    0x0C, 0x00, 0x38, 0x06, 0x00, 0x1C, 0x07, 0x00, 0x0E, 0x0F, 0x80, 0x07, 0xFF, 0xC0, 0x03, 0xFF,
    0xE0, 0x00, 0xCE, 0x00, 0x00, 0xC7, 0x00, 0x00, 0x73, 0x8C, 0x00, 0x39, 0xFF, 0x00, 0x1C, 0xFF,
    0x80, 0x1C, 0x70, 0x00, 0x0F, 0x38, 0x00, 0x0F, 0xFC, 0x00, 0x07, 0xFE, 0x00, 0x07, 0x1F, 0xE0,
    0x07, 0x01, 0xFF, 0xE7, 0x00, 0x1F, 0xFB, 0x00, 0x00, 0xF9, 0x00, 0x00, 0x00, 0x20, 0x48, 0x1E,
    0x1F, 0xF7, 0xFF, 0x8F, 0xFB, 0xFF, 0x87, 0x1D, 0x80, 0x03, 0x8E, 0xC0, 0x01, 0xC7, 0x60, 0x00,
    0x7F, 0xBF, 0xF0, 0x3F, 0xDF, 0xF8, 0x1B, 0x0C, 0x1C, 0x19, 0x86, 0x0E, 0x0E, 0xFB, 0x07, 0x07,
    0x7D, 0xFF, 0x03, 0xB0, 0xFF, 0xC1, 0xF8, 0x7F, 0xE0, 0xFC, 0x30, 0x00, 0x7E, 0x78, 0x00, 0x1F,
    0xFC, 0x00, 0x1F, 0xE7, 0xFF, 0xBF, 0xC3, 0xFF, 0xEF, 0x03, 0xFF, 0xE0, 0x00, 0xC0, 0x00, 0x00,
    0x00, 0x00, 0x00, 0x10, 0xE0, 0x7F, 0xDF, 0xF0, 0x7F, 0xDF, 0xF0, 0x3F, 0xD8, 0x30, 0x31, 0xDF,
    0xF0, 0x31, 0xDF, 0xF0, 0x31, 0xDF, 0xF0, 0x3F, 0xD8, 0x70, 0x3F, 0xD9, 0xF0, 0x3E, 0x1F, 0xF8,
    0x76, 0x1F, 0xFC, 0x37, 0xDF, 0x1C, 0x37, 0xDB, 0xF8, 0x36, 0x19, 0xF0, 0x36, 0x19, 0xE0, 0x36,
    0x18, 0xE0, 0x36, 0x78, 0x70, 0x37, 0xF9, 0xF8, 0x3F, 0x9F, 0xBC, 0xFE, 0x1F, 0x1E, 0xF0, 0x7C,
    0x0F, 0x00, 0x78, 0x07, 0x00, 0x02, 0xE0, 0x10, 0x43, 0xB0, 0x0F, 0xF1, 0xD8, 0x07, 0xF8, 0x6C,
    0x03, 0x8C, 0x36, 0x41, 0xC7, 0x9B, 0x70, 0xE7, 0xED, 0xB8, 0x3F, 0xFE, 0xF8, 0x1F, 0xDF, 0x78,
    0x0F, 0x87, 0xB8, 0x0D, 0xC1, 0xD8, 0x07, 0xF9, 0xEE, 0x03, 0xFF, 0xFF, 0xC1, 0xFB, 0xFF, 0xF0,
    0xFD, 0xDB, 0xB8, 0x7E, 0x1D, 0xC3, 0x3F, 0x6E, 0xE1, 0x9F, 0xFE, 0x70, 0xDF, 0xE7, 0x38, 0x7F,
    0xC7, 0x0F, 0xF7, 0x07, 0x07, 0xF8, 0x06, 0x01, 0xF0, 0x00, 0x00, 0x00, 0x00, 0x01, 0x00, 0x0E,
    0x03, 0x80, 0x0E, 0x03, 0x80, 0x0E, 0x03, 0x80, 0x0F, 0xC3, 0x00, 0xFF, 0xFF, 0xFC, 0x7F, 0xFF,
    0xFC, 0x1C, 0x07, 0x00, 0x1F, 0x07, 0x00, 0x3F, 0x7F, 0xFE, 0x3F, 0x7F, 0xFE, 0x3F, 0xFF, 0x00,
    0x7F, 0xCE, 0x00, 0x3F, 0x0F, 0xF8, 0x07, 0x5F, 0xFC, 0x07, 0xEF, 0xF8, 0x1F, 0x80, 0x70, 0xFF,
    0x0C, 0x70, 0xFF, 0x0E, 0xE0, 0x67, 0x0F, 0xC0, 0x07, 0x03, 0xC0, 0x07, 0x01, 0xE0, 0x07, 0x00,
    0xF0, 0x02, 0x00, 0x60, 0x00, 0x0C, 0x00, 0x03, 0x8E, 0x00, 0x03, 0x8F, 0xC0, 0x03, 0xFF, 0xE0,
    0x3F, 0xFE, 0xF0, 0x1F, 0xF6, 0x70, 0x03, 0x8F, 0xFC, 0xFF, 0xFF, 0xFC, 0x7F, 0xFF, 0xE0, 0x03,
    0x07, 0x00, 0x07, 0xFF, 0x10, 0x3F, 0xFB, 0x38, 0x3F, 0xE3, 0xB8, 0x0F, 0x83, 0xF0, 0x1D, 0xF9,
    0xF0, 0x1F, 0xF9, 0xE0, 0x1F, 0xC1, 0xE2, 0x01, 0xF9, 0xE3, 0x0F, 0xF3, 0xE7, 0x7F, 0xC7, 0x76,
    0x7F, 0xCE, 0x3E, 0x31, 0x98, 0x1E, 0x01, 0xB0, 0x0E, 0x00, 0x80, 0x00, 0x00, 0x00, 0x00, 0x0E,
    0x00, 0x00, 0x0E, 0x3F, 0xF8, 0x0E, 0x3F, 0xF8, 0x0F, 0xD8, 0x30, 0xFF, 0xFB, 0xF0, 0x7F, 0xDF,
    0xF8, 0x1C, 0x1F, 0xE0, 0x1F, 0x7F, 0xFC, 0x3F, 0x7F, 0xFE, 0x3F, 0x3E, 0x30, 0x3F, 0xDF, 0xF0,
    0x7F, 0xDF, 0xF0, 0x3F, 0x1C, 0x30, 0x07, 0xFF, 0xF0, 0x07, 0xDF, 0xF0, 0x3F, 0x1C, 0x32, 0xFF,
    0x1F, 0xFF, 0xFF, 0xFF, 0xFF, 0x07, 0xFF, 0x30, 0x07, 0x00, 0x30, 0x07, 0x00, 0x70, 0x07, 0x00,
    0x70, 0x06, 0x00, 0x30, 0x02, 0x00, 0x80, 0x03, 0x80, 0xE0, 0x01, 0xC0, 0x70, 0x00, 0xE0, 0x78,
    0x00, 0x64, 0x3F, 0x03, 0xFF, 0x3B, 0xC0, 0xFF, 0xB8, 0xF0, 0x1C, 0x3F, 0xFE, 0x1F, 0x3F, 0xF7,
    0x8F, 0xB8, 0x87, 0xC6, 0xDF, 0xFB, 0x87, 0xFF, 0xFF, 0xC3, 0xFF, 0x9F, 0xE0, 0x98, 0xFD, 0xF0,
    0x0C, 0x7E, 0xF8, 0x07, 0xF3, 0x7C, 0x1F, 0xDF, 0xBE, 0x3F, 0x8F, 0xFF, 0x1E, 0xCE, 0x6F, 0x80,
    0x67, 0x31, 0xC0, 0x33, 0xFA, 0xE0, 0x19, 0xFD, 0xF0, 0x0C, 0xEE, 0x78, 0x02, 0x22, 0x18, 0x00,
    0x00, 0x00, 0x00, 0x00, 0xC0, 0x0E, 0x00, 0x70, 0x03, 0x80, 0x70, 0x01, 0xE0, 0x38, 0x00, 0x78,
    0x1D, 0xC0, 0x1F, 0xFF, 0xF0, 0x00, 0xFF, 0xF8, 0x0F, 0x37, 0x1C, 0x3F, 0x83, 0x8E, 0x0F, 0xC3,
    0x87, 0x01, 0xC1, 0xC3, 0x80, 0xC1, 0xC1, 0x80, 0xE0, 0xE1, 0xC0, 0x3C, 0xF0, 0xE0, 0x0E, 0xEE,
    0x70, 0x07, 0xE3, 0xF8, 0x07, 0xE0, 0xF8, 0x1F, 0xE0, 0x3C, 0x1F, 0xFF, 0x00, 0x07, 0xFF, 0xFF,
    0xE0, 0x01, 0xFF, 0xFC, 0x00, 0x03, 0xFC, 0x00, 0x00, 0x40, 0x00, 0x00, 0x70, 0x06, 0x00, 0x18,
    0x03, 0x80, 0x0C, 0x00, 0xE0, 0x06, 0x00, 0x78, 0x03, 0xE0, 0x1F, 0xFF, 0xF8, 0x04, 0xFF, 0xFC,
    0x1F, 0x00, 0x60, 0x3F, 0x9C, 0x30, 0x0F, 0xCF, 0x18, 0x01, 0xC3, 0xCC, 0x01, 0xC0, 0xE6, 0x00,
    0xE0, 0x3B, 0x00, 0x7C, 0x09, 0x80, 0x0E, 0x08, 0xC0, 0x07, 0x07, 0x60, 0x07, 0x81, 0xF8, 0x0F,
    0xC0, 0x78, 0x0F, 0xFF, 0x1C, 0x07, 0xFF, 0xFF, 0xE0, 0x01, 0xFF, 0xF8, 0x00, 0x03, 0xFC, 0x00,
    0x00, 0x30, 0x1C, 0x00, 0x7C, 0x0F, 0x0F, 0xFC, 0x03, 0xC7, 0xF0, 0x00, 0xF1, 0x80, 0x00, 0x38,
    0xC0, 0x00, 0x08, 0x67, 0xF8, 0x3E, 0x7F, 0xFE, 0x7F, 0x3F, 0xFC, 0x3F, 0x9C, 0x70, 0x03, 0x8E,
    0x38, 0x03, 0x87, 0x1C, 0x01, 0xC3, 0x0E, 0x00, 0xF1, 0x87, 0x00, 0x1D, 0xC3, 0x80, 0x0E, 0xC1,
    0xC0, 0x0F, 0xC0, 0xE0, 0x1F, 0x40, 0x70, 0x1F, 0xFC, 0x30, 0x0F, 0xFF, 0xFE, 0x00, 0x07, 0xFF,
    0xF0, 0x00, 0x0F, 0xF8, 0x00, 0x00, 0x00, 0x00, 0x00, 0x18, 0x06, 0x00, 0x3E, 0x03, 0x87, 0xFE,
    0x01, 0xE3, 0xF8, 0x00, 0x79, 0xC0, 0x00, 0x1C, 0xE0, 0x00, 0x04, 0x7F, 0xF0, 0x1F, 0x3F, 0xF8,
    0x3F, 0x98, 0x1C, 0x1F, 0xCF, 0x8C, 0x01, 0xC7, 0xEE, 0x01, 0xC7, 0x3E, 0x00, 0xE3, 0x8F, 0x00,
    0x79, 0x8F, 0x80, 0x0F, 0xCF, 0xE0, 0x07, 0xCF, 0x38, 0x07, 0xEE, 0x0E, 0x0F, 0xEE, 0x03, 0x8F,
    0xFF, 0x00, 0x87, 0xFF, 0xFF, 0x80, 0x03, 0xFF, 0xFC, 0x00, 0x07, 0xFC, 0x00, 0x00, 0x00, 0x00,
    0x06, 0x70, 0x06, 0x03, 0x18, 0x03, 0x81, 0x8C, 0x00, 0xE0, 0xC6, 0x00, 0x3B, 0xFF, 0xE0, 0x1D,
    0xFF, 0xF0, 0x04, 0x7F, 0xC0, 0x0F, 0x0C, 0x60, 0x3F, 0x86, 0x30, 0x0F, 0xC3, 0x18, 0x81, 0xDF,
    0xFF, 0xE1, 0xCF, 0xFF, 0xF0, 0xE3, 0xE3, 0x00, 0x78, 0x61, 0x80, 0x0E, 0x70, 0xC0, 0x07, 0x30,
    0x60, 0x07, 0xB8, 0x30, 0x07, 0xB0, 0x18, 0x0F, 0xFE, 0x0C, 0x07, 0xFF, 0xFE, 0x00, 0x03, 0xFF,
    0xF8, 0x00, 0x07, 0xFC, 0x00, 0x00, 0x00, 0x18, 0x00, 0x00, 0x0E, 0x00, 0x7C, 0x07, 0x9F, 0xFF,
    0x01, 0xE7, 0xFE, 0x00, 0x70, 0x00, 0x00, 0x18, 0x00, 0x00, 0x00, 0x01, 0xF0, 0x3F, 0xFF, 0xFC,
    0x7F, 0xFF, 0xFE, 0x3F, 0x87, 0x60, 0x03, 0x83, 0x30, 0x03, 0x81, 0x98, 0x01, 0xC1, 0xCC, 0x30,
    0xF0, 0xC6, 0x18, 0x1C, 0xE3, 0x0C, 0x0E, 0xE1, 0xCE, 0x0E, 0x60, 0xFF, 0x3F, 0xE0, 0x3F, 0x1F,
    0xFF, 0x00, 0x0F, 0xFF, 0xFF, 0xC0, 0x03, 0xFF, 0xF8, 0x00, 0x07, 0xF8, 0x00, 0x07, 0x00, 0x1C,
    0x03, 0x80, 0x0F, 0x01, 0xC0, 0x03, 0xC0, 0xFF, 0x80, 0xFF, 0xFF, 0xE0, 0x3B, 0xFF, 0xE0, 0x08,
    0x36, 0x00, 0x3E, 0x3B, 0x80, 0x7F, 0x19, 0xC0, 0x1F, 0x9F, 0xFC, 0x03, 0x8F, 0xFE, 0x03, 0x83,
    0x38, 0x01, 0xC0, 0x1C, 0x20, 0xF7, 0xFF, 0xF8, 0x1F, 0xFF, 0xFC, 0x0E, 0x03, 0x80, 0x0F, 0x01,
    0xC0, 0x0F, 0x00, 0xE0, 0x1F, 0xFC, 0x60, 0x0F, 0xFF, 0xFC, 0x00, 0x07, 0xFF, 0xF0, 0x00, 0x1F,
    0xF8, 0x00, 0x00, 0x00, 0x00, 0x33, 0xF0, 0x1C, 0x1F, 0xFC, 0x0F, 0x0F, 0xFC, 0x03, 0xC7, 0x06,
    0x00, 0xF3, 0xFF, 0x00, 0x39, 0xFF, 0x80, 0x00, 0xE1, 0xC0, 0x3E, 0x7F, 0xE0, 0x7F, 0x3F, 0xF8,
    0x1F, 0x9F, 0x8E, 0x03, 0x8F, 0xC7, 0x03, 0x87, 0xFF, 0x01, 0xC3, 0xBF, 0x00, 0xF1, 0xC7, 0x80,
    0x1C, 0xEF, 0xE0, 0x0E, 0x7F, 0x78, 0x0F, 0xFE, 0x1E, 0x1F, 0x3C, 0x07, 0x1F, 0xFE, 0x00, 0x0F,
    0xFF, 0xFF, 0x00, 0x03, 0xFF, 0xF0, 0x00, 0x0F, 0xF8, 0x00, 0x00, 0x00, 0x00, 0x08, 0x30, 0x06,
    0x06, 0x1C, 0x03, 0x83, 0x9C, 0x00, 0xE0, 0xEC, 0x00, 0x38, 0x3E, 0x00, 0x1D, 0xFF, 0xE0, 0x04,
    0xFF, 0xF0, 0x0F, 0x1F, 0x80, 0x3F, 0x81, 0xC0, 0x0F, 0xFF, 0xFF, 0x81, 0xDF, 0xFF, 0xC0, 0xC7,
    0xF8, 0x00, 0xE0, 0x3E, 0x00, 0x38, 0x3F, 0x80, 0x0E, 0x39, 0xE0, 0x07, 0x3C, 0x38, 0x07, 0xF8,
    0x0E, 0x0F, 0xF0, 0x03, 0x0F, 0xFF, 0x00, 0x07, 0xFF, 0xFF, 0xC0, 0x01, 0xFF, 0xFC, 0x00, 0x03,
    0xFC, 0x00, 0x00, 0x00, 0x00, 0x00, 0x38, 0x06, 0x00, 0x7C, 0x03, 0x81, 0xFC, 0x00, 0xE3, 0xF8,
    0x00, 0x39, 0x9C, 0x00, 0x1C, 0x0E, 0x70, 0x05, 0xFF, 0xFC, 0x0F, 0xFF, 0xFE, 0x3F, 0x81, 0xC0,
    0x0F, 0xC0, 0xE0, 0x01, 0xC7, 0xFF, 0x00, 0xC3, 0xFF, 0x80, 0xE1, 0xF9, 0xC0, 0x38, 0xE0, 0xE0,
    0x0E, 0x70, 0x70, 0x07, 0x39, 0xF8, 0x07, 0x9F, 0xFC, 0x0F, 0xCF, 0xFE, 0x0F, 0xFF, 0x00, 0x07,
    0xFF, 0xFF, 0xC0, 0x01, 0xFF, 0xFC, 0x00, 0x03, 0xFC, 0x00, 0x00, 0x00, 0x00, 0x08, 0x18, 0x0E,
    0x0E, 0x1C, 0x07, 0x83, 0x8E, 0x01, 0xE0, 0xEE, 0x00, 0x78, 0x7F, 0xE0, 0x1F, 0xFF, 0xF8, 0x00,
    0xFF, 0xF8, 0x1F, 0x23, 0x98, 0x3F, 0x99, 0xCC, 0x1F, 0xCC, 0xE6, 0x01, 0xC6, 0x73, 0x01, 0xC3,
    0xFF, 0x80, 0xE1, 0xFF, 0xC0, 0x78, 0xFC, 0x60, 0x0E, 0x0E, 0x30, 0x07, 0x0E, 0x00, 0x07, 0x8E,
    0x00, 0x07, 0x8E, 0x00, 0x0F, 0xFE, 0x00, 0x07, 0xFF, 0xFC, 0x00, 0x07, 0xFF, 0xF8, 0x00, 0x0F,
    0xFC, 0x00, 0x00, 0x04, 0x00, 0x03, 0x00, 0x00, 0x01, 0xC0, 0x0E, 0x07, 0xE0, 0x07, 0x83, 0xF0,
    0x01, 0xE1, 0xFF, 0x80, 0x78, 0xFF, 0xE0, 0x1C, 0xFF, 0xE0, 0x04, 0x67, 0x00, 0x1F, 0x63, 0x80,
    0x3F, 0xFF, 0xFF, 0x9F, 0xFF, 0xFF, 0xC1, 0xDF, 0xFC, 0x01, 0xC0, 0xEC, 0x00, 0xE0, 0x66, 0x18,
    0x78, 0x73, 0x0C, 0x0E, 0x71, 0x86, 0x07, 0x30, 0xC7, 0x07, 0x38, 0x7F, 0x87, 0xB0, 0x3F, 0x8F,
    0xFE, 0x07, 0x07, 0xFF, 0xFE, 0x00, 0x03, 0xFF, 0xFC, 0x00, 0x0F, 0xFE, 0x00, 0x00, 0x00, 0x00,
    0x03, 0x00, 0x00, 0x01, 0x80, 0x0E, 0x00, 0xC0, 0x07, 0x83, 0xFF, 0x01, 0xEF, 0xFF, 0xC0, 0x7B,
    0xFE, 0x00, 0x1D, 0xFF, 0xE0, 0x00, 0xFF, 0xF0, 0x1F, 0x7F, 0x18, 0x3F, 0xB9, 0x9C, 0x1F, 0xCF,
    0xFE, 0x01, 0xC7, 0xFF, 0x01, 0xC3, 0xF8, 0x00, 0xE0, 0x7E, 0x00, 0x78, 0x7F, 0xC0, 0x0E, 0x76,
    0xF8, 0x07, 0x73, 0x1C, 0x07, 0xE1, 0x86, 0x0F, 0xA0, 0xC0, 0x0F, 0xFE, 0x60, 0x07, 0xFF, 0xFE,
    0x00, 0x03, 0xFF, 0xF8, 0x00, 0x07, 0xFC, 0x03, 0x80, 0x00, 0x03, 0x83, 0xFE, 0x03, 0x81, 0xFE,
    0x3F, 0xFD, 0xEE, 0x3F, 0xFD, 0x8C, 0x3F, 0xF1, 0x9C, 0x0C, 0x71, 0xB8, 0x0E, 0x71, 0xB8, 0x06,
    0xE1, 0xB8, 0x07, 0xFF, 0x9C, 0xFF, 0xFF, 0x8E, 0x7F, 0xFD, 0x8E, 0x00, 0x01, 0x87, 0x1F, 0xF9,
    0xC7, 0x1F, 0xF9, 0xFF, 0x1C, 0x39, 0xBF, 0x1C, 0x31, 0x9E, 0x1C, 0x31, 0x80, 0x0F, 0xF1, 0x80,
    0x0F, 0xF9, 0x80, 0x0F, 0xF3, 0x80, 0x0C, 0x01, 0x80, 0x00, 0x01, 0x80, 0x00, 0x00, 0x00, 0x03,
    0x80, 0x00, 0x01, 0x81, 0x9E, 0x01, 0x87, 0xFF, 0x1F, 0xFF, 0xFE, 0x1F, 0xFF, 0xCE, 0x0D, 0x9D,
    0xCC, 0x01, 0xB9, 0xDC, 0x7F, 0xFF, 0xF8, 0x7F, 0xFF, 0xF8, 0x3F, 0xC1, 0xDC, 0x03, 0x81, 0xCE,
    0x0F, 0xFD, 0xC6, 0x1F, 0xFD, 0xC7, 0x7E, 0x1D, 0xC7, 0xEF, 0xF9, 0xFF, 0x8F, 0xF9, 0xFF, 0x0F,
    0xF9, 0xCE, 0x0E, 0x19, 0xC0, 0x0F, 0xF9, 0xC0, 0x0F, 0xFD, 0xC0, 0x0F, 0xF9, 0xC0, 0x06, 0x01,
    0xC0, 0x00, 0x00, 0xC0, 0x00, 0x00, 0x10, 0x3F, 0xFF, 0xF8, 0xFF, 0xFF, 0xF8, 0x7F, 0x80, 0x38,
    0x0F, 0x80, 0x38, 0x6F, 0xE0, 0x38, 0x7F, 0xF0, 0x38, 0x7F, 0xFE, 0xF8, 0x7F, 0xFF, 0xF8, 0x7F,
    0xE7, 0xF8, 0x7F, 0xE6, 0x00, 0x79, 0xE6, 0x00, 0x78, 0xEE, 0x00, 0x7F, 0xEE, 0x02, 0x7F, 0xEE,
    0x03, 0x7C, 0x6E, 0x07, 0x70, 0x6E, 0x07, 0x7F, 0xFE, 0x06, 0x7F, 0xF7, 0xFE, 0x70, 0x07, 0xFE,
    0x20, 0x01, 0xF8, 0x00, 0x00, 0x00, 0x00, 0x07, 0x80, 0x01, 0xFF, 0x80, 0x7F, 0xFC, 0x01, 0xFF,
    0x80, 0x8F, 0xFF, 0xFF, 0x9F, 0xFF, 0xFF, 0x1F, 0xDC, 0x00, 0x0F, 0xFF, 0xE0, 0x1F, 0xFF, 0xC0,
    0x3C, 0xE3, 0x80, 0x7F, 0xFF, 0x00, 0xFF, 0xFE, 0x01, 0xC7, 0x18, 0x01, 0xFF, 0xF8, 0x03, 0xFF,
    0xF0, 0x06, 0x38, 0x00, 0x3F, 0xFF, 0xC0, 0x7F, 0xFF, 0xC0, 0x31, 0xC0, 0x00, 0x07, 0xFF, 0xDF,
    0xFF, 0xFF, 0xFF, 0xFF, 0xFF, 0x80, 0x0F, 0xFF, 0xC0, 0x1F, 0xFF, 0xC0, 0x1F, 0x8F, 0x00, 0x3F,
    0xFE, 0x00, 0x7F, 0xFC, 0x00, 0xFF, 0xF8, 0x01, 0xFF, 0xF0, 0x03, 0xFF, 0xFE, 0x7F, 0xFF, 0xFE,
    0xFF, 0xFF, 0x80, 0x3F, 0xFF, 0x80, 0x7F, 0xFF, 0x00, 0xFF, 0xFE, 0x00, 0xFF, 0xFC, 0x01, 0x8F,
    0xF0, 0x03, 0xFF, 0xF0, 0x07, 0xFF, 0x80, 0x1F, 0xFF, 0xC0, 0x3F, 0xFF, 0x80, 0x01, 0xC1, 0xE7,
    0xFF, 0xFF, 0xEF, 0xFF, 0xFF, 0xC0, 0x0C, 0x01, 0x80, 0x0C, 0x01, 0xC0, 0x0C, 0x01, 0xC0, 0x1D,
    0xC1, 0xC0, 0x1F, 0xE1, 0xC0, 0x3F, 0xE1, 0xC0, 0x70, 0x01, 0xC0, 0x60, 0x01, 0xC0, 0xFF, 0xC1,
    0xFE, 0xBF, 0xFF, 0xFF, 0x0E, 0x1F, 0xFE, 0x0E, 0x01, 0xC0, 0x0E, 0x01, 0xC0, 0xFF, 0xE1, 0xC0,
    0x7F, 0xE1, 0xC0, 0x0E, 0x01, 0xC0, 0x0E, 0x01, 0xC0, 0x0E, 0x61, 0xC0, 0x0E, 0xE1, 0xC0, 0x0F,
    0xC1, 0xC0, 0x0F, 0x01, 0xC0, 0x1E, 0x01, 0xC0, 0x0C, 0x01, 0xC0, 0x00, 0x00, 0xC0, 0x0C, 0x01,
    0x80, 0x18, 0x03, 0x80, 0x70, 0x07, 0x00, 0xFE, 0x0E, 0x01, 0xFE, 0x1C, 0x07, 0xFE, 0xFF, 0x9C,
    0x0F, 0xFF, 0xB0, 0xDF, 0xFF, 0xFF, 0xF9, 0xCF, 0x7F, 0xF3, 0x9C, 0x38, 0xE7, 0x30, 0x71, 0xCE,
    0x6F, 0xFF, 0xFF, 0xDF, 0xFF, 0xFF, 0xDF, 0x8E, 0x70, 0x07, 0x08, 0xE0, 0x0E, 0x41, 0xC0, 0x1F,
    0x83, 0x80, 0x3E, 0x07, 0x00, 0x78, 0x0E, 0x01, 0xE0, 0x1C, 0x01, 0x80, 0x38, 0x00, 0x00, 0x60,
    0x00, 0x0C, 0x00, 0x60, 0x06, 0x00, 0x30, 0x07, 0x18, 0x18, 0x03, 0xFE, 0x1F, 0xC1, 0xFB, 0xFF,
    0xF1, 0xFC, 0xFF, 0xF0, 0xC0, 0x73, 0x80, 0xC0, 0x03, 0xE0, 0x7F, 0xFD, 0xB0, 0x3F, 0xFF, 0xFF,
    0x03, 0x0F, 0xFF, 0x81, 0x87, 0x06, 0x00, 0xFB, 0x83, 0x03, 0xFF, 0xDF, 0xF8, 0xFE, 0x7F, 0xFC,
    0x18, 0x18, 0x60, 0x0C, 0x1C, 0x30, 0x06, 0xDC, 0x18, 0x03, 0xFF, 0x8C, 0x03, 0xDF, 0xFF, 0x81,
    0xC0, 0x7F, 0xF8, 0x40, 0x01, 0xF8, 0x00, 0x00, 0x60, 0x07, 0x03, 0x38, 0x03, 0x81, 0x9C, 0x01,
    0xC0, 0xEE, 0x01, 0xFE, 0x7F, 0xE0, 0xFF, 0xFF, 0xF0, 0xE0, 0x7F, 0xC0, 0x60, 0x0E, 0xE0, 0x7F,
    0xC7, 0x70, 0x2F, 0xFF, 0xFF, 0x81, 0x9F, 0xFF, 0xC0, 0xC7, 0x80, 0x03, 0xFD, 0x83, 0x83, 0xFF,
    0xFF, 0xE0, 0xFE, 0x3F, 0xF0, 0x0C, 0x18, 0x38, 0x06, 0x6F, 0xFC, 0x03, 0x77, 0xFC, 0x01, 0xF3,
    0xC6, 0x00, 0xF1, 0x83, 0x00, 0xF0, 0xFF, 0x80, 0x70, 0x7F, 0xE0, 0x00, 0x3E, 0x00, 0x00, 0x08,
    0x00, 0x00, 0x00, 0x40, 0x06, 0x00, 0x70, 0x07, 0x00, 0x18, 0x03, 0xA0, 0x7F, 0x81, 0xF8, 0xBF,
    0xC0, 0xFF, 0xEF, 0x60, 0xC1, 0xFF, 0xFC, 0x60, 0x3F, 0xFE, 0x63, 0x38, 0x7C, 0x3F, 0xD9, 0xFE,
    0x07, 0xFC, 0xFF, 0x01, 0x8F, 0x8F, 0x80, 0xC7, 0xFF, 0xE3, 0xFC, 0xFF, 0xE1, 0xFF, 0x7F, 0xF8,
    0x7E, 0x3F, 0xFE, 0x0C, 0x7B, 0xE0, 0x06, 0x7E, 0x30, 0x03, 0x7F, 0xF8, 0x01, 0xFE, 0xFC, 0x01,
    0xF6, 0x1F, 0xE0, 0xF7, 0x03, 0xFC, 0x23, 0x00, 0x3C, 0x00, 0x00, 0x00, 0x00, 0x00, 0x00, 0x07,
    0x00, 0x02, 0x03, 0x87, 0xFF, 0x81, 0xC3, 0xFF, 0xC1, 0xFF, 0xC0, 0xE0, 0xFF, 0xE0, 0x60, 0xE0,
    0x77, 0xF0, 0x60, 0x3F, 0xFC, 0x7F, 0xDF, 0xF0, 0x7F, 0xEE, 0x38, 0x03, 0x87, 0x1C, 0x00, 0xC3,
    0xFF, 0xE3, 0xFD, 0xFF, 0xFB, 0xFF, 0xC3, 0x80, 0xFF, 0x61, 0x80, 0x0C, 0x7F, 0xFC, 0x06, 0xFF,
    0xFE, 0x03, 0xF9, 0xF7, 0x01, 0xEC, 0xC3, 0x81, 0xEE, 0x61, 0xC0, 0xE6, 0x3F, 0xE0, 0x67, 0x1F,
    0xF0, 0x03, 0x0C, 0x00, 0x00, 0x02, 0x00, 0x00, 0x01, 0x00, 0x03, 0x00, 0xC0, 0x03, 0x80, 0x60,
    0x01, 0xC7, 0xFF, 0x80, 0xFF, 0xFF, 0xC0, 0xFE, 0x73, 0x80, 0x78, 0x1D, 0x80, 0x60, 0x0F, 0xFE,
    0x7F, 0xFF, 0xFF, 0x3F, 0xFF, 0xF0, 0x03, 0x87, 0xFF, 0x00, 0xC3, 0xFF, 0x80, 0x7D, 0xFF, 0xC3,
    0xFF, 0xFF, 0xC0, 0xFF, 0xFC, 0x60, 0x0C, 0x3F, 0xF0, 0x06, 0x3F, 0xF8, 0x03, 0x77, 0xF0, 0x81,
    0xF1, 0xB8, 0x60, 0xF1, 0xDC, 0x70, 0xF1, 0xCE, 0x38, 0x73, 0xC3, 0xF8, 0x13, 0x81, 0xFC, 0x00,
    0x00, 0x00, 0x07, 0x00, 0x40, 0x07, 0x00, 0xC0, 0x03, 0x01, 0xE0, 0x03, 0x03, 0xC0, 0x03, 0x07,
    0x80, 0x03, 0x1F, 0x00, 0x03, 0x3C, 0x00, 0x03, 0xF0, 0x00, 0x03, 0x80, 0x7C, 0xFF, 0xFF, 0xFE,
    0xFF, 0xFF, 0xFC, 0x7F, 0x38, 0x00, 0x03, 0x3C, 0x00, 0x03, 0x1C, 0x00, 0x03, 0x0E, 0x00, 0x03,
    0x07, 0x00, 0x03, 0x0B, 0xC0, 0x03, 0x39, 0xE0, 0x03, 0xF0, 0xF8, 0x07, 0xC0, 0x7E, 0x1F, 0x80,
    0x1E, 0x1E, 0x00, 0x04, 0x08, 0x00, 0x00, 0x30, 0x00, 0xF1, 0xCF, 0xFF, 0xC7, 0x3F, 0xFE, 0x1C,
    0x80, 0x70, 0xE1, 0x03, 0xF2, 0x0E, 0x1D, 0x80, 0x70, 0xEC, 0x03, 0x87, 0x60, 0x3F, 0xBB, 0x7F,
    0xFF, 0xD9, 0xFF, 0xEE, 0xC0, 0xF8, 0x76, 0x07, 0xC3, 0xB0, 0x7E, 0x1D, 0x87, 0x70, 0xEC, 0x73,
    0x87, 0x67, 0x9C, 0x3B, 0x67, 0xE1, 0xD8, 0x1F, 0x0E, 0xC0, 0x7F, 0x76, 0x00, 0x9F, 0xB0, 0x00,
    0x7C, 0x00, 0x01, 0xC0, 0x18, 0x00, 0x00, 0xE7, 0xFF, 0xC7, 0x9F, 0xFE, 0x1C, 0xFF, 0xF0, 0x70,
    0x03, 0xB1, 0x00, 0x1D, 0xC0, 0x00, 0xEE, 0x6F, 0xC7, 0x73, 0xFE, 0x3B, 0x9F, 0xF1, 0xDC, 0xE3,
    0x8E, 0xE7, 0x1C, 0x77, 0x18, 0xE3, 0xB8, 0xFF, 0x1D, 0xC7, 0xF8, 0xEE, 0x30, 0x07, 0x70, 0x00,
    0x3B, 0x80, 0x01, 0xDC, 0x03, 0x8E, 0xE0, 0x0F, 0xF7, 0x00, 0x3F, 0xB8, 0x00, 0x7C, 0x00, 0x00,
    0xC0, 0x00, 0x00, 0x01, 0xC0, 0x00, 0x0E, 0x3F, 0xFE, 0x39, 0xFF, 0xF0, 0xEF, 0xFF, 0x87, 0x00,
    0x1F, 0x80, 0x00, 0xEC, 0x7F, 0xC7, 0x63, 0xFE, 0x3B, 0x1F, 0xF1, 0xD8, 0xE1, 0x8E, 0xC7, 0x3C,
    0x76, 0x3F, 0xE3, 0xB1, 0xFF, 0x1D, 0x8E, 0x38, 0xEC, 0x71, 0xC7, 0x63, 0xFE, 0x3B, 0x1F, 0xF1,
    0xD8, 0xE0, 0x0E, 0xC3, 0x04, 0x76, 0x00, 0x3F, 0xB0, 0x00, 0xFD, 0x80, 0x03, 0xE0, 0x00, 0x06,
    0x00, 0x00, 0x01, 0x87, 0xFF, 0x8E, 0x7F, 0xFE, 0x39, 0xFF, 0xF0, 0xE0, 0x83, 0xE3, 0xC6, 0x1F,
    0x8F, 0x70, 0xEC, 0x3B, 0x07, 0x66, 0xFE, 0x3B, 0x3F, 0xF9, 0xD9, 0xFF, 0x8E, 0xCE, 0x0C, 0x76,
    0x3F, 0xE3, 0xB1, 0xFF, 0x9D, 0x8F, 0xE3, 0xEC, 0x3F, 0x1F, 0x61, 0xF8, 0xFB, 0x1D, 0xFF, 0xD9,
    0xCF, 0xFE, 0xFC, 0x3E, 0x67, 0x80, 0x1B, 0x70, 0x00, 0xF9, 0x80, 0x01, 0xC0, 0x00, 0x06, 0x00,
    0x00, 0x07, 0xFC, 0x00, 0x3F, 0xFD, 0xFC, 0xFF, 0xFF, 0xF6, 0x73, 0xFF, 0xB3, 0x18, 0x1D, 0xB8,
    0xC0, 0xED, 0xC6, 0x06, 0x6E, 0x30, 0x37, 0x39, 0xFF, 0xB8, 0xCF, 0xFD, 0xE7, 0x7F, 0xEF, 0xFB,
    0x03, 0x77, 0x98, 0x1B, 0x9C, 0xC0, 0xDC, 0x06, 0x06, 0xE0, 0x30, 0x37, 0x01, 0xBF, 0xB8, 0x0F,
    0xFF, 0xC0, 0x7F, 0xFE, 0x03, 0x00, 0x70, 0x18, 0x00, 0x00, 0x00, 0x00, 0x00, 0x10, 0xE1, 0xFC,
    0x30, 0xE3, 0xFC, 0xE1, 0xC7, 0xF9, 0xC3, 0x8E, 0xE3, 0x87, 0x1D, 0x86, 0x0E, 0x3F, 0x1F, 0xFF,
    0x7E, 0x3F, 0xFF, 0xEE, 0xEF, 0xF1, 0xCD, 0xCC, 0xE3, 0x9F, 0x99, 0xC7, 0xFF, 0xBB, 0x8F, 0xF7,
    0x37, 0x1D, 0xCE, 0x7E, 0x38, 0x1C, 0x7C, 0x70, 0x38, 0x38, 0xE0, 0x70, 0x71, 0xC0, 0xE0, 0xE3,
    0x81, 0xD9, 0xC7, 0x03, 0xBF, 0x8E, 0x07, 0x3F, 0x1C, 0x0E, 0x1E, 0x10, 0x00, 0x18, 0x00, 0x00,
    0x00, 0x00, 0x00, 0x1C, 0x03, 0xF8, 0x38, 0x07, 0xF8, 0xF0, 0x0F, 0xE1, 0xF0, 0x1D, 0xC7, 0x70,
    0x3F, 0x0E, 0x70, 0x7C, 0x38, 0x70, 0xFC, 0xE0, 0xF1, 0xDF, 0xFF, 0xF3, 0xBE, 0xFF, 0x7F, 0x38,
    0x70, 0x7F, 0xE0, 0xFF, 0x5F, 0xFF, 0xFF, 0x3B, 0xFF, 0xFC, 0x70, 0x37, 0x60, 0xE0, 0x6E, 0xE1,
    0xC1, 0xDD, 0xE3, 0x87, 0x39, 0xE7, 0x1E, 0x71, 0xCE, 0x37, 0xE1, 0xDC, 0xC7, 0xC1, 0x38, 0x07,
    0x80, 0x20, 0x06, 0x00, 0x00, 0x00, 0x00, 0x00, 0x07, 0x03, 0xF8, 0x0E, 0x07, 0xF0, 0x18, 0x0F,
    0xF3, 0xFF, 0xDD, 0xF7, 0xFF, 0xBF, 0xF7, 0x80, 0x7C, 0xE7, 0xF0, 0xF8, 0xDF, 0xF1, 0xF8, 0x3F,
    0xE3, 0xB0, 0xFF, 0xC7, 0x7F, 0x7F, 0x8F, 0xFF, 0xFF, 0x1F, 0xDD, 0xDE, 0x3F, 0x73, 0xFC, 0x70,
    0xF7, 0xF8, 0xE0, 0xEE, 0x31, 0xC0, 0xFF, 0x63, 0x83, 0xBB, 0xC7, 0x7F, 0xF3, 0x8E, 0xFF, 0xFE,
    0x1C, 0x07, 0xFF, 0xF8, 0x00, 0x7F, 0xA0, 0x00, 0x00, 0x00, 0x18, 0x01, 0xFE, 0x38, 0x01, 0xFC,
    0x7E, 0x03, 0xB9, 0xFE, 0x06, 0xE3, 0xFC, 0x0D, 0x8E, 0x70, 0x1F, 0x38, 0xE0, 0x37, 0xFF, 0xF8,
    0x6F, 0xFF, 0xF0, 0xCC, 0x00, 0xE1, 0xDD, 0xFF, 0xC3, 0xFB, 0xFF, 0x87, 0xF0, 0x0F, 0x0C, 0xDF,
    0xFE, 0x18, 0x1F, 0xFC, 0x30, 0xC7, 0x18, 0xE1, 0xF7, 0x39, 0xC3, 0xE7, 0xBB, 0x8E, 0xED, 0xBF,
    0x19, 0xE3, 0xAE, 0x31, 0xFF, 0x1C, 0x00, 0xFE, 0x00, 0x00, 0x00, 0x00, 0x00, 0x3F, 0xE0, 0x1F,
    0xFF, 0xC0, 0x1F, 0xFC, 0x01, 0xC1, 0xFF, 0xF3, 0xFF, 0xFF, 0xE7, 0xFF, 0xE3, 0x9F, 0xEF, 0xF6,
    0x3F, 0xFD, 0xF8, 0xEF, 0xBF, 0xC0, 0xDF, 0xFF, 0x80, 0x06, 0xC3, 0x80, 0xFF, 0xFF, 0x81, 0xFF,
    0xFF, 0x00, 0x0E, 0x00, 0x07, 0xFF, 0xFC, 0x0F, 0xFF, 0xF8, 0x1F, 0xEE, 0x30, 0x31, 0x9C, 0x60,
    0x63, 0x38, 0xC0, 0xC6, 0x79, 0x81, 0x8C, 0xFF, 0x03, 0x18, 0xDE, 0x06, 0x00, 0x1C, 0x00, 0x00,
    0x00, 0xF7, 0xFF, 0xFF, 0xFF, 0xFF, 0xFC, 0xF9, 0xC0, 0x00, 0x1E, 0x00, 0x00, 0xE0, 0x01, 0xFF,
    0xFF, 0xCF, 0xFF, 0xFE, 0x7F, 0x8C, 0x73, 0x8C, 0x63, 0x9C, 0x7F, 0x1C, 0xE3, 0xF8, 0xE7, 0x18,
    0xC7, 0x18, 0xFE, 0x38, 0xC7, 0xF1, 0x86, 0x31, 0x8C, 0x31, 0x8C, 0x61, 0xFF, 0xFF, 0x0F, 0xFF,
    0xFC, 0x7F, 0xF0, 0x03, 0x00, 0x00, 0x00, 0x00, 0x00, 0x37, 0xFF, 0xFF, 0xFF, 0xFF, 0xFE, 0xFE,
    0xE0, 0x00, 0x0E, 0x00, 0x0E, 0xFF, 0xC0, 0x3F, 0xFF, 0x01, 0xFF, 0xB0, 0x0C, 0x01, 0x80, 0x63,
    0x8C, 0x03, 0x1C, 0x60, 0x1C, 0xE3, 0x00, 0xE7, 0x18, 0x07, 0x38, 0xC0, 0x39, 0xCE, 0x01, 0xCC,
    0x70, 0x0E, 0xEB, 0x80, 0x77, 0xF8, 0x00, 0xF3, 0xE0, 0x0F, 0x0F, 0xC1, 0xF0, 0x1F, 0x3E, 0x00,
    0x39, 0x80, 0x00, 0x80, 0x00, 0x00, 0x00, 0x00, 0xFF, 0xF8, 0x01, 0xFF, 0xFF, 0xFF, 0xFC, 0x0F,
    0xFE, 0x30, 0x0F, 0xC7, 0xFF, 0x03, 0x8F, 0xFE, 0x07, 0x1F, 0x8C, 0x0E, 0x3B, 0x98, 0x1C, 0x77,
    0x30, 0x38, 0xEE, 0x60, 0x71, 0xDC, 0xC0, 0xE1, 0xB9, 0x81, 0xC3, 0x73, 0x03, 0x86, 0xE6, 0x07,
    0x0D, 0x9C, 0x0E, 0x1B, 0x78, 0xFC, 0x3F, 0xF0, 0xF8, 0x3B, 0xE0, 0xF0, 0xF1, 0xE0, 0xC3, 0xC1,
    0xE0, 0x0E, 0x01, 0xC0, 0x10, 0x01, 0x00, 0x00, 0x00, 0x02, 0x00, 0x7F, 0xFF, 0x00, 0x3F, 0xFF,
    0x00, 0x11, 0xC0, 0x3F, 0xC3, 0x80, 0x3F, 0xFF, 0xFC, 0x3F, 0x1F, 0xFC, 0x06, 0x1C, 0x0C, 0x06,
    0x1D, 0xCC, 0x06, 0x1D, 0xCC, 0x06, 0x1D, 0xCC, 0x06, 0x3D, 0xCC, 0x07, 0xFD, 0xCC, 0x07, 0xDD,
    0xDC, 0x3F, 0x1D, 0xDC, 0x7E, 0x1D, 0x9C, 0x78, 0x1F, 0xEC, 0x00, 0x0F, 0xF8, 0x00, 0x07, 0x3C,
    0x00, 0x0E, 0x1E, 0x00, 0x1C, 0x0F, 0x00, 0x78, 0x07, 0x00, 0x60, 0x00, 0x00, 0x67, 0xFE, 0x30,
    0x7F, 0xFF, 0x3B, 0x6F, 0xE0, 0x1B, 0x60, 0xE0, 0x1B, 0x6F, 0xFC, 0x1B, 0x6F, 0xFE, 0x1B, 0x6F,
    0x0E, 0x3B, 0x6E, 0xEE, 0x3B, 0x6E, 0xEE, 0x3B, 0x6E, 0xEC, 0x3B, 0x6E, 0xEC, 0x3B, 0x6E, 0xEC,
    0x3B, 0x6E, 0xEC, 0x3B, 0x66, 0xCC, 0x33, 0x66, 0xCC, 0x33, 0x67, 0xFC, 0x33, 0x67, 0xF8, 0x70,
    0x63, 0xBC, 0x60, 0x63, 0x9E, 0x60, 0x67, 0x0F, 0xC0, 0x3E, 0x07, 0x00, 0x18, 0x00, 0x00, 0x00,
    0x00, 0x03, 0xDF, 0xFF, 0x3F, 0xFF, 0xFF, 0x3F, 0xEE, 0xE0, 0x09, 0xC1, 0xC0, 0x0F, 0x8F, 0xFC,
    0x0F, 0x8F, 0xFE, 0x07, 0x8F, 0x0E, 0xFF, 0xFE, 0xEE, 0xFF, 0xFE, 0xEE, 0x37, 0x7E, 0xEC, 0x07,
    0x6E, 0xEC, 0x07, 0xCE, 0xEC, 0x07, 0x8E, 0xEC, 0x07, 0x0E, 0xCC, 0x07, 0x0E, 0xCC, 0x07, 0x0F,
    0xEC, 0x07, 0x07, 0xFC, 0x37, 0x03, 0xBC, 0x3F, 0x07, 0x1E, 0x1F, 0x0E, 0x0F, 0x07, 0x1C, 0x07,
    0x00, 0x30, 0x02, 0x01, 0x80, 0x00, 0x00, 0xC0, 0x00, 0x00, 0x63, 0xFF, 0xC3, 0xB1, 0xFF, 0xE1,
    0xDF, 0xFE, 0x00, 0x6F, 0xC7, 0x00, 0x36, 0x1F, 0xF8, 0x1B, 0x0F, 0xFC, 0x7F, 0xFF, 0xCE, 0x3F,
    0xFF, 0xF7, 0x0F, 0x65, 0xDB, 0x81, 0xB7, 0xED, 0xC1, 0xDB, 0xF6, 0xE0, 0xED, 0xFB, 0x70, 0xE7,
    0xDD, 0xB8, 0x63, 0xEF, 0xDC, 0x60, 0xE7, 0xEE, 0x20, 0xE3, 0xFE, 0x00, 0xF0, 0xFF, 0x00, 0xF0,
    0x3B, 0x80, 0xE0, 0x38, 0xE1, 0xE0, 0x38, 0x39, 0xC0, 0x78, 0x0C, 0x00, 0x30, 0x02, 0x00, 0x00,
    0x7E, 0x0F, 0xFF, 0xFF, 0x07, 0xFF, 0xFF, 0x03, 0x9E, 0x18, 0x01, 0xFF, 0x7F, 0xC0, 0xFF, 0xBF,
    0xE0, 0x7F, 0xDC, 0x30, 0x3F, 0xEF, 0xD8, 0x0F, 0xE7, 0x6C, 0x03, 0xFF, 0xB6, 0x0F, 0xFF, 0xDB,
    0x07, 0xFF, 0x7D, 0x80, 0xD8, 0x3E, 0xC0, 0x6F, 0xBF, 0x60, 0x77, 0xEF, 0xF0, 0x3B, 0xC3, 0xF0,
    0x1F, 0x83, 0x9C, 0x1F, 0xE3, 0x87, 0x0C, 0xFF, 0x81, 0x8E, 0x1F, 0xFC, 0x06, 0x01, 0xFF, 0xFE,
    0x00, 0x0F, 0xFC, 0x00, 0x00, 0x00, 0x03, 0x80, 0x02, 0x01, 0xC7, 0xFF, 0x84, 0xE3, 0xFF, 0xC7,
    0xFF, 0x9C, 0x03, 0xFF, 0xDC, 0x01, 0xF8, 0xFF, 0xE1, 0xDC, 0xDF, 0xF8, 0xEF, 0xEE, 0x1C, 0x2F,
    0xE6, 0xEE, 0x0F, 0x73, 0x77, 0x07, 0xF1, 0xBB, 0x86, 0x78, 0xDD, 0xC0, 0x7E, 0x6E, 0xC0, 0x77,
    0xB7, 0x60, 0x70, 0xFB, 0xB0, 0xFF, 0xEF, 0x98, 0x6F, 0xF7, 0xFC, 0x06, 0x31, 0xFC, 0x03, 0x18,
    0xE7, 0x01, 0xFC, 0xF1, 0xC0, 0xFE, 0xF0, 0x70, 0x60, 0xE0, 0x18, 0x00, 0x40, 0x00, 0x00, 0x00,
    0x00, 0x00, 0x00, 0xE0, 0x0F, 0xF0, 0x70, 0x07, 0xFC, 0x38, 0x01, 0xCC, 0x3E, 0x00, 0xC6, 0x3B,
    0x80, 0x77, 0x1C, 0xE0, 0x3B, 0x9C, 0x38, 0x19, 0xDC, 0x1F, 0x0C, 0xFF, 0xFF, 0xC6, 0x7D, 0xFC,
    0xE7, 0x3C, 0x00, 0x23, 0xFE, 0x18, 0x81, 0xFF, 0x4C, 0x60, 0x47, 0xB7, 0x70, 0x0F, 0xDD, 0xB8,
    0x3F, 0x6E, 0xF8, 0x7E, 0x73, 0x7C, 0x1E, 0x39, 0xDC, 0x04, 0x9C, 0x4C, 0x40, 0x7F, 0xFF, 0xF0,
    0x1F, 0xFF, 0xF8, 0x07, 0x00, 0x00, 0x00, 0x00, 0x00, 0x00, 0x01, 0x80, 0x7F, 0xF1, 0xC0, 0x7F,
    0xF1, 0xE0, 0x7F, 0xF1, 0xF0, 0x7F, 0xF1, 0xF8, 0x7F, 0xF1, 0xF8, 0x7F, 0xF1, 0x9C, 0x7F, 0xF1,
    0x98, 0x7F, 0xFF, 0xFC, 0x37, 0x1F, 0xFE, 0x3F, 0xFF, 0xF0, 0x3F, 0xF3, 0xE0, 0x07, 0x13, 0xE0,
    0x1F, 0xF3, 0xE0, 0xFF, 0xC3, 0x70, 0x7D, 0x67, 0x30, 0x3F, 0xF6, 0x38, 0x7D, 0xBE, 0x38, 0x7F,
    0xFC, 0x1C, 0x6F, 0xDC, 0x0E, 0x66, 0x38, 0x0F, 0x60, 0x30, 0x07, 0x00, 0x20, 0x00, 0x00, 0x30,
    0x00, 0x00, 0x38, 0x00, 0x00, 0x38, 0x00, 0x0F, 0xFF, 0xFC, 0x7F, 0xFF, 0xFC, 0x3F, 0xFF, 0x00,
    0x01, 0xCF, 0x00, 0x00, 0xFE, 0x00, 0x00, 0x7C, 0x00, 0x00, 0x7E, 0x00, 0x01, 0xFF, 0x80, 0x07,
    0xC7, 0xF0, 0x1F, 0x87, 0xFE, 0x7D, 0xC3, 0x7F, 0xE1, 0xC3, 0x0E, 0x01, 0xC3, 0x00, 0x01, 0x83,
    0x00, 0x03, 0x83, 0x00, 0x03, 0x83, 0x00, 0x07, 0x03, 0x00, 0x0F, 0x03, 0x00, 0x1E, 0x03, 0x00,
    0x38, 0x07, 0x00, 0x20, 0x03, 0x00, 0x00, 0x38, 0x00, 0x00, 0x70, 0x00, 0x10, 0xE0, 0x00, 0x39,
    0xCE, 0x00, 0x73, 0xFE, 0x00, 0xE7, 0xFC, 0x01, 0xCE, 0x00, 0x03, 0x9C, 0x02, 0xDF, 0xFF, 0xFF,
    0xFF, 0xFF, 0xFD, 0xFF, 0xC0, 0x00, 0x81, 0xC3, 0x81, 0xC3, 0x87, 0x03, 0x87, 0x0E, 0x07, 0x0E,
    0x1C, 0x0E, 0x3F, 0x38, 0x1C, 0x7F, 0x70, 0x39, 0xCF, 0xE0, 0x77, 0x0F, 0xC0, 0xFC, 0x0F, 0x81,
    0x80, 0xFF, 0x03, 0xFF, 0xFE, 0x07, 0xFF, 0xFC, 0x00, 0x00, 0x18, 0x1F, 0xC7, 0xF1, 0xFE, 0x7F,
    0x9F, 0xF3, 0xFC, 0xF9, 0x3F, 0x6F, 0x81, 0xE0, 0x7C, 0x0F, 0x03, 0xFE, 0x7F, 0xDF, 0xF3, 0xFE,
    0xFF, 0x9F, 0xF7, 0xC0, 0xF0, 0x3E, 0x07, 0x81, 0xF0, 0x3C, 0x0F, 0x81, 0xE0, 0x7C, 0x0F, 0x03,
    0xE0, 0x78, 0x1F, 0x03, 0xC0, 0xF8, 0x1E, 0x07, 0xC0, 0xF0, 0x3E, 0x07, 0x80, 0x1F, 0xDE, 0x3F,
    0xDF, 0x7F, 0x9F, 0x7C, 0x9E, 0xF8, 0x00, 0xF8, 0x00, 0xFF, 0x9E, 0xFF, 0x9E, 0xFF, 0x9E, 0xF8,
    0x1E, 0xF8, 0x1E, 0xF8, 0x1E, 0xF8, 0x1E, 0xF8, 0x1E, 0xF8, 0x1E, 0xF8, 0x1E, 0xF8, 0x1E, 0xF8,
    0x1E, 0xF8, 0x1E, 0x1F, 0xDE, 0x0F, 0xF7, 0x87, 0xF9, 0xE1, 0xF2, 0x78, 0xF8, 0x1E, 0x3E, 0x07,
    0x8F, 0xF9, 0xE3, 0xFE, 0x78, 0xFF, 0x9E, 0x3E, 0x07, 0x8F, 0x81, 0xE3, 0xE0, 0x78, 0xF8, 0x1E,
    0x3E, 0x07, 0x8F, 0x81, 0xE3, 0xE0, 0x7C, 0xF8, 0x1F, 0xBE, 0x03, 0xEF, 0x80, 0x78, 0x1F, 0xC7,
    0xF3, 0xCF, 0xF3, 0xFD, 0xF7, 0xFC, 0xFF, 0x7D, 0xF2, 0x7E, 0x8F, 0xF8, 0x1E, 0x00, 0x3E, 0x07,
    0x80, 0x0F, 0xF9, 0xFF, 0x7F, 0xFE, 0x7F, 0xDF, 0xFF, 0x9F, 0xF7, 0xFE, 0x07, 0x81, 0xFF, 0x81,
    0xE0, 0x7F, 0xE0, 0x78, 0x1F, 0xF8, 0x1E, 0x07, 0xFE, 0x07, 0x81, 0xFF, 0x81, 0xE0, 0x7F, 0xE0,
    0x78, 0x1F, 0xF8, 0x1E, 0x07, 0xFE, 0x07, 0x81, 0xFF, 0x81, 0xE0, 0x7C, 0x1F, 0xC7, 0xF3, 0xC3,
    0xFC, 0xFF, 0x7C, 0x7F, 0xCF, 0xF7, 0xC7, 0xC9, 0xFA, 0x7C, 0xF8, 0x1E, 0x07, 0xCF, 0x81, 0xE0,
    0x7C, 0xFF, 0x9F, 0xF7, 0xCF, 0xF9, 0xFF, 0x7C, 0xFF, 0x9F, 0xF7, 0xCF, 0x81, 0xE0, 0x7C, 0xF8,
    0x1E, 0x07, 0xCF, 0x81, 0xE0, 0x7C, 0xF8, 0x1E, 0x07, 0xCF, 0x81, 0xE0, 0x7C, 0xF8, 0x1E, 0x07,
    0xCF, 0x81, 0xE0, 0x7E, 0xF8, 0x1E, 0x03, 0xFF, 0x81, 0xE0, 0x3F, 0xF8, 0x1E, 0x01, 0xE0, 0xEE,
    0xEE, 0xEE, 0xEE, 0xEE, 0xEE, 0xEE, 0x0E, 0xEE, 0x60, 0x06, 0x1C, 0x70, 0xC3, 0x86, 0x1C, 0x38,
    0x61, 0xC3, 0x87, 0x0E, 0x1C, 0x38, 0x30, 0x70, 0xE0, 0xC1, 0xC1, 0xC1, 0x83, 0x80, 0xC1, 0xC1,
    0xC1, 0x83, 0x83, 0x07, 0x0E, 0x0C, 0x1C, 0x38, 0x70, 0xE1, 0xC3, 0x8E, 0x1C, 0x38, 0x61, 0xC7,
    0x0C, 0x38, 0x00, 0x7F, 0x77, 0xEC, 0x7F, 0x70, 0x00, 0x00, 0x06, 0xF7, 0x20, 0x0F, 0xC3, 0xFE,
    0x7C, 0x77, 0x07, 0xE0, 0x76, 0x07, 0x00, 0xE0, 0x1C, 0x03, 0x80, 0x70, 0x06, 0x00, 0xE0, 0x0E,
    0x00, 0x60, 0x00, 0x00, 0xE0, 0x0E, 0x00, 0xE0, 0x06, 0x00, 0x00, 0x08, 0x00, 0x00, 0x0E, 0x00,
    0x00, 0x0F, 0x80, 0x00, 0x0F, 0xE0, 0x00, 0x0F, 0xF8, 0x00, 0x0F, 0xFE, 0x00, 0x0F, 0x03, 0x80,
    0x0F, 0x7C, 0xE0, 0x0F, 0x7F, 0x78, 0x0F, 0xFF, 0x7E, 0x0F, 0xFF, 0x3F, 0x8F, 0xFF, 0x3F, 0xE7,
    0xFF, 0x7F, 0xF1, 0xFF, 0xBF, 0xF0, 0x7F, 0xDF, 0xF0, 0x1F, 0xFF, 0xF0, 0x07, 0xFF, 0xF0, 0x01,
    0xF3, 0xF0, 0x00, 0x79, 0xF0, 0x00, 0x1F, 0xF0, 0x00, 0x07, 0xF0, 0x00, 0x01, 0xF0, 0x00, 0x00,
    0x70, 0x00, 0x00, 0x00, 0x00,
};

static const EpdGlyph ubuntu_12_boldGlyphs[] = {
    { 0, 0, 0, 0, 0, 0, 0 }, // U+0000
    { 0, 0, 0, 0, 0, 0, 0 }, // U+0008
    { 0, 0, 96, 0, 0, 0, 0 }, // U+0009
    { 0, 0, 96, 0, 0, 0, 0 }, // U+000D
    { 0, 0, 0, 0, 0, 0, 0 }, // U+001D
    { 0, 0, 96, 0, 0, 0, 0 }, // U+0020
    { 5, 17, 114, 1, 17, 11, 0 }, // !
    { 10, 7, 186, 1, 19, 9, 11 }, // "
    { 16, 17, 280, 1, 17, 34, 20 }, // #
    { 14, 23, 227, 0, 20, 41, 54 }, // $
    { 23, 17, 367, 0, 17, 49, 95 }, // %
    { 18, 17, 282, 0, 17, 39, 144 }, // &
    { 4, 7, 99, 1, 19, 4, 183 }, // '
    { 8, 25, 142, 1, 20, 25, 187 }, // (
    { 8, 25, 142, 0, 20, 25, 212 }, // )
    { 11, 10, 201, 1, 17, 14, 237 }, // *
    { 12, 11, 227, 1, 13, 17, 251 }, // +
    { 6, 8, 98, 0, 4, 6, 268 }, // ,
    { 8, 3, 136, 0, 9, 3, 274 }, // -
    { 6, 5, 98, 0, 5, 4, 277 }, // .
    { 13, 25, 175, -1, 20, 41, 281 }, // /
    { 14, 17, 227, 0, 17, 30, 322 }, // 0
    { 10, 17, 227, 1, 17, 22, 352 }, // 1
    { 13, 17, 227, 0, 17, 28, 374 }, // 2
    { 13, 17, 227, 0, 17, 28, 402 }, // 3
    { 14, 17, 227, 0, 17, 30, 430 }, // 4
    { 13, 17, 227, 0, 17, 28, 460 }, // 5
    { 14, 17, 227, 0, 17, 30, 488 }, // 6
    { 13, 17, 227, 1, 17, 28, 518 }, // 7
    { 14, 17, 227, 0, 17, 30, 546 }, // 8
    { 14, 17, 227, 0, 17, 30, 576 }, // 9
    { 6, 14, 98, 0, 14, 11, 606 }, // :
    { 6, 18, 98, 0, 14, 14, 617 }, // ;
    { 12, 13, 227, 1, 14, 20, 631 }, // <
    { 12, 8, 227, 1, 12, 12, 651 }, // =
    { 12, 13, 227, 1, 14, 20, 663 }, // >
    { 11, 19, 182, 0, 19, 27, 683 }, // ?
    { 23, 22, 390, 1, 18, 64, 710 }, // @
    { 18, 17, 288, 0, 17, 39, 774 }, // A
    { 14, 17, 269, 2, 17, 30, 813 }, // B
    { 15, 17, 259, 1, 17, 32, 843 }, // C
    { 16, 17, 295, 2, 17, 34, 875 }, // D
    { 13, 17, 242, 2, 17, 28, 909 }, // E
    { 12, 17, 230, 2, 17, 26, 937 }, // F
    { 15, 17, 281, 1, 17, 32, 963 }, // G
    { 15, 17, 294, 2, 17, 32, 995 }, // H
    { 4, 17, 126, 2, 17, 9, 1027 }, // I
    { 12, 17, 212, 0, 17, 26, 1036 }, // J
    { 15, 17, 274, 2, 17, 32, 1062 }, // K
    { 12, 17, 225, 2, 17, 26, 1094 }, // L
    { 20, 17, 359, 1, 17, 43, 1120 }, // M
    { 15, 17, 302, 2, 17, 32, 1163 }, // N
    { 18, 17, 316, 1, 17, 39, 1195 }, // O
    { 14, 17, 258, 2, 17, 30, 1234 }, // P
    { 18, 22, 316, 1, 17, 50, 1264 }, // Q
    { 15, 17, 267, 2, 17, 32, 1314 }, // R
    { 14, 17, 233, 0, 17, 30, 1346 }, // S
    { 15, 17, 246, 0, 17, 32, 1376 }, // T
    { 15, 17, 283, 1, 17, 32, 1408 }, // U
    { 18, 17, 289, 0, 17, 39, 1440 }, // V
    { 24, 17, 379, 0, 17, 51, 1479 }, // W
    { 17, 17, 270, 0, 17, 37, 1530 }, // X
    { 17, 17, 264, 0, 17, 37, 1567 }, // Y
    { 15, 17, 244, 0, 17, 32, 1604 }, // Z
    { 8, 25, 148, 2, 20, 25, 1636 }, // [
    { 13, 25, 175, -1, 20, 41, 1661 }, // <backslash>
    { 8, 25, 148, 0, 20, 25, 1702 }, // ]
    { 14, 10, 227, 0, 17, 18, 1727 }, // ^
    { 13, 3, 200, 0, -2, 5, 1745 }, // _
    { 7, 6, 114, 0, 20, 6, 1750 }, // `
    { 13, 13, 221, 0, 13, 22, 1756 }, // a
    { 13, 19, 242, 1, 19, 31, 1778 }, // b
    { 11, 13, 200, 1, 13, 18, 1809 }, // c
    { 13, 19, 242, 1, 19, 31, 1827 }, // d
    { 13, 13, 234, 1, 13, 22, 1858 }, // e
    { 10, 19, 169, 1, 19, 24, 1880 }, // f
    { 13, 18, 238, 1, 13, 30, 1904 }, // g
    { 13, 19, 236, 1, 19, 31, 1934 }, // h
    { 5, 19, 116, 1, 19, 12, 1965 }, // i
    { 8, 24, 116, -2, 19, 24, 1977 }, // j
    { 14, 19, 232, 1, 19, 34, 2001 }, // k
    { 7, 19, 126, 1, 19, 17, 2035 }, // l
    { 19, 13, 345, 1, 13, 31, 2052 }, // m
    { 13, 13, 236, 1, 13, 22, 2083 }, // n
    { 14, 13, 243, 1, 13, 23, 2105 }, // o
    { 13, 18, 242, 1, 13, 30, 2128 }, // p
    { 13, 18, 242, 1, 13, 30, 2158 }, // q
    { 10, 13, 169, 1, 13, 17, 2188 }, // r
    { 12, 13, 194, 0, 13, 20, 2205 }, // s
    { 10, 17, 178, 1, 17, 22, 2225 }, // t
    { 12, 13, 236, 1, 13, 20, 2247 }, // u
    { 14, 13, 220, 0, 13, 23, 2267 }, // v
    { 20, 13, 314, 0, 13, 33, 2290 }, // w
    { 14, 13, 222, 0, 13, 23, 2323 }, // x
    { 14, 18, 219, 0, 13, 32, 2346 }, // y
    { 12, 13, 200, 0, 13, 20, 2378 }, // z
    { 10, 25, 148, 0, 20, 32, 2398 }, // {
    { 4, 25, 129, 2, 20, 13, 2430 }, // |
    { 9, 25, 148, 0, 20, 29, 2443 }, // }
    { 14, 5, 227, 0, 10, 9, 2472 }, // ~
    { 0, 0, 96, 0, 0, 0, 2481 }, // U+00A0
    { 5, 18, 114, 1, 13, 12, 2481 }, // U+00A1
    { 11, 18, 227, 1, 16, 25, 2493 }, // U+00A2
    { 13, 17, 227, 0, 17, 28, 2518 }, // U+00A3
    { 14, 13, 227, 0, 16, 23, 2546 }, // U+00A4
    { 16, 17, 227, -1, 17, 34, 2569 }, // U+00A5
    { 4, 25, 121, 2, 20, 13, 2603 }, // U+00A6
    { 13, 22, 206, 0, 17, 36, 2616 }, // U+00A7
    { 11, 4, 214, 1, 19, 6, 2652 }, // U+00A8
    { 18, 18, 318, 1, 18, 41, 2658 }, // U+00A9
    { 10, 10, 160, 0, 18, 13, 2699 }, // U+00AA
    { 15, 13, 239, 0, 14, 25, 2712 }, // U+00AB
    { 12, 9, 227, 1, 10, 14, 2737 }, // U+00AC
    { 8, 3, 136, 0, 9, 3, 2751 }, // U+00AD
    { 18, 18, 318, 1, 18, 41, 2754 }, // U+00AE
    { 9, 3, 150, 0, 19, 4, 2795 }, // U+00AF
    { 9, 7, 145, 0, 19, 8, 2799 }, // U+00B0
    { 12, 15, 227, 1, 15, 23, 2807 }, // U+00B1
    { 9, 10, 145, 0, 18, 12, 2830 }, // U+00B2
    { 8, 10, 145, 0, 18, 10, 2842 }, // U+00B3
    { 7, 6, 114, 0, 20, 6, 2852 }, // U+00B4
    { 13, 18, 238, 1, 13, 30, 2858 }, // U+00B5
    { 15, 23, 284, 1, 18, 44, 2888 }, // U+00B6
    { 6, 5, 98, 0, 10, 4, 2932 }, // U+00B7
    { 6, 7, 130, 1, 1, 6, 2936 }, // U+00B8
    { 7, 10, 145, 0, 18, 9, 2942 }, // U+00B9
    { 11, 10, 183, 0, 18, 14, 2951 }, // U+00BA
    { 15, 13, 239, 0, 14, 25, 2965 }, // U+00BB
    { 22, 18, 351, 0, 18, 50, 2990 }, // U+00BC
    { 21, 18, 351, 0, 18, 48, 3040 }, // U+00BD
    { 22, 18, 351, 0, 18, 50, 3088 }, // U+00BE
    { 11, 18, 182, 0, 13, 25, 3138 }, // U+00BF
    { 18, 24, 288, 0, 24, 54, 3163 }, // U+00C0
    { 18, 24, 288, 0, 24, 54, 3217 }, // U+00C1
    { 18, 23, 288, 0, 23, 52, 3271 }, // U+00C2
    { 18, 23, 288, 0, 23, 52, 3323 }, // U+00C3
    { 18, 23, 288, 0, 23, 52, 3375 }, // U+00C4
    { 18, 22, 288, 0, 22, 50, 3427 }, // U+00C5
    { 24, 17, 398, 0, 17, 51, 3477 }, // U+00C6
    { 15, 22, 259, 1, 17, 42, 3528 }, // U+00C7
    { 13, 24, 242, 2, 24, 39, 3570 }, // U+00C8
    { 13, 24, 242, 2, 24, 39, 3609 }, // U+00C9
    { 13, 23, 242, 2, 23, 38, 3648 }, // U+00CA
    { 13, 23, 242, 2, 23, 38, 3686 }, // U+00CB
    { 7, 24, 126, 0, 24, 21, 3724 }, // U+00CC
    { 7, 24, 126, 1, 24, 21, 3745 }, // U+00CD
    { 8, 23, 126, 0, 23, 23, 3766 }, // U+00CE
    { 10, 23, 126, -1, 23, 29, 3789 }, // U+00CF
    { 18, 17, 299, 0, 17, 39, 3818 }, // U+00D0
    { 15, 23, 302, 2, 23, 44, 3857 }, // U+00D1
    { 18, 24, 316, 1, 24, 54, 3901 }, // U+00D2
    { 18, 24, 316, 1, 24, 54, 3955 }, // U+00D3
    { 18, 23, 316, 1, 23, 52, 4009 }, // U+00D4
    { 18, 23, 316, 1, 23, 52, 4061 }, // U+00D5
    { 18, 23, 316, 1, 23, 52, 4113 }, // U+00D6
    { 12, 11, 227, 1, 13, 17, 4165 }, // U+00D7
    { 18, 19, 316, 1, 18, 43, 4182 }, // U+00D8
    { 15, 24, 283, 1, 24, 45, 4225 }, // U+00D9
    { 15, 24, 283, 1, 24, 45, 4270 }, // U+00DA
    { 15, 23, 283, 1, 23, 44, 4315 }, // U+00DB
    { 15, 23, 283, 1, 23, 44, 4359 }, // U+00DC
    { 17, 24, 264, 0, 24, 51, 4403 }, // U+00DD
    { 14, 17, 258, 2, 17, 30, 4454 }, // U+00DE
    { 15, 19, 264, 1, 19, 36, 4484 }, // U+00DF
    { 13, 20, 221, 0, 20, 33, 4520 }, // U+00E0
    { 13, 20, 221, 0, 20, 33, 4553 }, // U+00E1
    { 13, 19, 221, 0, 19, 31, 4586 }, // U+00E2
    { 13, 19, 221, 0, 19, 31, 4617 }, // U+00E3
    { 13, 19, 221, 0, 19, 31, 4648 }, // U+00E4
    { 13, 20, 221, 0, 20, 33, 4679 }, // U+00E5
    { 21, 13, 350, 0, 13, 35, 4712 }, // U+00E6
    { 11, 18, 200, 1, 13, 25, 4747 }, // U+00E7
    { 13, 20, 234, 1, 20, 33, 4772 }, // U+00E8
    { 13, 20, 234, 1, 20, 33, 4805 }, // U+00E9
    { 13, 19, 234, 1, 19, 31, 4838 }, // U+00EA
    { 13, 19, 234, 1, 19, 31, 4869 }, // U+00EB
    { 7, 20, 116, 0, 20, 18, 4900 }, // U+00EC
    { 6, 20, 116, 1, 20, 15, 4918 }, // U+00ED
    { 9, 19, 116, -1, 19, 22, 4933 }, // U+00EE
    { 11, 19, 116, -2, 19, 27, 4955 }, // U+00EF
    { 14, 19, 240, 1, 19, 34, 4982 }, // U+00F0
    { 13, 19, 236, 1, 19, 31, 5016 }, // U+00F1
    { 14, 20, 243, 1, 20, 35, 5047 }, // U+00F2
    { 14, 20, 243, 1, 20, 35, 5082 }, // U+00F3
    { 14, 19, 243, 1, 19, 34, 5117 }, // U+00F4
    { 14, 19, 243, 1, 19, 34, 5151 }, // U+00F5
    { 14, 19, 243, 1, 19, 34, 5185 }, // U+00F6
    { 12, 13, 227, 1, 13, 20, 5219 }, // U+00F7
    { 14, 15, 243, 1, 14, 27, 5239 }, // U+00F8
    { 12, 20, 236, 1, 20, 30, 5266 }, // U+00F9
    { 12, 20, 236, 1, 20, 30, 5296 }, // U+00FA
    { 12, 19, 236, 1, 19, 29, 5326 }, // U+00FB
    { 12, 19, 236, 1, 19, 29, 5355 }, // U+00FC
    { 14, 25, 219, 0, 20, 44, 5384 }, // U+00FD
    { 13, 24, 242, 1, 19, 39, 5428 }, // U+00FE
    { 14, 24, 219, 0, 19, 42, 5467 }, // U+00FF
    { 18, 23, 288, 0, 23, 52, 5509 }, // U+0100
    { 13, 19, 221, 0, 19, 31, 5561 }, // U+0101
    { 18, 23, 288, 0, 23, 52, 5592 }, // U+0102
    { 13, 19, 221, 0, 19, 31, 5644 }, // U+0103
    { 19, 23, 288, 0, 17, 55, 5675 }, // U+0104
    { 13, 19, 221, 0, 13, 31, 5730 }, // U+0105
    { 15, 24, 259, 1, 24, 45, 5761 }, // U+0106
    { 11, 20, 200, 1, 20, 28, 5806 }, // U+0107
    { 15, 23, 259, 1, 23, 44, 5834 }, // U+0108
    { 11, 19, 200, 1, 19, 27, 5878 }, // U+0109
    { 15, 23, 259, 1, 23, 44, 5905 }, // U+010A
    { 11, 19, 200, 1, 19, 27, 5949 }, // U+010B
    { 15, 24, 259, 1, 24, 45, 5976 }, // U+010C
    { 11, 20, 200, 1, 20, 28, 6021 }, // U+010D
    { 16, 24, 295, 2, 24, 48, 6049 }, // U+010E
    { 18, 19, 274, 1, 19, 43, 6097 }, // U+010F
    { 18, 17, 299, 0, 17, 39, 6140 }, // U+0110
    { 14, 19, 242, 1, 19, 34, 6179 }, // U+0111
    { 13, 23, 242, 2, 23, 38, 6213 }, // U+0112
    { 13, 19, 234, 1, 19, 31, 6251 }, // U+0113
    { 13, 23, 242, 2, 23, 38, 6282 }, // U+0114
    { 13, 19, 234, 1, 19, 31, 6320 }, // U+0115
    { 13, 23, 242, 2, 23, 38, 6351 }, // U+0116
    { 13, 19, 234, 1, 19, 31, 6389 }, // U+0117
    { 13, 23, 242, 2, 17, 38, 6420 }, // U+0118
    { 13, 18, 234, 1, 13, 30, 6458 }, // U+0119
    { 13, 24, 242, 2, 24, 39, 6488 }, // U+011A
    { 13, 20, 234, 1, 20, 33, 6527 }, // U+011B
    { 15, 23, 281, 1, 23, 44, 6560 }, // U+011C
    { 13, 24, 238, 1, 19, 39, 6604 }, // U+011D
    { 15, 23, 281, 1, 23, 44, 6643 }, // U+011E
    { 13, 24, 238, 1, 19, 39, 6687 }, // U+011F
    { 15, 23, 281, 1, 23, 44, 6726 }, // U+0120
    { 13, 24, 238, 1, 19, 39, 6770 }, // U+0121
    { 15, 22, 281, 1, 17, 42, 6809 }, // U+0122
    { 13, 25, 238, 1, 20, 41, 6851 }, // U+0123
    { 15, 23, 294, 2, 23, 44, 6892 }, // U+0124
    { 13, 25, 236, 1, 25, 41, 6936 }, // U+0125
    { 19, 17, 302, 0, 17, 41, 6977 }, // U+0126
    { 14, 19, 240, 0, 19, 34, 7018 }, // U+0127
    { 10, 23, 126, -1, 23, 29, 7052 }, // U+0128
    { 10, 19, 116, -1, 19, 24, 7081 }, // U+0129
    { 10, 23, 126, -1, 23, 29, 7105 }, // U+012A
    { 9, 19, 116, -1, 19, 22, 7134 }, // U+012B
    { 9, 23, 126, 0, 23, 26, 7156 }, // U+012C
    { 9, 19, 116, -1, 19, 22, 7182 }, // U+012D
    { 7, 23, 126, 0, 17, 21, 7204 }, // U+012E
    { 6, 25, 116, 0, 19, 19, 7225 }, // U+012F
    { 5, 23, 126, 1, 23, 15, 7244 }, // U+0130
    { 5, 13, 116, 1, 13, 9, 7259 }, // U+0131
    { 18, 17, 336, 2, 17, 39, 7268 }, // U+0132
    { 12, 24, 230, 1, 19, 36, 7307 }, // U+0133
    { 14, 23, 212, 0, 23, 41, 7343 }, // U+0134
    { 10, 24, 116, -2, 19, 30, 7384 }, // U+0135
    { 15, 22, 274, 2, 17, 42, 7414 }, // U+0136
    { 14, 24, 232, 1, 19, 42, 7456 }, // U+0137
    { 14, 13, 233, 1, 13, 23, 7498 }, // U+0138
    { 13, 24, 225, 1, 24, 39, 7521 }, // U+0139
    { 7, 24, 126, 1, 24, 21, 7560 }, // U+013A
    { 12, 22, 225, 2, 17, 33, 7581 }, // U+013B
    { 7, 24, 126, 1, 19, 21, 7614 }, // U+013C
    { 12, 17, 225, 2, 17, 26, 7635 }, // U+013D
    { 10, 19, 148, 1, 19, 24, 7661 }, // U+013E
    { 12, 17, 225, 2, 17, 26, 7685 }, // U+013F
    { 12, 19, 207, 1, 19, 29, 7711 }, // U+0140
    { 15, 17, 238, 0, 17, 32, 7740 }, // U+0141
    { 11, 19, 146, -1, 19, 27, 7772 }, // U+0142
    { 15, 24, 302, 2, 24, 45, 7799 }, // U+0143
    { 13, 20, 236, 1, 20, 33, 7844 }, // U+0144
    { 15, 22, 302, 2, 17, 42, 7877 }, // U+0145
    { 13, 18, 236, 1, 13, 30, 7919 }, // U+0146
    { 15, 24, 302, 2, 24, 45, 7949 }, // U+0147
    { 13, 20, 236, 1, 20, 33, 7994 }, // U+0148
    { 15, 19, 248, -1, 19, 36, 8027 }, // U+0149
    { 15, 22, 302, 2, 17, 42, 8063 }, // U+014A
    { 13, 18, 236, 1, 13, 30, 8105 }, // U+014B
    { 18, 23, 316, 1, 23, 52, 8135 }, // U+014C
    { 14, 19, 243, 1, 19, 34, 8187 }, // U+014D
    { 18, 23, 316, 1, 23, 52, 8221 }, // U+014E
    { 14, 19, 243, 1, 19, 34, 8273 }, // U+014F
    { 18, 24, 316, 1, 24, 54, 8307 }, // U+0150
    { 14, 20, 243, 1, 20, 35, 8361 }, // U+0151
    { 24, 17, 399, 1, 17, 51, 8396 }, // U+0152
    { 22, 13, 375, 1, 13, 36, 8447 }, // U+0153
    { 15, 24, 267, 2, 24, 45, 8483 }, // U+0154
    { 10, 20, 169, 1, 20, 25, 8528 }, // U+0155
    { 15, 22, 267, 2, 17, 42, 8553 }, // U+0156
    { 11, 18, 169, 0, 13, 25, 8595 }, // U+0157
    { 15, 24, 267, 2, 24, 45, 8620 }, // U+0158
    { 10, 20, 169, 1, 20, 25, 8665 }, // U+0159
    { 14, 24, 233, 0, 24, 42, 8690 }, // U+015A
    { 12, 20, 194, 0, 20, 30, 8732 }, // U+015B
    { 14, 23, 233, 0, 23, 41, 8762 }, // U+015C
    { 12, 19, 194, 0, 19, 29, 8803 }, // U+015D
    { 14, 22, 233, 0, 17, 39, 8832 }, // U+015E
    { 12, 18, 194, 0, 13, 27, 8871 }, // U+015F
    { 14, 24, 233, 0, 24, 42, 8898 }, // U+0160
    { 12, 20, 194, 0, 20, 30, 8940 }, // U+0161
    { 15, 23, 246, 0, 17, 44, 8970 }, // U+0162
    { 10, 22, 178, 1, 17, 28, 9014 }, // U+0163
    { 15, 24, 246, 0, 24, 45, 9042 }, // U+0164
    { 10, 19, 178, 1, 19, 24, 9087 }, // U+0165
    { 15, 17, 246, 0, 17, 32, 9111 }, // U+0166
    { 10, 17, 178, 1, 17, 22, 9143 }, // U+0167
    { 15, 23, 283, 1, 23, 44, 9165 }, // U+0168
    { 12, 19, 236, 1, 19, 29, 9209 }, // U+0169
    { 15, 23, 283, 1, 23, 44, 9238 }, // U+016A
    { 12, 19, 236, 1, 19, 29, 9282 }, // U+016B
    { 15, 23, 283, 1, 23, 44, 9311 }, // U+016C
    { 12, 19, 236, 1, 19, 29, 9355 }, // U+016D
    { 15, 23, 283, 1, 23, 44, 9384 }, // U+016E
    { 12, 20, 236, 1, 20, 30, 9428 }, // U+016F
    { 15, 24, 283, 1, 24, 45, 9458 }, // U+0170
    { 13, 20, 236, 1, 20, 33, 9503 }, // U+0171
    { 15, 22, 283, 1, 17, 42, 9536 }, // U+0172
    { 13, 18, 236, 1, 13, 30, 9578 }, // U+0173
    { 24, 23, 379, 0, 23, 69, 9608 }, // U+0174
    { 20, 19, 314, 0, 19, 48, 9677 }, // U+0175
    { 17, 23, 264, 0, 23, 49, 9725 }, // U+0176
    { 14, 24, 219, 0, 19, 42, 9774 }, // U+0177
    { 17, 23, 264, 0, 23, 49, 9816 }, // U+0178
    { 15, 24, 244, 0, 24, 45, 9865 }, // U+0179
    { 12, 20, 200, 0, 20, 30, 9910 }, // U+017A
    { 15, 23, 244, 0, 23, 44, 9940 }, // U+017B
    { 12, 19, 200, 0, 19, 29, 9984 }, // U+017C
    { 15, 24, 244, 0, 24, 45, 10013 }, // U+017D
    { 12, 20, 200, 0, 20, 30, 10058 }, // U+017E
    { 10, 19, 132, 1, 19, 24, 10088 }, // U+017F
    { 18, 19, 316, 1, 19, 43, 10112 }, // U+01A0
    { 15, 15, 243, 1, 15, 29, 10155 }, // U+01A1
    { 18, 20, 299, 1, 20, 45, 10184 }, // U+01AF
    { 15, 16, 250, 1, 16, 30, 10229 }, // U+01B0
    { 30, 24, 520, 2, 24, 90, 10259 }, // U+01C4
    { 28, 20, 486, 2, 20, 70, 10349 }, // U+01C5
    { 26, 20, 438, 1, 20, 65, 10419 }, // U+01C6
    { 24, 17, 436, 2, 17, 51, 10484 }, // U+01C7
    { 18, 24, 339, 2, 19, 54, 10535 }, // U+01C8
    { 13, 24, 241, 1, 19, 39, 10589 }, // U+01C9
    { 29, 17, 512, 2, 17, 62, 10628 }, // U+01CA
    { 23, 24, 417, 2, 19, 69, 10690 }, // U+01CB
    { 20, 24, 351, 1, 19, 60, 10759 }, // U+01CC
    { 18, 24, 288, 0, 24, 54, 10819 }, // U+01CD
    { 13, 20, 221, 0, 20, 33, 10873 }, // U+01CE
    { 8, 24, 126, 0, 24, 24, 10906 }, // U+01CF
    { 9, 20, 116, -1, 20, 23, 10930 }, // U+01D0
    { 18, 24, 316, 1, 24, 54, 10953 }, // U+01D1
    { 14, 20, 243, 1, 20, 35, 11007 }, // U+01D2
    { 15, 24, 283, 1, 24, 45, 11042 }, // U+01D3
    { 12, 20, 236, 1, 20, 30, 11087 }, // U+01D4
    { 15, 25, 283, 1, 25, 47, 11117 }, // U+01D5
    { 12, 21, 236, 1, 21, 32, 11164 }, // U+01D6
    { 15, 24, 283, 1, 24, 45, 11196 }, // U+01D7
    { 12, 22, 236, 1, 22, 33, 11241 }, // U+01D8
    { 15, 24, 283, 1, 24, 45, 11274 }, // U+01D9
    { 12, 22, 236, 1, 22, 33, 11319 }, // U+01DA
    { 15, 24, 283, 1, 24, 45, 11352 }, // U+01DB
    { 12, 22, 236, 1, 22, 33, 11397 }, // U+01DC
    { 13, 13, 234, 1, 13, 22, 11430 }, // U+01DD
    { 18, 25, 288, 0, 25, 57, 11452 }, // U+01DE
    { 13, 21, 221, 0, 21, 35, 11509 }, // U+01DF
    { 18, 25, 288, 0, 25, 57, 11544 }, // U+01E0
    { 13, 21, 221, 0, 21, 35, 11601 }, // U+01E1
    { 24, 23, 398, 0, 23, 69, 11636 }, // U+01E2
    { 21, 19, 350, 0, 19, 50, 11705 }, // U+01E3
    { 17, 17, 291, 1, 17, 37, 11755 }, // U+01E4
    { 14, 18, 241, 1, 13, 32, 11792 }, // U+01E5
    { 15, 24, 281, 1, 24, 45, 11824 }, // U+01E6
    { 13, 25, 238, 1, 20, 41, 11869 }, // U+01E7
    { 15, 24, 274, 2, 24, 45, 11910 }, // U+01E8
    { 14, 25, 232, 1, 25, 44, 11955 }, // U+01E9
    { 18, 22, 316, 1, 17, 50, 11999 }, // U+01EA
    { 14, 18, 243, 1, 13, 32, 12049 }, // U+01EB
    { 18, 28, 316, 1, 23, 63, 12081 }, // U+01EC
    { 14, 24, 243, 1, 19, 42, 12144 }, // U+01ED
    { 14, 24, 246, 0, 24, 42, 12186 }, // U+01EE
    { 12, 26, 206, 0, 21, 39, 12228 }, // U+01EF
    { 10, 25, 116, -2, 20, 32, 12267 }, // U+01F0
    { 30, 17, 520, 2, 17, 64, 12299 }, // U+01F1
    { 28, 17, 486, 2, 17, 60, 12363 }, // U+01F2
    { 26, 19, 438, 1, 19, 62, 12423 }, // U+01F3
    { 15, 24, 281, 1, 24, 45, 12485 }, // U+01F4
    { 13, 25, 238, 1, 20, 41, 12530 }, // U+01F5
    { 24, 17, 424, 2, 17, 51, 12571 }, // U+01F6
    { 14, 22, 268, 2, 17, 39, 12622 }, // U+01F7
    { 15, 24, 302, 2, 24, 45, 12661 }, // U+01F8
    { 13, 20, 236, 1, 20, 33, 12706 }, // U+01F9
    { 18, 26, 288, 0, 26, 59, 12739 }, // U+01FA
    { 13, 24, 221, 0, 24, 39, 12798 }, // U+01FB
    { 24, 24, 398, 0, 24, 72, 12837 }, // U+01FC
    { 21, 20, 350, 0, 20, 53, 12909 }, // U+01FD
    { 18, 25, 316, 1, 24, 57, 12962 }, // U+01FE
    { 14, 21, 243, 1, 20, 37, 13019 }, // U+01FF
    { 18, 24, 288, 0, 24, 54, 13056 }, // U+0200
    { 13, 20, 221, 0, 20, 33, 13110 }, // U+0201
    { 18, 23, 288, 0, 23, 52, 13143 }, // U+0202
    { 13, 19, 221, 0, 19, 31, 13195 }, // U+0203
    { 13, 24, 242, 2, 24, 39, 13226 }, // U+0204
    { 13, 20, 234, 1, 20, 33, 13265 }, // U+0205
    { 13, 23, 242, 2, 23, 38, 13298 }, // U+0206
    { 13, 19, 234, 1, 19, 31, 13336 }, // U+0207
    { 11, 24, 126, -2, 24, 33, 13367 }, // U+0208
    { 12, 20, 116, -3, 20, 30, 13400 }, // U+0209
    { 10, 23, 126, -1, 23, 29, 13430 }, // U+020A
    { 9, 19, 116, -1, 19, 22, 13459 }, // U+020B
    { 18, 24, 316, 1, 24, 54, 13481 }, // U+020C
    { 14, 20, 243, 1, 20, 35, 13535 }, // U+020D
    { 18, 23, 316, 1, 23, 52, 13570 }, // U+020E
    { 14, 19, 243, 1, 19, 34, 13622 }, // U+020F
    { 15, 24, 267, 2, 24, 45, 13656 }, // U+0210
    { 11, 20, 169, 0, 20, 28, 13701 }, // U+0211
    { 15, 23, 267, 2, 23, 44, 13729 }, // U+0212
    { 10, 19, 169, 1, 19, 24, 13773 }, // U+0213
    { 15, 24, 283, 1, 24, 45, 13797 }, // U+0214
    { 12, 20, 236, 1, 20, 30, 13842 }, // U+0215
    { 15, 23, 283, 1, 23, 44, 13872 }, // U+0216
    { 12, 19, 236, 1, 19, 29, 13916 }, // U+0217
    { 14, 22, 233, 0, 17, 39, 13945 }, // U+0218
    { 12, 18, 194, 0, 13, 27, 13984 }, // U+0219
    { 15, 22, 246, 0, 17, 42, 14011 }, // U+021A
    { 10, 22, 178, 1, 17, 28, 14053 }, // U+021B
    { 13, 22, 227, 0, 17, 36, 14081 }, // U+021C
    { 11, 18, 191, 0, 13, 25, 14117 }, // U+021D
    { 15, 24, 294, 2, 24, 45, 14142 }, // U+021E
    { 13, 25, 236, 1, 25, 41, 14187 }, // U+021F
    { 9, 4, 0, -14, 19, 5, 14228 }, // U+0300
    { 8, 4, 0, -9, 19, 4, 14233 }, // U+0301
    { 11, 4, 0, -6, 19, 6, 14237 }, // U+0302
    { 11, 4, 0, -14, 19, 6, 14243 }, // U+0303
    { 10, 3, 0, -5, 18, 4, 14249 }, // U+0304
    { 14, 3, 0, -13, 22, 6, 14253 }, // U+0305
    { 10, 4, 0, -5, 19, 5, 14259 }, // U+0306
    { 6, 4, 0, -3, 20, 3, 14264 }, // U+0307
    { 10, 3, 0, -5, 19, 4, 14267 }, // U+0308
    { 6, 6, 0, -9, 19, 5, 14271 }, // U+0309
    { 7, 6, 0, -4, 21, 6, 14276 }, // U+030A
    { 12, 4, 0, -4, 19, 6, 14282 }, // U+030B
    { 11, 4, 0, -6, 19, 6, 14288 }, // U+030C
    { 3, 7, 0, -4, 20, 3, 14294 }, // U+030D
    { 11, 4, 0, -12, 18, 6, 14297 }, // U+030F
    { 9, 4, 156, 0, 19, 5, 14303 }, // U+0311
    { 6, 5, 0, -3, -1, 4, 14308 }, // U+0316
    { 6, 5, 0, -3, -1, 4, 14312 }, // U+0317
    { 7, 5, 0, -9, -1, 5, 14316 }, // U+0318
    { 7, 5, 0, -10, -1, 5, 14321 }, // U+0319
    { 6, 5, 0, -4, 19, 4, 14326 }, // U+031A
    { 5, 6, 0, -2, 19, 4, 14330 }, // U+031B
    { 4, 6, 0, -3, 0, 3, 14334 }, // U+031C
    { 6, 5, 0, -9, -1, 4, 14337 }, // U+031D
    { 6, 5, 0, -9, -1, 4, 14341 }, // U+031E
    { 8, 8, 0, -4, 1, 8, 14345 }, // U+031F
    { 8, 3, 0, -4, -1, 3, 14353 }, // U+0320
    { 4, 4, 0, -8, -1, 2, 14356 }, // U+0323
    { 8, 4, 0, -4, -2, 4, 14358 }, // U+0324
    { 6, 6, 0, -3, 0, 5, 14362 }, // U+0325
    { 5, 4, 0, -2, -2, 3, 14367 }, // U+0326
    { 6, 6, 0, -3, 0, 5, 14370 }, // U+0327
    { 6, 8, 0, -3, 2, 6, 14375 }, // U+0328
    { 4, 8, 0, -2, 1, 4, 14381 }, // U+0329
    { 8, 5, 0, -10, -1, 5, 14385 }, // U+032A
    { 10, 5, 0, -5, -1, 7, 14390 }, // U+032C
    { 10, 5, 0, -5, -1, 7, 14397 }, // U+032D
    { 9, 4, 0, -4, -2, 5, 14404 }, // U+032E
    { 9, 4, 0, -4, -2, 5, 14409 }, // U+032F
    { 9, 4, 0, -4, -2, 5, 14414 }, // U+0330
    { 8, 3, 0, -4, -2, 3, 14419 }, // U+0331
    { 14, 3, 0, -13, -2, 6, 14422 }, // U+0332
    { 9, 4, 0, -4, 8, 5, 14428 }, // U+0334
    { 9, 3, 0, -9, 8, 4, 14433 }, // U+0335
    { 27, 3, 0, -26, 8, 11, 14437 }, // U+0336
    { 10, 21, 0, -5, 19, 27, 14448 }, // U+0338
    { 4, 6, 0, -1, 0, 3, 14475 }, // U+0339
    { 8, 5, 0, -10, -1, 5, 14478 }, // U+033A
    { 8, 5, 0, -10, -1, 5, 14483 }, // U+033B
    { 11, 5, 0, -12, -1, 7, 14488 }, // U+033C
    { 6, 7, 0, -3, 18, 6, 14495 }, // U+033D
    { 6, 4, 0, -3, 18, 3, 14501 }, // U+0340
    { 6, 4, 0, -3, 18, 3, 14504 }, // U+0341
    { 0, 0, 0, 0, 0, 0, 14507 }, // U+034F
    { 4, 4, 0, -8, 16, 2, 14507 }, // U+0358
    { 22, 6, 0, -11, 21, 17, 14509 }, // U+0361
    { 13, 24, 242, 2, 24, 39, 14526 }, // U+0400
    { 13, 23, 242, 2, 23, 38, 14565 }, // U+0401
    { 20, 17, 326, 0, 17, 43, 14603 }, // U+0402
    { 12, 24, 237, 2, 24, 36, 14646 }, // U+0403
    { 16, 17, 274, 1, 17, 34, 14682 }, // U+0404
    { 14, 17, 233, 0, 17, 30, 14716 }, // U+0405
    { 4, 17, 126, 2, 17, 9, 14746 }, // U+0406
    { 10, 23, 126, -1, 23, 29, 14755 }, // U+0407
    { 12, 17, 212, 0, 17, 26, 14784 }, // U+0408
    { 28, 17, 452, 0, 17, 60, 14810 }, // U+0409
    { 24, 17, 430, 2, 17, 51, 14870 }, // U+040A
    { 19, 17, 308, 0, 17, 41, 14921 }, // U+040B
    { 15, 24, 274, 2, 24, 45, 14962 }, // U+040C
    { 15, 24, 302, 2, 24, 45, 15007 }, // U+040D
    { 17, 24, 261, 0, 24, 51, 15052 }, // U+040E
    { 15, 22, 292, 2, 17, 42, 15103 }, // U+040F
    { 18, 17, 288, 0, 17, 39, 15145 }, // U+0410
    { 14, 17, 260, 2, 17, 30, 15184 }, // U+0411
    { 14, 17, 269, 2, 17, 30, 15214 }, // U+0412
    { 12, 17, 237, 2, 17, 26, 15244 }, // U+0413
    { 21, 22, 329, 0, 17, 58, 15270 }, // U+0414
    { 13, 17, 242, 2, 17, 28, 15328 }, // U+0415
    { 25, 17, 393, 0, 17, 54, 15356 }, // U+0416
    { 15, 17, 244, 0, 17, 32, 15410 }, // U+0417
    { 15, 17, 302, 2, 17, 32, 15442 }, // U+0418
    { 15, 24, 302, 2, 24, 45, 15474 }, // U+0419
    { 15, 17, 274, 2, 17, 32, 15519 }, // U+041A
    { 18, 17, 316, 0, 17, 39, 15551 }, // U+041B
    { 20, 17, 359, 1, 17, 43, 15590 }, // U+041C
    { 15, 17, 294, 2, 17, 32, 15633 }, // U+041D
    { 18, 17, 316, 1, 17, 39, 15665 }, // U+041E
    { 15, 17, 292, 2, 17, 32, 15704 }, // U+041F
    { 14, 17, 258, 2, 17, 30, 15736 }, // U+0420
    { 15, 17, 259, 1, 17, 32, 15766 }, // U+0421
    { 15, 17, 246, 0, 17, 32, 15798 }, // U+0422
    { 17, 17, 261, 0, 17, 37, 15830 }, // U+0423
    { 20, 18, 348, 1, 18, 45, 15867 }, // U+0424
    { 17, 17, 270, 0, 17, 37, 15912 }, // U+0425
    { 18, 22, 316, 2, 17, 50, 15949 }, // U+0426
    { 14, 17, 272, 1, 17, 30, 15999 }, // U+0427
    { 22, 17, 408, 2, 17, 47, 16029 }, // U+0428
    { 25, 22, 432, 2, 17, 69, 16076 }, // U+0429
    { 19, 17, 309, 0, 17, 41, 16145 }, // U+042A
    { 20, 17, 371, 2, 17, 43, 16186 }, // U+042B
    { 14, 17, 264, 2, 17, 30, 16229 }, // U+042C
    { 15, 17, 272, 1, 17, 32, 16259 }, // U+042D
    { 24, 17, 432, 2, 17, 51, 16291 }, // U+042E
    { 15, 17, 276, 1, 17, 32, 16342 }, // U+042F
    { 13, 13, 221, 0, 13, 22, 16374 }, // U+0430
    { 13, 19, 240, 1, 19, 31, 16396 }, // U+0431
    { 13, 13, 239, 1, 13, 22, 16427 }, // U+0432
    { 11, 13, 181, 1, 13, 18, 16449 }, // U+0433
    { 17, 17, 271, 0, 13, 37, 16467 }, // U+0434
    { 13, 13, 234, 1, 13, 22, 16504 }, // U+0435
    { 21, 13, 340, 0, 13, 35, 16526 }, // U+0436
    { 12, 13, 198, 0, 13, 20, 16561 }, // U+0437
    { 13, 13, 248, 1, 13, 22, 16581 }, // U+0438
    { 13, 20, 248, 1, 20, 33, 16603 }, // U+0439
    { 14, 13, 234, 1, 13, 23, 16636 }, // U+043A
    { 14, 13, 251, 0, 13, 23, 16659 }, // U+043B
    { 17, 13, 304, 1, 13, 28, 16682 }, // U+043C
    { 13, 13, 237, 1, 13, 22, 16710 }, // U+043D
    { 14, 13, 243, 1, 13, 23, 16732 }, // U+043E
    { 13, 13, 237, 1, 13, 22, 16755 }, // U+043F
    { 13, 18, 242, 1, 13, 30, 16777 }, // U+0440
    { 11, 13, 200, 1, 13, 18, 16807 }, // U+0441
    { 13, 13, 210, 0, 13, 22, 16825 }, // U+0442
    { 14, 18, 219, 0, 13, 32, 16847 }, // U+0443
    { 18, 24, 318, 1, 19, 54, 16879 }, // U+0444
    { 14, 13, 222, 0, 13, 23, 16933 }, // U+0445
    { 15, 17, 253, 1, 13, 32, 16956 }, // U+0446
    { 12, 13, 227, 1, 13, 20, 16988 }, // U+0447
    { 19, 13, 344, 1, 13, 31, 17008 }, // U+0448
    { 21, 17, 360, 1, 13, 45, 17039 }, // U+0449
    { 16, 13, 256, 0, 13, 26, 17084 }, // U+044A
    { 18, 13, 330, 1, 13, 30, 17110 }, // U+044B
    { 13, 13, 226, 1, 13, 22, 17140 }, // U+044C
    { 13, 13, 208, 0, 13, 22, 17162 }, // U+044D
    { 20, 13, 349, 1, 13, 33, 17184 }, // U+044E
    { 13, 13, 234, 0, 13, 22, 17217 }, // U+044F
    { 13, 20, 234, 1, 20, 33, 17239 }, // U+0450
    { 13, 19, 234, 1, 19, 31, 17272 }, // U+0451
    { 14, 24, 240, 0, 19, 42, 17303 }, // U+0452
    { 11, 20, 181, 1, 20, 28, 17345 }, // U+0453
    { 13, 13, 208, 0, 13, 22, 17373 }, // U+0454
    { 12, 13, 194, 0, 13, 20, 17395 }, // U+0455
    { 5, 19, 116, 1, 19, 12, 17415 }, // U+0456
    { 11, 19, 116, -2, 19, 27, 17427 }, // U+0457
    { 8, 24, 116, -2, 19, 24, 17454 }, // U+0458
    { 22, 13, 361, 0, 13, 36, 17478 }, // U+0459
    { 20, 13, 347, 1, 13, 33, 17514 }, // U+045A
    { 14, 19, 240, 0, 19, 34, 17547 }, // U+045B
    { 14, 20, 234, 1, 20, 35, 17581 }, // U+045C
    { 13, 20, 248, 1, 20, 33, 17616 }, // U+045D
    { 14, 25, 219, 0, 20, 44, 17649 }, // U+045E
    { 13, 17, 237, 1, 13, 28, 17693 }, // U+045F
    { 18, 19, 299, 0, 19, 43, 17721 }, // U+0462
    { 15, 19, 254, 0, 19, 36, 17764 }, // U+0463
    { 22, 19, 365, 0, 18, 53, 17800 }, // U+046A
    { 17, 14, 284, 0, 13, 30, 17853 }, // U+046B
    { 18, 17, 316, 1, 17, 39, 17883 }, // U+0472
    { 14, 13, 243, 1, 13, 23, 17922 }, // U+0473
    { 21, 17, 316, 0, 17, 45, 17945 }, // U+0474
    { 16, 13, 239, 0, 13, 26, 17990 }, // U+0475
    { 29, 23, 472, 1, 18, 84, 18016 }, // U+0478
    { 24, 18, 391, 1, 13, 54, 18100 }, // U+0479
    { 18, 29, 331, 2, 24, 66, 18154 }, // U+048A
    { 15, 24, 252, 1, 20, 45, 18220 }, // U+048B
    { 16, 17, 264, 0, 17, 34, 18265 }, // U+048C
    { 14, 14, 226, 0, 14, 25, 18299 }, // U+048D
    { 14, 17, 262, 2, 17, 30, 18324 }, // U+048E
    { 14, 18, 246, 1, 13, 32, 18354 }, // U+048F
    { 12, 20, 229, 2, 20, 30, 18386 }, // U+0490
    { 11, 16, 185, 1, 16, 22, 18416 }, // U+0491
    { 15, 17, 254, 1, 17, 32, 18438 }, // U+0492
    { 12, 13, 210, 1, 13, 20, 18470 }, // U+0493
    { 14, 22, 270, 2, 17, 39, 18490 }, // U+0494
    { 13, 18, 228, 1, 13, 30, 18529 }, // U+0495
    { 26, 21, 409, 0, 17, 69, 18559 }, // U+0496
    { 22, 17, 349, 0, 13, 47, 18628 }, // U+0497
    { 15, 22, 244, 0, 17, 42, 18675 }, // U+0498
    { 12, 18, 198, 0, 13, 27, 18717 }, // U+0499
    { 16, 22, 295, 2, 17, 44, 18744 }, // U+049A
    { 14, 17, 242, 1, 13, 30, 18788 }, // U+049B
    { 18, 17, 314, 2, 17, 39, 18818 }, // U+049C
    { 16, 13, 273, 1, 13, 26, 18857 }, // U+049D
    { 18, 18, 283, 0, 18, 41, 18883 }, // U+049E
    { 15, 14, 242, 0, 14, 27, 18924 }, // U+049F
    { 20, 17, 319, 0, 17, 43, 18951 }, // U+04A0
    { 17, 13, 263, 0, 13, 28, 18994 }, // U+04A1
    { 18, 22, 323, 2, 17, 50, 19022 }, // U+04A2
    { 15, 17, 254, 1, 13, 32, 19072 }, // U+04A3
    { 19, 17, 335, 2, 17, 41, 19104 }, // U+04A4
    { 16, 13, 261, 1, 13, 26, 19145 }, // U+04A5
    { 25, 22, 444, 2, 17, 69, 19171 }, // U+04A6
    { 20, 18, 349, 1, 13, 45, 19240 }, // U+04A7
    { 19, 21, 320, 1, 17, 50, 19285 }, // U+04A8
    { 15, 17, 253, 1, 13, 32, 19335 }, // U+04A9
    { 15, 22, 259, 1, 17, 42, 19367 }, // U+04AA
    { 11, 18, 200, 1, 13, 25, 19409 }, // U+04AB
    { 15, 22, 246, 0, 17, 42, 19434 }, // U+04AC
    { 13, 17, 202, 0, 13, 28, 19476 }, // U+04AD
    { 17, 17, 264, 0, 17, 37, 19504 }, // U+04AE
    { 14, 18, 220, 0, 13, 32, 19541 }, // U+04AF
    { 17, 17, 264, 0, 17, 37, 19573 }, // U+04B0
    { 14, 18, 220, 0, 13, 32, 19610 }, // U+04B1
    { 18, 22, 286, 0, 17, 50, 19642 }, // U+04B2
    { 15, 17, 235, 0, 13, 32, 19692 }, // U+04B3
    { 23, 22, 376, 0, 17, 64, 19724 }, // U+04B4
    { 17, 17, 279, 0, 13, 37, 19788 }, // U+04B5
    { 17, 22, 290, 1, 17, 47, 19825 }, // U+04B6
    { 15, 17, 236, 0, 13, 32, 19872 }, // U+04B7
    { 14, 17, 272, 1, 17, 30, 19904 }, // U+04B8
    { 13, 13, 225, 0, 13, 22, 19934 }, // U+04B9
    { 14, 17, 280, 2, 17, 30, 19956 }, // U+04BA
    { 13, 19, 236, 1, 19, 31, 19986 }, // U+04BB
    { 21, 17, 352, 0, 17, 45, 20017 }, // U+04BC
    { 17, 13, 283, 0, 13, 28, 20062 }, // U+04BD
    { 21, 21, 352, 0, 17, 56, 20090 }, // U+04BE
    { 17, 16, 283, 0, 13, 34, 20146 }, // U+04BF
    { 4, 17, 126, 2, 17, 9, 20180 }, // U+04C0
    { 25, 24, 393, 0, 24, 75, 20189 }, // U+04C1
    { 21, 20, 340, 0, 20, 53, 20264 }, // U+04C2
    { 15, 22, 281, 2, 17, 42, 20317 }, // U+04C3
    { 13, 18, 230, 1, 13, 30, 20359 }, // U+04C4
    { 21, 22, 332, 0, 17, 58, 20389 }, // U+04C5
    { 17, 17, 270, 0, 13, 37, 20447 }, // U+04C6
    { 15, 22, 294, 2, 17, 42, 20484 }, // U+04C7
    { 13, 18, 240, 1, 13, 30, 20526 }, // U+04C8
    { 18, 22, 314, 2, 17, 50, 20556 }, // U+04C9
    { 15, 17, 251, 1, 13, 32, 20606 }, // U+04CA
    { 14, 22, 272, 1, 17, 39, 20638 }, // U+04CB
    { 12, 17, 227, 1, 13, 26, 20677 }, // U+04CC
    { 23, 22, 381, 1, 17, 64, 20703 }, // U+04CD
    { 19, 17, 318, 1, 13, 41, 20767 }, // U+04CE
    { 5, 17, 116, 1, 17, 11, 20808 }, // U+04CF
    { 18, 24, 288, 0, 24, 54, 20819 }, // U+04D0
    { 13, 20, 221, 0, 20, 33, 20873 }, // U+04D1
    { 18, 23, 288, 0, 23, 52, 20906 }, // U+04D2
    { 13, 19, 221, 0, 19, 31, 20958 }, // U+04D3
    { 24, 17, 398, 0, 17, 51, 20989 }, // U+04D4
    { 21, 13, 350, 0, 13, 35, 21040 }, // U+04D5
    { 13, 24, 242, 2, 24, 39, 21075 }, // U+04D6
    { 13, 20, 234, 1, 20, 33, 21114 }, // U+04D7
    { 16, 17, 292, 1, 17, 34, 21147 }, // U+04D8
    { 13, 13, 234, 1, 13, 22, 21181 }, // U+04D9
    { 16, 23, 292, 1, 23, 46, 21203 }, // U+04DA
    { 13, 19, 234, 1, 19, 31, 21249 }, // U+04DB
    { 25, 23, 393, 0, 23, 72, 21280 }, // U+04DC
    { 21, 19, 340, 0, 19, 50, 21352 }, // U+04DD
    { 15, 23, 244, 0, 23, 44, 21402 }, // U+04DE
    { 12, 19, 198, 0, 19, 29, 21446 }, // U+04DF
    { 14, 17, 246, 0, 17, 30, 21475 }, // U+04E0
    { 12, 18, 206, 0, 13, 27, 21505 }, // U+04E1
    { 15, 23, 302, 2, 23, 44, 21532 }, // U+04E2
    { 13, 19, 248, 1, 19, 31, 21576 }, // U+04E3
    { 15, 23, 302, 2, 23, 44, 21607 }, // U+04E4
    { 13, 19, 248, 1, 19, 31, 21651 }, // U+04E5
    { 18, 23, 316, 1, 23, 52, 21682 }, // U+04E6
    { 14, 19, 243, 1, 19, 34, 21734 }, // U+04E7
    { 18, 17, 316, 1, 17, 39, 21768 }, // U+04E8
    { 14, 13, 243, 1, 13, 23, 21807 }, // U+04E9
    { 18, 23, 316, 1, 23, 52, 21830 }, // U+04EA
    { 14, 19, 243, 1, 19, 34, 21882 }, // U+04EB
    { 15, 23, 272, 1, 23, 44, 21916 }, // U+04EC
    { 13, 19, 208, 0, 19, 31, 21960 }, // U+04ED
    { 17, 23, 261, 0, 23, 49, 21991 }, // U+04EE
    { 14, 24, 219, 0, 19, 42, 22040 }, // U+04EF
    { 17, 23, 261, 0, 23, 49, 22082 }, // U+04F0
    { 14, 24, 219, 0, 19, 42, 22131 }, // U+04F1
    { 17, 24, 261, 0, 24, 51, 22173 }, // U+04F2
    { 14, 25, 219, 0, 20, 44, 22224 }, // U+04F3
    { 14, 23, 272, 1, 23, 41, 22268 }, // U+04F4
    { 12, 19, 227, 1, 19, 29, 22309 }, // U+04F5
    { 12, 22, 237, 2, 17, 33, 22338 }, // U+04F6
    { 11, 17, 181, 1, 13, 24, 22371 }, // U+04F7
    { 20, 23, 371, 2, 23, 58, 22395 }, // U+04F8
    { 18, 19, 330, 1, 19, 43, 22453 }, // U+04F9
    { 15, 19, 240, 0, 18, 36, 22496 }, // U+04FE
    { 12, 14, 200, 0, 13, 21, 22532 }, // U+04FF
    { 17, 15, 270, 0, 15, 32, 22553 }, // U+05D0
    { 15, 15, 238, 0, 15, 29, 22585 }, // U+05D1
    { 10, 16, 165, 0, 15, 20, 22614 }, // U+05D2
    { 14, 15, 228, 0, 15, 27, 22634 }, // U+05D3
    { 14, 15, 263, 1, 15, 27, 22661 }, // U+05D4
    { 7, 15, 135, 0, 15, 14, 22688 }, // U+05D5
    { 9, 15, 148, 0, 15, 17, 22702 }, // U+05D6
    { 16, 15, 275, 0, 15, 30, 22719 }, // U+05D7
    { 15, 15, 264, 1, 15, 29, 22749 }, // U+05D8
    { 7, 9, 133, 0, 15, 8, 22778 }, // U+05D9
    { 13, 20, 228, 0, 15, 33, 22786 }, // U+05DA
    { 13, 15, 211, 0, 15, 25, 22819 }, // U+05DB
    { 14, 19, 222, 0, 19, 34, 22844 }, // U+05DC
    { 15, 15, 281, 1, 15, 29, 22878 }, // U+05DD
    { 17, 15, 281, 0, 15, 32, 22907 }, // U+05DE
    { 7, 20, 142, 0, 15, 18, 22939 }, // U+05DF
    { 8, 15, 162, 1, 15, 15, 22957 }, // U+05E0
    { 16, 15, 272, 0, 15, 30, 22972 }, // U+05E1
    { 15, 18, 252, 0, 16, 34, 23002 }, // U+05E2
    { 14, 20, 262, 1, 15, 35, 23036 }, // U+05E3
    { 15, 15, 251, 0, 15, 29, 23071 }, // U+05E4
    { 14, 20, 235, 0, 15, 35, 23100 }, // U+05E5
    { 14, 15, 237, 0, 15, 27, 23135 }, // U+05E6
    { 15, 20, 262, 1, 15, 38, 23162 }, // U+05E7
    { 12, 15, 217, 0, 15, 23, 23200 }, // U+05E8
    { 18, 15, 315, 1, 15, 34, 23223 }, // U+05E9
    { 17, 15, 289, 0, 15, 32, 23257 }, // U+05EA
    { 11, 7, 178, 0, 15, 10, 23289 }, // U+05F4
    { 19, 23, 276, -1, 18, 55, 23299 }, // U+1EA0
    { 12, 18, 230, 1, 13, 27, 23354 }, // U+1EA1
    { 19, 25, 276, -1, 24, 60, 23381 }, // U+1EA2
    { 12, 20, 230, 1, 19, 30, 23441 }, // U+1EA3
    { 19, 27, 276, -1, 26, 65, 23471 }, // U+1EA4
    { 12, 23, 230, 1, 22, 35, 23536 }, // U+1EA5
    { 19, 27, 276, -1, 26, 65, 23571 }, // U+1EA6
    { 12, 23, 230, 1, 22, 35, 23636 }, // U+1EA7
    { 19, 27, 276, -1, 26, 65, 23671 }, // U+1EA8
    { 13, 24, 230, 1, 23, 39, 23736 }, // U+1EA9
    { 19, 27, 276, -1, 26, 65, 23775 }, // U+1EAA
    { 12, 23, 230, 1, 22, 35, 23840 }, // U+1EAB
    { 19, 28, 276, -1, 23, 67, 23875 }, // U+1EAC
    { 12, 24, 230, 1, 19, 36, 23942 }, // U+1EAD
    { 19, 27, 276, -1, 26, 65, 23978 }, // U+1EAE
    { 12, 23, 230, 1, 22, 35, 24043 }, // U+1EAF
    { 19, 27, 276, -1, 26, 65, 24078 }, // U+1EB0
    { 12, 23, 230, 1, 22, 35, 24143 }, // U+1EB1
    { 19, 27, 276, -1, 26, 65, 24178 }, // U+1EB2
    { 12, 23, 230, 1, 22, 35, 24243 }, // U+1EB3
    { 19, 27, 276, -1, 26, 65, 24278 }, // U+1EB4
    { 12, 22, 230, 1, 21, 33, 24343 }, // U+1EB5
    { 19, 28, 276, -1, 23, 67, 24376 }, // U+1EB6
    { 12, 22, 230, 1, 17, 33, 24443 }, // U+1EB7
    { 14, 23, 255, 1, 18, 41, 24476 }, // U+1EB8
    { 13, 18, 217, 0, 13, 30, 24517 }, // U+1EB9
    { 14, 25, 255, 1, 24, 44, 24547 }, // U+1EBA
    { 13, 20, 217, 0, 19, 33, 24591 }, // U+1EBB
    { 14, 23, 255, 2, 22, 41, 24624 }, // U+1EBC
    { 13, 19, 217, 0, 18, 31, 24665 }, // U+1EBD
    { 14, 27, 255, 1, 26, 48, 24696 }, // U+1EBE
    { 13, 23, 217, 0, 22, 38, 24744 }, // U+1EBF
    { 14, 27, 255, 1, 26, 48, 24782 }, // U+1EC0
    { 13, 23, 217, 0, 22, 38, 24830 }, // U+1EC1
    { 14, 27, 255, 1, 26, 48, 24868 }, // U+1EC2
    { 13, 24, 217, 0, 23, 39, 24916 }, // U+1EC3
    { 14, 27, 255, 1, 26, 48, 24955 }, // U+1EC4
    { 13, 23, 217, 0, 22, 38, 25003 }, // U+1EC5
    { 14, 28, 255, 1, 23, 49, 25041 }, // U+1EC6
    { 13, 24, 217, 0, 19, 39, 25090 }, // U+1EC7
    { 5, 25, 122, 2, 24, 16, 25129 }, // U+1EC8
    { 6, 20, 105, 1, 19, 15, 25145 }, // U+1EC9
    { 4, 23, 122, 2, 18, 12, 25160 }, // U+1ECA
    { 4, 23, 105, 1, 18, 12, 25172 }, // U+1ECB
    { 17, 23, 298, 1, 18, 49, 25184 }, // U+1ECC
    { 12, 18, 225, 1, 13, 27, 25233 }, // U+1ECD
    { 17, 25, 298, 1, 24, 54, 25260 }, // U+1ECE
    { 12, 20, 225, 1, 19, 30, 25314 }, // U+1ECF
    { 17, 27, 298, 1, 26, 58, 25344 }, // U+1ED0
    { 12, 23, 225, 1, 22, 35, 25402 }, // U+1ED1
    { 17, 27, 298, 1, 26, 58, 25437 }, // U+1ED2
    { 12, 23, 225, 1, 22, 35, 25495 }, // U+1ED3
    { 17, 27, 298, 1, 26, 58, 25530 }, // U+1ED4
    { 13, 24, 225, 1, 23, 39, 25588 }, // U+1ED5
    { 17, 27, 298, 1, 26, 58, 25627 }, // U+1ED6
    { 12, 23, 225, 1, 22, 35, 25685 }, // U+1ED7
    { 17, 28, 298, 1, 23, 60, 25720 }, // U+1ED8
    { 12, 24, 225, 1, 19, 36, 25780 }, // U+1ED9
    { 18, 24, 298, 1, 23, 54, 25816 }, // U+1EDA
    { 14, 19, 225, 1, 18, 34, 25870 }, // U+1EDB
    { 18, 24, 298, 1, 23, 54, 25904 }, // U+1EDC
    { 14, 19, 225, 1, 18, 34, 25958 }, // U+1EDD
    { 18, 25, 298, 1, 24, 57, 25992 }, // U+1EDE
    { 14, 20, 225, 1, 19, 35, 26049 }, // U+1EDF
    { 18, 23, 298, 1, 22, 52, 26084 }, // U+1EE0
    { 14, 19, 225, 1, 18, 34, 26136 }, // U+1EE1
    { 18, 24, 298, 1, 19, 54, 26170 }, // U+1EE2
    { 14, 19, 225, 1, 14, 34, 26224 }, // U+1EE3
    { 14, 23, 284, 2, 18, 41, 26258 }, // U+1EE4
    { 12, 18, 236, 2, 13, 27, 26299 }, // U+1EE5
    { 14, 25, 284, 2, 24, 44, 26326 }, // U+1EE6
    { 12, 20, 236, 2, 19, 30, 26370 }, // U+1EE7
    { 16, 24, 284, 2, 23, 48, 26400 }, // U+1EE8
    { 14, 19, 236, 2, 18, 34, 26448 }, // U+1EE9
    { 16, 24, 284, 2, 23, 48, 26482 }, // U+1EEA
    { 14, 19, 236, 2, 18, 34, 26530 }, // U+1EEB
    { 16, 25, 284, 2, 24, 50, 26564 }, // U+1EEC
    { 14, 20, 236, 2, 19, 35, 26614 }, // U+1EED
    { 16, 23, 284, 2, 22, 46, 26649 }, // U+1EEE
    { 14, 19, 236, 2, 18, 34, 26695 }, // U+1EEF
    { 16, 26, 284, 2, 21, 52, 26729 }, // U+1EF0
    { 14, 20, 236, 2, 15, 35, 26781 }, // U+1EF1
    { 17, 24, 264, 0, 24, 51, 26816 }, // U+1EF2
    { 14, 25, 219, 0, 20, 44, 26867 }, // U+1EF3
    { 15, 23, 240, 0, 18, 44, 26911 }, // U+1EF4
    { 13, 18, 200, 0, 13, 30, 26955 }, // U+1EF5
    { 15, 25, 240, 0, 24, 47, 26985 }, // U+1EF6
    { 13, 24, 200, 0, 19, 39, 27032 }, // U+1EF7
    { 15, 23, 240, 0, 22, 44, 27071 }, // U+1EF8
    { 13, 23, 200, 0, 18, 38, 27115 }, // U+1EF9
    { 0, 0, 200, 0, 0, 0, 27153 }, // U+2000
    { 0, 0, 400, 0, 0, 0, 27153 }, // U+2001
    { 0, 0, 200, 0, 0, 0, 27153 }, // U+2002
    { 0, 0, 400, 0, 0, 0, 27153 }, // U+2003
    { 0, 0, 133, 0, 0, 0, 27153 }, // U+2004
    { 0, 0, 100, 0, 0, 0, 27153 }, // U+2005
    { 0, 0, 67, 0, 0, 0, 27153 }, // U+2006
    { 0, 0, 240, 0, 0, 0, 27153 }, // U+2007
    { 0, 0, 140, 0, 0, 0, 27153 }, // U+2008
    { 0, 0, 80, 0, 0, 0, 27153 }, // U+2009
    { 0, 0, 40, 0, 0, 0, 27153 }, // U+200A
    { 0, 0, 0, 0, 0, 0, 27153 }, // U+200B
    { 2, 18, 0, -1, 17, 5, 27153 }, // U+200C
    { 6, 19, 0, -3, 18, 15, 27158 }, // U+200D
    { 7, 19, 0, -1, 18, 17, 27173 }, // U+200E
    { 7, 19, 0, -6, 18, 17, 27190 }, // U+200F
    { 8, 3, 128, 0, 8, 3, 27207 }, // U+2010
    { 9, 3, 140, 0, 8, 4, 27210 }, // U+2011
    { 14, 3, 200, -1, 8, 6, 27214 }, // U+2012
    { 13, 3, 200, 0, 9, 5, 27220 }, // U+2013
    { 25, 3, 400, 0, 9, 10, 27225 }, // U+2014
    { 25, 3, 400, 0, 9, 10, 27235 }, // U+2015
    { 7, 27, 400, 9, 23, 24, 27245 }, // U+2016
    { 5, 7, 97, 1, 19, 5, 27269 }, // U+2018
    { 6, 7, 97, 0, 19, 6, 27274 }, // U+2019
    { 6, 7, 97, 0, 4, 6, 27280 }, // U+201A
    { 4, 6, 140, 2, 21, 3, 27286 }, // U+201B
    { 10, 7, 182, 1, 19, 9, 27289 }, // U+201C
    { 11, 7, 182, 0, 19, 10, 27298 }, // U+201D
    { 11, 7, 182, 0, 4, 10, 27308 }, // U+201E
    { 8, 6, 140, 0, 21, 6, 27318 }, // U+201F
    { 12, 21, 198, 0, 17, 32, 27324 }, // U+2020
    { 12, 21, 198, 0, 17, 32, 27356 }, // U+2021
    { 9, 7, 146, 0, 12, 8, 27388 }, // U+2022
    { 17, 3, 400, 4, 11, 7, 27396 }, // U+2025
    { 23, 5, 400, 1, 5, 15, 27403 }, // U+2026
    { 4, 5, 400, 10, 12, 3, 27418 }, // U+2027
    { 33, 17, 528, 0, 17, 71, 27421 }, // U+2030
    { 24, 20, 400, 1, 19, 60, 27492 }, // U+2031
    { 5, 7, 114, 1, 21, 5, 27552 }, // U+2032
    { 8, 7, 155, 1, 21, 7, 27557 }, // U+2033
    { 11, 7, 208, 1, 21, 10, 27564 }, // U+2034
    { 5, 7, 200, 4, 21, 5, 27574 }, // U+2035
    { 8, 7, 155, 1, 21, 7, 27579 }, // U+2036
    { 11, 7, 208, 1, 21, 10, 27586 }, // U+2037
    { 8, 13, 131, 0, 14, 13, 27596 }, // U+2039
    { 8, 13, 131, 0, 14, 13, 27609 }, // U+203A
    { 18, 18, 400, 4, 18, 41, 27622 }, // U+203B
    { 12, 19, 400, 7, 18, 29, 27663 }, // U+203C
    { 12, 20, 240, 2, 19, 30, 27692 }, // U+203D
    { 14, 3, 200, -1, 22, 6, 27722 }, // U+203E
    { 21, 6, 400, 2, 3, 16, 27728 }, // U+203F
    { 20, 20, 360, 1, 19, 50, 27744 }, // U+2042
    { 14, 18, 61, -5, 18, 32, 27794 }, // U+2044
    { 21, 19, 400, 2, 18, 50, 27826 }, // U+2047
    { 16, 19, 400, 3, 18, 38, 27876 }, // U+2048
    { 17, 19, 400, 5, 18, 41, 27914 }, // U+2049
    { 10, 19, 200, 1, 18, 24, 27955 }, // U+2051
    { 10, 19, 132, -1, 18, 24, 27979 }, // U+2052
    { 3, 16, 400, 11, 17, 6, 28003 }, // U+205A
    { 3, 19, 400, 11, 19, 8, 28009 }, // U+205D
    { 9, 10, 145, 0, 18, 12, 28017 }, // U+2070
    { 3, 10, 72, 1, 18, 4, 28029 }, // U+2071
    { 9, 10, 145, 0, 18, 12, 28033 }, // U+2074
    { 9, 10, 145, 0, 18, 12, 28045 }, // U+2075
    { 9, 10, 145, 0, 18, 12, 28057 }, // U+2076
    { 9, 10, 145, 0, 18, 12, 28069 }, // U+2077
    { 9, 10, 145, 0, 18, 12, 28081 }, // U+2078
    { 9, 10, 145, 0, 18, 12, 28093 }, // U+2079
    { 8, 8, 152, 1, 17, 8, 28105 }, // U+207A
    { 8, 3, 152, 1, 14, 3, 28113 }, // U+207B
    { 8, 5, 152, 1, 15, 5, 28116 }, // U+207C
    { 5, 13, 152, 3, 19, 9, 28121 }, // U+207D
    { 5, 13, 152, 1, 19, 9, 28130 }, // U+207E
    { 7, 9, 136, 1, 16, 8, 28139 }, // U+207F
    { 9, 10, 145, 0, 11, 12, 28147 }, // U+2080
    { 7, 10, 145, 0, 11, 9, 28159 }, // U+2081
    { 9, 10, 145, 0, 11, 12, 28168 }, // U+2082
    { 8, 10, 145, 0, 11, 10, 28180 }, // U+2083
    { 9, 10, 145, 0, 11, 12, 28190 }, // U+2084
    { 9, 10, 145, 0, 11, 12, 28202 }, // U+2085
    { 9, 10, 145, 0, 11, 12, 28214 }, // U+2086
    { 9, 10, 145, 0, 11, 12, 28226 }, // U+2087
    { 9, 10, 145, 0, 11, 12, 28238 }, // U+2088
    { 9, 10, 145, 0, 11, 12, 28250 }, // U+2089
    { 8, 8, 152, 1, 8, 8, 28262 }, // U+208A
    { 8, 3, 152, 1, 6, 3, 28270 }, // U+208B
    { 8, 5, 152, 1, 7, 5, 28273 }, // U+208C
    { 5, 14, 152, 3, 11, 9, 28278 }, // U+208D
    { 5, 14, 152, 1, 11, 9, 28287 }, // U+208E
    { 8, 8, 128, 0, 7, 8, 28296 }, // U+2090
    { 8, 8, 128, 0, 7, 8, 28304 }, // U+2091
    { 8, 8, 128, 0, 7, 8, 28312 }, // U+2092
    { 7, 8, 120, 0, 7, 7, 28320 }, // U+2093
    { 8, 8, 132, 0, 7, 8, 28327 }, // U+2094
    { 6, 11, 128, 1, 10, 9, 28335 }, // U+2095
    { 7, 11, 122, 1, 10, 10, 28344 }, // U+2096
    { 4, 11, 72, 1, 10, 6, 28354 }, // U+2097
    { 11, 8, 183, 0, 7, 11, 28360 }, // U+2098
    { 7, 8, 136, 1, 7, 7, 28371 }, // U+2099
    { 7, 10, 128, 1, 7, 9, 28378 }, // U+209A
    { 7, 8, 120, 0, 7, 7, 28387 }, // U+209B
    { 7, 11, 120, 0, 10, 10, 28394 }, // U+209C
    { 16, 20, 280, 1, 19, 40, 28404 }, // U+20A0
    { 16, 24, 281, 1, 21, 48, 28444 }, // U+20A1
    { 16, 19, 281, 1, 18, 38, 28492 }, // U+20A2
    { 15, 19, 233, 0, 18, 36, 28530 }, // U+20A3
    { 17, 19, 285, 0, 18, 41, 28566 }, // U+20A4
    { 17, 21, 400, 4, 17, 45, 28607 }, // U+20A5
    { 20, 19, 295, -1, 18, 48, 28652 }, // U+20A6
    { 22, 19, 400, 1, 18, 53, 28700 }, // U+20A7
    { 25, 19, 440, 1, 18, 60, 28753 }, // U+20A8
    { 24, 19, 352, -1, 18, 57, 28813 }, // U+20A9
    { 19, 15, 346, 1, 15, 36, 28870 }, // U+20AA
    { 15, 23, 230, 0, 18, 44, 28906 }, // U+20AB
    { 14, 17, 227, 1, 17, 30, 28950 }, // U+20AC
    { 16, 19, 252, 0, 18, 38, 28980 }, // U+20AD
    { 14, 17, 227, 0, 17, 30, 29018 }, // U+20AE
    { 25, 24, 428, 1, 18, 75, 29048 }, // U+20AF
    { 14, 25, 240, 0, 19, 44, 29123 }, // U+20B0
    { 16, 19, 247, 0, 18, 38, 29167 }, // U+20B1
    { 17, 24, 301, 1, 20, 51, 29205 }, // U+20B2
    { 19, 19, 276, -1, 18, 46, 29256 }, // U+20B3
    { 14, 17, 227, 0, 17, 30, 29302 }, // U+20B4
    { 16, 24, 281, 1, 20, 48, 29332 }, // U+20B5
    { 15, 18, 238, 0, 17, 34, 29380 }, // U+20B6
    { 15, 20, 255, 0, 18, 38, 29414 }, // U+20B7
    { 15, 19, 231, 0, 18, 36, 29452 }, // U+20B8
    { 14, 17, 227, 1, 17, 30, 29488 }, // U+20B9
    { 15, 19, 260, 0, 18, 36, 29518 }, // U+20BA
    { 20, 20, 312, 0, 19, 50, 29554 }, // U+20BB
    { 15, 20, 302, 2, 19, 38, 29604 }, // U+20BC
    { 14, 19, 247, 1, 18, 34, 29642 }, // U+20BD
    { 17, 22, 281, 0, 21, 47, 29676 }, // U+20BE
    { 15, 25, 260, 1, 21, 47, 29723 }, // U+20BF
    { 12, 16, 212, 1, 13, 24, 29770 }, // U+20C0
    { 21, 22, 400, 2, 20, 58, 29794 }, // U+20C1
    { 23, 10, 400, 1, 14, 29, 29852 }, // U+2190
    { 23, 10, 400, 1, 14, 29, 29881 }, // U+2190
    { 9, 24, 400, 8, 21, 27, 29910 }, // U+2191
    { 23, 10, 400, 1, 14, 29, 29937 }, // U+2192
    { 9, 23, 400, 8, 21, 26, 29966 }, // U+2193
    { 23, 10, 400, 1, 14, 29, 29992 }, // U+2194
    { 9, 23, 400, 8, 20, 26, 30021 }, // U+2195
    { 18, 18, 400, 4, 18, 41, 30047 }, // U+2196
    { 18, 18, 400, 3, 18, 41, 30088 }, // U+2197
    { 18, 17, 400, 3, 18, 39, 30129 }, // U+2198
    { 18, 17, 400, 4, 18, 39, 30168 }, // U+2199
    { 24, 15, 400, 0, 19, 45, 30207 }, // U+21B6
    { 24, 15, 400, 1, 19, 45, 30252 }, // U+21B7
    { 22, 21, 400, 1, 21, 58, 30297 }, // U+21B8
    { 23, 19, 400, 1, 19, 55, 30355 }, // U+21B9
    { 23, 19, 400, 1, 19, 55, 30410 }, // U+21C4
    { 19, 23, 400, 3, 21, 55, 30465 }, // U+21C5
    { 23, 19, 400, 1, 19, 55, 30520 }, // U+21C6
    { 23, 19, 400, 1, 19, 55, 30575 }, // U+21CB
    { 23, 19, 400, 1, 19, 55, 30630 }, // U+21CC
    { 24, 19, 400, 0, 18, 57, 30685 }, // U+21CD
    { 23, 19, 400, 1, 18, 55, 30742 }, // U+21CE
    { 23, 19, 400, 1, 18, 55, 30797 }, // U+21CF
    { 24, 18, 400, 0, 18, 54, 30852 }, // U+21D0
    { 23, 18, 400, 1, 18, 52, 30906 }, // U+21D2
    { 23, 17, 400, 1, 18, 49, 30958 }, // U+21D4
    { 23, 17, 400, 0, 18, 49, 31007 }, // U+21E6
    { 17, 23, 400, 4, 22, 49, 31056 }, // U+21E7
    { 23, 17, 400, 2, 18, 49, 31105 }, // U+21E8
    { 17, 23, 400, 4, 20, 49, 31154 }, // U+21E9
    { 17, 23, 400, 4, 22, 49, 31203 }, // U+21EA
    { 19, 23, 400, 3, 21, 55, 31252 }, // U+21F5
    { 19, 19, 400, 3, 19, 46, 31307 }, // U+2200
    { 10, 19, 200, 1, 19, 24, 31353 }, // U+2201
    { 15, 18, 245, 0, 18, 34, 31377 }, // U+2202
    { 15, 18, 400, 5, 18, 34, 31411 }, // U+2203
    { 15, 24, 400, 5, 21, 45, 31445 }, // U+2204
    { 21, 20, 400, 2, 19, 53, 31490 }, // U+2205
    { 18, 17, 277, 0, 17, 39, 31543 }, // U+2206
    { 17, 18, 400, 4, 18, 39, 31582 }, // U+2207
    { 18, 16, 400, 3, 17, 36, 31621 }, // U+2208
    { 18, 22, 400, 3, 20, 50, 31657 }, // U+2209
    { 12, 15, 200, 0, 14, 23, 31707 }, // U+220A
    { 18, 16, 400, 4, 17, 36, 31730 }, // U+220B
    { 18, 22, 400, 4, 20, 50, 31766 }, // U+220C
    { 12, 15, 200, 0, 14, 23, 31816 }, // U+220D
    { 15, 21, 292, 2, 18, 40, 31839 }, // U+220F
    { 14, 20, 217, 0, 17, 35, 31879 }, // U+2211
    { 12, 3, 227, 1, 9, 5, 31914 }, // U+2212
    { 18, 17, 400, 3, 17, 39, 31919 }, // U+2213
    { 14, 18, 61, -5, 18, 32, 31958 }, // U+2215
    { 9, 21, 140, 0, 19, 24, 31990 }, // U+2216
    { 6, 5, 98, 0, 10, 4, 32014 }, // U+2219
    { 16, 18, 241, 0, 18, 36, 32018 }, // U+221A
    { 16, 22, 256, 0, 21, 44, 32054 }, // U+221B
    { 16, 22, 256, 0, 21, 44, 32098 }, // U+221C
    { 21, 12, 400, 2, 15, 32, 32142 }, // U+221D
    { 16, 8, 254, 0, 11, 16, 32174 }, // U+221E
    { 16, 17, 400, 5, 18, 34, 32190 }, // U+221F
    { 18, 17, 400, 4, 18, 39, 32224 }, // U+2220
    { 3, 27, 400, 11, 23, 11, 32263 }, // U+2223
    { 11, 27, 400, 7, 23, 38, 32274 }, // U+2224
    { 16, 24, 400, 4, 21, 48, 32312 }, // U+2225
    { 16, 24, 400, 4, 21, 48, 32360 }, // U+2226
    { 19, 17, 400, 3, 18, 41, 32408 }, // U+2227
    { 19, 17, 400, 3, 18, 41, 32449 }, // U+2228
    { 15, 19, 400, 5, 19, 36, 32490 }, // U+2229
    { 15, 18, 400, 5, 18, 34, 32526 }, // U+222A
    { 10, 25, 160, 0, 19, 32, 32560 }, // U+222B
    { 17, 22, 400, 4, 20, 47, 32592 }, // U+222C
    { 23, 22, 400, 1, 20, 64, 32639 }, // U+222D
    { 11, 22, 400, 7, 20, 31, 32703 }, // U+222E
    { 18, 22, 400, 4, 20, 50, 32734 }, // U+222F
    { 24, 22, 400, 1, 20, 66, 32784 }, // U+2230
    { 17, 16, 400, 4, 17, 34, 32850 }, // U+2234
    { 17, 16, 400, 4, 17, 34, 32884 }, // U+2235
    { 3, 16, 400, 11, 17, 6, 32918 }, // U+2236
    { 17, 17, 400, 4, 18, 37, 32924 }, // U+2237
    { 13, 5, 240, 1, 9, 9, 32961 }, // U+223C
    { 21, 12, 400, 2, 15, 32, 32970 }, // U+223D
    { 21, 12, 400, 2, 15, 32, 33002 }, // U+223E
    { 19, 9, 400, 3, 13, 22, 33034 }, // U+2242
    { 19, 9, 400, 3, 14, 22, 33056 }, // U+2243
    { 19, 12, 400, 3, 15, 29, 33078 }, // U+2245
    { 14, 11, 227, 0, 13, 20, 33107 }, // U+2248
    { 19, 13, 400, 3, 15, 31, 33127 }, // U+224B
    { 21, 19, 400, 2, 18, 50, 33158 }, // U+224C
    { 18, 17, 400, 3, 17, 39, 33208 }, // U+2251
    { 18, 17, 400, 3, 17, 39, 33247 }, // U+2252
    { 18, 17, 400, 3, 17, 39, 33286 }, // U+2253
    { 18, 18, 400, 3, 23, 41, 33325 }, // U+225C
    { 12, 14, 227, 1, 14, 21, 33366 }, // U+2260
    { 18, 11, 400, 3, 15, 25, 33387 }, // U+2261
    { 18, 17, 400, 4, 17, 39, 33412 }, // U+2262
    { 12, 15, 227, 1, 15, 23, 33451 }, // U+2264
    { 12, 15, 227, 1, 15, 23, 33474 }, // U+2265
    { 17, 20, 400, 4, 19, 43, 33497 }, // U+2266
    { 17, 20, 400, 4, 19, 43, 33540 }, // U+2267
    { 17, 21, 400, 4, 19, 45, 33583 }, // U+2268
    { 17, 21, 400, 4, 19, 45, 33628 }, // U+2269
    { 20, 18, 400, 2, 18, 45, 33673 }, // U+226A
    { 20, 18, 400, 3, 18, 45, 33718 }, // U+226B
    { 16, 27, 400, 4, 23, 54, 33763 }, // U+226E
    { 15, 27, 400, 5, 23, 51, 33817 }, // U+226F
    { 17, 18, 400, 4, 18, 39, 33868 }, // U+2272
    { 17, 18, 400, 4, 18, 39, 33907 }, // U+2273
    { 16, 21, 400, 5, 20, 42, 33946 }, // U+2276
    { 16, 21, 400, 5, 20, 42, 33988 }, // U+2277
    { 19, 16, 400, 3, 17, 38, 34030 }, // U+2282
    { 19, 16, 400, 3, 17, 38, 34068 }, // U+2283
    { 19, 22, 400, 3, 20, 53, 34106 }, // U+2284
    { 19, 22, 400, 3, 20, 53, 34159 }, // U+2285
    { 19, 18, 400, 3, 18, 43, 34212 }, // U+2286
    { 19, 18, 400, 3, 18, 43, 34255 }, // U+2287
    { 19, 24, 400, 3, 21, 57, 34298 }, // U+2288
    { 19, 24, 400, 3, 21, 57, 34355 }, // U+2289
    { 19, 21, 400, 3, 18, 50, 34412 }, // U+228A
    { 19, 21, 400, 3, 18, 50, 34462 }, // U+228B
    { 21, 20, 400, 2, 19, 53, 34512 }, // U+2295
    { 21, 20, 400, 2, 19, 53, 34565 }, // U+2296
    { 21, 20, 400, 2, 19, 53, 34618 }, // U+2297
    { 21, 20, 400, 2, 19, 53, 34671 }, // U+2298
    { 23, 23, 400, 1, 21, 67, 34724 }, // U+2299
    { 21, 21, 400, 2, 20, 56, 34791 }, // U+229C
    { 21, 20, 400, 2, 19, 53, 34847 }, // U+229D
    { 23, 23, 400, 1, 21, 67, 34900 }, // U+229E
    { 23, 23, 400, 1, 21, 67, 34967 }, // U+22A0
    { 17, 17, 400, 4, 18, 37, 35034 }, // U+22A2
    { 17, 17, 400, 4, 18, 37, 35071 }, // U+22A3
    { 17, 18, 400, 4, 18, 39, 35108 }, // U+22A4
    { 17, 18, 400, 4, 18, 39, 35147 }, // U+22A5
    { 18, 18, 400, 4, 18, 41, 35186 }, // U+22BF
    { 23, 21, 400, 1, 20, 61, 35227 }, // U+22C0
    { 23, 21, 400, 1, 20, 61, 35288 }, // U+22C1
    { 19, 23, 400, 3, 21, 55, 35349 }, // U+22C2
    { 19, 22, 400, 3, 20, 53, 35404 }, // U+22C3
    { 9, 9, 400, 8, 14, 11, 35457 }, // U+22C4
    { 5, 6, 140, 2, 12, 4, 35468 }, // U+22C5
    { 17, 20, 400, 4, 20, 43, 35472 }, // U+22DA
    { 17, 20, 400, 4, 20, 43, 35515 }, // U+22DB
    { 3, 19, 400, 11, 19, 8, 35558 }, // U+22EE
    { 21, 3, 400, 2, 11, 8, 35566 }, // U+22EF
    { 21, 19, 400, 2, 19, 50, 35574 }, // U+22F0
    { 21, 19, 400, 2, 19, 50, 35624 }, // U+22F1
    { 8, 8, 400, 1, 5, 8, 35674 }, // U+3002
    { 7, 18, 400, 17, 21, 16, 35682 }, // U+300C
    { 7, 18, 400, 1, 16, 16, 35698 }, // U+300D
    { 23, 4, 400, 1, 11, 12, 35714 }, // U+4E00
    { 24, 21, 400, 1, 20, 63, 35726 }, // U+4E0A
    { 23, 22, 400, 1, 19, 64, 35789 }, // U+4E0B
    { 23, 22, 400, 1, 19, 64, 35853 }, // U+4E0D
    { 23, 24, 400, 1, 21, 69, 35917 }, // U+4E13
    { 23, 23, 400, 1, 20, 67, 35986 }, // U+4E22
    { 22, 22, 400, 1, 19, 61, 36053 }, // U+4E24
    { 25, 24, 400, 0, 21, 75, 36114 }, // U+4E2A
    { 19, 24, 400, 3, 21, 57, 36189 }, // U+4E2D
    { 19, 24, 400, 3, 21, 57, 36246 }, // U+4E32
    { 21, 24, 400, 1, 21, 63, 36303 }, // U+4E3A
    { 23, 23, 400, 1, 21, 67, 36366 }, // U+4E3B
    { 24, 22, 400, 1, 20, 66, 36433 }, // U+4E49
    { 22, 24, 400, 1, 21, 66, 36499 }, // U+4E66
    { 23, 15, 400, 1, 16, 44, 36565 }, // U+4E8C
    { 24, 24, 400, 1, 21, 72, 36609 }, // U+4EA4
    { 25, 24, 400, 0, 21, 75, 36681 }, // U+4ECA
    { 24, 23, 400, 1, 21, 69, 36756 }, // U+4ECE
    { 25, 23, 400, 0, 20, 72, 36825 }, // U+4ED6
    { 23, 21, 400, 1, 19, 61, 36897 }, // U+4EE5
    { 25, 24, 400, 0, 21, 75, 36958 }, // U+4EF6
    { 25, 24, 400, 0, 21, 75, 37033 }, // U+4F11
    { 25, 24, 400, 0, 21, 75, 37108 }, // U+4F1A
    { 25, 24, 400, 0, 21, 75, 37183 }, // U+4F20
    { 25, 24, 400, 0, 21, 75, 37258 }, // U+4F4D
    { 25, 24, 400, 0, 21, 75, 37333 }, // U+4F4F
    { 25, 24, 400, 0, 21, 75, 37408 }, // U+4F53
    { 25, 24, 400, 0, 21, 75, 37483 }, // U+4F59
    { 25, 24, 400, 0, 21, 75, 37558 }, // U+4F5C
    { 24, 24, 400, 0, 21, 72, 37633 }, // U+4F60
    { 25, 24, 400, 0, 21, 75, 37705 }, // U+4F7F
    { 24, 23, 400, 0, 20, 69, 37780 }, // U+4F9B
    { 24, 24, 400, 0, 21, 72, 37849 }, // U+4FA7
    { 25, 23, 400, 0, 20, 72, 37921 }, // U+4FBF
    { 25, 23, 400, 0, 20, 72, 37993 }, // U+4FDD
    { 24, 24, 400, 0, 21, 72, 38065 }, // U+4FE1
    { 25, 24, 400, 0, 21, 75, 38137 }, // U+4FEE
    { 23, 24, 400, 0, 21, 69, 38212 }, // U+5012
    { 25, 23, 400, 0, 20, 72, 38281 }, // U+503E
    { 23, 24, 400, 0, 21, 69, 38353 }, // U+504F
    { 25, 24, 400, 0, 21, 75, 38422 }, // U+50A8
    { 23, 24, 400, 1, 21, 69, 38497 }, // U+5145
    { 24, 24, 400, 0, 21, 72, 38566 }, // U+5148
    { 24, 23, 400, 0, 20, 69, 38638 }, // U+5149
    { 24, 22, 400, 1, 20, 66, 38707 }, // U+5165
    { 25, 23, 400, 0, 21, 72, 38773 }, // U+5168
    { 24, 24, 400, 1, 21, 72, 38845 }, // U+5173
    { 23, 24, 400, 1, 21, 69, 38917 }, // U+5176
    { 25, 24, 400, 0, 21, 75, 38986 }, // U+5178
    { 19, 24, 400, 3, 21, 57, 39061 }, // U+5185
    { 25, 23, 400, 0, 20, 72, 39118 }, // U+518D
    { 22, 23, 400, 1, 20, 64, 39190 }, // U+5199
    { 24, 24, 400, 1, 21, 72, 39254 }, // U+51C6
    { 24, 24, 400, 1, 21, 72, 39326 }, // U+51D1
    { 25, 21, 400, 0, 19, 66, 39398 }, // U+51E0
    { 19, 24, 400, 3, 21, 57, 39464 }, // U+51FA
    { 25, 23, 400, 0, 20, 72, 39521 }, // U+5206
    { 23, 22, 400, 0, 19, 64, 39593 }, // U+5207
    { 23, 24, 400, 0, 21, 69, 39657 }, // U+5217
    { 23, 24, 400, 0, 21, 69, 39726 }, // U+521B
    { 22, 24, 400, 1, 21, 66, 39795 }, // U+5220
    { 22, 24, 400, 1, 21, 66, 39861 }, // U+5230
    { 22, 24, 400, 1, 21, 66, 39927 }, // U+5236
    { 23, 24, 400, 0, 21, 69, 39993 }, // U+5237
    { 23, 24, 400, 1, 21, 69, 40062 }, // U+524D
    { 23, 24, 400, 0, 21, 69, 40131 }, // U+5269
    { 23, 25, 400, 1, 22, 72, 40200 }, // U+526A
    { 22, 24, 400, 1, 21, 66, 40272 }, // U+526F
    { 23, 24, 400, 0, 21, 69, 40338 }, // U+529F
    { 23, 24, 400, 0, 21, 69, 40407 }, // U+52A0
    { 25, 24, 400, 0, 21, 75, 40476 }, // U+52A1
    { 22, 24, 400, 1, 21, 66, 40551 }, // U+52A8
    { 20, 24, 400, 2, 21, 60, 40617 }, // U+52FF
    { 21, 21, 400, 3, 19, 56, 40677 }, // U+5339
    { 20, 22, 400, 4, 19, 55, 40733 }, // U+533A
    { 19, 24, 400, 4, 21, 57, 40788 }, // U+5360
    { 23, 24, 400, 1, 21, 69, 40845 }, // U+5361
    { 22, 22, 400, 1, 19, 61, 40914 }, // U+5373
    { 24, 23, 400, 0, 20, 69, 40975 }, // U+539F
    { 23, 24, 400, 1, 21, 69, 41044 }, // U+53D1
    { 25, 22, 400, 0, 19, 69, 41113 }, // U+53D6
    { 17, 16, 400, 4, 16, 34, 41182 }, // U+53E3
    { 23, 21, 400, 1, 18, 61, 41216 }, // U+53EF
    { 24, 24, 400, 0, 21, 72, 41277 }, // U+53F3
    { 24, 23, 400, 1, 20, 69, 41349 }, // U+53F7
    { 19, 22, 400, 3, 19, 53, 41418 }, // U+540C
    { 22, 24, 400, 0, 21, 66, 41471 }, // U+540D
    { 24, 24, 400, 0, 21, 72, 41537 }, // U+540E
    { 19, 24, 400, 3, 21, 57, 41609 }, // U+5411
    { 23, 22, 400, 1, 19, 64, 41666 }, // U+5426
    { 22, 24, 400, 1, 21, 66, 41730 }, // U+542F
    { 23, 24, 400, 1, 21, 69, 41796 }, // U+544A
    { 25, 24, 400, 0, 21, 75, 41865 }, // U+547D
    { 25, 24, 400, 1, 21, 75, 41940 }, // U+54C8
    { 22, 23, 400, 2, 20, 64, 42015 }, // U+5668
    { 21, 20, 400, 2, 18, 53, 42079 }, // U+56DE
    { 20, 23, 400, 3, 20, 58, 42132 }, // U+56E0
    { 21, 23, 400, 2, 20, 61, 42190 }, // U+56F4
    { 21, 22, 400, 2, 19, 58, 42251 }, // U+56FA
    { 20, 23, 400, 3, 20, 58, 42309 }, // U+56FE
    { 24, 24, 400, 0, 21, 72, 42367 }, // U+5728
    { 25, 22, 400, 0, 20, 69, 42439 }, // U+5730
    { 25, 23, 400, 0, 21, 72, 42508 }, // U+5740
    { 23, 24, 400, 0, 21, 69, 42580 }, // U+5747
    { 25, 24, 400, 0, 21, 75, 42649 }, // U+5907
    { 24, 24, 400, 1, 21, 72, 42724 }, // U+590D
    { 24, 24, 400, 1, 21, 72, 42796 }, // U+5916
    { 25, 22, 400, 0, 20, 69, 42868 }, // U+5927
    { 24, 21, 400, 1, 19, 63, 42937 }, // U+5929
    { 24, 24, 400, 1, 21, 72, 43000 }, // U+5931
    { 24, 24, 400, 1, 21, 72, 43072 }, // U+5939
    { 23, 24, 400, 0, 21, 69, 43144 }, // U+5982
    { 24, 23, 400, 0, 20, 69, 43213 }, // U+59CB
    { 23, 24, 400, 1, 21, 69, 43282 }, // U+5B57
    { 25, 24, 400, 0, 21, 75, 43351 }, // U+5B58
    { 21, 23, 400, 2, 21, 61, 43426 }, // U+5B83
    { 23, 24, 400, 1, 21, 69, 43487 }, // U+5B89
    { 23, 24, 400, 1, 21, 69, 43556 }, // U+5B8C
    { 23, 24, 400, 1, 21, 69, 43625 }, // U+5B9A
    { 23, 24, 400, 1, 21, 69, 43694 }, // U+5B9E
    { 23, 24, 400, 1, 21, 69, 43763 }, // U+5BBD
    { 22, 24, 400, 1, 21, 66, 43832 }, // U+5BC6
    { 25, 23, 400, 0, 20, 72, 43898 }, // U+5BF9
    { 24, 23, 400, 1, 20, 69, 43970 }, // U+5C01
    { 26, 24, 400, 0, 21, 78, 44039 }, // U+5C04
    { 25, 24, 400, 0, 21, 75, 44117 }, // U+5C06
    { 24, 23, 400, 1, 21, 69, 44192 }, // U+5C0F
    { 25, 23, 400, 0, 20, 72, 44261 }, // U+5C31
    { 25, 23, 400, 0, 20, 72, 44333 }, // U+5C3D
    { 23, 23, 400, 0, 20, 67, 44405 }, // U+5C40
    { 22, 23, 400, 1, 20, 64, 44472 }, // U+5C45
    { 24, 23, 400, 0, 20, 69, 44536 }, // U+5C4F
    { 25, 23, 400, 0, 20, 72, 44605 }, // U+5C55
    { 21, 24, 400, 1, 21, 63, 44677 }, // U+5D29
    { 25, 24, 400, 1, 21, 75, 44740 }, // U+5D4C
    { 23, 22, 400, 1, 21, 64, 44815 }, // U+5DE6
    { 22, 21, 400, 3, 19, 58, 44879 }, // U+5DF2
    { 24, 24, 400, 0, 21, 72, 44937 }, // U+5E03
    { 24, 24, 400, 0, 21, 72, 45009 }, // U+5E0C
    { 23, 24, 400, 1, 21, 69, 45081 }, // U+5E26
    { 23, 25, 400, 1, 21, 72, 45150 }, // U+5E38
    { 23, 24, 400, 1, 21, 69, 45222 }, // U+5E45
    { 25, 24, 400, 0, 21, 75, 45291 }, // U+5E55
    { 25, 24, 400, 0, 20, 75, 45366 }, // U+5E73
    { 25, 24, 400, 0, 21, 75, 45441 }, // U+5E76
    { 23, 24, 400, 1, 21, 69, 45516 }, // U+5E94
    { 25, 24, 400, 0, 21, 75, 45585 }, // U+5E95
    { 24, 24, 400, 0, 21, 72, 45660 }, // U+5EA6
    { 25, 24, 400, 0, 21, 75, 45732 }, // U+5EFA
    { 23, 22, 400, 1, 19, 64, 45807 }, // U+5F00
    { 22, 24, 400, 2, 21, 66, 45871 }, // U+5F0F
    { 19, 23, 400, 2, 20, 55, 45937 }, // U+5F15
    { 18, 23, 400, 3, 21, 52, 45992 }, // U+5F53
    { 23, 23, 400, 1, 20, 67, 46044 }, // U+5F55
    { 24, 24, 400, 1, 21, 72, 46111 }, // U+5FEB
    { 23, 24, 400, 1, 21, 69, 46183 }, // U+5FFD
    { 25, 23, 400, 0, 21, 72, 46252 }, // U+6001
    { 23, 23, 400, 1, 21, 67, 46324 }, // U+603B
    { 25, 24, 400, 0, 21, 75, 46391 }, // U+6062
    { 23, 23, 400, 1, 21, 67, 46466 }, // U+606F
    { 24, 24, 400, 1, 21, 72, 46533 }, // U+60C5
    { 24, 24, 400, 0, 21, 72, 46605 }, // U+6210
    { 23, 24, 400, 1, 21, 69, 46677 }, // U+6216
    { 25, 24, 400, 0, 21, 75, 46746 }, // U+622A
    { 21, 24, 400, 0, 21, 63, 46821 }, // U+6237
    { 25, 24, 400, 0, 21, 75, 46884 }, // U+6240
    { 25, 24, 400, 0, 21, 75, 46959 }, // U+624B
    { 25, 24, 400, 0, 21, 75, 47034 }, // U+6253
    { 24, 24, 400, 0, 21, 72, 47109 }, // U+6269
    { 24, 24, 400, 0, 21, 72, 47181 }, // U+626B
    { 25, 24, 400, 0, 21, 75, 47253 }, // U+627E
    { 25, 23, 400, 0, 20, 72, 47328 }, // U+6297
    { 25, 23, 400, 0, 20, 72, 47400 }, // U+62A5
    { 25, 23, 400, 0, 20, 72, 47472 }, // U+62E9
    { 25, 24, 400, 0, 21, 75, 47544 }, // U+6301
    { 25, 23, 400, 0, 20, 72, 47619 }, // U+6309
    { 25, 24, 400, 0, 21, 75, 47691 }, // U+6362
    { 24, 23, 400, 0, 20, 69, 47766 }, // U+636E
    { 25, 23, 400, 0, 20, 72, 47835 }, // U+63A5
    { 25, 23, 400, 0, 20, 72, 47907 }, // U+63CF
    { 25, 23, 400, 0, 20, 72, 47979 }, // U+63D0
    { 25, 24, 400, 0, 21, 75, 48051 }, // U+63D2
    { 25, 24, 400, 0, 21, 75, 48126 }, // U+641C
    { 25, 23, 400, 0, 20, 72, 48201 }, // U+64CD
    { 25, 24, 400, 0, 21, 75, 48273 }, // U+6536
    { 25, 23, 400, 0, 21, 72, 48348 }, // U+653E
    { 25, 23, 400, 0, 20, 72, 48420 }, // U+6548
    { 24, 23, 400, 1, 20, 69, 48492 }, // U+6570
    { 24, 23, 400, 1, 20, 69, 48561 }, // U+6587
    { 26, 24, 400, 0, 21, 78, 48630 }, // U+659C
    { 23, 23, 400, 2, 20, 67, 48708 }, // U+65AD
    { 25, 24, 400, 0, 21, 75, 48775 }, // U+65B0
    { 23, 23, 400, 1, 20, 67, 48850 }, // U+65B9
    { 24, 21, 400, 0, 19, 63, 48917 }, // U+65E0
    { 16, 22, 400, 4, 19, 44, 48980 }, // U+65E5
    { 23, 23, 400, 2, 20, 67, 49024 }, // U+65F6
    { 24, 24, 400, 1, 21, 72, 49091 }, // U+6620
    { 24, 23, 400, 1, 20, 69, 49163 }, // U+662F
    { 23, 22, 400, 1, 20, 64, 49232 }, // U+663E
    { 23, 24, 400, 1, 21, 69, 49296 }, // U+6682
    { 24, 23, 400, 1, 20, 69, 49365 }, // U+66F4
    { 23, 23, 400, 1, 20, 67, 49434 }, // U+6700
    { 24, 24, 400, 0, 21, 72, 49501 }, // U+6709
    { 25, 22, 400, 0, 19, 69, 49573 }, // U+670D
    { 25, 24, 400, 0, 21, 75, 49642 }, // U+672A
    { 25, 24, 400, 0, 21, 75, 49717 }, // U+672C
    { 25, 24, 400, 0, 21, 75, 49792 }, // U+673A
    { 25, 24, 400, 0, 21, 75, 49867 }, // U+6761
    { 25, 24, 400, 0, 21, 75, 49942 }, // U+6765
    { 25, 23, 400, 0, 20, 72, 50017 }, // U+677E
    { 25, 24, 400, 0, 21, 75, 50089 }, // U+6790
    { 25, 23, 400, 0, 20, 72, 50164 }, // U+679C
    { 24, 23, 400, 1, 21, 69, 50236 }, // U+67E5
    { 25, 23, 400, 0, 20, 72, 50305 }, // U+6807
    { 25, 24, 400, 0, 21, 75, 50377 }, // U+680F
    { 25, 24, 400, 0, 21, 75, 50452 }, // U+6821
    { 25, 24, 400, 0, 21, 75, 50527 }, // U+6837
    { 25, 23, 400, 0, 20, 72, 50602 }, // U+6839
    { 25, 24, 400, 0, 21, 75, 50674 }, // U+683C
    { 24, 24, 400, 0, 21, 72, 50749 }, // U+6863
    { 25, 24, 400, 0, 21, 75, 50821 }, // U+68C0
    { 25, 24, 400, 0, 21, 75, 50896 }, // U+6A21
    { 25, 24, 400, 0, 21, 75, 50971 }, // U+6A2A
    { 24, 24, 400, 1, 21, 72, 51046 }, // U+6B21
    { 24, 20, 400, 1, 18, 60, 51118 }, // U+6B63
    { 23, 22, 400, 1, 20, 64, 51178 }, // U+6B64
    { 23, 24, 400, 1, 21, 69, 51242 }, // U+6B65
    { 25, 23, 400, 0, 20, 72, 51311 }, // U+6BB5
    { 25, 24, 400, 0, 21, 75, 51383 }, // U+6BCF
    { 23, 22, 400, 1, 20, 64, 51458 }, // U+6BD4
    { 24, 23, 400, 1, 20, 69, 51522 }, // U+6CA1
    { 24, 22, 400, 1, 20, 66, 51591 }, // U+6CD5
    { 24, 23, 400, 1, 21, 69, 51657 }, // U+6CE8
    { 24, 24, 400, 1, 21, 72, 51726 }, // U+6D45
    { 23, 24, 400, 0, 21, 69, 51798 }, // U+6D4F
    { 22, 24, 400, 1, 21, 66, 51867 }, // U+6D88
    { 24, 23, 400, 1, 20, 69, 51933 }, // U+6DF1
    { 25, 23, 400, 0, 20, 72, 52002 }, // U+6DFB
    { 24, 24, 400, 1, 21, 72, 52074 }, // U+6E05
    { 24, 22, 400, 1, 20, 66, 52146 }, // U+6E29
    { 24, 21, 400, 1, 19, 63, 52212 }, // U+6E7F
    { 24, 24, 400, 1, 21, 72, 52275 }, // U+6E83
    { 23, 22, 400, 1, 19, 64, 52347 }, // U+6E90
    { 24, 23, 400, 1, 21, 69, 52411 }, // U+6EE4
    { 25, 23, 400, 0, 20, 72, 52480 }, // U+706F
    { 23, 24, 400, 1, 21, 69, 52552 }, // U+70B9
    { 23, 24, 400, 1, 21, 69, 52621 }, // U+70ED
    { 22, 24, 400, 1, 21, 66, 52690 }, // U+7247
    { 25, 23, 400, 0, 20, 72, 52756 }, // U+7248
    { 25, 24, 400, 0, 21, 75, 52828 }, // U+7279
    { 25, 24, 400, 0, 21, 75, 52903 }, // U+72B6
    { 24, 25, 400, 1, 21, 75, 52978 }, // U+7387
    { 25, 23, 400, 0, 20, 72, 53053 }, // U+73B0
    { 25, 21, 400, 0, 19, 66, 53125 }, // U+7406
    { 21, 22, 400, 1, 19, 58, 53191 }, // U+7528
    { 21, 23, 400, 3, 21, 61, 53249 }, // U+7535
    { 25, 23, 400, 0, 20, 72, 53310 }, // U+754C
    { 24, 24, 400, 1, 21, 72, 53382 }, // U+7565
    { 24, 23, 400, 1, 21, 69, 53454 }, // U+767B
    { 22, 22, 400, 1, 19, 61, 53523 }, // U+767E
    { 21, 23, 400, 2, 20, 61, 53584 }, // U+7684
    { 25, 23, 400, 0, 21, 72, 53645 }, // U+76D8
    { 17, 22, 400, 4, 19, 47, 53717 }, // U+76EE
    { 23, 22, 400, 2, 19, 64, 53764 }, // U+7720
    { 25, 22, 400, 0, 20, 69, 53828 }, // U+77ED
    { 24, 23, 400, 0, 20, 69, 53897 }, // U+7801
    { 26, 22, 400, 0, 19, 72, 53966 }, // U+786C
    { 23, 24, 400, 0, 21, 69, 54038 }, // U+786E
    { 23, 22, 400, 1, 19, 64, 54107 }, // U+793A
    { 24, 24, 400, 1, 21, 72, 54171 }, // U+7981
    { 25, 24, 400, 0, 21, 75, 54243 }, // U+79D2
    { 25, 24, 400, 0, 21, 75, 54318 }, // U+79F0
    { 24, 24, 400, 0, 21, 72, 54393 }, // U+79FB
    { 25, 23, 400, 0, 20, 72, 54465 }, // U+7A0B
    { 23, 23, 400, 1, 21, 67, 54537 }, // U+7A7A
    { 23, 22, 400, 1, 21, 64, 54604 }, // U+7ACB
    { 23, 22, 400, 1, 20, 64, 54668 }, // U+7AD6
    { 23, 24, 400, 1, 21, 69, 54732 }, // U+7AE0
    { 24, 24, 400, 0, 21, 72, 54801 }, // U+7AEF
    { 25, 24, 400, 0, 21, 75, 54873 }, // U+7B26
    { 23, 24, 400, 1, 21, 69, 54948 }, // U+7B2C
    { 25, 23, 400, 0, 21, 72, 55017 }, // U+7B7E
    { 23, 24, 400, 1, 21, 69, 55089 }, // U+7B80
    { 23, 24, 400, 1, 21, 69, 55158 }, // U+7B97
    { 23, 24, 400, 1, 21, 69, 55227 }, // U+7BA1
    { 23, 24, 400, 1, 21, 69, 55296 }, // U+7C4D
    { 26, 23, 400, 0, 20, 75, 55365 }, // U+7C97
    { 21, 24, 400, 2, 21, 63, 55440 }, // U+7CFB
    { 22, 24, 400, 2, 21, 66, 55503 }, // U+7D22
    { 22, 24, 400, 2, 21, 66, 55569 }, // U+7D27
    { 21, 23, 400, 2, 20, 61, 55635 }, // U+7D2F
    { 24, 24, 400, 1, 21, 72, 55696 }, // U+7EBF
    { 23, 22, 400, 1, 20, 64, 55768 }, // U+7EC6
    { 24, 22, 400, 1, 20, 66, 55832 }, // U+7ECF
    { 24, 24, 400, 1, 21, 72, 55898 }, // U+7EDC
    { 24, 24, 400, 1, 21, 72, 55970 }, // U+7EDF
    { 24, 23, 400, 1, 20, 69, 56042 }, // U+7EE7
    { 24, 23, 400, 1, 20, 69, 56111 }, // U+7EEA
    { 23, 24, 400, 1, 21, 69, 56180 }, // U+7EED
    { 24, 24, 400, 1, 21, 72, 56249 }, // U+7EF4
    { 24, 24, 400, 1, 21, 72, 56321 }, // U+7F13
    { 23, 24, 400, 1, 21, 69, 56393 }, // U+7F16
    { 19, 22, 400, 3, 19, 53, 56462 }, // U+7F51
    { 23, 22, 400, 1, 20, 64, 56515 }, // U+7F6E
    { 24, 23, 400, 0, 20, 69, 56579 }, // U+7FFB
    { 25, 24, 400, 0, 21, 75, 56648 }, // U+8017
    { 23, 24, 400, 1, 21, 69, 56723 }, // U+80FD
    { 24, 23, 400, 0, 20, 69, 56792 }, // U+811A
    { 17, 24, 400, 4, 21, 51, 56861 }, // U+81EA
    { 22, 23, 400, 2, 21, 64, 56912 }, // U+8272
    { 22, 24, 400, 2, 21, 66, 56976 }, // U+8282
    { 23, 23, 400, 1, 21, 67, 57042 }, // U+8303
    { 24, 24, 400, 1, 21, 72, 57109 }, // U+83B7
    { 24, 24, 400, 1, 21, 72, 57181 }, // U+843D
    { 24, 24, 400, 1, 21, 72, 57253 }, // U+85CF
    { 25, 23, 400, 0, 20, 72, 57325 }, // U+884C
    { 25, 24, 400, 0, 21, 75, 57397 }, // U+8868
    { 25, 24, 400, 0, 21, 75, 57472 }, // U+88AB
    { 24, 24, 400, 1, 21, 72, 57547 }, // U+88C1
    { 24, 24, 400, 1, 21, 72, 57619 }, // U+88C5
    { 26, 23, 400, 0, 20, 75, 57691 }, // U+892A
    { 25, 23, 400, 0, 20, 72, 57766 }, // U+8981
    { 24, 23, 400, 0, 20, 69, 57838 }, // U+89C1
    { 23, 24, 400, 1, 21, 69, 57907 }, // U+89C8
    { 25, 24, 400, 0, 21, 75, 57976 }, // U+89E3
    { 23, 23, 400, 1, 20, 67, 58051 }, // U+8A00
    { 24, 24, 400, 1, 21, 72, 58118 }, // U+8BA1
    { 25, 23, 400, 0, 21, 72, 58190 }, // U+8BA4
    { 24, 21, 400, 1, 19, 63, 58262 }, // U+8BB0
    { 23, 22, 400, 1, 19, 64, 58325 }, // U+8BBE
    { 24, 20, 400, 1, 19, 60, 58389 }, // U+8BC1
    { 24, 24, 400, 1, 21, 72, 58449 }, // U+8BCA
    { 22, 22, 400, 1, 19, 61, 58521 }, // U+8BCD
    { 25, 24, 400, 0, 21, 75, 58582 }, // U+8BD5
    { 23, 23, 400, 1, 21, 67, 58657 }, // U+8BE5
    { 24, 24, 400, 1, 21, 72, 58724 }, // U+8BE6
    { 25, 22, 400, 0, 19, 69, 58796 }, // U+8BED
    { 24, 23, 400, 1, 20, 69, 58865 }, // U+8BEF
    { 24, 24, 400, 1, 21, 72, 58934 }, // U+8BF7
    { 23, 24, 400, 1, 21, 69, 59006 }, // U+8BFB
    { 24, 24, 400, 1, 21, 72, 59075 }, // U+8D25
    { 24, 22, 400, 1, 20, 66, 59147 }, // U+8D26
    { 25, 23, 400, 0, 21, 72, 59213 }, // U+8D85
    { 25, 23, 400, 0, 20, 72, 59285 }, // U+8DB3
    { 25, 22, 400, 0, 19, 69, 59357 }, // U+8DDD
    { 24, 22, 400, 1, 20, 66, 59426 }, // U+8DDF
    { 25, 23, 400, 0, 20, 72, 59492 }, // U+8DF3
    { 24, 24, 400, 1, 21, 72, 59564 }, // U+8F6C
    { 24, 24, 400, 1, 21, 72, 59636 }, // U+8F7D
    { 24, 24, 400, 1, 21, 72, 59708 }, // U+8F91
    { 25, 24, 400, 0, 21, 75, 59780 }, // U+8F93
    { 25, 23, 400, 0, 21, 72, 59855 }, // U+8FB9
    { 25, 23, 400, 0, 21, 72, 59927 }, // U+8FC7
    { 25, 22, 400, 0, 20, 69, 59999 }, // U+8FD1
    { 25, 23, 400, 0, 21, 72, 60068 }, // U+8FD4
    { 25, 24, 400, 0, 21, 75, 60140 }, // U+8FDB
    { 25, 22, 400, 0, 20, 69, 60215 }, // U+8FDC
    { 25, 23, 400, 0, 20, 72, 60284 }, // U+8FDE
    { 25, 22, 400, 0, 20, 69, 60356 }, // U+9000
    { 25, 23, 400, 0, 21, 72, 60425 }, // U+9001
    { 25, 23, 400, 0, 21, 72, 60497 }, // U+9002
    { 25, 24, 400, 0, 21, 75, 60569 }, // U+9006
    { 25, 24, 400, 0, 21, 75, 60644 }, // U+9009
    { 25, 23, 400, 0, 21, 72, 60719 }, // U+901F
    { 24, 23, 400, 0, 20, 69, 60791 }, // U+90E8
    { 24, 24, 400, 0, 21, 72, 60860 }, // U+90FD
    { 24, 21, 400, 1, 19, 63, 60932 }, // U+914D
    { 23, 23, 400, 1, 21, 67, 60995 }, // U+91CD
    { 23, 22, 400, 1, 20, 64, 61062 }, // U+91CF
    { 24, 24, 400, 1, 21, 72, 61126 }, // U+9488
    { 23, 23, 400, 1, 20, 67, 61198 }, // U+949F
    { 25, 22, 400, 0, 20, 69, 61265 }, // U+94FE
    { 25, 24, 400, 0, 21, 75, 61334 }, // U+9519
    { 25, 24, 400, 0, 21, 75, 61409 }, // U+952E
    { 25, 24, 400, 0, 21, 75, 61484 }, // U+952F
    { 25, 24, 400, 0, 21, 75, 61559 }, // U+955C
    { 24, 23, 400, 1, 20, 69, 61634 }, // U+957F
    { 21, 23, 400, 2, 20, 61, 61703 }, // U+95ED
    { 21, 23, 400, 2, 20, 61, 61764 }, // U+95EE
    { 21, 24, 400, 2, 21, 63, 61825 }, // U+95F4
    { 21, 24, 400, 2, 21, 63, 61888 }, // U+9605
    { 21, 23, 400, 2, 20, 61, 61951 }, // U+9633
    { 23, 23, 400, 2, 20, 67, 62012 }, // U+9644
    { 23, 24, 400, 2, 21, 69, 62079 }, // U+9664
    { 23, 24, 400, 2, 21, 69, 62148 }, // U+968F
    { 23, 23, 400, 2, 20, 67, 62217 }, // U+9690
    { 23, 23, 400, 1, 20, 67, 62284 }, // U+9700
    { 21, 21, 400, 2, 19, 56, 62351 }, // U+9762
    { 21, 23, 400, 2, 20, 61, 62407 }, // U+9875
    { 23, 23, 400, 1, 20, 67, 62468 }, // U+9876
    { 24, 23, 400, 0, 20, 69, 62535 }, // U+9879
    { 24, 22, 400, 0, 19, 66, 62604 }, // U+987A
    { 24, 23, 400, 0, 20, 69, 62670 }, // U+9884
    { 25, 24, 400, 0, 21, 75, 62739 }, // U+9891
    { 25, 23, 400, 0, 20, 72, 62814 }, // U+9898
    { 25, 23, 400, 0, 20, 72, 62886 }, // U+989D
    { 25, 24, 400, 0, 21, 75, 62958 }, // U+9A8C
    { 24, 23, 400, 1, 20, 69, 63033 }, // U+9ED8
    { 24, 24, 400, 1, 21, 72, 63102 }, // U+9F50
    { 23, 24, 400, 1, 21, 69, 63174 }, // U+9F7F
    { 21, 19, 336, 1, 19, 50, 63243 }, // U+FB00
    { 16, 19, 283, 1, 19, 38, 63293 }, // U+FB01
    { 18, 19, 294, 1, 19, 43, 63331 }, // U+FB02
    { 26, 19, 451, 1, 19, 62, 63374 }, // U+FB03
    { 28, 19, 462, 1, 19, 67, 63436 }, // U+FB04
    { 4, 19, 400, 4, 18, 10, 63503 }, // U+FF01
    { 7, 24, 400, 17, 21, 21, 63513 }, // U+FF08
    { 7, 24, 400, 1, 21, 21, 63534 }, // U+FF09
    { 4, 6, 400, 2, 3, 3, 63555 }, // U+FF0C
    { 4, 13, 400, 4, 12, 7, 63558 }, // U+FF1A
    { 12, 19, 400, 1, 18, 29, 63565 }, // U+FF1F
    { 25, 24, 400, 0, 21, 75, 63594 }, // U+FFFD
};

static const EpdUnicodeInterval ubuntu_12_boldIntervals[] = {
    { 0x0, 0x0, 0x0 },
    { 0x8, 0x9, 0x1 },
    { 0xD, 0xD, 0x3 },
    { 0x1D, 0x1D, 0x4 },
    { 0x20, 0x7E, 0x5 },
    { 0xA0, 0xFF, 0x64 },
    { 0x100, 0x17F, 0xC4 },
    { 0x1A0, 0x1A1, 0x144 },
    { 0x1AF, 0x1B0, 0x146 },
    { 0x1C4, 0x21F, 0x148 },
    { 0x300, 0x30D, 0x1A4 },
    { 0x30F, 0x30F, 0x1B2 },
    { 0x311, 0x311, 0x1B3 },
    { 0x316, 0x320, 0x1B4 },
    { 0x323, 0x32A, 0x1BF },
    { 0x32C, 0x332, 0x1C7 },
    { 0x334, 0x336, 0x1CE },
    { 0x338, 0x33D, 0x1D1 },
    { 0x340, 0x341, 0x1D7 },
    { 0x34F, 0x34F, 0x1D9 },
    { 0x358, 0x358, 0x1DA },
    { 0x361, 0x361, 0x1DB },
    { 0x400, 0x45F, 0x1DC },
    { 0x462, 0x463, 0x23C },
    { 0x46A, 0x46B, 0x23E },
    { 0x472, 0x475, 0x240 },
    { 0x478, 0x479, 0x244 },
    { 0x48A, 0x4F9, 0x246 },
    { 0x4FE, 0x4FF, 0x2B6 },
    { 0x5D0, 0x5EA, 0x2B8 },
    { 0x5F4, 0x5F4, 0x2D3 },
    { 0x1EA0, 0x1EF9, 0x2D4 },
    { 0x2000, 0x2016, 0x32E },
    { 0x2018, 0x2022, 0x345 },
    { 0x2025, 0x2027, 0x350 },
    { 0x2030, 0x2037, 0x353 },
    { 0x2039, 0x203F, 0x35B },
    { 0x2042, 0x2042, 0x362 },
    { 0x2044, 0x2044, 0x363 },
    { 0x2047, 0x2049, 0x364 },
    { 0x2051, 0x2052, 0x367 },
    { 0x205A, 0x205A, 0x369 },
    { 0x205D, 0x205D, 0x36A },
    { 0x2070, 0x2071, 0x36B },
    { 0x2074, 0x208E, 0x36D },
    { 0x2090, 0x209C, 0x388 },
    { 0x20A0, 0x20C1, 0x395 },
    { 0x2190, 0x2190, 0x3B7 },
    { 0x2190, 0x2199, 0x3B8 },
    { 0x21B6, 0x21B9, 0x3C2 },
    { 0x21C4, 0x21C6, 0x3C6 },
    { 0x21CB, 0x21D0, 0x3C9 },
    { 0x21D2, 0x21D2, 0x3CF },
    { 0x21D4, 0x21D4, 0x3D0 },
    { 0x21E6, 0x21EA, 0x3D1 },
    { 0x21F5, 0x21F5, 0x3D6 },
    { 0x2200, 0x220D, 0x3D7 },
    { 0x220F, 0x220F, 0x3E5 },
    { 0x2211, 0x2213, 0x3E6 },
    { 0x2215, 0x2216, 0x3E9 },
    { 0x2219, 0x2220, 0x3EB },
    { 0x2223, 0x2230, 0x3F3 },
    { 0x2234, 0x2237, 0x401 },
    { 0x223C, 0x223E, 0x405 },
    { 0x2242, 0x2243, 0x408 },
    { 0x2245, 0x2245, 0x40A },
    { 0x2248, 0x2248, 0x40B },
    { 0x224B, 0x224C, 0x40C },
    { 0x2251, 0x2253, 0x40E },
    { 0x225C, 0x225C, 0x411 },
    { 0x2260, 0x2262, 0x412 },
    { 0x2264, 0x226B, 0x415 },
    { 0x226E, 0x226F, 0x41D },
    { 0x2272, 0x2273, 0x41F },
    { 0x2276, 0x2277, 0x421 },
    { 0x2282, 0x228B, 0x423 },
    { 0x2295, 0x2299, 0x42D },
    { 0x229C, 0x229E, 0x432 },
    { 0x22A0, 0x22A0, 0x435 },
    { 0x22A2, 0x22A5, 0x436 },
    { 0x22BF, 0x22C5, 0x43A },
    { 0x22DA, 0x22DB, 0x441 },
    { 0x22EE, 0x22F1, 0x443 },
    { 0x3002, 0x3002, 0x447 },
    { 0x300C, 0x300D, 0x448 },
    { 0x4E00, 0x4E00, 0x44A },
    { 0x4E0A, 0x4E0B, 0x44B },
    { 0x4E0D, 0x4E0D, 0x44D },
    { 0x4E13, 0x4E13, 0x44E },
    { 0x4E22, 0x4E22, 0x44F },
    { 0x4E24, 0x4E24, 0x450 },
    { 0x4E2A, 0x4E2A, 0x451 },
    { 0x4E2D, 0x4E2D, 0x452 },
    { 0x4E32, 0x4E32, 0x453 },
    { 0x4E3A, 0x4E3B, 0x454 },
    { 0x4E49, 0x4E49, 0x456 },
    { 0x4E66, 0x4E66, 0x457 },
    { 0x4E8C, 0x4E8C, 0x458 },
    { 0x4EA4, 0x4EA4, 0x459 },
    { 0x4ECA, 0x4ECA, 0x45A },
    { 0x4ECE, 0x4ECE, 0x45B },
    { 0x4ED6, 0x4ED6, 0x45C },
    { 0x4EE5, 0x4EE5, 0x45D },
    { 0x4EF6, 0x4EF6, 0x45E },
    { 0x4F11, 0x4F11, 0x45F },
    { 0x4F1A, 0x4F1A, 0x460 },
    { 0x4F20, 0x4F20, 0x461 },
    { 0x4F4D, 0x4F4D, 0x462 },
    { 0x4F4F, 0x4F4F, 0x463 },
    { 0x4F53, 0x4F53, 0x464 },
    { 0x4F59, 0x4F59, 0x465 },
    { 0x4F5C, 0x4F5C, 0x466 },
    { 0x4F60, 0x4F60, 0x467 },
    { 0x4F7F, 0x4F7F, 0x468 },
    { 0x4F9B, 0x4F9B, 0x469 },
    { 0x4FA7, 0x4FA7, 0x46A },
    { 0x4FBF, 0x4FBF, 0x46B },
    { 0x4FDD, 0x4FDD, 0x46C },
    { 0x4FE1, 0x4FE1, 0x46D },
    { 0x4FEE, 0x4FEE, 0x46E },
    { 0x5012, 0x5012, 0x46F },
    { 0x503E, 0x503E, 0x470 },
    { 0x504F, 0x504F, 0x471 },
    { 0x50A8, 0x50A8, 0x472 },
    { 0x5145, 0x5145, 0x473 },
    { 0x5148, 0x5149, 0x474 },
    { 0x5165, 0x5165, 0x476 },
    { 0x5168, 0x5168, 0x477 },
    { 0x5173, 0x5173, 0x478 },
    { 0x5176, 0x5176, 0x479 },
    { 0x5178, 0x5178, 0x47A },
    { 0x5185, 0x5185, 0x47B },
    { 0x518D, 0x518D, 0x47C },
    { 0x5199, 0x5199, 0x47D },
    { 0x51C6, 0x51C6, 0x47E },
    { 0x51D1, 0x51D1, 0x47F },
    { 0x51E0, 0x51E0, 0x480 },
    { 0x51FA, 0x51FA, 0x481 },
    { 0x5206, 0x5207, 0x482 },
    { 0x5217, 0x5217, 0x484 },
    { 0x521B, 0x521B, 0x485 },
    { 0x5220, 0x5220, 0x486 },
    { 0x5230, 0x5230, 0x487 },
    { 0x5236, 0x5237, 0x488 },
    { 0x524D, 0x524D, 0x48A },
    { 0x5269, 0x526A, 0x48B },
    { 0x526F, 0x526F, 0x48D },
    { 0x529F, 0x52A1, 0x48E },
    { 0x52A8, 0x52A8, 0x491 },
    { 0x52FF, 0x52FF, 0x492 },
    { 0x5339, 0x533A, 0x493 },
    { 0x5360, 0x5361, 0x495 },
    { 0x5373, 0x5373, 0x497 },
    { 0x539F, 0x539F, 0x498 },
    { 0x53D1, 0x53D1, 0x499 },
    { 0x53D6, 0x53D6, 0x49A },
    { 0x53E3, 0x53E3, 0x49B },
    { 0x53EF, 0x53EF, 0x49C },
    { 0x53F3, 0x53F3, 0x49D },
    { 0x53F7, 0x53F7, 0x49E },
    { 0x540C, 0x540E, 0x49F },
    { 0x5411, 0x5411, 0x4A2 },
    { 0x5426, 0x5426, 0x4A3 },
    { 0x542F, 0x542F, 0x4A4 },
    { 0x544A, 0x544A, 0x4A5 },
    { 0x547D, 0x547D, 0x4A6 },
    { 0x54C8, 0x54C8, 0x4A7 },
    { 0x5668, 0x5668, 0x4A8 },
    { 0x56DE, 0x56DE, 0x4A9 },
    { 0x56E0, 0x56E0, 0x4AA },
    { 0x56F4, 0x56F4, 0x4AB },
    { 0x56FA, 0x56FA, 0x4AC },
    { 0x56FE, 0x56FE, 0x4AD },
    { 0x5728, 0x5728, 0x4AE },
    { 0x5730, 0x5730, 0x4AF },
    { 0x5740, 0x5740, 0x4B0 },
    { 0x5747, 0x5747, 0x4B1 },
    { 0x5907, 0x5907, 0x4B2 },
    { 0x590D, 0x590D, 0x4B3 },
    { 0x5916, 0x5916, 0x4B4 },
    { 0x5927, 0x5927, 0x4B5 },
    { 0x5929, 0x5929, 0x4B6 },
    { 0x5931, 0x5931, 0x4B7 },
    { 0x5939, 0x5939, 0x4B8 },
    { 0x5982, 0x5982, 0x4B9 },
    { 0x59CB, 0x59CB, 0x4BA },
    { 0x5B57, 0x5B58, 0x4BB },
    { 0x5B83, 0x5B83, 0x4BD },
    { 0x5B89, 0x5B89, 0x4BE },
    { 0x5B8C, 0x5B8C, 0x4BF },
    { 0x5B9A, 0x5B9A, 0x4C0 },
    { 0x5B9E, 0x5B9E, 0x4C1 },
    { 0x5BBD, 0x5BBD, 0x4C2 },
    { 0x5BC6, 0x5BC6, 0x4C3 },
    { 0x5BF9, 0x5BF9, 0x4C4 },
    { 0x5C01, 0x5C01, 0x4C5 },
    { 0x5C04, 0x5C04, 0x4C6 },
    { 0x5C06, 0x5C06, 0x4C7 },
    { 0x5C0F, 0x5C0F, 0x4C8 },
    { 0x5C31, 0x5C31, 0x4C9 },
    { 0x5C3D, 0x5C3D, 0x4CA },
    { 0x5C40, 0x5C40, 0x4CB },
    { 0x5C45, 0x5C45, 0x4CC },
    { 0x5C4F, 0x5C4F, 0x4CD },
    { 0x5C55, 0x5C55, 0x4CE },
    { 0x5D29, 0x5D29, 0x4CF },
    { 0x5D4C, 0x5D4C, 0x4D0 },
    { 0x5DE6, 0x5DE6, 0x4D1 },
    { 0x5DF2, 0x5DF2, 0x4D2 },
    { 0x5E03, 0x5E03, 0x4D3 },
    { 0x5E0C, 0x5E0C, 0x4D4 },
    { 0x5E26, 0x5E26, 0x4D5 },
    { 0x5E38, 0x5E38, 0x4D6 },
    { 0x5E45, 0x5E45, 0x4D7 },
    { 0x5E55, 0x5E55, 0x4D8 },
    { 0x5E73, 0x5E73, 0x4D9 },
    { 0x5E76, 0x5E76, 0x4DA },
    { 0x5E94, 0x5E95, 0x4DB },
    { 0x5EA6, 0x5EA6, 0x4DD },
    { 0x5EFA, 0x5EFA, 0x4DE },
    { 0x5F00, 0x5F00, 0x4DF },
    { 0x5F0F, 0x5F0F, 0x4E0 },
    { 0x5F15, 0x5F15, 0x4E1 },
    { 0x5F53, 0x5F53, 0x4E2 },
    { 0x5F55, 0x5F55, 0x4E3 },
    { 0x5FEB, 0x5FEB, 0x4E4 },
    { 0x5FFD, 0x5FFD, 0x4E5 },
    { 0x6001, 0x6001, 0x4E6 },
    { 0x603B, 0x603B, 0x4E7 },
    { 0x6062, 0x6062, 0x4E8 },
    { 0x606F, 0x606F, 0x4E9 },
    { 0x60C5, 0x60C5, 0x4EA },
    { 0x6210, 0x6210, 0x4EB },
    { 0x6216, 0x6216, 0x4EC },
    { 0x622A, 0x622A, 0x4ED },
    { 0x6237, 0x6237, 0x4EE },
    { 0x6240, 0x6240, 0x4EF },
    { 0x624B, 0x624B, 0x4F0 },
    { 0x6253, 0x6253, 0x4F1 },
    { 0x6269, 0x6269, 0x4F2 },
    { 0x626B, 0x626B, 0x4F3 },
    { 0x627E, 0x627E, 0x4F4 },
    { 0x6297, 0x6297, 0x4F5 },
    { 0x62A5, 0x62A5, 0x4F6 },
    { 0x62E9, 0x62E9, 0x4F7 },
    { 0x6301, 0x6301, 0x4F8 },
    { 0x6309, 0x6309, 0x4F9 },
    { 0x6362, 0x6362, 0x4FA },
    { 0x636E, 0x636E, 0x4FB },
    { 0x63A5, 0x63A5, 0x4FC },
    { 0x63CF, 0x63D0, 0x4FD },
    { 0x63D2, 0x63D2, 0x4FF },
    { 0x641C, 0x641C, 0x500 },
    { 0x64CD, 0x64CD, 0x501 },
    { 0x6536, 0x6536, 0x502 },
    { 0x653E, 0x653E, 0x503 },
    { 0x6548, 0x6548, 0x504 },
    { 0x6570, 0x6570, 0x505 },
    { 0x6587, 0x6587, 0x506 },
    { 0x659C, 0x659C, 0x507 },
    { 0x65AD, 0x65AD, 0x508 },
    { 0x65B0, 0x65B0, 0x509 },
    { 0x65B9, 0x65B9, 0x50A },
    { 0x65E0, 0x65E0, 0x50B },
    { 0x65E5, 0x65E5, 0x50C },
    { 0x65F6, 0x65F6, 0x50D },
    { 0x6620, 0x6620, 0x50E },
    { 0x662F, 0x662F, 0x50F },
    { 0x663E, 0x663E, 0x510 },
    { 0x6682, 0x6682, 0x511 },
    { 0x66F4, 0x66F4, 0x512 },
    { 0x6700, 0x6700, 0x513 },
    { 0x6709, 0x6709, 0x514 },
    { 0x670D, 0x670D, 0x515 },
    { 0x672A, 0x672A, 0x516 },
    { 0x672C, 0x672C, 0x517 },
    { 0x673A, 0x673A, 0x518 },
    { 0x6761, 0x6761, 0x519 },
    { 0x6765, 0x6765, 0x51A },
    { 0x677E, 0x677E, 0x51B },
    { 0x6790, 0x6790, 0x51C },
    { 0x679C, 0x679C, 0x51D },
    { 0x67E5, 0x67E5, 0x51E },
    { 0x6807, 0x6807, 0x51F },
    { 0x680F, 0x680F, 0x520 },
    { 0x6821, 0x6821, 0x521 },
    { 0x6837, 0x6837, 0x522 },
    { 0x6839, 0x6839, 0x523 },
    { 0x683C, 0x683C, 0x524 },
    { 0x6863, 0x6863, 0x525 },
    { 0x68C0, 0x68C0, 0x526 },
    { 0x6A21, 0x6A21, 0x527 },
    { 0x6A2A, 0x6A2A, 0x528 },
    { 0x6B21, 0x6B21, 0x529 },
    { 0x6B63, 0x6B65, 0x52A },
    { 0x6BB5, 0x6BB5, 0x52D },
    { 0x6BCF, 0x6BCF, 0x52E },
    { 0x6BD4, 0x6BD4, 0x52F },
    { 0x6CA1, 0x6CA1, 0x530 },
    { 0x6CD5, 0x6CD5, 0x531 },
    { 0x6CE8, 0x6CE8, 0x532 },
    { 0x6D45, 0x6D45, 0x533 },
    { 0x6D4F, 0x6D4F, 0x534 },
    { 0x6D88, 0x6D88, 0x535 },
    { 0x6DF1, 0x6DF1, 0x536 },
    { 0x6DFB, 0x6DFB, 0x537 },
    { 0x6E05, 0x6E05, 0x538 },
    { 0x6E29, 0x6E29, 0x539 },
    { 0x6E7F, 0x6E7F, 0x53A },
    { 0x6E83, 0x6E83, 0x53B },
    { 0x6E90, 0x6E90, 0x53C },
    { 0x6EE4, 0x6EE4, 0x53D },
    { 0x706F, 0x706F, 0x53E },
    { 0x70B9, 0x70B9, 0x53F },
    { 0x70ED, 0x70ED, 0x540 },
    { 0x7247, 0x7248, 0x541 },
    { 0x7279, 0x7279, 0x543 },
    { 0x72B6, 0x72B6, 0x544 },
    { 0x7387, 0x7387, 0x545 },
    { 0x73B0, 0x73B0, 0x546 },
    { 0x7406, 0x7406, 0x547 },
    { 0x7528, 0x7528, 0x548 },
    { 0x7535, 0x7535, 0x549 },
    { 0x754C, 0x754C, 0x54A },
    { 0x7565, 0x7565, 0x54B },
    { 0x767B, 0x767B, 0x54C },
    { 0x767E, 0x767E, 0x54D },
    { 0x7684, 0x7684, 0x54E },
    { 0x76D8, 0x76D8, 0x54F },
    { 0x76EE, 0x76EE, 0x550 },
    { 0x7720, 0x7720, 0x551 },
    { 0x77ED, 0x77ED, 0x552 },
    { 0x7801, 0x7801, 0x553 },
    { 0x786C, 0x786C, 0x554 },
    { 0x786E, 0x786E, 0x555 },
    { 0x793A, 0x793A, 0x556 },
    { 0x7981, 0x7981, 0x557 },
    { 0x79D2, 0x79D2, 0x558 },
    { 0x79F0, 0x79F0, 0x559 },
    { 0x79FB, 0x79FB, 0x55A },
    { 0x7A0B, 0x7A0B, 0x55B },
    { 0x7A7A, 0x7A7A, 0x55C },
    { 0x7ACB, 0x7ACB, 0x55D },
    { 0x7AD6, 0x7AD6, 0x55E },
    { 0x7AE0, 0x7AE0, 0x55F },
    { 0x7AEF, 0x7AEF, 0x560 },
    { 0x7B26, 0x7B26, 0x561 },
    { 0x7B2C, 0x7B2C, 0x562 },
    { 0x7B7E, 0x7B7E, 0x563 },
    { 0x7B80, 0x7B80, 0x564 },
    { 0x7B97, 0x7B97, 0x565 },
    { 0x7BA1, 0x7BA1, 0x566 },
    { 0x7C4D, 0x7C4D, 0x567 },
    { 0x7C97, 0x7C97, 0x568 },
    { 0x7CFB, 0x7CFB, 0x569 },
    { 0x7D22, 0x7D22, 0x56A },
    { 0x7D27, 0x7D27, 0x56B },
    { 0x7D2F, 0x7D2F, 0x56C },
    { 0x7EBF, 0x7EBF, 0x56D },
    { 0x7EC6, 0x7EC6, 0x56E },
    { 0x7ECF, 0x7ECF, 0x56F },
    { 0x7EDC, 0x7EDC, 0x570 },
    { 0x7EDF, 0x7EDF, 0x571 },
    { 0x7EE7, 0x7EE7, 0x572 },
    { 0x7EEA, 0x7EEA, 0x573 },
    { 0x7EED, 0x7EED, 0x574 },
    { 0x7EF4, 0x7EF4, 0x575 },
    { 0x7F13, 0x7F13, 0x576 },
    { 0x7F16, 0x7F16, 0x577 },
    { 0x7F51, 0x7F51, 0x578 },
    { 0x7F6E, 0x7F6E, 0x579 },
    { 0x7FFB, 0x7FFB, 0x57A },
    { 0x8017, 0x8017, 0x57B },
    { 0x80FD, 0x80FD, 0x57C },
    { 0x811A, 0x811A, 0x57D },
    { 0x81EA, 0x81EA, 0x57E },
    { 0x8272, 0x8272, 0x57F },
    { 0x8282, 0x8282, 0x580 },
    { 0x8303, 0x8303, 0x581 },
    { 0x83B7, 0x83B7, 0x582 },
    { 0x843D, 0x843D, 0x583 },
    { 0x85CF, 0x85CF, 0x584 },
    { 0x884C, 0x884C, 0x585 },
    { 0x8868, 0x8868, 0x586 },
    { 0x88AB, 0x88AB, 0x587 },
    { 0x88C1, 0x88C1, 0x588 },
    { 0x88C5, 0x88C5, 0x589 },
    { 0x892A, 0x892A, 0x58A },
    { 0x8981, 0x8981, 0x58B },
    { 0x89C1, 0x89C1, 0x58C },
    { 0x89C8, 0x89C8, 0x58D },
    { 0x89E3, 0x89E3, 0x58E },
    { 0x8A00, 0x8A00, 0x58F },
    { 0x8BA1, 0x8BA1, 0x590 },
    { 0x8BA4, 0x8BA4, 0x591 },
    { 0x8BB0, 0x8BB0, 0x592 },
    { 0x8BBE, 0x8BBE, 0x593 },
    { 0x8BC1, 0x8BC1, 0x594 },
    { 0x8BCA, 0x8BCA, 0x595 },
    { 0x8BCD, 0x8BCD, 0x596 },
    { 0x8BD5, 0x8BD5, 0x597 },
    { 0x8BE5, 0x8BE6, 0x598 },
    { 0x8BED, 0x8BED, 0x59A },
    { 0x8BEF, 0x8BEF, 0x59B },
    { 0x8BF7, 0x8BF7, 0x59C },
    { 0x8BFB, 0x8BFB, 0x59D },
    { 0x8D25, 0x8D26, 0x59E },
    { 0x8D85, 0x8D85, 0x5A0 },
    { 0x8DB3, 0x8DB3, 0x5A1 },
    { 0x8DDD, 0x8DDD, 0x5A2 },
    { 0x8DDF, 0x8DDF, 0x5A3 },
    { 0x8DF3, 0x8DF3, 0x5A4 },
    { 0x8F6C, 0x8F6C, 0x5A5 },
    { 0x8F7D, 0x8F7D, 0x5A6 },
    { 0x8F91, 0x8F91, 0x5A7 },
    { 0x8F93, 0x8F93, 0x5A8 },
    { 0x8FB9, 0x8FB9, 0x5A9 },
    { 0x8FC7, 0x8FC7, 0x5AA },
    { 0x8FD1, 0x8FD1, 0x5AB },
    { 0x8FD4, 0x8FD4, 0x5AC },
    { 0x8FDB, 0x8FDC, 0x5AD },
    { 0x8FDE, 0x8FDE, 0x5AF },
    { 0x9000, 0x9002, 0x5B0 },
    { 0x9006, 0x9006, 0x5B3 },
    { 0x9009, 0x9009, 0x5B4 },
    { 0x901F, 0x901F, 0x5B5 },
    { 0x90E8, 0x90E8, 0x5B6 },
    { 0x90FD, 0x90FD, 0x5B7 },
    { 0x914D, 0x914D, 0x5B8 },
    { 0x91CD, 0x91CD, 0x5B9 },
    { 0x91CF, 0x91CF, 0x5BA },
    { 0x9488, 0x9488, 0x5BB },
    { 0x949F, 0x949F, 0x5BC },
    { 0x94FE, 0x94FE, 0x5BD },
    { 0x9519, 0x9519, 0x5BE },
    { 0x952E, 0x952F, 0x5BF },
    { 0x955C, 0x955C, 0x5C1 },
    { 0x957F, 0x957F, 0x5C2 },
    { 0x95ED, 0x95EE, 0x5C3 },
    { 0x95F4, 0x95F4, 0x5C5 },
    { 0x9605, 0x9605, 0x5C6 },
    { 0x9633, 0x9633, 0x5C7 },
    { 0x9644, 0x9644, 0x5C8 },
    { 0x9664, 0x9664, 0x5C9 },
    { 0x968F, 0x9690, 0x5CA },
    { 0x9700, 0x9700, 0x5CC },
    { 0x9762, 0x9762, 0x5CD },
    { 0x9875, 0x9876, 0x5CE },
    { 0x9879, 0x987A, 0x5D0 },
    { 0x9884, 0x9884, 0x5D2 },
    { 0x9891, 0x9891, 0x5D3 },
    { 0x9898, 0x9898, 0x5D4 },
    { 0x989D, 0x989D, 0x5D5 },
    { 0x9A8C, 0x9A8C, 0x5D6 },
    { 0x9ED8, 0x9ED8, 0x5D7 },
    { 0x9F50, 0x9F50, 0x5D8 },
    { 0x9F7F, 0x9F7F, 0x5D9 },
    { 0xFB00, 0xFB04, 0x5DA },
    { 0xFF01, 0xFF01, 0x5DF },
    { 0xFF08, 0xFF09, 0x5E0 },
    { 0xFF0C, 0xFF0C, 0x5E2 },
    { 0xFF1A, 0xFF1A, 0x5E3 },
    { 0xFF1F, 0xFF1F, 0x5E4 },
    { 0xFFFD, 0xFFFD, 0x5E5 },
};

static const EpdKernClassEntry ubuntu_12_boldKernLeftClasses[] = {
    { 0x0022, 1 }, // "
    { 0x0026, 2 }, // &
    { 0x0027, 1 }, // '
    { 0x0028, 3 }, // (
    { 0x0029, 4 }, // )
    { 0x002A, 5 }, // *
    { 0x002C, 6 }, // ,
    { 0x002D, 7 }, // -
    { 0x002E, 6 }, // .
    { 0x002F, 8 }, // /
    { 0x003A, 9 }, // :
    { 0x003B, 9 }, // ;
    { 0x0040, 10 }, // @
    { 0x0041, 11 }, // A
    { 0x0042, 12 }, // B
    { 0x0043, 13 }, // C
    { 0x0044, 14 }, // D
    { 0x0045, 15 }, // E
    { 0x0046, 16 }, // F
    { 0x0047, 17 }, // G
    { 0x0048, 18 }, // H
    { 0x0049, 18 }, // I
    { 0x004A, 19 }, // J
    { 0x004B, 20 }, // K
    { 0x004C, 21 }, // L
    { 0x004D, 22 }, // M
    { 0x004E, 18 }, // N
    { 0x004F, 23 }, // O
    { 0x0050, 24 }, // P
    { 0x0051, 25 }, // Q
    { 0x0052, 26 }, // R
    { 0x0053, 27 }, // S
    { 0x0054, 28 }, // T
    { 0x0055, 29 }, // U
    { 0x0056, 30 }, // V
    { 0x0057, 31 }, // W
    { 0x0058, 32 }, // X
    { 0x0059, 33 }, // Y
    { 0x005A, 34 }, // Z
    { 0x005B, 35 }, // [
    { 0x005C, 36 }, // <backslash>
    { 0x005D, 37 }, // ]
    { 0x0061, 38 }, // a
    { 0x0062, 39 }, // b
    { 0x0063, 40 }, // c
    { 0x0064, 41 }, // d
    { 0x0066, 42 }, // f
    { 0x0067, 43 }, // g
    { 0x0068, 44 }, // h
    { 0x0069, 45 }, // i
    { 0x006A, 46 }, // j
    { 0x006B, 47 }, // k
    { 0x006C, 48 }, // l
    { 0x006D, 49 }, // m
    { 0x006E, 49 }, // n
    { 0x006F, 50 }, // o
    { 0x0070, 39 }, // p
    { 0x0071, 51 }, // q
    { 0x0072, 52 }, // r
    { 0x0073, 53 }, // s
    { 0x0074, 54 }, // t
    { 0x0075, 55 }, // u
    { 0x0076, 56 }, // v
    { 0x0077, 57 }, // w
    { 0x0078, 58 }, // x
    { 0x0079, 59 }, // y
    { 0x007A, 60 }, // z
    { 0x007B, 61 }, // {
    { 0x007D, 62 }, // }
    { 0x00A1, 63 }, // U+00A1
    { 0x00AB, 64 }, // U+00AB
    { 0x00BB, 65 }, // U+00BB
    { 0x00BF, 66 }, // U+00BF
    { 0x00C0, 11 }, // U+00C0
    { 0x00C1, 11 }, // U+00C1
    { 0x00C2, 11 }, // U+00C2
    { 0x00C3, 11 }, // U+00C3
    { 0x00C4, 11 }, // U+00C4
    { 0x00C5, 11 }, // U+00C5
    { 0x00C6, 15 }, // U+00C6
    { 0x00C7, 13 }, // U+00C7
    { 0x00C8, 15 }, // U+00C8
    { 0x00C9, 15 }, // U+00C9
    { 0x00CA, 15 }, // U+00CA
    { 0x00CB, 15 }, // U+00CB
    { 0x00CC, 18 }, // U+00CC
    { 0x00CD, 18 }, // U+00CD
    { 0x00CE, 18 }, // U+00CE
    { 0x00CF, 18 }, // U+00CF
    { 0x00D0, 14 }, // U+00D0
    { 0x00D1, 18 }, // U+00D1
    { 0x00D2, 23 }, // U+00D2
    { 0x00D3, 23 }, // U+00D3
    { 0x00D4, 23 }, // U+00D4
    { 0x00D5, 23 }, // U+00D5
    { 0x00D6, 23 }, // U+00D6
    { 0x00D8, 23 }, // U+00D8
    { 0x00D9, 29 }, // U+00D9
    { 0x00DA, 29 }, // U+00DA
    { 0x00DB, 29 }, // U+00DB
    { 0x00DC, 29 }, // U+00DC
    { 0x00DD, 33 }, // U+00DD
    { 0x00DE, 67 }, // U+00DE
    { 0x00DF, 68 }, // U+00DF
    { 0x00E0, 38 }, // U+00E0
    { 0x00E1, 38 }, // U+00E1
    { 0x00E2, 38 }, // U+00E2
    { 0x00E3, 38 }, // U+00E3
    { 0x00E4, 38 }, // U+00E4
    { 0x00E5, 38 }, // U+00E5
    { 0x00E7, 40 }, // U+00E7
    { 0x00EC, 45 }, // U+00EC
    { 0x00ED, 45 }, // U+00ED
    { 0x00EE, 45 }, // U+00EE
    { 0x00EF, 45 }, // U+00EF
    { 0x00F0, 69 }, // U+00F0
    { 0x00F1, 49 }, // U+00F1
    { 0x00F2, 50 }, // U+00F2
    { 0x00F3, 50 }, // U+00F3
    { 0x00F4, 50 }, // U+00F4
    { 0x00F5, 50 }, // U+00F5
    { 0x00F6, 50 }, // U+00F6
    { 0x00F8, 50 }, // U+00F8
    { 0x00F9, 55 }, // U+00F9
    { 0x00FA, 55 }, // U+00FA
    { 0x00FB, 55 }, // U+00FB
    { 0x00FC, 55 }, // U+00FC
    { 0x00FD, 59 }, // U+00FD
    { 0x00FE, 70 }, // U+00FE
    { 0x00FF, 59 }, // U+00FF
    { 0x0100, 11 }, // U+0100
    { 0x0101, 38 }, // U+0101
    { 0x0102, 11 }, // U+0102
    { 0x0103, 38 }, // U+0103
    { 0x0104, 11 }, // U+0104
    { 0x0105, 38 }, // U+0105
    { 0x0106, 13 }, // U+0106
    { 0x0107, 40 }, // U+0107
    { 0x0108, 13 }, // U+0108
    { 0x0109, 40 }, // U+0109
    { 0x010A, 13 }, // U+010A
    { 0x010B, 40 }, // U+010B
    { 0x010C, 13 }, // U+010C
    { 0x010D, 40 }, // U+010D
    { 0x010E, 14 }, // U+010E
    { 0x010F, 71 }, // U+010F
    { 0x0110, 14 }, // U+0110
    { 0x0111, 41 }, // U+0111
    { 0x0112, 15 }, // U+0112
    { 0x0114, 15 }, // U+0114
    { 0x0116, 15 }, // U+0116
    { 0x0118, 15 }, // U+0118
    { 0x011A, 15 }, // U+011A
    { 0x011C, 17 }, // U+011C
    { 0x011D, 43 }, // U+011D
    { 0x011E, 17 }, // U+011E
    { 0x011F, 43 }, // U+011F
    { 0x0120, 17 }, // U+0120
    { 0x0121, 43 }, // U+0121
    { 0x0122, 17 }, // U+0122
    { 0x0123, 43 }, // U+0123
    { 0x0124, 18 }, // U+0124
    { 0x0125, 44 }, // U+0125
    { 0x0126, 18 }, // U+0126
    { 0x0127, 44 }, // U+0127
    { 0x0128, 18 }, // U+0128
    { 0x0129, 45 }, // U+0129
    { 0x012A, 18 }, // U+012A
    { 0x012B, 45 }, // U+012B
    { 0x012C, 18 }, // U+012C
    { 0x012D, 45 }, // U+012D
    { 0x012E, 18 }, // U+012E
    { 0x012F, 45 }, // U+012F
    { 0x0130, 18 }, // U+0130
    { 0x0131, 45 }, // U+0131
    { 0x0132, 19 }, // U+0132
    { 0x0133, 46 }, // U+0133
    { 0x0134, 19 }, // U+0134
    { 0x0135, 46 }, // U+0135
    { 0x0136, 20 }, // U+0136
    { 0x0137, 47 }, // U+0137
    { 0x0138, 47 }, // U+0138
    { 0x0139, 21 }, // U+0139
    { 0x013A, 48 }, // U+013A
    { 0x013B, 21 }, // U+013B
    { 0x013C, 48 }, // U+013C
    { 0x013D, 21 }, // U+013D
    { 0x013E, 71 }, // U+013E
    { 0x013F, 21 }, // U+013F
    { 0x0140, 48 }, // U+0140
    { 0x0141, 21 }, // U+0141
    { 0x0142, 48 }, // U+0142
    { 0x0143, 18 }, // U+0143
    { 0x0144, 49 }, // U+0144
    { 0x0145, 18 }, // U+0145
    { 0x0146, 49 }, // U+0146
    { 0x0147, 18 }, // U+0147
    { 0x0148, 49 }, // U+0148
    { 0x0149, 49 }, // U+0149
    { 0x014A, 72 }, // U+014A
    { 0x014B, 73 }, // U+014B
    { 0x014C, 23 }, // U+014C
    { 0x014D, 50 }, // U+014D
    { 0x014E, 23 }, // U+014E
    { 0x014F, 50 }, // U+014F
    { 0x0150, 23 }, // U+0150
    { 0x0151, 50 }, // U+0151
    { 0x0152, 15 }, // U+0152
    { 0x0154, 26 }, // U+0154
    { 0x0155, 52 }, // U+0155
    { 0x0156, 26 }, // U+0156
    { 0x0157, 52 }, // U+0157
    { 0x0158, 26 }, // U+0158
    { 0x0159, 52 }, // U+0159
    { 0x015A, 27 }, // U+015A
    { 0x015B, 53 }, // U+015B
    { 0x015C, 27 }, // U+015C
    { 0x015D, 53 }, // U+015D
    { 0x015E, 27 }, // U+015E
    { 0x015F, 53 }, // U+015F
    { 0x0160, 27 }, // U+0160
    { 0x0161, 53 }, // U+0161
    { 0x0162, 28 }, // U+0162
    { 0x0163, 54 }, // U+0163
    { 0x0164, 28 }, // U+0164
    { 0x0165, 54 }, // U+0165
    { 0x0166, 28 }, // U+0166
    { 0x0167, 54 }, // U+0167
    { 0x0168, 29 }, // U+0168
    { 0x0169, 55 }, // U+0169
    { 0x016A, 29 }, // U+016A
    { 0x016B, 55 }, // U+016B
    { 0x016C, 29 }, // U+016C
    { 0x016D, 55 }, // U+016D
    { 0x016E, 29 }, // U+016E
    { 0x016F, 55 }, // U+016F
    { 0x0170, 29 }, // U+0170
    { 0x0171, 55 }, // U+0171
    { 0x0172, 29 }, // U+0172
    { 0x0173, 55 }, // U+0173
    { 0x0174, 31 }, // U+0174
    { 0x0175, 57 }, // U+0175
    { 0x0176, 33 }, // U+0176
    { 0x0177, 59 }, // U+0177
    { 0x0178, 33 }, // U+0178
    { 0x0179, 34 }, // U+0179
    { 0x017A, 60 }, // U+017A
    { 0x017B, 34 }, // U+017B
    { 0x017C, 60 }, // U+017C
    { 0x017D, 34 }, // U+017D
    { 0x017E, 60 }, // U+017E
    { 0x017F, 42 }, // U+017F
    { 0x01A0, 74 }, // U+01A0
    { 0x01C4, 34 }, // U+01C4
    { 0x01C5, 60 }, // U+01C5
    { 0x01C6, 60 }, // U+01C6
    { 0x01C7, 19 }, // U+01C7
    { 0x01C8, 46 }, // U+01C8
    { 0x01C9, 46 }, // U+01C9
    { 0x01CA, 19 }, // U+01CA
    { 0x01CB, 46 }, // U+01CB
    { 0x01CC, 46 }, // U+01CC
    { 0x01CD, 11 }, // U+01CD
    { 0x01CE, 38 }, // U+01CE
    { 0x01CF, 18 }, // U+01CF
    { 0x01D0, 45 }, // U+01D0
    { 0x01D1, 23 }, // U+01D1
    { 0x01D2, 50 }, // U+01D2
    { 0x01D3, 29 }, // U+01D3
    { 0x01D4, 55 }, // U+01D4
    { 0x01D5, 29 }, // U+01D5
    { 0x01D6, 55 }, // U+01D6
    { 0x01D7, 29 }, // U+01D7
    { 0x01D8, 55 }, // U+01D8
    { 0x01D9, 29 }, // U+01D9
    { 0x01DA, 55 }, // U+01DA
    { 0x01DB, 29 }, // U+01DB
    { 0x01DC, 55 }, // U+01DC
    { 0x01DD, 50 }, // U+01DD
    { 0x01DE, 11 }, // U+01DE
    { 0x01DF, 38 }, // U+01DF
    { 0x01E0, 11 }, // U+01E0
    { 0x01E1, 38 }, // U+01E1
    { 0x01E2, 15 }, // U+01E2
    { 0x01E4, 17 }, // U+01E4
    { 0x01E5, 43 }, // U+01E5
    { 0x01E6, 17 }, // U+01E6
    { 0x01E7, 43 }, // U+01E7
    { 0x01E8, 20 }, // U+01E8
    { 0x01E9, 47 }, // U+01E9
    { 0x01EA, 23 }, // U+01EA
    { 0x01EB, 50 }, // U+01EB
    { 0x01EC, 23 }, // U+01EC
    { 0x01ED, 50 }, // U+01ED
    { 0x01EE, 75 }, // U+01EE
    { 0x01EF, 76 }, // U+01EF
    { 0x01F0, 46 }, // U+01F0
    { 0x01F1, 34 }, // U+01F1
    { 0x01F2, 60 }, // U+01F2
    { 0x01F3, 60 }, // U+01F3
    { 0x01F4, 17 }, // U+01F4
    { 0x01F5, 43 }, // U+01F5
    { 0x01F6, 55 }, // U+01F6
    { 0x01F7, 77 }, // U+01F7
    { 0x01F8, 18 }, // U+01F8
    { 0x01F9, 49 }, // U+01F9
    { 0x01FA, 11 }, // U+01FA
    { 0x01FB, 38 }, // U+01FB
    { 0x01FC, 15 }, // U+01FC
    { 0x01FE, 23 }, // U+01FE
    { 0x01FF, 50 }, // U+01FF
    { 0x0200, 11 }, // U+0200
    { 0x0201, 38 }, // U+0201
    { 0x0202, 11 }, // U+0202
    { 0x0203, 38 }, // U+0203
    { 0x0204, 15 }, // U+0204
    { 0x0206, 15 }, // U+0206
    { 0x0208, 18 }, // U+0208
    { 0x0209, 45 }, // U+0209
    { 0x020A, 18 }, // U+020A
    { 0x020B, 45 }, // U+020B
    { 0x020C, 23 }, // U+020C
    { 0x020D, 50 }, // U+020D
    { 0x020E, 23 }, // U+020E
    { 0x020F, 50 }, // U+020F
    { 0x0210, 26 }, // U+0210
    { 0x0211, 52 }, // U+0211
    { 0x0212, 26 }, // U+0212
    { 0x0213, 52 }, // U+0213
    { 0x0214, 29 }, // U+0214
    { 0x0215, 55 }, // U+0215
    { 0x0216, 29 }, // U+0216
    { 0x0217, 55 }, // U+0217
    { 0x0218, 27 }, // U+0218
    { 0x0219, 53 }, // U+0219
    { 0x021A, 28 }, // U+021A
    { 0x021B, 54 }, // U+021B
    { 0x021C, 78 }, // U+021C
    { 0x021E, 18 }, // U+021E
    { 0x021F, 44 }, // U+021F
    { 0x0400, 79 }, // U+0400
    { 0x0401, 79 }, // U+0401
    { 0x0402, 80 }, // U+0402
    { 0x0403, 81 }, // U+0403
    { 0x0404, 82 }, // U+0404
    { 0x0405, 83 }, // U+0405
    { 0x0406, 18 }, // U+0406
    { 0x0407, 18 }, // U+0407
    { 0x0408, 84 }, // U+0408
    { 0x0409, 85 }, // U+0409
    { 0x040A, 85 }, // U+040A
    { 0x040B, 86 }, // U+040B
    { 0x040C, 87 }, // U+040C
    { 0x040D, 18 }, // U+040D
    { 0x040E, 88 }, // U+040E
    { 0x040F, 18 }, // U+040F
    { 0x0410, 89 }, // U+0410
    { 0x0411, 80 }, // U+0411
    { 0x0412, 90 }, // U+0412
    { 0x0413, 81 }, // U+0413
    { 0x0414, 91 }, // U+0414
    { 0x0415, 79 }, // U+0415
    { 0x0416, 92 }, // U+0416
    { 0x0417, 93 }, // U+0417
    { 0x0418, 18 }, // U+0418
    { 0x0419, 18 }, // U+0419
    { 0x041A, 87 }, // U+041A
    { 0x041C, 94 }, // U+041C
    { 0x041D, 18 }, // U+041D
    { 0x041E, 95 }, // U+041E
    { 0x041F, 18 }, // U+041F
    { 0x0420, 96 }, // U+0420
    { 0x0421, 82 }, // U+0421
    { 0x0422, 97 }, // U+0422
    { 0x0423, 88 }, // U+0423
    { 0x0424, 98 }, // U+0424
    { 0x0425, 99 }, // U+0425
    { 0x0426, 91 }, // U+0426
    { 0x0428, 18 }, // U+0428
    { 0x0429, 91 }, // U+0429
    { 0x042A, 85 }, // U+042A
    { 0x042B, 18 }, // U+042B
    { 0x042C, 85 }, // U+042C
    { 0x042D, 100 }, // U+042D
    { 0x042E, 95 }, // U+042E
    { 0x0430, 101 }, // U+0430
    { 0x0431, 102 }, // U+0431
    { 0x0432, 103 }, // U+0432
    { 0x0433, 104 }, // U+0433
    { 0x0434, 105 }, // U+0434
    { 0x0435, 106 }, // U+0435
    { 0x0436, 107 }, // U+0436
    { 0x0437, 108 }, // U+0437
    { 0x043A, 109 }, // U+043A
    { 0x043B, 110 }, // U+043B
    { 0x043C, 111 }, // U+043C
    { 0x043D, 112 }, // U+043D
    { 0x043E, 113 }, // U+043E
    { 0x043F, 112 }, // U+043F
    { 0x0440, 114 }, // U+0440
    { 0x0441, 115 }, // U+0441
    { 0x0442, 116 }, // U+0442
    { 0x0443, 117 }, // U+0443
    { 0x0444, 118 }, // U+0444
    { 0x0445, 119 }, // U+0445
    { 0x0446, 105 }, // U+0446
    { 0x0447, 112 }, // U+0447
    { 0x0448, 112 }, // U+0448
    { 0x0449, 105 }, // U+0449
    { 0x044A, 120 }, // U+044A
    { 0x044B, 112 }, // U+044B
    { 0x044C, 120 }, // U+044C
    { 0x044D, 121 }, // U+044D
    { 0x044E, 122 }, // U+044E
    { 0x044F, 123 }, // U+044F
    { 0x0450, 106 }, // U+0450
    { 0x0451, 106 }, // U+0451
    { 0x0452, 124 }, // U+0452
    { 0x0453, 104 }, // U+0453
    { 0x0454, 125 }, // U+0454
    { 0x0455, 126 }, // U+0455
    { 0x0456, 127 }, // U+0456
    { 0x0457, 127 }, // U+0457
    { 0x0458, 128 }, // U+0458
    { 0x0459, 120 }, // U+0459
    { 0x045A, 120 }, // U+045A
    { 0x045B, 129 }, // U+045B
    { 0x045C, 109 }, // U+045C
    { 0x045E, 117 }, // U+045E
    { 0x045F, 130 }, // U+045F
    { 0x0462, 80 }, // U+0462
    { 0x0463, 131 }, // U+0463
    { 0x0472, 95 }, // U+0472
    { 0x0473, 113 }, // U+0473
    { 0x0474, 132 }, // U+0474
    { 0x0475, 133 }, // U+0475
    { 0x048A, 91 }, // U+048A
    { 0x048B, 105 }, // U+048B
    { 0x048C, 85 }, // U+048C
    { 0x048D, 120 }, // U+048D
    { 0x048F, 114 }, // U+048F
    { 0x0490, 81 }, // U+0490
    { 0x0491, 104 }, // U+0491
    { 0x0492, 81 }, // U+0492
    { 0x0493, 104 }, // U+0493
    { 0x0494, 80 }, // U+0494
    { 0x0495, 134 }, // U+0495
    { 0x0496, 92 }, // U+0496
    { 0x0497, 107 }, // U+0497
    { 0x0498, 93 }, // U+0498
    { 0x0499, 108 }, // U+0499
    { 0x049A, 87 }, // U+049A
    { 0x049B, 109 }, // U+049B
    { 0x049C, 87 }, // U+049C
    { 0x049D, 109 }, // U+049D
    { 0x049E, 87 }, // U+049E
    { 0x049F, 109 }, // U+049F
    { 0x04A0, 87 }, // U+04A0
    { 0x04A1, 109 }, // U+04A1
    { 0x04A2, 91 }, // U+04A2
    { 0x04A3, 105 }, // U+04A3
    { 0x04A4, 97 }, // U+04A4
    { 0x04A5, 104 }, // U+04A5
    { 0x04A6, 85 }, // U+04A6
    { 0x04A7, 135 }, // U+04A7
    { 0x04A8, 136 }, // U+04A8
    { 0x04A9, 137 }, // U+04A9
    { 0x04AA, 82 }, // U+04AA
    { 0x04AB, 115 }, // U+04AB
    { 0x04AC, 97 }, // U+04AC
    { 0x04AD, 116 }, // U+04AD
    { 0x04AE, 138 }, // U+04AE
    { 0x04AF, 139 }, // U+04AF
    { 0x04B0, 138 }, // U+04B0
    { 0x04B1, 139 }, // U+04B1
    { 0x04B2, 99 }, // U+04B2
    { 0x04B3, 119 }, // U+04B3
    { 0x04B4, 91 }, // U+04B4
    { 0x04B5, 105 }, // U+04B5
    { 0x04B6, 91 }, // U+04B6
    { 0x04B7, 105 }, // U+04B7
    { 0x04BA, 140 }, // U+04BA
    { 0x04BB, 141 }, // U+04BB
    { 0x04BC, 142 }, // U+04BC
    { 0x04BE, 142 }, // U+04BE
    { 0x04C0, 18 }, // U+04C0
    { 0x04C1, 92 }, // U+04C1
    { 0x04C2, 107 }, // U+04C2
    { 0x04C3, 143 }, // U+04C3
    { 0x04C4, 144 }, // U+04C4
    { 0x04C6, 105 }, // U+04C6
    { 0x04C7, 84 }, // U+04C7
    { 0x04C8, 145 }, // U+04C8
    { 0x04C9, 91 }, // U+04C9
    { 0x04CA, 105 }, // U+04CA
    { 0x04CC, 112 }, // U+04CC
    { 0x04CD, 91 }, // U+04CD
    { 0x04CE, 105 }, // U+04CE
    { 0x04CF, 18 }, // U+04CF
    { 0x04D0, 89 }, // U+04D0
    { 0x04D1, 101 }, // U+04D1
    { 0x04D2, 89 }, // U+04D2
    { 0x04D3, 101 }, // U+04D3
    { 0x04D4, 146 }, // U+04D4
    { 0x04D5, 147 }, // U+04D5
    { 0x04D6, 79 }, // U+04D6
    { 0x04D7, 106 }, // U+04D7
    { 0x04D8, 148 }, // U+04D8
    { 0x04DA, 148 }, // U+04DA
    { 0x04DC, 92 }, // U+04DC
    { 0x04DD, 107 }, // U+04DD
    { 0x04DE, 93 }, // U+04DE
    { 0x04DF, 108 }, // U+04DF
    { 0x04E0, 149 }, // U+04E0
    { 0x04E1, 150 }, // U+04E1
    { 0x04E2, 18 }, // U+04E2
    { 0x04E4, 18 }, // U+04E4
    { 0x04E6, 95 }, // U+04E6
    { 0x04E7, 113 }, // U+04E7
    { 0x04E8, 95 }, // U+04E8
    { 0x04E9, 113 }, // U+04E9
    { 0x04EA, 95 }, // U+04EA
    { 0x04EB, 113 }, // U+04EB
    { 0x04EC, 100 }, // U+04EC
    { 0x04ED, 108 }, // U+04ED
    { 0x04EE, 88 }, // U+04EE
    { 0x04EF, 117 }, // U+04EF
    { 0x04F0, 88 }, // U+04F0
    { 0x04F1, 117 }, // U+04F1
    { 0x04F2, 88 }, // U+04F2
    { 0x04F3, 117 }, // U+04F3
    { 0x04F6, 81 }, // U+04F6
    { 0x04F7, 104 }, // U+04F7
    { 0x04F8, 18 }, // U+04F8
    { 0x04F9, 112 }, // U+04F9
    { 0x05D0, 151 }, // U+05D0
    { 0x05D1, 152 }, // U+05D1
    { 0x05D2, 153 }, // U+05D2
    { 0x05D3, 154 }, // U+05D3
    { 0x05D5, 155 }, // U+05D5
    { 0x05D6, 156 }, // U+05D6
    { 0x05D8, 157 }, // U+05D8
    { 0x05D9, 158 }, // U+05D9
    { 0x05DB, 159 }, // U+05DB
    { 0x05DC, 160 }, // U+05DC
    { 0x05DE, 161 }, // U+05DE
    { 0x05E0, 162 }, // U+05E0
    { 0x05E1, 163 }, // U+05E1
    { 0x05E2, 164 }, // U+05E2
    { 0x05E4, 165 }, // U+05E4
    { 0x05E6, 166 }, // U+05E6
    { 0x05E8, 167 }, // U+05E8
    { 0x05E9, 168 }, // U+05E9
    { 0x05EA, 169 }, // U+05EA
    { 0x1EF2, 33 }, // U+1EF2
    { 0x1EF3, 59 }, // U+1EF3
    { 0x2013, 7 }, // U+2013
    { 0x2014, 7 }, // U+2014
    { 0x2018, 170 }, // U+2018
    { 0x2019, 171 }, // U+2019
    { 0x201A, 172 }, // U+201A
    { 0x201C, 170 }, // U+201C
    { 0x201D, 171 }, // U+201D
    { 0x201E, 172 }, // U+201E
    { 0x2026, 6 }, // U+2026
    { 0x2039, 64 }, // U+2039
    { 0x203A, 65 }, // U+203A
    { 0xFB00, 42 }, // U+FB00
    { 0xFB01, 45 }, // U+FB01
    { 0xFB02, 48 }, // U+FB02
    { 0xFB03, 45 }, // U+FB03
    { 0xFB04, 48 }, // U+FB04
};

static const EpdKernClassEntry ubuntu_12_boldKernRightClasses[] = {
    { 0x0021, 1 }, // !
    { 0x0022, 2 }, // "
    { 0x0026, 3 }, // &
    { 0x0027, 2 }, // '
    { 0x0028, 4 }, // (
    { 0x0029, 5 }, // )
    { 0x002A, 6 }, // *
    { 0x002C, 7 }, // ,
    { 0x002D, 8 }, // -
    { 0x002E, 7 }, // .
    { 0x002F, 9 }, // /
    { 0x003A, 10 }, // :
    { 0x003B, 10 }, // ;
    { 0x003F, 11 }, // ?
    { 0x0040, 12 }, // @
    { 0x0041, 13 }, // A
    { 0x0042, 14 }, // B
    { 0x0043, 15 }, // C
    { 0x0044, 14 }, // D
    { 0x0045, 14 }, // E
    { 0x0046, 14 }, // F
    { 0x0047, 16 }, // G
    { 0x0048, 14 }, // H
    { 0x0049, 14 }, // I
    { 0x004A, 17 }, // J
    { 0x004B, 14 }, // K
    { 0x004C, 14 }, // L
    { 0x004D, 18 }, // M
    { 0x004E, 14 }, // N
    { 0x004F, 19 }, // O
    { 0x0050, 14 }, // P
    { 0x0051, 19 }, // Q
    { 0x0052, 14 }, // R
    { 0x0053, 20 }, // S
    { 0x0054, 21 }, // T
    { 0x0055, 22 }, // U
    { 0x0056, 23 }, // V
    { 0x0057, 24 }, // W
    { 0x0058, 25 }, // X
    { 0x0059, 26 }, // Y
    { 0x005A, 27 }, // Z
    { 0x005B, 28 }, // [
    { 0x005C, 29 }, // <backslash>
    { 0x005D, 30 }, // ]
    { 0x0061, 31 }, // a
    { 0x0062, 32 }, // b
    { 0x0063, 33 }, // c
    { 0x0064, 34 }, // d
    { 0x0065, 33 }, // e
    { 0x0066, 35 }, // f
    { 0x0067, 33 }, // g
    { 0x0068, 36 }, // h
    { 0x0069, 37 }, // i
    { 0x006A, 38 }, // j
    { 0x006B, 36 }, // k
    { 0x006C, 36 }, // l
    { 0x006D, 39 }, // m
    { 0x006E, 39 }, // n
    { 0x006F, 34 }, // o
    { 0x0070, 39 }, // p
    { 0x0071, 33 }, // q
    { 0x0072, 39 }, // r
    { 0x0073, 40 }, // s
    { 0x0074, 41 }, // t
    { 0x0075, 42 }, // u
    { 0x0076, 43 }, // v
    { 0x0077, 44 }, // w
    { 0x0078, 45 }, // x
    { 0x0079, 46 }, // y
    { 0x007A, 47 }, // z
    { 0x007B, 48 }, // {
    { 0x007D, 49 }, // }
    { 0x00AB, 50 }, // U+00AB
    { 0x00BB, 51 }, // U+00BB
    { 0x00C0, 13 }, // U+00C0
    { 0x00C1, 13 }, // U+00C1
    { 0x00C2, 13 }, // U+00C2
    { 0x00C3, 13 }, // U+00C3
    { 0x00C4, 13 }, // U+00C4
    { 0x00C5, 13 }, // U+00C5
    { 0x00C6, 52 }, // U+00C6
    { 0x00C7, 15 }, // U+00C7
    { 0x00C8, 14 }, // U+00C8
    { 0x00C9, 14 }, // U+00C9
    { 0x00CA, 14 }, // U+00CA
    { 0x00CB, 14 }, // U+00CB
    { 0x00CC, 14 }, // U+00CC
    { 0x00CD, 14 }, // U+00CD
    { 0x00CE, 14 }, // U+00CE
    { 0x00CF, 14 }, // U+00CF
    { 0x00D0, 14 }, // U+00D0
    { 0x00D1, 14 }, // U+00D1
    { 0x00D2, 19 }, // U+00D2
    { 0x00D3, 19 }, // U+00D3
    { 0x00D4, 19 }, // U+00D4
    { 0x00D5, 19 }, // U+00D5
    { 0x00D6, 19 }, // U+00D6
    { 0x00D8, 19 }, // U+00D8
    { 0x00D9, 22 }, // U+00D9
    { 0x00DA, 22 }, // U+00DA
    { 0x00DB, 22 }, // U+00DB
    { 0x00DC, 22 }, // U+00DC
    { 0x00DD, 26 }, // U+00DD
    { 0x00DF, 53 }, // U+00DF
    { 0x00E0, 31 }, // U+00E0
    { 0x00E1, 31 }, // U+00E1
    { 0x00E2, 31 }, // U+00E2
    { 0x00E3, 31 }, // U+00E3
    { 0x00E4, 54 }, // U+00E4
    { 0x00E5, 31 }, // U+00E5
    { 0x00E6, 31 }, // U+00E6
    { 0x00E7, 33 }, // U+00E7
    { 0x00E8, 33 }, // U+00E8
    { 0x00E9, 33 }, // U+00E9
    { 0x00EA, 33 }, // U+00EA
    { 0x00EB, 33 }, // U+00EB
    { 0x00EC, 55 }, // U+00EC
    { 0x00ED, 37 }, // U+00ED
    { 0x00EE, 56 }, // U+00EE
    { 0x00EF, 57 }, // U+00EF
    { 0x00F0, 58 }, // U+00F0
    { 0x00F1, 39 }, // U+00F1
    { 0x00F2, 34 }, // U+00F2
    { 0x00F3, 34 }, // U+00F3
    { 0x00F4, 34 }, // U+00F4
    { 0x00F5, 34 }, // U+00F5
    { 0x00F6, 34 }, // U+00F6
    { 0x00F8, 34 }, // U+00F8
    { 0x00F9, 42 }, // U+00F9
    { 0x00FA, 42 }, // U+00FA
    { 0x00FB, 42 }, // U+00FB
    { 0x00FC, 42 }, // U+00FC
    { 0x00FD, 46 }, // U+00FD
    { 0x00FF, 46 }, // U+00FF
    { 0x0100, 13 }, // U+0100
    { 0x0101, 31 }, // U+0101
    { 0x0102, 13 }, // U+0102
    { 0x0103, 31 }, // U+0103
    { 0x0104, 13 }, // U+0104
    { 0x0105, 31 }, // U+0105
    { 0x0106, 15 }, // U+0106
    { 0x0107, 33 }, // U+0107
    { 0x0108, 15 }, // U+0108
    { 0x0109, 33 }, // U+0109
    { 0x010A, 15 }, // U+010A
    { 0x010B, 33 }, // U+010B
    { 0x010C, 15 }, // U+010C
    { 0x010D, 33 }, // U+010D
    { 0x010E, 14 }, // U+010E
    { 0x010F, 34 }, // U+010F
    { 0x0111, 34 }, // U+0111
    { 0x0112, 14 }, // U+0112
    { 0x0113, 33 }, // U+0113
    { 0x0114, 14 }, // U+0114
    { 0x0115, 33 }, // U+0115
    { 0x0116, 14 }, // U+0116
    { 0x0117, 33 }, // U+0117
    { 0x0118, 14 }, // U+0118
    { 0x0119, 33 }, // U+0119
    { 0x011A, 14 }, // U+011A
    { 0x011B, 33 }, // U+011B
    { 0x011C, 16 }, // U+011C
    { 0x011D, 33 }, // U+011D
    { 0x011E, 16 }, // U+011E
    { 0x011F, 33 }, // U+011F
    { 0x0120, 16 }, // U+0120
    { 0x0121, 33 }, // U+0121
    { 0x0122, 16 }, // U+0122
    { 0x0123, 33 }, // U+0123
    { 0x0124, 14 }, // U+0124
    { 0x0125, 36 }, // U+0125
    { 0x0126, 14 }, // U+0126
    { 0x0127, 36 }, // U+0127
    { 0x0128, 14 }, // U+0128
    { 0x0129, 59 }, // U+0129
    { 0x012A, 14 }, // U+012A
    { 0x012B, 60 }, // U+012B
    { 0x012C, 14 }, // U+012C
    { 0x012D, 61 }, // U+012D
    { 0x012E, 14 }, // U+012E
    { 0x012F, 37 }, // U+012F
    { 0x0130, 14 }, // U+0130
    { 0x0131, 37 }, // U+0131
    { 0x0132, 14 }, // U+0132
    { 0x0133, 37 }, // U+0133
    { 0x0134, 17 }, // U+0134
    { 0x0135, 38 }, // U+0135
    { 0x0136, 14 }, // U+0136
    { 0x0137, 36 }, // U+0137
    { 0x0139, 14 }, // U+0139
    { 0x013A, 36 }, // U+013A
    { 0x013B, 14 }, // U+013B
    { 0x013C, 36 }, // U+013C
    { 0x013D, 14 }, // U+013D
    { 0x013E, 36 }, // U+013E
    { 0x013F, 14 }, // U+013F
    { 0x0140, 36 }, // U+0140
    { 0x0141, 14 }, // U+0141
    { 0x0142, 36 }, // U+0142
    { 0x0143, 14 }, // U+0143
    { 0x0144, 39 }, // U+0144
    { 0x0145, 14 }, // U+0145
    { 0x0146, 39 }, // U+0146
    { 0x0147, 14 }, // U+0147
    { 0x0148, 39 }, // U+0148
    { 0x0149, 39 }, // U+0149
    { 0x014A, 62 }, // U+014A
    { 0x014B, 63 }, // U+014B
    { 0x014C, 19 }, // U+014C
    { 0x014D, 34 }, // U+014D
    { 0x014E, 19 }, // U+014E
    { 0x014F, 34 }, // U+014F
    { 0x0150, 19 }, // U+0150
    { 0x0151, 34 }, // U+0151
    { 0x0152, 19 }, // U+0152
    { 0x0153, 34 }, // U+0153
    { 0x0154, 14 }, // U+0154
    { 0x0155, 39 }, // U+0155
    { 0x0156, 14 }, // U+0156
    { 0x0157, 39 }, // U+0157
    { 0x0158, 14 }, // U+0158
    { 0x0159, 39 }, // U+0159
    { 0x015A, 20 }, // U+015A
    { 0x015B, 40 }, // U+015B
    { 0x015C, 20 }, // U+015C
    { 0x015D, 40 }, // U+015D
    { 0x015E, 20 }, // U+015E
    { 0x015F, 40 }, // U+015F
    { 0x0160, 20 }, // U+0160
    { 0x0161, 40 }, // U+0161
    { 0x0162, 21 }, // U+0162
    { 0x0163, 41 }, // U+0163
    { 0x0164, 21 }, // U+0164
    { 0x0165, 41 }, // U+0165
    { 0x0166, 21 }, // U+0166
    { 0x0167, 41 }, // U+0167
    { 0x0168, 22 }, // U+0168
    { 0x0169, 42 }, // U+0169
    { 0x016A, 22 }, // U+016A
    { 0x016B, 42 }, // U+016B
    { 0x016C, 22 }, // U+016C
    { 0x016D, 42 }, // U+016D
    { 0x016E, 22 }, // U+016E
    { 0x016F, 42 }, // U+016F
    { 0x0170, 22 }, // U+0170
    { 0x0171, 42 }, // U+0171
    { 0x0172, 22 }, // U+0172
    { 0x0173, 42 }, // U+0173
    { 0x0174, 24 }, // U+0174
    { 0x0175, 44 }, // U+0175
    { 0x0176, 26 }, // U+0176
    { 0x0177, 46 }, // U+0177
    { 0x0178, 26 }, // U+0178
    { 0x0179, 27 }, // U+0179
    { 0x017A, 47 }, // U+017A
    { 0x017B, 27 }, // U+017B
    { 0x017C, 47 }, // U+017C
    { 0x017D, 27 }, // U+017D
    { 0x017E, 47 }, // U+017E
    { 0x017F, 35 }, // U+017F
    { 0x01A0, 19 }, // U+01A0
    { 0x01A1, 34 }, // U+01A1
    { 0x01AF, 22 }, // U+01AF
    { 0x01B0, 42 }, // U+01B0
    { 0x01C4, 14 }, // U+01C4
    { 0x01C5, 14 }, // U+01C5
    { 0x01C6, 34 }, // U+01C6
    { 0x01C7, 14 }, // U+01C7
    { 0x01C8, 14 }, // U+01C8
    { 0x01C9, 36 }, // U+01C9
    { 0x01CA, 14 }, // U+01CA
    { 0x01CB, 14 }, // U+01CB
    { 0x01CC, 39 }, // U+01CC
    { 0x01CD, 13 }, // U+01CD
    { 0x01CE, 31 }, // U+01CE
    { 0x01CF, 14 }, // U+01CF
    { 0x01D0, 37 }, // U+01D0
    { 0x01D1, 19 }, // U+01D1
    { 0x01D2, 34 }, // U+01D2
    { 0x01D3, 22 }, // U+01D3
    { 0x01D4, 42 }, // U+01D4
    { 0x01D5, 22 }, // U+01D5
    { 0x01D6, 42 }, // U+01D6
    { 0x01D7, 22 }, // U+01D7
    { 0x01D8, 42 }, // U+01D8
    { 0x01D9, 22 }, // U+01D9
    { 0x01DA, 42 }, // U+01DA
    { 0x01DB, 22 }, // U+01DB
    { 0x01DC, 42 }, // U+01DC
    { 0x01DD, 64 }, // U+01DD
    { 0x01DE, 13 }, // U+01DE
    { 0x01DF, 31 }, // U+01DF
    { 0x01E0, 13 }, // U+01E0
    { 0x01E1, 31 }, // U+01E1
    { 0x01E2, 52 }, // U+01E2
    { 0x01E3, 31 }, // U+01E3
    { 0x01E4, 16 }, // U+01E4
    { 0x01E5, 33 }, // U+01E5
    { 0x01E6, 16 }, // U+01E6
    { 0x01E7, 33 }, // U+01E7
    { 0x01E8, 14 }, // U+01E8
    { 0x01E9, 36 }, // U+01E9
    { 0x01EA, 19 }, // U+01EA
    { 0x01EB, 34 }, // U+01EB
    { 0x01EC, 19 }, // U+01EC
    { 0x01ED, 34 }, // U+01ED
    { 0x01EE, 65 }, // U+01EE
    { 0x01F0, 38 }, // U+01F0
    { 0x01F1, 14 }, // U+01F1
    { 0x01F2, 14 }, // U+01F2
    { 0x01F3, 34 }, // U+01F3
    { 0x01F4, 16 }, // U+01F4
    { 0x01F5, 33 }, // U+01F5
    { 0x01F8, 14 }, // U+01F8
    { 0x01F9, 39 }, // U+01F9
    { 0x01FA, 13 }, // U+01FA
    { 0x01FB, 31 }, // U+01FB
    { 0x01FC, 52 }, // U+01FC
    { 0x01FD, 31 }, // U+01FD
    { 0x01FE, 19 }, // U+01FE
    { 0x01FF, 34 }, // U+01FF
    { 0x0200, 13 }, // U+0200
    { 0x0201, 31 }, // U+0201
    { 0x0202, 13 }, // U+0202
    { 0x0203, 31 }, // U+0203
    { 0x0204, 14 }, // U+0204
    { 0x0205, 33 }, // U+0205
    { 0x0206, 14 }, // U+0206
    { 0x0207, 33 }, // U+0207
    { 0x0208, 14 }, // U+0208
    { 0x0209, 37 }, // U+0209
    { 0x020A, 14 }, // U+020A
    { 0x020B, 37 }, // U+020B
    { 0x020C, 19 }, // U+020C
    { 0x020D, 34 }, // U+020D
    { 0x020E, 19 }, // U+020E
    { 0x020F, 34 }, // U+020F
    { 0x0210, 14 }, // U+0210
    { 0x0211, 39 }, // U+0211
    { 0x0212, 14 }, // U+0212
    { 0x0213, 39 }, // U+0213
    { 0x0214, 22 }, // U+0214
    { 0x0215, 42 }, // U+0215
    { 0x0216, 22 }, // U+0216
    { 0x0217, 42 }, // U+0217
    { 0x0218, 20 }, // U+0218
    { 0x0219, 40 }, // U+0219
    { 0x021A, 21 }, // U+021A
    { 0x021B, 41 }, // U+021B
    { 0x021C, 66 }, // U+021C
    { 0x021D, 67 }, // U+021D
    { 0x021E, 14 }, // U+021E
    { 0x021F, 36 }, // U+021F
    { 0x0402, 68 }, // U+0402
    { 0x0404, 69 }, // U+0404
    { 0x0405, 70 }, // U+0405
    { 0x0408, 71 }, // U+0408
    { 0x0409, 72 }, // U+0409
    { 0x040B, 68 }, // U+040B
    { 0x040E, 73 }, // U+040E
    { 0x0410, 74 }, // U+0410
    { 0x0414, 75 }, // U+0414
    { 0x0416, 76 }, // U+0416
    { 0x0417, 77 }, // U+0417
    { 0x041B, 72 }, // U+041B
    { 0x041C, 78 }, // U+041C
    { 0x041E, 79 }, // U+041E
    { 0x0421, 69 }, // U+0421
    { 0x0422, 68 }, // U+0422
    { 0x0423, 73 }, // U+0423
    { 0x0424, 80 }, // U+0424
    { 0x0425, 81 }, // U+0425
    { 0x0427, 82 }, // U+0427
    { 0x042D, 83 }, // U+042D
    { 0x042F, 84 }, // U+042F
    { 0x0430, 85 }, // U+0430
    { 0x0431, 86 }, // U+0431
    { 0x0432, 87 }, // U+0432
    { 0x0433, 88 }, // U+0433
    { 0x0434, 89 }, // U+0434
    { 0x0435, 90 }, // U+0435
    { 0x0436, 91 }, // U+0436
    { 0x0437, 92 }, // U+0437
    { 0x0438, 88 }, // U+0438
    { 0x0439, 88 }, // U+0439
    { 0x043A, 88 }, // U+043A
    { 0x043B, 93 }, // U+043B
    { 0x043C, 94 }, // U+043C
    { 0x043D, 88 }, // U+043D
    { 0x043E, 95 }, // U+043E
    { 0x043F, 88 }, // U+043F
    { 0x0440, 96 }, // U+0440
    { 0x0441, 97 }, // U+0441
    { 0x0442, 98 }, // U+0442
    { 0x0443, 99 }, // U+0443
    { 0x0444, 100 }, // U+0444
    { 0x0445, 101 }, // U+0445
    { 0x0446, 88 }, // U+0446
    { 0x0447, 102 }, // U+0447
    { 0x0448, 88 }, // U+0448
    { 0x0449, 103 }, // U+0449
    { 0x044A, 104 }, // U+044A
    { 0x044B, 88 }, // U+044B
    { 0x044C, 88 }, // U+044C
    { 0x044D, 105 }, // U+044D
    { 0x044E, 106 }, // U+044E
    { 0x044F, 107 }, // U+044F
    { 0x0450, 90 }, // U+0450
    { 0x0451, 90 }, // U+0451
    { 0x0452, 108 }, // U+0452
    { 0x0453, 88 }, // U+0453
    { 0x0454, 109 }, // U+0454
    { 0x0455, 110 }, // U+0455
    { 0x0456, 111 }, // U+0456
    { 0x0457, 112 }, // U+0457
    { 0x0458, 113 }, // U+0458
    { 0x0459, 93 }, // U+0459
    { 0x045A, 88 }, // U+045A
    { 0x045B, 114 }, // U+045B
    { 0x045C, 88 }, // U+045C
    { 0x045D, 88 }, // U+045D
    { 0x045E, 99 }, // U+045E
    { 0x045F, 103 }, // U+045F
    { 0x0462, 68 }, // U+0462
    { 0x0463, 115 }, // U+0463
    { 0x0472, 79 }, // U+0472
    { 0x0473, 95 }, // U+0473
    { 0x0475, 99 }, // U+0475
    { 0x048B, 88 }, // U+048B
    { 0x048D, 116 }, // U+048D
    { 0x048F, 96 }, // U+048F
    { 0x0491, 88 }, // U+0491
    { 0x0493, 88 }, // U+0493
    { 0x0495, 88 }, // U+0495
    { 0x0496, 76 }, // U+0496
    { 0x0497, 91 }, // U+0497
    { 0x0498, 77 }, // U+0498
    { 0x0499, 92 }, // U+0499
    { 0x049B, 88 }, // U+049B
    { 0x049D, 88 }, // U+049D
    { 0x049F, 88 }, // U+049F
    { 0x04A1, 88 }, // U+04A1
    { 0x04A3, 88 }, // U+04A3
    { 0x04A5, 88 }, // U+04A5
    { 0x04A7, 88 }, // U+04A7
    { 0x04A8, 117 }, // U+04A8
    { 0x04A9, 118 }, // U+04A9
    { 0x04AA, 69 }, // U+04AA
    { 0x04AB, 97 }, // U+04AB
    { 0x04AC, 68 }, // U+04AC
    { 0x04AD, 98 }, // U+04AD
    { 0x04AE, 119 }, // U+04AE
    { 0x04AF, 120 }, // U+04AF
    { 0x04B0, 119 }, // U+04B0
    { 0x04B1, 120 }, // U+04B1
    { 0x04B2, 81 }, // U+04B2
    { 0x04B3, 101 }, // U+04B3
    { 0x04B4, 68 }, // U+04B4
    { 0x04B5, 98 }, // U+04B5
    { 0x04B6, 82 }, // U+04B6
    { 0x04B7, 102 }, // U+04B7
    { 0x04B8, 82 }, // U+04B8
    { 0x04B9, 102 }, // U+04B9
    { 0x04BB, 121 }, // U+04BB
    { 0x04BC, 122 }, // U+04BC
    { 0x04BD, 123 }, // U+04BD
    { 0x04BE, 122 }, // U+04BE
    { 0x04BF, 123 }, // U+04BF
    { 0x04C1, 76 }, // U+04C1
    { 0x04C2, 91 }, // U+04C2
    { 0x04C4, 88 }, // U+04C4
    { 0x04C5, 72 }, // U+04C5
    { 0x04C6, 93 }, // U+04C6
    { 0x04C8, 88 }, // U+04C8
    { 0x04CA, 88 }, // U+04CA
    { 0x04CB, 82 }, // U+04CB
    { 0x04CC, 102 }, // U+04CC
    { 0x04CE, 94 }, // U+04CE
    { 0x04D0, 74 }, // U+04D0
    { 0x04D1, 85 }, // U+04D1
    { 0x04D2, 74 }, // U+04D2
    { 0x04D3, 85 }, // U+04D3
    { 0x04D4, 124 }, // U+04D4
    { 0x04D5, 125 }, // U+04D5
    { 0x04D7, 90 }, // U+04D7
    { 0x04D8, 126 }, // U+04D8
    { 0x04D9, 127 }, // U+04D9
    { 0x04DA, 126 }, // U+04DA
    { 0x04DB, 127 }, // U+04DB
    { 0x04DC, 76 }, // U+04DC
    { 0x04DD, 91 }, // U+04DD
    { 0x04DE, 77 }, // U+04DE
    { 0x04DF, 92 }, // U+04DF
    { 0x04E0, 128 }, // U+04E0
    { 0x04E1, 129 }, // U+04E1
    { 0x04E3, 88 }, // U+04E3
    { 0x04E5, 88 }, // U+04E5
    { 0x04E6, 79 }, // U+04E6
    { 0x04E7, 95 }, // U+04E7
    { 0x04E8, 79 }, // U+04E8
    { 0x04E9, 95 }, // U+04E9
    { 0x04EA, 79 }, // U+04EA
    { 0x04EB, 95 }, // U+04EB
    { 0x04EC, 83 }, // U+04EC
    { 0x04ED, 92 }, // U+04ED
    { 0x04EE, 73 }, // U+04EE
    { 0x04EF, 99 }, // U+04EF
    { 0x04F0, 73 }, // U+04F0
    { 0x04F1, 99 }, // U+04F1
    { 0x04F2, 73 }, // U+04F2
    { 0x04F3, 99 }, // U+04F3
    { 0x04F4, 82 }, // U+04F4
    { 0x04F5, 102 }, // U+04F5
    { 0x04F7, 88 }, // U+04F7
    { 0x04F9, 88 }, // U+04F9
    { 0x05D0, 130 }, // U+05D0
    { 0x05D1, 131 }, // U+05D1
    { 0x05D2, 132 }, // U+05D2
    { 0x05D3, 133 }, // U+05D3
    { 0x05D4, 134 }, // U+05D4
    { 0x05D6, 135 }, // U+05D6
    { 0x05D7, 136 }, // U+05D7
    { 0x05D8, 137 }, // U+05D8
    { 0x05D9, 138 }, // U+05D9
    { 0x05DA, 139 }, // U+05DA
    { 0x05DB, 140 }, // U+05DB
    { 0x05DC, 141 }, // U+05DC
    { 0x05DD, 142 }, // U+05DD
    { 0x05DE, 143 }, // U+05DE
    { 0x05E1, 144 }, // U+05E1
    { 0x05E2, 145 }, // U+05E2
    { 0x05E3, 146 }, // U+05E3
    { 0x05E4, 147 }, // U+05E4
    { 0x05E5, 148 }, // U+05E5
    { 0x05E7, 149 }, // U+05E7
    { 0x05E8, 150 }, // U+05E8
    { 0x05E9, 151 }, // U+05E9
    { 0x05EA, 152 }, // U+05EA
    { 0x1EF2, 26 }, // U+1EF2
    { 0x1EF3, 46 }, // U+1EF3
    { 0x2013, 8 }, // U+2013
    { 0x2014, 8 }, // U+2014
    { 0x2018, 153 }, // U+2018
    { 0x2019, 154 }, // U+2019
    { 0x201A, 155 }, // U+201A
    { 0x201C, 153 }, // U+201C
    { 0x201D, 154 }, // U+201D
    { 0x201E, 155 }, // U+201E
    { 0x2026, 7 }, // U+2026
    { 0x2039, 50 }, // U+2039
    { 0x203A, 51 }, // U+203A
    { 0xFB00, 35 }, // U+FB00
    { 0xFB01, 35 }, // U+FB01
    { 0xFB02, 35 }, // U+FB02
    { 0xFB03, 35 }, // U+FB03
    { 0xFB04, 35 }, // U+FB04
};

static const int8_t ubuntu_12_boldKernMatrix[] = {
       0,    0,    0,    0,    0,    0,    0,    0,    0,    0,    0,    0,  -20,    0,    0,    0,  -35,    0,    0,    0,    0,    0,    7,    8,    0,    0,    0,    0,    0,    0,    0,    0,    0,    0,    0,    0,    0,    0,    0,    0,    0,    0,    0,    0,    0,    0,    0,    0,    0,    0,    0,  -43,    0,    0,    0,    0,    0,    0,    0,    0,    0,    0,    0,    0,    0,    0,    0,    7,    0,    0,  -38,  -25,    0,  -23,  -23,    0,    0,    0,    0,   -6,    0,    5,    0,    0,   -6,    0,    0,    0,  -17,  -12,    0,    0,  -18,   -6,  -12,    0,  -13,    0,    0,  -19,    0,    0,    0,    0,    0,    0,   -8,    4,  -10,   -6,    0,    0,    0,    4,    0,    0,    0,  -12,    0,    0,    0,    0,    0,  -40,   -6,    0,   -5,    0,    0,    0,    0,    0,    0,    0,    0,    0,    0,    0,    0,    0,    0,    0,    0,    0,    0,    0,    0,    0,    0,    0,    0,    0,    0,    0,    0,
       0,    0,    0,    0,    0,    0,    0,    0,    0,    0,    0,    0,   12,    0,   -8,   -8,    8,    0,   -8,    0,  -32,    0,  -28,  -16,    4,  -40,    0,    0,    0,    0,   -8,    0,   -8,   -8,    0,    0,    0,    0,    0,    0,    0,    0,  -15,  -12,    4,  -15,    0,    0,    0,    0,    0,    0,    0,   -8,    0,    0,    0,    0,    0,    0,    0,    0,    0,    0,    0,    0,    0,    0,    0,    0,    0,    0,    0,    0,    0,    0,    0,    0,    0,    0,    0,    0,    0,    0,    0,    0,    0,    0,    0,    0,    0,    0,    0,    0,    0,    0,    0,    0,    0,    0,    0,    0,    0,    0,    0,    0,    0,    0,    0,    0,    0,    0,    0,    0,    0,    0,    0,    0,    0,    0,    0,    0,    0,    0,    0,    0,    0,    0,    0,    0,    0,    0,    0,    0,    0,    0,    0,    0,    0,    0,    0,    0,    0,    0,    0,    0,    0,    0,    0,    0,    0,    0,    0,    0,    0,
       0,    0,    0,  -12,   32,   -8,    0,   -4,    0,    0,    0,  -12,    0,    0,   -8,   -8,    0,    0,   -8,    0,   10,    0,   12,   10,   10,   13,    4,    0,    0,    0,  -10,    0,  -12,  -12,   -5,    0,    5,   34,   -8,   -7,    0,  -10,   -4,   -4,    0,   12,    0,    0,    0,    0,    0,    0,   -6,  -10,    5,    5,    5,  -12,    5,    5,    5,    0,    0,    0,    0,    0,    0,   10,   -8,   -5,    0,    0,    7,    0,    8,    8,    0,    0,   -8,  -12,   10,    0,    0,    0,  -10,   -5,   -6,   -6,    8,   -9,    0,    0,    0,   -4,  -12,    0,   -9,    0,   12,  -14,    0,   -8,   -6,    0,    0,   -6,    0,    7,   -7,   -7,    5,    5,   34,    7,    0,    0,  -13,  -12,   10,    0,    0,    0,   -6,    5,   -7,   -5,   -8,    0,    5,    0,    0,    0,    0,    0,    0,    0,    0,    0,    0,    0,    0,    0,    0,    0,    0,    0,    0,    0,    0,    0,    0,    0,    0,    0,    0,
       0,    0,    0,   -9,    0,   -8,    0,    9,    0,    0,    0,   -5,   -8,    0,    0,    0,   -5,    0,    0,    0,   -8,    0,  -13,   -5,   -8,  -16,   -4,    0,    0,    0,    0,    0,    0,    0,    0,    0,    0,    0,    0,    0,    0,    0,    0,    0,   -6,    0,    0,    0,    0,    0,    0,   -8,    0,    0,    0,    0,    0,    0,    0,    0,    0,   -9,    0,    0,    0,    0,    0,   -8,    0,   -6,   -5,    0,   -8,   -8,    0,   -6,   -6,    0,    0,    0,   -8,    0,   -8,   -9,    0,    0,    0,    0,    0,    0,    0,    0,    0,    0,    0,    0,    0,    0,    0,    0,   -6,    0,    0,    0,    0,    0,    0,   -7,    0,    0,    0,    0,    0,    0,    0,    0,    0,    0,  -13,    0,    0,    0,    0,    0,    0,    0,    0,   -7,   -7,    0,    0,    0,    0,    0,    0,    0,    0,    0,    0,    0,    0,    0,    0,    0,    0,    0,    0,    0,    0,    0,    0,    0,    0,    0,    0,
       0,    0,    0,    0,    0,    0,    0,    0,    0,    0,    0,   -8,  -32,    0,    0,    0,  -42,   -4,    0,    0,    0,    0,    0,    0,   -9,   -4,    0,    0,    0,    0,   -7,    0,  -12,  -12,    0,    0,    0,   -4,    0,   -4,    0,    0,    6,    6,    5,    6,    0,    0,    0,    0,    0,  -56,    0,   -7,    0,    0,    0,  -19,    0,    0,    0,   -5,    0,    0,    0,    0,    0,    0,    0,    0,  -42,  -30,   -5,  -32,  -29,   -7,   -6,   -4,    0,    0,   -9,    0,   -6,    0,   -7,    0,    0,    0,  -18,   -6,    0,    0,  -18,   -6,  -12,    0,   -6,    0,    0,   -7,    5,    0,    0,    0,    0,    0,   -5,    0,   -4,   -4,    0,    0,   -4,    0,    0,    0,    0,   -6,    0,    0,    0,    0,    0,  -29,   -4,   -5,    0,   -4,    0,    0,    0,    0,    0,    0,    0,    0,    0,    0,    0,    0,    0,    0,    0,    0,    0,    0,    0,    0,    0,    0,    0,    0,    0,    0,    0,
       0,    0,    0,    0,    0,    0,    0,    0,    0,    0,    0,    0,   12,    0,  -16,  -16,   16,    0,  -16,    5,  -32,  -12,  -33,  -17,   10,  -38,    9,    0,    0,    0,  -12,    0,  -12,  -12,    0,    0,    0,    0,    0,    0,    0,    0,  -23,  -22,    8,  -23,    7,    0,    0,    0,    0,   10,    0,  -12,    0,    0,    0,   -8,    0,    0,    0,    0,    0,    0,    0,    0,    0,  -32,   -6,    5,   16,    9,    0,   12,   11,    5,    6,    0,  -16,  -16,   10,  -30,    0,    0,    0,    0,    0,    0,   11,    0,    0,    6,   11,    0,  -12,    0,    0,  -15,  -12,    0,    8,  -18,    0,   -8,    6,    0,    0,    0,    0,    0,    0,    0,    0,    0,   -6,    0,   -7,    0,  -26,  -13,    0,  -33,  -19,   12,    0,   -4,    0,    5,  -16,    0,    0,    0,    0,    0,    0,    0,    0,    0,    0,    0,    0,    0,    0,    0,    0,    0,    0,    0,    0,    0,    0,    0,    0,    0,    0,
       0,    0,    0,    0,    0,    0,    0,    0,    0,    0,    0,    0,    0,    0,    8,    8,   -6,    0,    8,    0,  -22,    0,  -12,    0,  -13,  -27,   -4,    0,    0,    0,    6,    0,    5,    5,    8,    0,    0,    0,    0,    0,    0,    0,    0,    3,   -8,    0,    0,    0,    0,    0,    0,  -18,    0,    6,    0,    0,    0,    5,    0,    0,    0,    7,    0,    0,    0,    0,    0,  -22,    9,   -4,   -6,    0,  -10,    0,    0,  -12,    0,    0,    8,    8,  -13,    0,   -6,    0,    6,   10,    5,    5,    0,   10,   -9,    0,    0,    0,    5,    5,   10,    0,    0,   10,   -8,    8,    5,    0,    0,    5,    4,    0,   12,    0,    5,    5,    5,    0,    0,    6,    8,   10,  -18,    0,    5,    0,   11,    0,    0,    9,   10,   -6,    0,    0,    0,    0,    0,    0,    0,    0,    0,    0,    0,    0,    0,    0,    0,    0,    0,    0,    0,    0,    0,    0,    0,    0,    0,    0,    0,
       0,    0,    0,    0,    0,    0,    0,    0,    0,    0,    0,  -14,  -26,    0,  -10,  -10,  -28,    0,  -10,    0,   17,    0,   19,   17,   13,   20,    7,    0,    0,    0,  -16,    7,  -23,  -23,    0,    7,    6,    6,  -13,  -12,    0,   -8,    0,    0,    0,    0,   -4,    0,    0,    0,    0,  -48,    0,  -16,    6,    6,    6,  -19,    6,    6,    6,    0,    0,    0,    0,    0,    0,   17,   -7,    0,  -28,  -21,    9,  -26,  -21,   11,    0,    0,  -10,   -7,   13,    5,    0,   -7,  -16,   -5,   -6,   -6,  -18,  -13,    0,    0,  -18,  -11,  -23,   -6,  -13,    0,    0,  -14,    0,    0,   -6,    0,    0,   -5,  -11,   10,  -11,  -12,    6,    6,    6,   10,    0,    0,   -7,  -13,   12,    0,    0,    0,    0,  -22,   -8,    0,   -7,    0,   -4,    0,    0,    0,    0,    0,    0,    0,    0,    0,    0,    0,    0,    0,    0,    0,    0,    0,    0,    0,    0,    0,    0,    0,    0,    0,    0,
       0,    0,    0,    0,    0,    0,    0,    0,    0,    0,    0,    0,    7,    0,    0,    0,   10,    0,    0,    0,  -25,    0,   -5,    0,    6,  -15,    5,    0,    0,    0,    0,    0,    0,    0,    0,    0,    0,    0,    0,    0,    0,    0,    6,    6,    5,    6,    4,    0,    0,    0,    0,    6,    0,    0,    0,    0,    0,    0,    0,    0,    0,    0,    0,    0,    0,    0,    0,  -25,    0,    0,   10,    0,    0,    7,    0,    0,    0,    0,    0,    0,    6,    0,    0,    0,    0,    0,    0,    0,    0,    0,    0,    0,    6,    0,    0,    0,    0,    0,    0,    0,    5,    0,    0,    0,    0,    0,    0,    0,    0,    0,    0,    0,    0,    0,    6,    6,    0,    0,   -9,    0,    0,    6,    6,    8,    0,    0,    0,    0,    0,    0,    0,    0,    0,    0,    0,    0,    0,    0,    0,    0,    0,    0,    0,    0,    0,    0,    0,    0,    0,    0,    0,    0,    0,    0,    0,
       0,    0,    0,    0,    0,    0,    0,    0,    0,    0,    0,    0,   -8,    0,    0,    0,   -7,    0,    0,    0,  -14,    0,  -12,   -4,  -10,  -17,   -5,    0,    0,    0,    0,    0,    0,    0,    0,    0,    0,    0,    0,    0,    0,    0,    0,    0,   -4,    0,    0,    0,    0,    0,    0,  -22,    0,    0,    0,    0,    0,    0,    0,    0,    0,   -6,    0,    0,    0,    0,    0,  -14,    0,   -4,   -7,    0,  -10,   -8,    0,  -13,   -7,    0,    0,    0,  -10,    0,  -10,   -7,    0,    0,    0,    0,    0,    0,    0,    0,    0,    0,    0,    0,    0,    0,    0,    0,   -4,    0,    0,    0,    0,    0,    0,   -6,    0,    0,    0,    0,    0,    0,    0,    0,    0,    0,  -14,    0,    0,    0,    0,   -7,    0,    0,    0,   -8,    0,    0,    0,    0,    0,    0,    0,    0,    0,    0,    0,    0,    0,    0,    0,    0,    0,    0,    0,    0,    0,    0,    0,    0,    0,    0,    0,
       0,  -20,    0,   -7,    0,  -32,   12,    0,   10,    8,  -13,    0,   15,    0,  -10,  -10,   13,    0,  -10,    8,  -33,   -8,  -26,  -16,   15,  -40,   10,    0,  -32,  -10,   -4,    0,   -4,   -4,    0,    0,    0,    0,    0,    4,    0,    0,  -14,  -10,   10,  -14,    6,   -4,    0,   -6,    5,    8,    0,   -4,    0,    0,    0,   -6,    0,    0,    0,    0,    0,    0,    0,  -18,    0,    0,    0,    0,    0,    0,    0,    0,    0,    0,    0,    0,    0,    0,    0,    0,    0,    0,    0,    0,    0,    0,    0,    0,    0,    0,    0,    0,    0,    0,    0,    0,    0,    0,    0,    0,    0,    0,    0,    0,    0,    0,    0,    0,    0,    0,    0,    0,    0,    0,    0,    0,    0,    0,    0,    0,    0,    0,    0,    0,    0,    0,    0,    0,    0,    0,    0,    0,    0,    0,    0,    0,    0,    0,    0,    0,    0,    0,    0,    0,    0,    0,    0,    0,    0,    0,  -30,  -26,   17,
       0,    0,    0,    0,   -5,   -5,    0,    4,  -12,    4,   -8,    0,   -4,    0,    0,    0,    0,    0,    0,    0,   -7,    0,  -12,   -4,   -9,  -14,    0,    0,   -8,   -9,    0,    0,    0,    0,    0,    0,    0,    0,    0,    0,    0,    0,   -4,    0,   -3,   -4,   -4,    0,   -4,    4,    4,  -10,    0,    0,    0,    0,    0,    0,    0,    0,    0,    0,    0,    0,    0,   -6,    0,    0,    0,    0,    0,    0,    0,    0,    0,    0,    0,    0,    0,    0,    0,    0,    0,    0,    0,    0,    0,    0,    0,    0,    0,    0,    0,    0,    0,    0,    0,    0,    0,    0,    0,    0,    0,    0,    0,    0,    0,    0,    0,    0,    0,    0,    0,    0,    0,    0,    0,    0,    0,    0,    0,    0,    0,    0,    0,    0,    0,    0,    0,    0,    0,    0,    0,    0,    0,    0,    0,    0,    0,    0,    0,    0,    0,    0,    0,    0,    0,    0,    0,    0,    0,    0,    0,    0,    4,
       0,    0,    3,   -5,    6,   -4,    9,   -4,    5,    8,    6,    0,   11,    0,  -10,  -10,   12,    0,  -10,    7,    8,    0,    8,    8,   10,   10,    7,    0,    8,   10,    4,    0,   -5,   -5,    0,    0,    0,    0,    0,    2,    0,   -5,    0,    0,   10,    0,    6,    0,    0,  -10,    6,   10,    0,    4,    0,    0,    0,   -4,    0,    0,    0,    0,    0,    0,    0,    0,    0,    0,    0,    0,    0,    0,    0,    0,    0,    0,    0,    0,    0,    0,    0,    0,    0,    0,    0,    0,    0,    0,    0,    0,    0,    0,    0,    0,    0,    0,    0,    0,    0,    0,    0,    0,    0,    0,    0,    0,    0,    0,    0,    0,    0,    0,    0,    0,    0,    0,    0,    0,    0,    0,    0,    0,    0,    0,    0,    0,    0,    0,    0,    0,    0,    0,    0,    0,    0,    0,    0,    0,    0,    0,    0,    0,    0,    0,    0,    0,    0,    0,    0,    0,    0,    0,    8,   14,   16,
       0,    0,    0,    0,   -8,    0,  -16,    8,  -21,    0,   -8,    0,  -10,    0,    0,    0,   -9,    0,    0,    0,   -9,    0,  -10,   -4,  -15,  -18,   -4,    0,    0,   -8,    0,    0,    0,    0,    0,    0,    0,    0,    0,    0,    0,    0,    0,    0,    0,    0,    0,    0,   -6,    4,    0,  -24,    0,    0,    0,    0,    0,    0,    0,    0,    0,    0,    0,    0,   -6,   -8,    0,    0,    0,    0,    0,    0,    0,    0,    0,    0,    0,    0,    0,    0,    0,    0,    0,    0,    0,    0,    0,    0,    0,    0,    0,    0,    0,    0,    0,    0,    0,    0,    0,    0,    0,    0,    0,    0,    0,    0,    0,    0,    0,    0,    0,    0,    0,    0,    0,    0,    0,    0,    0,    0,    0,    0,    0,    0,    0,    0,    0,    0,    0,    0,    0,    0,    0,    0,    0,    0,    0,    0,    0,    0,    0,    0,    0,    0,    0,    0,    0,    0,    0,    0,    0,    0,    0,    4,   -5,
       0,    0,    0,    0,    0,    0,    0,    0,    0,    0,    0,    0,    0,    0,    0,    0,   10,    0,   -7,    0,    0,    0,    4,    0,    8,    4,    4,    0,    0,    0,   -5,    0,   -5,   -5,    0,    0,    0,    0,    0,    0,    0,    0,    0,    0,    8,    0,    0,    0,    0,    0,    5,    7,    0,   -5,    0,    0,    0,   -4,    0,    0,    0,    4,    0,    0,    0,    0,    0,    0,    0,    0,    0,    0,    0,    0,    0,    0,    0,    0,    0,    0,    0,    0,    0,    0,    0,    0,    0,    0,    0,    0,    0,    0,    0,    0,    0,    0,    0,    0,    0,    0,    0,    0,    0,    0,    0,    0,    0,    0,    0,    0,    0,    0,    0,    0,    0,    0,    0,    0,    0,    0,    0,    0,    0,    0,    0,    0,    0,    0,    0,    0,    0,    0,    0,    0,    0,    0,    0,    0,    0,    0,    0,    0,    0,    0,    0,    0,    0,    0,    0,    0,    0,    0,    5,    7,   16,
       0,    0,   -8,   -6,    8,    0,  -25,    6,  -31,    0,    8,   -4,  -19,    0,   -3,   -3,  -30,   -4,   -3,    0,    8,    0,   10,    8,    5,   11,    0,    0,   12,   10,  -10,    0,   -4,   -4,    0,    0,    0,    0,   -8,   -5,    0,   -8,    0,    0,   -4,    0,   -8,    0,    0,    0,   -4,  -47,    0,  -10,    0,    0,    0,   -4,    0,    0,    0,    0,    0,    0,    0,    0,    0,    0,    0,    0,    0,    0,    0,    0,    0,    0,    0,    0,    0,    0,    0,    0,    0,    0,    0,    0,    0,    0,    0,    0,    0,    0,    0,    0,    0,    0,    0,    0,    0,    0,    0,    0,    0,    0,    0,    0,    0,    0,    0,    0,    0,    0,    0,    0,    0,    0,    0,    0,    0,    0,    0,    0,    0,    0,    0,    0,    0,    0,    0,    0,    0,    0,    0,    0,    0,    0,    0,    0,    0,    0,    0,    0,    0,    0,    0,    0,    0,    0,    0,    0,    0,    0,   16,   15,  -25,
       0,    0,    0,    0,    0,  -10,    8,    7,    0,    4,    0,    0,    0,    0,    0,    0,    0,    0,    0,    0,   -4,    0,   -8,   -8,    0,   -8,    0,    0,    0,    0,    0,    0,    0,    0,    0,    0,    0,    0,    0,    0,    0,    0,   -4,    0,    0,   -4,    0,    0,    0,    0,    0,    0,    0,    0,    0,    0,    0,    0,    0,    0,    0,    0,    0,    0,    0,    0,    0,    0,    0,    0,    0,    0,    0,    0,    0,    0,    0,    0,    0,    0,    0,    0,    0,    0,    0,    0,    0,    0,    0,    0,    0,    0,    0,    0,    0,    0,    0,    0,    0,    0,    0,    0,    0,    0,    0,    0,    0,    0,    0,    0,    0,    0,    0,    0,    0,    0,    0,    0,    0,    0,    0,    0,    0,    0,    0,    0,    0,    0,    0,    0,    0,    0,    0,    0,    0,    0,    0,    0,    0,    0,    0,    0,    0,    0,    0,    0,    0,    0,    0,    0,    0,    0,   -4,    0,    9,
       0,    0,    0,    0,    0,    0,    0,    0,   -4,    0,    0,    0,    0,    0,    0,    0,    0,    0,    0,    0,    0,    0,    0,    0,    0,    0,    0,    0,    0,    0,    0,    0,    0,    0,    0,    0,    0,    0,    0,    0,    0,    0,    0,    0,    0,    0,    0,    0,    0,    0,    0,    0,    0,    0,    0,    0,    0,    0,    0,    0,    0,    0,    0,    0,    0,    0,    0,    0,    0,    0,    0,    0,    0,    0,    0,    0,    0,    0,    0,    0,    0,    0,    0,    0,    0,    0,    0,    0,    0,    0,    0,    0,    0,    0,    0,    0,    0,    0,    0,    0,    0,    0,    0,    0,    0,    0,    0,    0,    0,    0,    0,    0,    0,    0,    0,    0,    0,    0,    0,    0,    0,    0,    0,    0,    0,    0,    0,    0,    0,    0,    0,    0,    0,    0,    0,    0,    0,    0,    0,    0,    0,    0,    0,    0,    0,    0,    0,    0,    0,    0,    0,    0,    0,    0,    0,
       0,    0,    0,    0,    0,    0,    0,    0,  -12,    0,    0,    0,   -8,    0,    0,    0,   -5,    0,    0,    0,    0,    0,    0,    0,    0,    0,    0,    0,    4,    0,    0,    0,    0,    0,    0,    0,    0,    0,    0,    0,    0,    0,    0,    0,    0,    0,    0,    0,    0,    0,    4,  -16,    0,    0,    0,    0,    0,    0,    0,    0,    0,    0,    0,    0,    0,    0,    0,    0,    0,    0,    0,    0,    0,    0,    0,    0,    0,    0,    0,    0,    0,    0,    0,    0,    0,    0,    0,    0,    0,    0,    0,    0,    0,    0,    0,    0,    0,    0,    0,    0,    0,    0,    0,    0,    0,    0,    0,    0,    0,    0,    0,    0,    0,    0,    0,    0,    0,    0,    0,    0,    0,    0,    0,    0,    0,    0,    0,    0,    0,    0,    0,    0,    0,    0,    0,    0,    0,    0,    0,    0,    0,    0,    0,    0,    0,    0,    0,    0,    0,    0,    0,    0,    6,    6,    0,
       0,    0,   -8,   -8,   10,  -16,   12,  -20,    9,    4,    0,   -6,   10,    0,  -22,  -22,    8,    0,  -22,    0,    9,    0,    7,    5,   14,    7,   10,    0,    8,   11,   -4,    0,  -16,  -16,    0,    0,    0,    0,    0,    4,   -4,  -14,  -18,  -18,   14,  -18,    8,   -5,    0,  -20,    0,   10,    0,   -4,    0,    0,   17,  -14,   14,   12,    4,    0,    0,   -7,    0,    0,    0,    0,    0,    0,    0,    0,    0,    0,    0,    0,    0,    0,    0,    0,    0,    0,    0,    0,    0,    0,    0,    0,    0,    0,    0,    0,    0,    0,    0,    0,    0,    0,    0,    0,    0,    0,    0,    0,    0,    0,    0,    0,    0,    0,    0,    0,    0,    0,    0,    0,    0,    0,    0,    0,    0,    0,    0,    0,    0,    0,    0,    0,    0,    0,    0,    0,    0,    0,    0,    0,    0,    0,    0,    0,    0,    0,    0,    0,    0,    0,    0,    0,    0,    0,    0,    0,    0,    0,   12,
       4,  -39,    4,    0,    0,  -41,   16,   -8,    7,   10,  -14,    0,   12,    0,   -8,   -8,   12,    4,   -8,    7,  -31,   -4,  -34,  -20,   12,  -40,    7,    0,  -32,  -13,    5,    0,    0,    0,    0,    0,    0,    0,    0,    3,    0,    0,  -19,  -12,   12,  -19,    6,   -6,   -5,   -8,    8,   12,    0,    5,    0,    0,    0,    0,    0,    0,    0,    0,    0,    0,    0,  -20,    0,    0,    0,    0,    0,    0,    0,    0,    0,    0,    0,    0,    0,    0,    0,    0,    0,    0,    0,    0,    0,    0,    0,    0,    0,    0,    0,    0,    0,    0,    0,    0,    0,    0,    0,    0,    0,    0,    0,    0,    0,    0,    0,    0,    0,    0,    0,    0,    0,    0,    0,    0,    0,    0,    0,    0,    0,    0,    0,    0,    0,    0,    0,    0,    0,    0,    0,    0,    0,    0,    0,    0,    0,    0,    0,    0,    0,    0,    0,    0,    0,    0,    0,    0,    0,    0,  -26,  -22,   19,
       0,    0,    0,    0,    0,   -4,    0,    0,   -4,    0,   -6,    0,    0,    0,    0,    0,    0,    0,    0,    0,   -4,    0,   -4,    0,    0,   -6,    0,    0,   -8,    0,    0,    0,    0,    0,    0,    0,    0,    0,    0,    0,    0,    0,    0,    0,    0,    0,    0,    0,    0,    0,    0,    0,    0,    0,    0,    0,    0,    0,    0,    0,    0,    0,    0,    0,    0,    0,    0,    0,    0,    0,    0,    0,    0,    0,    0,    0,    0,    0,    0,    0,    0,    0,    0,    0,    0,    0,    0,    0,    0,    0,    0,    0,    0,    0,    0,    0,    0,    0,    0,    0,    0,    0,    0,    0,    0,    0,    0,    0,    0,    0,    0,    0,    0,    0,    0,    0,    0,    0,    0,    0,    0,    0,    0,    0,    0,    0,    0,    0,    0,    0,    0,    0,    0,    0,    0,    0,    0,    0,    0,    0,    0,    0,    0,    0,    0,    0,    0,    0,    0,    0,    0,    0,   -8,   -6,    0,
       0,    0,    0,    0,   -8,    0,  -16,    8,  -21,    0,   -8,    0,  -10,    0,    0,    0,   -9,    0,    0,    0,   -9,    0,  -10,   -4,  -15,  -18,   -4,    0,    0,   -8,    0,    0,    0,    0,    0,    0,    0,    0,    0,    0,    0,    0,    0,    0,    0,    0,    0,    0,   -5,    4,    0,  -24,    0,    0,    0,    0,    0,    0,    0,    0,    0,    0,    0,    0,   -4,   -9,    0,    0,    0,    0,    0,    0,    0,    0,    0,    0,    0,    0,    0,    0,    0,    0,    0,    0,    0,    0,    0,    0,    0,    0,    0,    0,    0,    0,    0,    0,    0,    0,    0,    0,    0,    0,    0,    0,    0,    0,    0,    0,    0,    0,    0,    0,    0,    0,    0,    0,    0,    0,    0,    0,    0,    0,    0,    0,    0,    0,    0,    0,    0,    0,    0,    0,    0,    0,    0,    0,    0,    0,    0,    0,    0,    0,    0,    0,    0,    0,    0,    0,    0,    0,    0,    0,    0,    4,   -5,
       0,    0,   -8,    0,   -3,    0,  -42,    0,  -32,    5,    0,    0,  -27,    0,    0,    0,  -36,    0,    0,    0,    5,    0,    0,    0,   -9,   -4,    0,   -6,    0,   -5,   -8,    0,   -6,   -6,    0,    0,    0,    0,    0,    0,    0,    0,    8,    8,    5,    8,    0,    0,   -4,   -4,    5,  -50,    0,   -8,    0,    0,    0,   -9,    0,    0,    0,    0,    0,    0,    0,    0,    0,    0,    0,    0,    0,    0,    0,    0,    0,    0,    0,    0,    0,    0,    0,    0,    0,    0,    0,    0,    0,    0,    0,    0,    0,    0,    0,    0,    0,    0,    0,    0,    0,    0,    0,    0,    0,    0,    0,    0,    0,    0,    0,    0,    0,    0,    0,    0,    0,    0,    0,    0,    0,    0,    0,    0,    0,    0,    0,    0,    0,    0,    0,    0,    0,    0,    0,    0,    0,    0,    0,    0,    0,    0,    0,    0,    0,    0,    0,    0,    0,    0,    0,    0,    0,    0,   12,   12,  -37,
       0,    0,    0,    0,   -8,    0,  -16,    8,  -21,    0,   -8,    0,  -10,    0,    0,    0,   -9,    0,    0,    0,   -9,    0,  -10,   -4,  -15,  -18,   -4,    0,    0,   -8,    0,    0,    0,    0,    0,    0,    0,    6,    0,    0,    0,    0,    0,    0,    0,    0,    0,    0,    0,    4,    0,  -24,    0,    0,    0,    0,    0,    0,    0,    0,    0,    0,    0,    0,   -4,    0,    0,    0,    0,    0,    0,    0,    0,    0,    0,    0,    0,    0,    0,    0,    0,    0,    0,    0,    0,    0,    0,    0,    0,    0,    0,    0,    0,    0,    0,    0,    0,    0,    0,    0,    0,    0,    0,    0,    0,    0,    0,    0,    0,    0,    0,    0,    0,    0,    0,    0,    0,    0,    0,    0,    0,    0,    0,    0,    0,    0,    0,    0,    0,    0,    0,    0,    0,    0,    0,    0,    0,    0,    0,    0,    0,    0,    0,    0,    0,    0,    0,    0,    0,    0,    0,    0,    0,    4,   -5,
       0,    0,    0,    0,    0,   -4,   10,   -8,    7,    5,   -6,   -4,   12,    0,   -7,   -7,   10,    0,   -7,    0,   -4,   -3,   -6,    0,    8,  -13,    7,    0,   -4,   -9,  -10,    0,  -10,  -10,    0,    0,    0,    0,    0,    0,   -4,   -4,    0,    0,    7,    0,    4,    0,    0,   -9,    0,    8,    0,  -10,    0,    0,    0,  -11,    0,    0,    0,    0,    0,    0,    0,    0,    0,    0,    0,    0,    0,    0,    0,    0,    0,    0,    0,    0,    0,    0,    0,    0,    0,    0,    0,    0,    0,    0,    0,    0,    0,    0,    0,    0,    0,    0,    0,    0,    0,    0,    0,    0,    0,    0,    0,    0,    0,    0,    0,    0,    0,    0,    0,    0,    0,    0,    0,    0,    0,    0,    0,    0,    0,    0,    0,    0,    0,    0,    0,    0,    0,    0,    0,    0,    0,    0,    0,    0,    0,    0,    0,    0,    0,    0,    0,    0,    0,    0,    0,    0,    0,    0,    5,    4,   13,
       0,    0,    0,    0,   -3,  -14,    4,   11,   -6,    0,   -4,    0,    0,    0,    0,    0,    0,    0,    0,    0,   -8,    0,   -4,   -4,    0,   -4,    0,    0,    0,    0,    5,    0,    0,    0,    0,    0,    0,    0,    0,    0,    0,    0,   -6,   -5,   -4,   -6,    0,    0,    0,    6,    0,   -8,    0,    5,    0,    0,    0,    0,    0,    0,    0,    0,    0,    0,    0,    0,    0,    0,    0,    0,    0,    0,    0,    0,    0,    0,    0,    0,    0,    0,    0,    0,    0,    0,    0,    0,    0,    0,    0,    0,    0,    0,    0,    0,    0,    0,    0,    0,    0,    0,    0,    0,    0,    0,    0,    0,    0,    0,    0,    0,    0,    0,    0,    0,    0,    0,    0,    0,    0,    0,    0,    0,    0,    0,    0,    0,    0,    0,    0,    0,    0,    0,    0,    0,    0,    0,    0,    0,    0,    0,    0,    0,    0,    0,    0,    0,    0,    0,    0,    0,    0,    0,   -8,    0,    7,
       0,    0,   -8,   -7,   10,    0,  -32,  -22,  -39,  -24,   10,  -14,  -33,    0,   -9,   -9,  -33,   -4,   -9,    0,   10,    0,   12,   10,   10,   14,    4,    0,   16,   12,  -30,    0,  -30,  -30,    0,    0,    0,    0,  -28,  -29,    0,  -28,  -30,  -30,  -30,  -30,  -28,   -7,    0,  -30,  -26,  -46,    0,  -30,   -4,   11,   18,  -37,   18,   13,   12,    0,  -22,  -24,    0,    0,    0,    0,    0,    0,    0,    0,    0,    0,    0,    0,    0,    0,    0,    0,    0,    0,    0,    0,    0,    0,    0,    0,    0,    0,    0,    0,    0,    0,    0,    0,    0,    0,    0,    0,    0,    0,    0,    0,    0,    0,    0,    0,    0,    0,    0,    0,    0,    0,    0,    0,    0,    0,    0,    0,    0,    0,    0,    0,    0,    0,    0,    0,    0,    0,    0,    0,    0,    0,    0,    0,    0,    0,    0,    0,    0,    0,    0,    0,    0,    0,    0,    0,    0,    0,    0,    0,   11,    8,  -21,
       0,    0,    0,    0,    0,    0,  -12,    0,  -22,    4,    0,    0,   -8,    0,    0,    0,   -8,    0,    0,    0,    0,    0,    0,    0,    0,    0,    0,    0,    4,    0,    0,    0,    0,    0,    0,    0,    0,    0,    0,    0,    0,    0,    0,    0,    0,    0,    0,    0,    0,    0,    0,  -22,    0,    0,    0,    0,    0,    0,    0,    0,    0,    0,    0,    0,    0,    0,    0,    0,    0,    0,    0,    0,    0,    0,    0,    0,    0,    0,    0,    0,    0,    0,    0,    0,    0,    0,    0,    0,    0,    0,    0,    0,    0,    0,    0,    0,    0,    0,    0,    0,    0,    0,    0,    0,    0,    0,    0,    0,    0,    0,    0,    0,    0,    0,    0,    0,    0,    0,    0,    0,    0,    0,    0,    0,    0,    0,    0,    0,    0,    0,    0,    0,    0,    0,    0,    0,    0,    0,    0,    0,    0,    0,    0,    0,    0,    0,    0,    0,    0,    0,    0,    0,    2,    9,    0,
       0,    7,  -12,  -12,   13,    0,  -32,  -12,  -38,   -5,   11,  -12,  -26,    0,  -10,  -10,  -35,   -4,  -10,    0,   13,    0,   15,   13,   13,   16,    6,    0,   16,   15,  -16,    0,  -22,  -22,    0,    0,    0,    0,   -9,  -15,    0,   -8,    0,    0,    0,    0,   -5,   -7,    0,  -16,    0,  -59,    0,  -16,    8,    0,   20,  -24,   18,   14,   13,    0,   -7,   -8,    0,    0,    0,    0,    0,    0,    0,    0,    0,    0,    0,    0,    0,    0,    0,    0,    0,    0,    0,    0,    0,    0,    0,    0,    0,    0,    0,    0,    0,    0,    0,    0,    0,    0,    0,    0,    0,    0,    0,    0,    0,    0,    0,    0,    0,    0,    0,    0,    0,    0,    0,    0,    0,    0,    0,    0,    0,    0,    0,    0,    0,    0,    0,    0,    0,    0,    0,    0,    0,    0,    0,    0,    0,    0,    0,    0,    0,    0,    0,    0,    0,    0,    0,    0,    0,    0,    0,    0,   11,   15,  -25,
       0,    8,   -8,   -4,   11,    0,  -18,    0,  -25,    0,   10,   -4,  -16,    0,   -4,   -4,  -19,    0,   -4,    0,   11,    0,   13,   11,   11,   14,    4,    0,   16,   13,  -11,    0,  -13,  -13,    0,    0,    0,    0,   -6,   -6,    0,   -6,    5,    5,    4,    5,    0,   -4,    0,   -6,    0,  -21,    0,  -11,    0,    0,   18,  -14,   16,    0,    0,    0,    0,    0,    0,    0,    0,    0,    0,    0,    0,    0,    0,    0,    0,    0,    0,    0,    0,    0,    0,    0,    0,    0,    0,    0,    0,    0,    0,    0,    0,    0,    0,    0,    0,    0,    0,    0,    0,    0,    0,    0,    0,    0,    0,    0,    0,    0,    0,    0,    0,    0,    0,    0,    0,    0,    0,    0,    0,    0,    0,    0,    0,    0,    0,    0,    0,    0,    0,    0,    0,    0,    0,    0,    0,    0,    0,    0,    0,    0,    0,    0,    0,    0,    0,    0,    0,    0,    0,    0,    0,    0,   11,   16,  -10,
       0,    0,   -8,   -8,   10,  -10,   10,  -13,    9,    7,    8,   -6,   14,    0,  -15,  -15,   10,    0,  -15,    7,   10,    0,   12,   10,   14,   13,   10,    0,   12,   12,  -12,    0,  -12,  -12,    0,    0,    0,    0,    0,    4,    0,  -10,  -10,  -10,   10,  -10,    6,   -5,    0,  -15,    0,   14,    0,  -12,    0,    0,   16,   -8,   16,    8,    4,    0,    0,   -6,    0,    0,    0,    0,    0,    0,    0,    0,    0,    0,    0,    0,    0,    0,    0,    0,    0,    0,    0,    0,    0,    0,    0,    0,    0,    0,    0,    0,    0,    0,    0,    0,    0,    0,    0,    0,    0,    0,    0,    0,    0,    0,    0,    0,    0,    0,    0,    0,    0,    0,    0,    0,    0,    0,    0,    0,    0,    0,    0,    0,    0,    0,    0,    0,    0,    0,    0,    0,    0,    0,    0,    0,    0,    0,    0,    0,    0,    0,    0,    0,    0,    0,    0,    0,    0,    0,    0,    0,    4,    6,   14,
       4,    0,  -20,  -16,   14,   -4,  -38,  -27,  -40,  -15,   12,  -24,  -40,    0,  -18,  -18,  -34,   -6,  -18,   -4,   14,    0,   16,   14,   14,   16,    7,    0,   16,   16,  -29,    0,  -35,  -35,    0,    0,    0,    0,  -15,  -28,    0,  -14,   -4,    0,   -8,   -4,  -14,   -6,    0,  -32,  -10,  -58,    0,  -50,    0,    0,   21,  -36,   18,   16,    7,    0,  -12,  -13,    0,    0,    0,    0,    0,    0,    0,    0,    0,    0,    0,    0,    0,    0,    0,    0,    0,    0,    0,    0,    0,    0,    0,    0,    0,    0,    0,    0,    0,    0,    0,    0,    0,    0,    0,    0,    0,    0,    0,    0,    0,    0,    0,    0,    0,    0,    0,    0,    0,    0,    0,    0,    0,    0,    0,    0,    0,    0,    0,    0,    0,    0,    0,    0,    0,    0,    0,    0,    0,    0,    0,    0,    0,    0,    0,    0,    0,    0,    0,    0,    0,    0,    0,    0,    0,    0,    0,    0,   10,   12,  -26,
       0,    0,   -4,    0,    6,    0,   11,   -8,    0,    6,    6,   -4,   10,    0,   -5,   -5,   10,    0,   -5,    5,    6,    0,    8,    6,   10,    9,    5,    0,    8,    8,    4,    0,   -4,   -4,    0,    0,    0,    0,    0,    0,    0,    0,    0,    0,   10,    0,    4,    0,    0,  -12,    6,   10,    0,    4,    0,    4,   14,    0,   13,    4,    0,    0,    0,    0,    0,    0,    0,    0,    0,    0,    0,    0,    0,    0,    0,    0,    0,    0,    0,    0,    0,    0,    0,    0,    0,    0,    0,    0,    0,    0,    0,    0,    0,    0,    0,    0,    0,    0,    0,    0,    0,    0,    0,    0,    0,    0,    0,    0,    0,    0,    0,    0,    0,    0,    0,    0,    0,    0,    0,    0,    0,    0,    0,    0,    0,    0,    0,    0,    0,    0,    0,    0,    0,    0,    0,    0,    0,    0,    0,    0,    0,    0,    0,    0,    0,    0,    0,    0,    0,    0,    0,    0,    8,   12,   17,
       0,    0,    0,    0,    0,    0,    0,    0,    0,    0,    0,    0,  -11,    0,   -8,   -8,  -11,    0,   -8,    0,   12,    0,   14,   12,   12,   15,    6,    0,    0,   36,  -14,    0,  -14,  -14,    0,    0,    4,   38,  -14,  -13,    0,  -14,  -12,  -12,  -12,   12,  -12,    0,    0,    0,    0,  -11,    0,  -14,    4,    4,    4,  -16,    4,    4,    4,    0,    0,    0,    0,    0,    0,   12,  -12,   -6,  -11,  -11,    8,  -11,    8,   10,    0,    0,   -8,  -15,   12,    0,    0,  -13,  -14,   -8,  -10,   -9,    8,  -13,   -9,  -10,   -9,  -11,  -14,    0,  -13,  -10,   12,  -15,  -12,  -14,   -4,  -10,  -10,   -9,  -11,    8,  -11,  -13,    4,    4,   38,    8,   -7,   -6,  -15,  -14,   11,   -9,    0,    0,   -9,    0,  -11,    0,  -11,    0,    5,    0,    0,    0,    0,    0,    0,    0,    0,    0,    0,    0,    0,    0,    0,    0,    0,    0,    0,    0,    0,    0,    0,    0,    0,    0,    0,
       0,    0,    0,    0,    0,    0,    0,    0,    0,    0,    0,    0,    8,  -12,  -16,  -16,    4,  -12,  -16,    0,  -36,  -16,  -44,  -28,    8,  -44,    4,    0,    0,    0,  -10,    0,  -10,  -10,    0,    0,    0,   56,    0,    0,   -4,   -8,  -12,   -8,    0,   24,    0,    0,    0,    0,    0,    8,    0,  -10,    0,    0,    0,   -8,    0,    0,    0,    0,    0,    0,    0,    0,    0,    0,    0,    0,    0,    0,    0,    0,    0,    0,    0,    0,    0,    0,    0,    0,    0,    0,    0,    0,    0,    0,    0,    0,    0,    0,    0,    0,    0,    0,    0,    0,    0,    0,    0,    0,    0,    0,    0,    0,    0,    0,    0,    0,    0,    0,    0,    0,    0,    0,    0,    0,    0,    0,    0,    0,    0,    0,    0,    0,    0,    0,    0,    0,    0,    0,    0,    0,    0,    0,    0,    0,    0,    0,    0,    0,    0,    0,    0,    0,    0,    0,    0,    0,    0,    0,    0,    0,    0,
       0,    0,    0,    0,    0,    0,    0,    0,    0,    0,    0,    0,    0,    0,    0,    0,    0,    0,    0,    0,    0,    0,    0,    0,    0,    0,    0,    0,    0,    0,    0,    0,    0,    0,    0,    0,    0,   13,    0,    0,    0,    0,    0,    0,    0,    0,    0,    0,    0,    0,    0,    0,    0,    0,    0,    0,    0,    0,    0,    0,    0,    0,    0,    0,    0,    0,    0,    0,   -4,   -4,    0,    0,    0,    0,    0,    0,    0,    0,   -4,   -6,    0,    0,   -5,   -5,    0,    0,    0,    0,    0,    0,    0,    0,    0,    0,    0,    0,    0,    0,    0,   -6,    0,    0,    0,    0,    0,    0,    0,    0,    0,    0,    0,    0,   13,    0,    0,    0,   -7,   -6,    0,    0,    0,    0,    0,    0,    0,   -4,    0,    0,   -4,    0,    0,    0,    0,    0,    0,    0,    0,    0,    0,    0,    0,    0,    0,    0,    0,    0,    0,    0,    0,    0,    0,    0,    0,    0,    0,
       0,   -6,    0,    0,   -8,  -12,    0,    0,    0,    0,  -13,    0,    0,    0,    0,    0,    0,    0,    0,    0,    0,    0,    0,    0,    0,    0,    0,    0,  -16,  -14,    0,    0,    0,    0,    0,    0,    0,    0,    0,    0,    0,    0,   -5,   -4,    0,   -5,    0,    0,   -7,    0,    0,    0,    0,    0,    0,    0,    0,    0,    0,    0,    0,    0,    0,    0,    0,    0,    0,    0,    0,    0,    0,    0,    0,    0,    0,    0,    0,    0,    0,    0,    0,    0,    0,    0,    0,    0,    0,    0,    0,    0,    0,    0,    0,    0,    0,    0,    0,    0,    0,    0,    0,    0,    0,    0,    0,    0,    0,    0,    0,    0,    0,    0,    0,    0,    0,    0,    0,    0,    0,    0,    0,    0,    0,    0,    0,    0,    0,    0,    0,    0,    0,    0,    0,    0,    0,    0,    0,    0,    0,    0,    0,    0,    0,    0,    0,    0,    0,    0,    0,    0,    0,    0,   -9,   -9,    5,
       0,   -8,    0,    0,  -10,  -12,  -12,    5,  -11,    0,  -11,    0,    0,    0,    0,    0,    0,    0,    0,    0,    0,    0,    0,    0,    0,    0,    0,    0,  -20,  -14,    0,    0,    0,    0,    0,    0,    0,    0,    0,    0,    0,    0,   -6,   -5,   -7,   -6,   -4,    0,   -8,    4,    0,    0,    0,    0,    0,    0,    0,    0,    0,    0,    0,    0,    0,    0,    0,    0,    0,    0,    0,    0,    0,    0,    0,    0,    0,    0,    0,    0,    0,    0,    0,    0,    0,    0,    0,    0,    0,    0,    0,    0,    0,    0,    0,    0,    0,    0,    0,    0,    0,    0,    0,    0,    0,    0,    0,    0,    0,    0,    0,    0,    0,    0,    0,    0,    0,    0,    0,    0,    0,    0,    0,    0,    0,    0,    0,    0,    0,    0,    0,    0,    0,    0,    0,    0,    0,    0,    0,    0,    0,    0,    0,    0,    0,    0,    0,    0,    0,    0,    0,    0,    0,    0,  -10,  -10,    0,
       0,    0,    0,    0,    0,    0,    7,   -4,    0,    4,   -5,   -4,    0,    0,    0,    0,    0,    0,    0,    0,    0,    0,    0,    0,    0,    0,    0,    0,    0,  -14,  -10,    0,  -10,  -10,    0,    0,    0,    0,    0,    0,    0,    0,    3,    4,    5,    3,    0,    0,    0,   -6,    0,    0,    0,  -10,    0,    0,    0,  -12,    0,    0,    0,    0,    0,    0,    0,    0,    0,    0,    0,    0,    0,    0,    0,    0,    0,    0,    0,    0,    0,    0,    0,    0,    0,    0,    0,    0,    0,    0,    0,    0,    0,    0,    0,    0,    0,    0,    0,    0,    0,    0,    0,    0,    0,    0,    0,    0,    0,    0,    0,    0,    0,    0,    0,    0,    0,    0,    0,    0,    0,    0,    0,    0,    0,    0,    0,    0,    0,    0,    0,    0,    0,    0,    0,    0,    0,    0,    0,    0,    0,    0,    0,    0,    0,    0,    0,    0,    0,    0,    0,    0,    0,    0,    4,   10,   10,
       0,    0,    0,    0,   -8,  -10,    0,    9,    0,    0,  -15,    0,    0,    0,    0,    0,    0,    0,    0,    0,    0,    0,    0,    0,    0,    0,    0,    0,  -24,  -14,    0,    0,    0,    0,    0,    0,    0,    0,    0,    0,    0,    0,   -6,   -4,    0,   -6,    0,    0,    0,    0,    0,    0,    0,    0,    0,    0,    0,    0,    0,    0,    0,    0,    0,    0,    0,    0,    0,    0,    0,    0,    0,    0,    0,    0,    0,    0,    0,    0,    0,    0,    0,    0,    0,    0,    0,    0,    0,    0,    0,    0,    0,    0,    0,    0,    0,    0,    0,    0,    0,    0,    0,    0,    0,    0,    0,    0,    0,    0,    0,    0,    0,    0,    0,    0,    0,    0,    0,    0,    0,    0,    0,    0,    0,    0,    0,    0,    0,    0,    0,    0,    0,    0,    0,    0,    0,    0,    0,    0,    0,    0,    0,    0,    0,    0,    0,    0,    0,    0,    0,    0,    0,    0,    5,    6,    4,
       0,    0,    0,    0,   21,    9,  -24,    0,  -25,    7,   11,    0,    0,    0,    0,    0,    0,    0,    0,    0,    0,    0,    0,    0,    0,    0,    0,    0,   32,   21,   -3,    0,   -3,   -3,    0,    0,    5,    4,    0,    0,    0,    0,   11,   11,    8,   11,    0,    0,   12,   -4,    7,    0,    0,   -3,   13,    5,   26,   -8,   23,   21,   22,    0,    0,    0,    0,    0,    0,    0,    0,    0,    0,    0,    0,    0,    0,    0,    0,    0,    0,    0,    0,    0,    0,    0,    0,    0,    0,    0,    0,    0,    0,    0,    0,    0,    0,    0,    0,    0,    0,    0,    0,    0,    0,    0,    0,    0,    0,    0,    0,    0,    0,    0,    0,    0,    0,    0,    0,    0,    0,    0,    0,    0,    0,    0,    0,    0,    0,    0,    0,    0,    0,    0,    0,    0,    0,    0,    0,    0,    0,    0,    0,    0,    0,    0,    0,    0,    0,    0,    0,    0,    0,    0,   15,   22,  -23,
       0,    0,    0,    0,   -5,  -10,    0,    0,    0,    0,   -9,    0,    0,    0,    0,    0,    0,    0,    0,    0,    0,    0,    0,    0,    0,    0,    0,    0,  -12,  -14,    0,    0,    0,    0,    0,    0,    0,   10,    0,    0,    0,    0,   -6,   -4,    0,   -6,    0,    0,    0,    0,    0,    0,    0,    0,    0,    0,    0,    0,    0,    0,    0,    0,    0,    0,    0,    0,    0,    0,    0,    0,    0,    0,    0,    0,    0,    0,    0,    0,    0,    0,    0,    0,    0,    0,    0,    0,    0,    0,    0,    0,    0,    0,    0,    0,    0,    0,    0,    0,    0,    0,    0,    0,    0,    0,    0,    0,    0,    0,    0,    0,    0,    0,    0,    0,    0,    0,    0,    0,    0,    0,    0,    0,    0,    0,    0,    0,    0,    0,    0,    0,    0,    0,    0,    0,    0,    0,    0,    0,    0,    0,    0,    0,    0,    0,    0,    0,    0,    0,    0,    0,    0,    0,  -10,   -6,    4,
       0,   -8,    0,    0,   -8,  -10,    0,    0,    0,    0,  -15,    0,    0,    0,    0,    0,    0,    0,    0,    0,    0,    0,    0,    0,    0,    0,    0,    0,  -24,  -14,    0,    0,    0,    0,    0,    0,    0,    0,    0,    0,    0,    0,   -6,   -4,    0,   -6,    0,    0,   -7,    0,    0,    0,    0,    0,    0,    0,    0,    0,    0,    0,    0,    0,    0,    0,    0,    0,    0,    0,    0,    0,    0,    0,    0,    0,    0,    0,    0,    0,    0,    0,    0,    0,    0,    0,    0,    0,    0,    0,    0,    0,    0,    0,    0,    0,    0,    0,    0,    0,    0,    0,    0,    0,    0,    0,    0,    0,    0,    0,    0,    0,    0,    0,    0,    0,    0,    0,    0,    0,    0,    0,    0,    0,    0,    0,    0,    0,    0,    0,    0,    0,    0,    0,    0,    0,    0,    0,    0,    0,    0,    0,    0,    0,    0,    0,    0,    0,    0,    0,    0,    0,    0,    0,  -10,   -6,    5,
       0,    0,    0,    0,    4,  -10,    0,    0,    0,    0,  -15,    0,    0,    0,    0,    0,    0,    0,    0,    0,    0,    0,    0,    0,    0,    0,    0,    0,  -24,  -14,    0,    0,    0,    0,    0,    0,    0,    0,    0,    0,    0,    0,   -6,   -4,    0,   -6,    0,    0,    0,    0,    0,    0,    0,    0,    0,    0,    0,    0,    0,    0,    0,    0,    0,    0,    0,    0,    0,    0,    0,    0,    0,    0,    0,    0,    0,    0,    0,    0,    0,    0,    0,    0,    0,    0,    0,    0,    0,    0,    0,    0,    0,    0,    0,    0,    0,    0,    0,    0,    0,    0,    0,    0,    0,    0,    0,    0,    0,    0,    0,    0,    0,    0,    0,    0,    0,    0,    0,    0,    0,    0,    0,    0,    0,    0,    0,    0,    0,    0,    0,    0,    0,    0,    0,    0,    0,    0,    0,    0,    0,    0,    0,    0,    0,    0,    0,    0,    0,    0,    0,    0,    0,    0,  -10,   -6,    4,
       0,    0,    0,    0,    5,  -10,    0,    0,    0,    0,  -15,    0,    0,    0,    0,    0,    0,    0,    0,    0,    0,    0,    0,    0,    0,    0,    0,    0,  -24,    4,    0,    0,    0,    0,    0,    0,    0,   12,    0,    0,    0,    0,   -6,   -4,    0,   -6,    0,    0,    0,    0,    0,    0,    0,    0,    0,    0,    0,    0,    0,    0,    0,    0,    0,    0,    0,    0,    0,    0,    0,    0,    0,    0,    0,    0,    0,    0,    0,    0,    0,    0,    0,    0,    0,    0,    0,    0,    0,    0,    0,    0,    0,    0,    0,    0,    0,    0,    0,    0,    0,    0,    0,    0,    0,    0,    0,    0,    0,    0,    0,    0,    0,    0,    0,    0,    0,    0,    0,    0,    0,    0,    0,    0,    0,    0,    0,    0,    0,    0,    0,    0,    0,    0,    0,    0,    0,    0,    0,    0,    0,    0,    0,    0,    0,    0,    0,    0,    0,    0,    0,    0,    0,    0,  -10,   -6,    4,
       0,    0,   -8,   -5,    0,    5,    5,  -18,    8,    4,    0,   -9,    0,    0,    0,    0,    0,    0,    0,    0,    0,    0,    0,    0,    0,    0,    0,    0,    0,  -10,   -4,    0,  -14,  -14,    0,    0,    0,    0,    0,    0,   -3,   -4,    8,    8,    8,    8,    6,   -6,    0,  -14,    0,    0,    0,   -4,    0,    0,    0,  -13,    0,    0,    0,    0,    0,    0,    0,    0,    0,    0,    0,    0,    0,    0,    0,    0,    0,    0,    0,    0,    0,    0,    0,    0,    0,    0,    0,    0,    0,    0,    0,    0,    0,    0,    0,    0,    0,    0,    0,    0,    0,    0,    0,    0,    0,    0,    0,    0,    0,    0,    0,    0,    0,    0,    0,    0,    0,    0,    0,    0,    0,    0,    0,    0,    0,    0,    0,    0,    0,    0,    0,    0,    0,    0,    0,    0,    0,    0,    0,    0,    0,    0,    0,    0,    0,    0,    0,    0,    0,    0,    0,    0,    0,    0,    5,   10,    9,
       0,    0,    0,    0,   -8,  -10,   10,    0,    0,    8,   -6,    0,    0,    0,    0,    0,    0,    0,    0,    0,    0,    0,    0,    0,    0,    0,    0,    0,  -24,  -14,    6,    0,    0,    0,    0,    0,    0,    0,    0,    0,    0,    0,   -4,   -4,    8,   -4,    6,    0,    0,   -6,    8,    0,    0,    6,    0,    0,    0,    0,    0,    0,    0,    0,    0,    0,    0,    0,    0,    0,    0,    0,    0,    0,    0,    0,    0,    0,    0,    0,    0,    0,    0,    0,    0,    0,    0,    0,    0,    0,    0,    0,    0,    0,    0,    0,    0,    0,    0,    0,    0,    0,    0,    0,    0,    0,    0,    0,    0,    0,    0,    0,    0,    0,    0,    0,    0,    0,    0,    0,    0,    0,    0,    0,    0,    0,    0,    0,    0,    0,    0,    0,    0,    0,    0,    0,    0,    0,    0,    0,    0,    0,    0,    0,    0,    0,    0,    0,    0,    0,    0,    0,    0,    0,  -10,  -10,   12,
       0,   -7,    0,    0,   -8,  -10,    0,    0,    0,    0,  -15,    0,    0,    0,    0,    0,    0,    0,    0,    0,    0,    0,    0,    0,    0,    0,    0,    0,  -24,  -14,    0,    0,    0,    0,    0,    0,    0,    0,    0,    0,    0,    0,   -6,   -4,    0,   -6,    0,    0,   -7,    0,    0,    0,    0,    0,    0,    0,    0,    0,    0,    0,    0,    0,    0,    0,    0,    0,    0,    0,    0,    0,    0,    0,    0,    0,    0,    0,    0,    0,    0,    0,    0,    0,    0,    0,    0,    0,    0,    0,    0,    0,    0,    0,    0,    0,    0,    0,    0,    0,    0,    0,    0,    0,    0,    0,    0,    0,    0,    0,    0,    0,    0,    0,    0,    0,    0,    0,    0,    0,    0,    0,    0,    0,    0,    0,    0,    0,    0,    0,    0,    0,    0,    0,    0,    0,    0,    0,    0,    0,    0,    0,    0,    0,    0,    0,    0,    0,    0,    0,    0,    0,    0,    0,  -10,   -6,    5,
       0,   -7,    0,    0,  -10,  -12,  -12,    5,  -11,    0,  -11,    0,    0,    0,    0,    0,    0,    0,    0,    0,    0,    0,    0,    0,    0,    0,    0,    0,  -20,  -14,    0,    0,    0,    0,    0,    0,    0,    0,    0,    0,    0,    0,   -6,   -5,   -7,   -6,   -4,    0,   -9,    4,    0,    0,    0,    0,    0,    0,    0,    0,    0,    0,    0,    0,    0,    0,    0,    0,    0,    0,    0,    0,    0,    0,    0,    0,    0,    0,    0,    0,    0,    0,    0,    0,    0,    0,    0,    0,    0,    0,    0,    0,    0,    0,    0,    0,    0,    0,    0,    0,    0,    0,    0,    0,    0,    0,    0,    0,    0,    0,    0,    0,    0,    0,    0,    0,    0,    0,    0,    0,    0,    0,    0,    0,    0,    0,    0,    0,    0,    0,    0,    0,    0,    0,    0,    0,    0,    0,    0,    0,    0,    0,    0,    0,    0,    0,    0,    0,    0,    0,    0,    0,    0,    0,  -10,  -10,    0,
       0,    0,    0,    0,   -8,  -10,    0,    0,    8,    0,   -9,    0,    0,    0,    0,    0,    0,    0,    0,    0,    0,    0,    0,    0,    0,    0,    0,    0,  -12,  -14,    0,    0,    0,    0,    0,    0,    0,   17,    0,    0,    0,    0,   -6,   -4,    0,   -6,    0,    0,    0,    0,    0,    0,    0,    0,    0,    0,    0,    0,    0,    0,    0,    0,    0,    0,    0,    0,    0,    0,    0,    0,    0,    0,    0,    0,    0,    0,    0,    0,    0,    0,    0,    0,    0,    0,    0,    0,    0,    0,    0,    0,    0,    0,    0,    0,    0,    0,    0,    0,    0,    0,    0,    0,    0,    0,    0,    0,    0,    0,    0,    0,    0,    0,    0,    0,    0,    0,    0,    0,    0,    0,    0,    0,    0,    0,    0,    0,    0,    0,    0,    0,    0,    0,    0,    0,    0,    0,    0,    0,    0,    0,    0,    0,    0,    0,    0,    0,    0,    0,    0,    0,    0,    0,  -10,   -6,    4,
       0,    0,   -8,    0,    0,    7,  -24,    0,  -22,    7,    4,    0,    0,    0,    0,    0,    0,    0,    0,    0,    0,    0,    0,    0,    0,    0,    0,    0,    4,   -4,   -4,    0,   -4,   -4,    0,    0,    0,    0,    0,    0,    0,    0,   12,   12,    8,   12,    4,    0,    0,   -6,    8,    0,    0,   -4,    0,    0,    0,   -6,    0,    0,    0,    0,    0,    0,    0,    0,    0,    0,    0,    0,    0,    0,    0,    0,    0,    0,    0,    0,    0,    0,    0,    0,    0,    0,    0,    0,    0,    0,    0,    0,    0,    0,    0,    0,    0,    0,    0,    0,    0,    0,    0,    0,    0,    0,    0,    0,    0,    0,    0,    0,    0,    0,    0,    0,    0,    0,    0,    0,    0,    0,    0,    0,    0,    0,    0,    0,    0,    0,    0,    0,    0,    0,    0,    0,    0,    0,    0,    0,    0,    0,    0,    0,    0,    0,    0,    0,    0,    0,    0,    0,    0,    0,   11,   19,  -22,
       0,    0,    0,    0,   -5,   -4,    0,    0,   -4,    0,  -14,    0,    0,    0,    0,    0,    0,    0,    0,    0,    0,    0,    0,    0,    0,    0,    0,    0,  -12,  -14,    0,    0,    0,    0,    0,    0,    0,    0,    0,    0,    0,    0,    0,    0,    0,    0,   -3,    0,   -7,    0,    0,    0,    0,    0,    0,    0,    0,    0,    0,    0,    0,    0,    0,    0,    0,    0,    0,    0,    0,    0,    0,    0,    0,    0,    0,    0,    0,    0,    0,    0,    0,    0,    0,    0,    0,    0,    0,    0,    0,    0,    0,    0,    0,    0,    0,    0,    0,    0,    0,    0,    0,    0,    0,    0,    0,    0,    0,    0,    0,    0,    0,    0,    0,    0,    0,    0,    0,    0,    0,    0,    0,    0,    0,    0,    0,    0,    0,    0,    0,    0,    0,    0,    0,    0,    0,    0,    0,    0,    0,    0,    0,    0,    0,    0,    0,    0,    0,    0,    0,    0,    0,    0,    0,    0,    6,
       0,    0,    0,    0,    0,    0,    7,   -4,    0,    4,   -6,    0,    0,    0,    0,    0,    0,    0,    0,    0,    0,    0,    0,    0,    0,    0,    0,    0,   -8,  -13,   -8,    0,   -8,   -8,    0,    0,    0,    0,    0,    0,    0,    0,    4,    4,    7,    4,    0,    0,    0,   -8,    0,    0,    0,   -8,    0,    0,    0,   -4,    0,    0,    0,    0,    0,    0,    0,    0,    0,    0,    0,    0,    0,    0,    0,    0,    0,    0,    0,    0,    0,    0,    0,    0,    0,    0,    0,    0,    0,    0,    0,    0,    0,    0,    0,    0,    0,    0,    0,    0,    0,    0,    0,    0,    0,    0,    0,    0,    0,    0,    0,    0,    0,    0,    0,    0,    0,    0,    0,    0,    0,    0,    0,    0,    0,    0,    0,    0,    0,    0,    0,    0,    0,    0,    0,    0,    0,    0,    0,    0,    0,    0,    0,    0,    0,    0,    0,    0,    0,    0,    0,    0,    0,    0,    6,    0,    9,
       0,    0,    0,    0,   -8,  -10,    0,    0,    0,    0,   -9,    0,    0,    0,    0,    0,    0,    0,    0,    0,    0,    0,    0,    0,    0,    0,    0,    0,  -24,  -12,    0,    0,    0,    0,    0,    0,    0,    0,    0,    0,    0,    0,   -6,   -4,    0,   -6,    0,    0,    0,    0,    0,    0,    0,    0,    0,    0,    0,    0,    0,    0,    0,    0,    0,    0,    0,    0,    0,    0,    0,    0,    0,    0,    0,    0,    0,    0,    0,    0,    0,    0,    0,    0,    0,    0,    0,    0,    0,    0,    0,    0,    0,    0,    0,    0,    0,    0,    0,    0,    0,    0,    0,    0,    0,    0,    0,    0,    0,    0,    0,    0,    0,    0,    0,    0,    0,    0,    0,    0,    0,    0,    0,    0,    0,    0,    0,    0,    0,    0,    0,    0,    0,    0,    0,    0,    0,    0,    0,    0,    0,    0,    0,    0,    0,    0,    0,    0,    0,    0,    0,    0,    0,    0,  -10,   -6,    4,
       0,    0,   -4,    0,    0,    6,  -22,    0,  -16,    6,    0,    0,    0,    0,    0,    0,    0,    0,    0,    0,    0,    0,    0,    0,    0,    0,    0,    0,    0,  -12,   -4,    0,   -6,   -6,    0,    0,    0,    0,    0,    0,    0,    0,    8,    8,   10,    8,    5,    0,    0,    0,    7,    0,    0,   -4,    0,    0,    0,   -8,    0,    0,    0,    0,    0,    0,    0,    0,    0,    0,    0,    0,    0,    0,    0,    0,    0,    0,    0,    0,    0,    0,    0,    0,    0,    0,    0,    0,    0,    0,    0,    0,    0,    0,    0,    0,    0,    0,    0,    0,    0,    0,    0,    0,    0,    0,    0,    0,    0,    0,    0,    0,    0,    0,    0,    0,    0,    0,    0,    0,    0,    0,    0,    0,    0,    0,    0,    0,    0,    0,    0,    0,    0,    0,    0,    0,    0,    0,    0,    0,    0,    0,    0,    0,    0,    0,    0,    0,    0,    0,    0,    0,    0,    0,    8,   16,  -16,
       0,    0,   -4,    0,    0,    7,  -21,    3,  -14,    6,    0,    0,    0,    0,    0,    0,    0,    0,    0,    0,    0,    0,    0,    0,    0,    0,    0,    0,    0,  -11,   -4,    0,   -5,   -5,    0,    0,    0,    0,    0,    0,    0,    0,    8,    8,    8,    8,    6,    0,    0,    0,    8,    0,    0,   -4,    0,    0,    0,   -6,    0,    0,    0,    0,    0,    0,    0,    0,    0,    0,    0,    0,    0,    0,    0,    0,    0,    0,    0,    0,    0,    0,    0,    0,    0,    0,    0,    0,    0,    0,    0,    0,    0,    0,    0,    0,    0,    0,    0,    0,    0,    0,    0,    0,    0,    0,    0,    0,    0,    0,    0,    0,    0,    0,    0,    0,    0,    0,    0,    0,    0,    0,    0,    0,    0,    0,    0,    0,    0,    0,    0,    0,    0,    0,    0,    0,    0,    0,    0,    0,    0,    0,    0,    0,    0,    0,    0,    0,    0,    0,    0,    0,    0,    0,   10,   16,  -11,
       0,    0,   -8,   -5,    0,    5,    8,   -8,    8,    6,    0,   -4,    0,    0,    0,    0,    0,    0,    0,    0,    0,    0,    0,    0,    0,    0,    0,    0,    0,  -12,  -10,    0,  -10,  -10,    0,    0,    0,    0,    0,    0,    0,    0,   10,    8,   13,   10,    8,   -5,    0,  -11,    0,    0,    0,  -10,    0,    0,    0,   -9,    0,    0,    0,    0,    0,    0,    0,    0,    0,    0,    0,    0,    0,    0,    0,    0,    0,    0,    0,    0,    0,    0,    0,    0,    0,    0,    0,    0,    0,    0,    0,    0,    0,    0,    0,    0,    0,    0,    0,    0,    0,    0,    0,    0,    0,    0,    0,    0,    0,    0,    0,    0,    0,    0,    0,    0,    0,    0,    0,    0,    0,    0,    0,    0,    0,    0,    0,    0,    0,    0,    0,    0,    0,    0,    0,    0,    0,    0,    0,    0,    0,    0,    0,    0,    0,    0,    0,    0,    0,    0,    0,    0,    0,    0,    6,   11,    8,
       0,    0,   -4,    0,    0,    6,  -22,    0,  -16,    6,    0,    0,    0,    0,    0,    0,    0,    0,    0,    0,    0,    0,    0,    0,    0,    0,    0,    0,    0,  -12,   -4,    0,   -6,   -6,    0,    0,    0,    0,    0,    0,    0,    0,    8,    8,   10,    8,    5,    0,    0,    0,    7,    0,    0,   -4,    0,    0,    0,   -8,    0,    0,    0,    0,    0,    0,    0,    0,    0,    0,    0,    0,    0,    0,    0,    0,    0,    0,    0,    0,    0,    0,    0,    0,    0,    0,    0,    0,    0,    0,    0,    0,    0,    0,    0,    0,    0,    0,    0,    0,    0,    0,    0,    0,    0,    0,    0,    0,    0,    0,    0,    0,    0,    0,    0,    0,    0,    0,    0,    0,    0,    0,    0,    0,    0,    0,    0,    0,    0,    0,    0,    0,    0,    0,    0,    0,    0,    0,    0,    0,    0,    0,    0,    0,    0,    0,    0,    0,    0,    0,    0,    0,    0,    0,    8,   13,  -16,
       0,    0,    0,    0,    0,    0,   10,    0,    4,    4,   -4,    0,    0,    0,    0,    0,    0,    0,    0,    0,    0,    0,    0,    0,    0,    0,    0,    0,    0,  -11,   -6,    0,   -6,   -6,    0,    0,    0,    0,    0,    0,    0,    0,    8,    8,    9,    8,    0,    0,   -5,   -6,    4,    0,    0,   -6,    0,    0,    0,    0,    0,    0,    0,    0,    0,    0,    0,    0,    0,    0,    0,    0,    0,    0,    0,    0,    0,    0,    0,    0,    0,    0,    0,    0,    0,    0,    0,    0,    0,    0,    0,    0,    0,    0,    0,    0,    0,    0,    0,    0,    0,    0,    0,    0,    0,    0,    0,    0,    0,    0,    0,    0,    0,    0,    0,    0,    0,    0,    0,    0,    0,    0,    0,    0,    0,    0,    0,    0,    0,    0,    0,    0,    0,    0,    0,    0,    0,    0,    0,    0,    0,    0,    0,    0,    0,    0,    0,    0,    0,    0,    0,    0,    0,    0,    6,   10,   11,
       0,    0,    0,    0,    0,    0,    0,    0,    0,    0,    0,    0,    0,    0,   -5,   -6,    0,    0,   -6,    0,    0,    0,    0,    0,    0,    0,    0,    0,    0,    0,    0,    0,    0,    0,    0,    0,    0,    0,    0,    0,    0,    0,    0,    0,    0,    0,    0,    0,   36,    0,    0,    0,    0,    0,    0,    0,    0,    0,    0,    0,    0,    0,    0,    0,    0,    0,    0,    8,   -9,   -6,    0,   -6,    8,    0,    8,   10,    0,    0,   -9,  -11,    8,    0,    0,   -8,   -7,   -6,   -6,   -6,    8,   -8,    0,   -6,    0,   -7,   -8,    0,   -8,   -6,   11,  -11,    0,  -10,   -4,   -6,   -7,   -6,   -7,    8,   -7,   -6,    0,    0,   26,    8,    0,    0,  -12,  -11,   11,    0,    0,    0,    0,    0,   -7,    0,   -7,    0,    5,    0,    0,    0,    0,    0,    0,    0,    0,    0,    0,    0,    0,    0,    0,    0,    0,    0,    0,    0,    0,    0,    0,    0,    0,    0,    0,
       0,    0,    0,    0,    0,    0,    0,    0,    0,    0,    0,    0,    0,    0,    0,    0,   -5,    0,    0,    0,   -7,    0,   -7,    0,   -5,   -6,    0,    0,    0,    0,    0,    0,    0,    0,    0,    0,    0,    0,    0,    0,    0,    0,    0,    0,    0,    0,    0,    0,    0,    0,    0,   -5,    0,    0,    0,    0,    0,    0,    0,    0,    0,    0,    0,    0,    0,    0,    0,   -7,    0,   -6,   -5,   -7,   -8,   -4,   -6,   -5,   -7,    0,    0,    0,   -5,    0,   -8,   -6,    0,    0,    0,    0,   -4,    0,   -5,    0,   -5,    0,    0,    0,    0,    0,    0,    0,    0,    0,    0,    0,    0,    0,    0,    0,    0,    0,    0,    0,    0,    0,    0,    0,    0,    0,   -6,    0,    0,    0,    5,    0,    0,    0,    0,   -9,   -6,    0,    0,    0,    0,    0,    0,    0,    0,    0,    0,    0,    0,    0,    0,    0,    0,    0,    0,    0,    0,    0,    0,    0,    0,    0,    0,
       0,    0,    0,    0,    0,    0,    0,    0,    0,    0,    0,    0,    0,    0,    0,    0,    0,    0,    0,    0,  -25,    0,  -13,   -4,    0,  -20,    0,    0,    0,    0,    0,    0,    0,    0,    0,    0,    0,    0,    0,    0,    0,    0,    0,    0,    0,    0,    0,    0,    0,    0,    0,    0,    0,    0,    0,    0,    0,    0,    0,    0,    0,    0,    0,    0,    0,    0,    0,    0,    0,    0,    0,    0,    0,    0,    0,    0,    0,    0,    0,    0,    0,    0,    0,    0,    0,    0,    0,    0,    0,    0,    0,    0,    0,    0,    0,    0,    0,    0,    0,    0,    0,    0,    0,    0,    0,    0,    0,    0,    0,    0,    0,    0,    0,    0,    0,    0,    0,    0,    0,    0,    0,    0,    0,    0,    0,    0,    0,    0,    0,    0,    0,    0,    0,    0,    0,    0,    0,    0,    0,    0,    0,    0,    0,    0,    0,    0,    0,    0,    0,    0,    0,    0,    0,    0,    0,
       0,    0,    0,    0,    0,    0,    0,    0,    0,    0,    0,    0,    4,    0,    0,    0,    7,    0,    0,    0,  -27,    0,   -4,    0,    0,  -11,    5,    0,    0,    0,    0,    0,    0,    0,    0,    0,    0,    0,    0,    0,    0,    0,    7,    7,    0,    7,    3,    0,    0,    0,    0,    0,    0,    0,    0,    0,    0,    0,    0,    0,    0,    0,    0,    0,    0,    0,    0,  -27,    0,    0,    7,    0,    0,    4,    0,    0,    0,    0,    0,    0,    0,    0,    0,    0,    0,    0,    0,    0,    0,    0,    0,    0,    6,    0,    0,    0,    0,    0,    0,    0,    0,    0,    0,    0,    0,    0,    0,    0,    0,    0,    0,    0,    0,    0,    6,    6,    0,    0,   -8,    4,    0,    6,    4,    0,    0,    0,    0,    0,    0,    0,    0,    0,    0,    0,    0,    0,    0,    0,    0,    0,    0,    0,    0,    0,    0,    0,    0,    0,    0,    0,    0,    0,    0,    0,    0,
       0,    0,    0,    0,    0,    0,    0,    0,    0,    0,    0,    0,   -6,    0,    4,    4,  -12,    0,    4,   -8,  -30,    0,  -16,   -8,  -15,  -32,  -10,    0,    0,    0,    4,    0,    4,    4,    0,    0,    0,    0,    0,    0,    0,    0,    0,    0,  -11,    0,   -7,    0,    0,    0,    0,  -18,    0,    4,    0,    0,    0,    4,    0,    0,    0,    0,    0,    0,    0,    0,    0,  -30,    0,   -8,  -12,   -7,  -13,   -6,   -6,  -18,  -10,    0,    4,    0,  -15,    0,  -12,  -10,    0,    0,    0,    0,   -7,    0,  -11,    0,   -6,    0,    4,    0,    0,    0,    0,    0,  -11,    0,    0,    0,   -5,    0,    0,    0,    0,    0,    0,    0,    0,    0,    0,    0,    0,    0,  -26,    0,    0,    0,    0,   -9,    0,    0,    0,  -12,  -10,    0,    0,    0,    0,    0,    0,    0,    0,    0,    0,    0,    0,    0,    0,    0,    0,    0,    0,    0,    0,    0,    0,    0,    0,    0,    0,
       0,    0,    0,    0,    0,    0,    0,    0,    0,    0,    0,    0,  -17,  -12,  -16,  -16,  -22,   -8,  -16,  -14,  -42,  -13,  -25,  -17,  -25,  -31,  -20,    0,    0,    0,  -16,  -13,  -16,  -16,  -13,  -13,  -13,   28,  -13,  -15,  -14,  -15,   -9,   -9,  -12,    6,  -13,    0,    0,    0,    0,  -29,  -13,  -16,  -13,  -13,  -13,  -17,  -13,  -13,  -13,  -12,    0,    0,    0,    0,    0,    0,    0,    0,    0,    0,    0,    0,    0,    0,    0,    0,    0,    0,    0,    0,    0,    0,    0,    0,    0,    0,    0,    0,    0,    0,    0,    0,    0,    0,    0,    0,    0,    0,    0,    0,    0,    0,    0,    0,    0,    0,    0,    0,    0,    0,    0,    0,    0,    0,    0,    0,    0,    0,    0,    0,    0,    0,    0,    0,    0,    0,    0,    0,    0,    0,    0,    0,    0,    0,    0,    0,    0,    0,    0,    0,    0,    0,    0,    0,    0,    0,    0,    0,    0,    0,    0,    0,    0,
       0,    0,    0,    0,  -10,    0,  -22,    6,  -24,    5,  -11,    0,  -11,    0,    0,    0,  -16,    0,    0,    0,   -8,    0,   -9,   -4,  -14,  -15,   -9,    0,   -8,  -14,   -3,    0,    0,    0,    0,    0,    0,    0,    0,    0,    0,    0,    0,    0,    0,    0,    0,    0,   -8,    6,    0,  -21,    0,   -3,    0,    0,    0,    0,    0,    0,    0,    0,    0,    0,   -8,   -8,    0,    0,    0,    0,    0,    0,    0,    0,    0,    0,    0,    0,    0,    0,    0,    0,    0,    0,    0,    0,    0,    0,    0,    0,    0,    0,    0,    0,    0,    0,    0,    0,    0,    0,    0,    0,    0,    0,    0,    0,    0,    0,    0,    0,    0,    0,    0,    0,    0,    0,    0,    0,    0,    0,    0,    0,    0,    0,    0,    0,    0,    0,    0,    0,    0,    0,    0,    0,    0,    0,    0,    0,    0,    0,    0,    0,    0,    0,    0,    0,    0,    0,    0,    0,    0,    0,    0,    0,    0,
       0,  -15,    0,    0,  -10,  -30,    0,    3,    0,    0,  -18,    0,    0,    0,    0,    0,    0,    0,    0,    0,    0,    0,    0,    0,    0,    0,    0,   -4,  -20,   -9,    0,    0,    0,    0,    0,    0,    0,    0,    0,    0,    0,    0,  -14,  -12,   -4,  -14,    0,    0,   -9,    0,    0,    0,    0,    0,    0,    0,    0,    0,    0,    0,    0,    0,    0,    0,    0,    0,  -10,    0,    0,    0,    0,    0,    0,    0,    0,    0,    0,    0,    0,    0,    0,    0,    0,    0,    0,    0,    0,    0,    0,    0,    0,    0,    0,    0,    0,    0,    0,    0,    0,    0,    0,    0,    0,    0,    0,    0,    0,    0,    0,    0,    0,    0,    0,    0,    0,    0,    0,    0,    0,    0,    0,    0,    0,    0,    0,    0,    0,    0,    0,    0,    0,    0,    0,    0,    0,    0,    0,    0,    0,    0,    0,    0,    0,    0,    0,    0,    0,    0,    0,    0,    0,    0,  -25,  -23,    0,
       0,    0,    0,    0,    6,    0,  -12,    5,  -10,    0,    8,    0,    0,    0,    0,    0,    0,    0,    0,    0,    0,    0,    0,    0,    0,    0,    0,    0,    8,    9,    0,    0,    0,    0,    0,    0,    0,    0,    0,    0,    0,    0,    0,    0,    0,    0,    0,    0,    4,    5,    0,    0,    0,    0,    0,    0,    0,    0,    0,    0,    0,    0,    0,    0,    0,    0,    0,    0,    0,    0,    0,    0,    0,    0,    0,    0,    0,    0,    0,    0,    0,    0,    0,    0,    0,    0,    0,    0,    0,    0,    0,    0,    0,    0,    0,    0,    0,    0,    0,    0,    0,    0,    0,    0,    0,    0,    0,    0,    0,    0,    0,    0,    0,    0,    0,    0,    0,    0,    0,    0,    0,    0,    0,    0,    0,    0,    0,    0,    0,    0,    0,    0,    0,    0,    0,    0,    0,    0,    0,    0,    0,    0,    0,    0,    0,    0,    0,    0,    0,    0,    0,    0,    5,    8,    0,
       0,  -10,    0,    0,   -8,   -6,    0,    0,   -8,    0,  -10,    0,    0,    0,    0,    0,    0,    0,    0,    0,    0,    0,    0,    0,    0,    0,    0,    0,    0,  -12,    0,    0,    0,    0,    0,    0,    0,    0,    0,    0,    0,    0,   -4,    0,   -5,   -4,    0,    0,   -8,    0,    0,    0,    0,    0,    0,    0,    0,    0,    0,    0,    0,    0,    0,    0,    0,    0,    0,    0,    0,    0,    0,    0,    0,    0,    0,    0,    0,    0,    0,    0,    0,    0,    0,    0,    0,    0,    0,    0,    0,    0,    0,    0,    0,    0,    0,    0,    0,    0,    0,    0,    0,    0,    0,    0,    0,    0,    0,    0,    0,    0,    0,    0,    0,    0,    0,    0,    0,    0,    0,    0,    0,    0,    0,    0,    0,    0,    0,    0,    0,    0,    0,    0,    0,    0,    0,    0,    0,    0,    0,    0,    0,    0,    0,    0,    0,    0,    0,    0,    0,    0,    0,    0,   -8,   -6,    0,
       0,   10,    0,    0,   24,    0,  -10,   -8,    0,    0,   14,    0,    0,    0,    0,    0,    0,    0,    0,    0,    0,    0,    0,    0,    0,    0,    0,    0,   36,   28,   -8,    7,  -16,  -16,    0,   11,    7,    7,   -8,  -12,    3,   -6,   13,   13,   12,   16,   10,    0,   28,    0,    0,    0,    0,   -4,   26,   36,   54,    0,   48,   42,   45,    0,    0,    0,    0,    0,    0,    0,    0,    0,    0,    0,    0,    0,    0,    0,    0,    0,    0,    0,    0,    0,    0,    0,    0,    0,    0,    0,    0,    0,    0,    0,    0,    0,    0,    0,    0,    0,    0,    0,    0,    0,    0,    0,    0,    0,    0,    0,    0,    0,    0,    0,    0,    0,    0,    0,    0,    0,    0,    0,    0,    0,    0,    0,    0,    0,    0,    0,    0,    0,    0,    0,    0,    0,    0,    0,    0,    0,    0,    0,    0,    0,    0,    0,    0,    0,    0,    0,    0,    0,    0,    0,    8,   10,    0,
       0,    0,    0,    0,    0,    0,    0,    0,    0,    0,    0,    0,    0,    0,    0,    0,    0,    0,    0,    0,    0,    0,    0,    0,    0,    0,    0,    0,    0,    0,    0,    0,    0,    0,    0,    0,    0,    7,    0,    0,    0,    0,    0,    0,    0,    0,    0,    0,    0,    0,    0,    0,    0,    0,    0,    0,    0,    0,    0,    0,    0,    0,    0,    0,    0,    0,    0,    0,    0,    0,    0,    0,    0,    0,    0,    0,    0,    0,    0,    0,    0,    0,    0,    0,    0,    0,    0,    0,    0,    0,    0,    0,    0,    0,    0,    0,    0,    0,    0,    0,    0,    0,    0,    0,    0,    0,    0,    0,    0,    0,    0,    0,    0,    0,    0,    0,    0,    0,    0,    0,    0,    0,    0,    0,    0,    0,    0,    0,    0,    0,    0,    0,    0,    0,    0,    0,    0,    0,    0,    0,    0,    0,    0,    0,    0,    0,    0,    0,    0,    0,    0,    0,    0,    0,    0,
       0,  -10,    0,    0,    0,   -6,    0,    0,    0,    0,   -7,    0,    0,    0,    0,    0,    0,    0,    0,    0,    0,    0,    0,    0,    0,    0,    0,    0,    0,    0,    0,    0,    0,    0,    0,    0,    0,    0,    0,    0,    0,    0,    0,    0,    0,    0,    0,    0,    0,    0,    0,    0,    0,    0,    0,    0,    0,    0,    0,    0,    0,    0,    0,    0,    0,    0,    0,    0,    0,    0,    0,    0,    0,    0,    0,    0,    0,    0,    0,    0,    0,    0,    0,    0,    0,    0,    0,    0,    0,    0,    0,    0,    0,    0,    0,    0,    0,    0,    0,    0,    0,    0,    0,    0,    0,    0,    0,    0,    0,    0,    0,    0,    0,    0,    0,    0,    0,    0,    0,    0,    0,    0,    0,    0,    0,    0,    0,    0,    0,    0,    0,    0,    0,    0,    0,    0,    0,    0,    0,    0,    0,    0,    0,    0,    0,    0,    0,    0,    0,    0,    0,    0,   -8,   -8,    0,
       0,    0,    0,    0,    0,    0,    0,    0,    0,    0,    0,    0,   -8,    0,    0,    0,   -7,    0,    0,    0,    0,    0,    0,    0,    0,    0,    0,    0,    0,    0,    0,    0,    0,    0,    0,    0,    0,    0,    0,    0,    0,    0,    0,    0,    0,    0,    0,    0,    0,    0,    0,  -14,    0,    0,    0,    0,    0,    0,    0,    0,    0,    0,    0,    0,    0,    0,    0,    0,    0,    0,    0,    0,    0,    0,    0,    0,    0,    0,    0,    0,    0,    0,    0,    0,    0,    0,    0,    0,    0,    0,    0,    0,    0,    0,    0,    0,    0,    0,    0,    0,    0,    0,    0,    0,    0,    0,    0,    0,    0,    0,    0,    0,    0,    0,    0,    0,    0,    0,    0,    0,    0,    0,    0,    0,    0,    0,    0,    0,    0,    0,    0,    0,    0,    0,    0,    0,    0,    0,    0,    0,    0,    0,    0,    0,    0,    0,    0,    0,    0,    0,    0,    0,    0,    0,    0,
       0,    0,    0,    0,    0,    0,    0,    0,    0,    0,    0,    0,    0,    0,    0,    0,    0,    0,    0,    0,    0,    0,    0,    0,    0,    0,    0,    0,    0,    0,    0,    0,    0,    0,    0,    0,    0,    0,    0,    0,    0,    0,   -8,   -7,   -7,   -8,    0,    0,    0,    0,    0,    0,    0,    0,    0,    0,    0,    0,    0,    0,    0,    0,    0,    0,    0,    0,   -9,    0,    0,    0,    0,    0,    0,    0,    0,    0,    0,    0,    0,    0,    0,    0,    0,    0,    0,    0,    0,    0,    0,    0,    0,    0,    0,    0,    0,    0,    0,    0,    0,    0,    0,    0,    0,    0,    0,    0,    0,    0,    0,    0,    0,    0,    0,    0,    0,    0,    0,    0,    0,    0,    0,    0,    0,    0,    0,    0,    0,    0,    0,    0,    0,    0,    0,    0,    0,    0,    0,    0,    0,    0,    0,    0,    0,    0,    0,    0,    0,    0,    0,    0,    0,    0,    0,    0,    0,
       0,    0,    0,    0,    0,    0,    0,    0,    0,    0,    0,    0,    0,    0,    0,    0,    0,    0,    0,    0,    0,    0,    0,    0,    0,    0,    0,    0,    0,    0,    0,    0,    0,    0,    0,    0,    0,   13,    0,    0,    0,    0,    0,    0,    0,    0,    0,    0,    0,    0,    0,    0,    0,    0,    0,    0,    0,    0,    0,    0,    0,    0,    0,    0,    0,    0,    0,    0,    0,    0,    0,    0,    0,    0,    0,    0,    0,    0,    0,    0,    0,    0,    0,    0,    0,    0,    0,    0,    0,    0,    0,    0,    0,    0,    0,    0,    0,    0,    0,    0,    0,    0,    0,    0,    0,    0,    0,    0,    0,    0,    0,    0,    0,    0,    0,    0,    0,    0,    0,    0,    0,    0,    0,    0,    0,    0,    0,    0,    0,    0,    0,    0,    0,    0,    0,    0,    0,    0,    0,    0,    0,    0,    0,    0,    0,    0,    0,    0,    0,    0,    0,    0,    0,    0,    0,
       0,    0,    0,    0,    0,    0,    0,    0,    0,    0,    0,    0,  -13,    0,    0,    0,  -18,    0,    0,    0,    0,    0,    0,    0,  -10,   -5,    0,    0,    0,    0,   -6,    0,    0,    0,    0,    0,    0,    0,    0,    0,    0,    0,    0,    0,    0,    0,    0,    0,    0,    0,    0,  -23,    0,   -6,    0,    0,    0,    0,    0,    0,    0,    0,    0,    0,    0,    0,    0,    0,    0,    0,    0,    0,    0,    0,    0,    0,    0,    0,    0,    0,    0,    0,    0,    0,    0,    0,    0,    0,    0,    0,    0,    0,    0,    0,    0,    0,    0,    0,    0,    0,    0,    0,    0,    0,    0,    0,    0,    0,    0,    0,    0,    0,    0,    0,    0,    0,    0,    0,    0,    0,    0,    0,    0,    0,    0,    0,    0,    0,    0,    0,    0,    0,    0,    0,    0,    0,    0,    0,    0,    0,    0,    0,    0,    0,    0,    0,    0,    0,    0,    0,    0,    0,    0,    0,    0,
       0,    0,    0,    0,    0,    0,    0,    0,    0,    0,    0,    0,    0,    0,    0,    0,    0,    0,    0,    0,    0,    0,   -7,    0,    0,   -9,    0,    0,    0,    0,    0,    0,    0,    0,    0,    0,    0,    0,    0,    0,    0,    0,    0,    0,    0,    0,    0,    0,    0,    0,    0,    0,    0,    0,    0,    0,    0,    0,    0,    0,    0,   -4,    0,    0,    0,    0,    0,    0,    0,    0,    0,    0,    0,    0,    0,    0,    0,    0,    0,    0,    0,    0,    0,    0,    0,    0,    0,    0,    0,    0,    0,    0,    0,    0,    0,    0,    0,    0,    0,    0,    0,    0,    0,    0,    0,    0,    0,    0,    0,    0,    0,    0,    0,    0,    0,    0,    0,    0,    0,    0,    0,    0,    0,    0,    0,    0,    0,    0,    0,    0,    0,    0,    0,    0,    0,    0,    0,    0,    0,    0,    0,    0,    0,    0,    0,    0,    0,    0,    0,    0,    0,    0,    0,    0,    0,
       0,    0,    0,    0,    0,    0,    0,    0,    0,    0,    0,    0,    0,    0,    0,    0,    0,    0,    0,    0,    0,    0,    0,    0,    0,    0,    0,    0,    0,    0,    0,    0,    0,    0,    0,    0,    0,    0,    0,    0,    0,    0,    0,    0,    0,    0,    0,    0,    0,    0,    0,    0,    0,    0,    0,    0,    0,    0,    0,    0,    0,    0,    0,    0,    0,    0,    0,    0,    0,    0,   10,    0,    0,    0,    0,    5,    0,    0,   -7,   -7,    8,    0,    0,    0,    0,    0,    0,    0,    0,    0,    0,    0,    0,    0,   -5,    0,    0,    0,    0,    0,    8,   -5,    0,    0,    0,    0,    0,    0,    0,    0,    0,    0,    0,    0,    0,    0,    0,    0,    0,    0,    0,    0,    0,   11,    0,    0,    0,    0,  -10,    0,    0,    0,    0,    0,    0,    0,    0,    0,    0,    0,    0,    0,    0,    0,    0,    0,    0,    0,    0,    0,    0,    0,    0,    0,    0,
       0,   -6,    0,    0,   -4,  -11,    0,    9,   -7,    0,   -6,    0,    0,    0,    0,    0,    0,    0,    0,    0,    0,    0,    0,    0,    0,    0,    0,   -4,    0,    0,    0,    0,    0,    0,    0,    0,    0,    0,    0,    0,    0,    0,    0,    0,    0,    0,    0,    0,    0,    0,    0,    0,    0,    0,    0,    0,    0,    0,    0,    0,    0,    0,    0,    0,    0,    0,    0,   -6,    0,   -6,    0,    0,   -4,    0,    0,    0,    0,    0,    0,    0,   -6,   -6,   -5,   -9,    0,    0,    0,    0,    0,    0,   -7,    0,    0,    0,    0,    0,    0,   -6,   -6,    0,   -6,    0,    0,   -6,    0,    0,    0,    0,    0,    0,    0,    0,    0,    0,   -6,    0,    0,    0,    0,   -6,    0,   -5,    0,    0,    0,    0,    0,    0,  -14,    0,    0,    0,    0,    0,    0,    0,    0,    0,    0,    0,    0,    0,    0,    0,    0,    0,    0,    0,    0,    0,    0,    0,    0,    0,    0,
       0,    0,    0,   -7,   10,    0,  -32,  -22,  -39,  -24,   10,  -14,    0,    0,    0,    0,    0,    0,    0,    0,    0,    0,    0,    0,    0,    0,    0,   -5,    0,   12,    0,    0,    0,    0,    0,    0,    0,    0,    0,    0,    0,    0,    0,    0,    0,    0,    0,  -11,    0,  -30,  -26,    0,    0,    0,    0,    0,    0,    0,    0,    0,    0,    0,    0,    0,    0,    0,    0,   10,   -7,    0,  -33,  -31,    0,  -33,  -29,    0,    0,   -4,   -9,  -10,   10,    0,    0,   -6,  -30,   -4,  -20,  -20,  -25,  -24,    0,   -4,  -26,  -26,  -30,  -20,  -25,    0,    0,  -28,  -30,  -20,  -20,    0,  -26,  -20,  -21,    0,  -22,  -29,    0,   15,    0,    0,    0,    0,   -7,  -25,    5,    0,    0,    0,  -34,  -43,  -30,   -6,  -24,    0,  -19,    0,    0,    0,    0,    0,    0,    0,    0,    0,    0,    0,    0,    0,    0,    0,    0,    0,    0,    0,    0,    0,    0,    0,   11,    8,    0,
       0,    0,    0,   -5,    6,   -4,    9,   -4,    5,    8,    6,    0,    0,    0,    0,    0,    0,    0,    0,    0,    0,    0,    0,    0,    0,    0,    0,    0,    0,   10,    0,    0,    0,    0,    0,    0,    0,    0,    0,    0,    0,    0,    0,    0,    0,    0,    0,   -6,    6,  -10,    6,    0,    0,    0,    0,    0,    0,    0,    0,    0,    0,    0,    0,    0,    0,    0,    0,    8,   -7,    7,   12,    4,    0,   11,    6,    6,    5,    0,  -10,  -11,   10,    0,    0,    0,    4,    0,    0,    0,    6,    0,    5,    0,    6,    0,   -5,    0,    0,    0,    0,    0,   10,    0,    0,    0,    0,    0,    0,    4,    0,    2,    0,    0,    0,    4,    0,    0,   -7,    0,    4,    0,    0,    0,   -8,   11,    0,   -4,    0,    0,   -6,    0,    0,    0,    0,    0,    0,    0,    0,    0,    0,    0,    0,    0,    0,    0,    0,    0,    0,    0,    0,    0,    0,    0,    8,   14,    0,
       0,   -5,    0,   -4,   -3,  -14,    4,   11,   -6,    0,   -4,    0,    0,    0,    0,    0,    0,    0,    0,    0,    0,    0,    0,    0,    0,    0,    0,   -6,    0,    0,    0,    0,    0,    0,    0,    0,    0,    0,    0,    0,    0,    0,    0,    0,    0,    0,    0,    0,    0,    6,    0,    0,    0,    0,    0,    0,    0,    0,    0,    0,    0,    0,    0,    0,    0,    0,    0,   -8,    0,    0,    0,    0,    0,    0,    0,    0,    0,    0,    0,    0,    0,   -4,   -4,   -9,    5,    0,    0,    0,    0,    0,    0,    0,    0,    0,    0,    0,    0,  -11,   -9,    0,   -4,    0,    0,  -10,    0,    0,    0,    0,    0,    0,    0,    0,    0,    0,   -7,    0,    0,    0,    0,   -9,    0,   -7,    0,    0,    0,    0,    0,    0,  -17,    0,    0,    0,    0,    0,    0,    0,    0,    0,    0,    0,    0,    0,    0,    0,    0,    0,    0,    0,    0,    0,    0,    0,   -8,    0,    0,
       0,    0,    0,    0,    0,    0,    0,    0,  -12,    0,    0,    0,    0,    0,    0,    0,    0,    0,    0,    0,    0,    0,    0,    0,    0,    0,    0,    0,    0,    0,    0,    0,    0,    0,    0,    0,    0,    0,    0,    0,    0,    0,    0,    0,    0,    0,    0,    0,    0,    0,    4,    0,    0,    0,    0,    0,    0,    0,    0,    0,    0,    0,    0,    0,    0,    0,    0,    0,    0,    0,   -5,    0,    0,   -8,    0,    0,    0,    0,    0,    0,    0,    0,    0,    0,    0,    0,    0,    0,    0,    0,    0,    0,    0,    0,    0,    0,    0,    0,    0,    0,    0,    0,    0,    0,    0,    0,    0,    0,    0,    0,    0,    0,    0,    0,    0,    0,    0,    0,    0,    0,    0,    0,    0,    0,    0,    0,    0,    0,    0,    0,    0,    0,    0,    0,    0,    0,    0,    0,    0,    0,    0,    0,    0,    0,    0,    0,    0,    0,    0,    0,    0,    0,    6,    6,    0,
       0,  -24,    0,    0,  -13,  -10,    0,    9,   -7,    0,  -14,    0,    0,    0,    0,    0,    0,    0,    0,    0,    0,    0,    0,    0,    0,    0,    0,   -6,    0,  -15,    0,    0,    0,    0,    0,    0,    0,    0,    0,    0,    0,    0,    0,    0,    0,    0,    0,    0,  -11,    0,    0,    0,    0,    0,    0,    0,    0,    0,    0,    0,    0,    0,    0,    0,    0,    0,    0,  -26,    0,   -6,    0,    0,   -4,    0,    0,   -7,    0,    0,    0,    0,   -6,   -4,   -5,  -10,    0,    0,    0,    0,    0,    0,   -8,    0,    0,    0,    0,    0,    0,   -4,   -5,    0,   -6,    0,    0,   -4,    0,    0,    0,    0,    0,    0,    0,    0,    0,    0,   -6,    0,    0,    0,  -29,   -5,    0,    0,    0,    0,    0,    0,    0,    0,  -12,    0,    0,    0,    0,    0,    0,    0,    0,    0,    0,    0,    0,    0,    0,    0,    0,    0,    0,    0,    0,    0,    0,    0,  -24,  -20,    0,
       0,  -16,    0,    0,    0,  -10,    8,    9,    0,    0,   -7,    0,    0,    0,    0,    0,    0,    0,    0,    0,    0,    0,    0,    0,    0,    0,    0,    0,    0,  -12,    0,    0,    0,    0,    0,    0,    0,    0,    0,    0,    0,    0,    0,    0,    0,    0,    0,    0,   -9,    0,    0,    0,    0,    0,    0,    0,    0,    0,    0,    0,    0,    0,    0,    0,    0,    0,    0,  -18,    0,    0,    0,    0,    0,    0,    0,    0,    0,    0,    0,    0,    0,   -5,    0,    0,    0,    0,    0,    0,    0,    0,    0,    0,    0,    0,    0,    0,    0,   -6,    0,    0,    0,    0,    0,    0,    0,    0,    0,    0,    0,    0,    0,    0,    0,    0,   -6,    0,    0,    0,  -14,   -5,    0,   -5,    0,   10,    0,    0,    0,    0,  -12,    0,    0,    0,    0,    0,    0,    0,    0,    0,    0,    0,    0,    0,    0,    0,    0,    0,    0,    0,    0,    0,    0,    0,  -13,  -13,    0,
       0,    0,    0,   -8,   10,  -16,   12,  -20,    9,    4,    0,   -6,    0,    0,    0,    0,    0,    0,    0,    0,    0,    0,    0,    0,    0,    0,    0,    0,    0,   11,    0,    0,    0,    0,    0,    0,    0,    0,    0,    0,    0,    0,    0,    0,    0,    0,    0,   -6,    7,  -20,    0,    0,    0,    0,    0,    0,    0,    0,    0,    0,    0,    0,    0,    0,    0,    0,    0,    9,  -14,    0,    8,    5,    5,   10,    8,   10,    0,    0,  -22,  -21,   14,    0,    0,    0,   -4,   -8,    0,    0,    8,   -8,   10,    0,    7,    0,  -16,    0,   -8,  -16,  -14,  -11,   14,  -20,    0,  -10,    6,    0,    6,    5,   -7,    4,    0,    0,    0,    5,   -7,    0,  -16,   -8,    8,  -16,    0,  -10,  -21,   15,    0,   -7,   -6,    0,  -23,    0,    0,    0,    0,    0,    0,    0,    0,    0,    0,    0,    0,    0,    0,    0,    0,    0,    0,    0,    0,    0,    0,    0,    0,    0,    0,
       0,    4,    0,  -12,   13,    0,  -32,  -12,  -38,   -5,   11,  -12,    0,    0,    0,    0,    0,    0,    0,    0,    0,    0,    0,    0,    0,    0,    0,    0,    0,   15,    0,    0,    0,    0,    0,    0,    0,    0,    0,    0,    0,    0,    0,    0,    0,    0,    0,   -7,   10,  -16,    0,    0,    0,    0,    0,    0,    0,    0,    0,    0,    0,    0,    0,    0,    0,    0,    0,   13,   -8,    0,  -35,  -26,    8,  -26,  -24,   10,    0,   -4,  -10,   -9,   13,    0,    0,   -8,  -16,   -6,   -7,   -7,  -22,  -15,    0,    0,  -23,  -12,  -22,   -7,  -15,    0,    0,  -16,    0,    0,   -7,    0,    0,   -6,  -12,    8,  -13,  -15,    0,   21,    0,    8,    0,    0,   -8,  -15,   11,    0,    0,    0,    0,  -32,   -9,    0,   -8,    0,    0,    0,    0,    0,    0,    0,    0,    0,    0,    0,    0,    0,    0,    0,    0,    0,    0,    0,    0,    0,    0,    0,    0,    0,   11,   15,    0,
       0,  -23,    0,   -7,    0,  -32,   12,    0,   10,    8,  -13,    0,    0,    0,    0,    0,    0,    0,    0,    0,    0,    0,    0,    0,    0,    0,    0,    0,    0,  -10,    0,    0,    0,    0,    0,    0,    0,    0,    0,    0,    0,    0,    0,    0,    0,    0,    0,   -4,    0,   -6,    5,    0,    0,    0,    0,    0,    0,    0,    0,    0,    0,    0,    0,    0,    0,    0,    0,  -33,   -8,    8,   13,    5,    0,   15,    8,   10,    5,    0,  -10,  -11,   15,  -17,    0,    0,    0,    0,    0,    0,    8,    0,   10,    0,    7,    0,   -4,    0,    0,  -11,   -8,    0,   10,  -10,    0,   -8,    6,    0,    6,    0,    0,    4,    0,    0,    0,    0,   -7,    0,   -8,    0,  -28,   -9,    0,  -14,   -7,   15,    0,   -7,    0,    0,  -17,    0,    0,    0,    0,    0,    0,    0,    0,    0,    0,    0,    0,    0,    0,    0,    0,    0,    0,    0,    0,    0,    0,    0,  -30,  -26,    0,
       0,    0,    0,    0,   -5,   -5,    0,    4,  -12,    4,   -8,    0,    0,    0,    0,    0,    0,    0,    0,    0,    0,    0,    0,    0,    0,    0,    0,    0,    0,   -9,    0,    0,    0,    0,    0,    0,    0,    0,    0,    0,    0,    0,    0,    0,    0,    0,    0,    0,   -7,    4,    4,    0,    0,    0,    0,    0,    0,    0,    0,    0,    0,    0,    0,    0,    0,    0,    0,   -7,    0,   -4,    0,    0,    0,   -4,    0,   -5,    0,    0,    0,    0,   -9,    0,   -4,   -7,    0,    0,    0,    0,    0,    0,    0,    0,    0,    0,    0,    0,    0,    0,    0,    0,   -3,    0,    0,    0,    0,    0,    0,    0,    0,    0,    0,    0,    0,    0,    0,    0,    0,    0,   -8,    0,    0,    0,    0,    0,    0,    0,    0,    0,    0,    0,    0,    0,    0,    0,    0,    0,    0,    0,    0,    0,    0,    0,    0,    0,    0,    0,    0,    0,    0,    0,    0,    0,    0,    0,    0,
       0,   -7,    0,    0,    9,  -14,   11,    0,   14,    0,   -5,    0,    0,    0,    0,    0,    0,    0,    0,    0,    0,    0,    0,    0,    0,    0,    0,    0,    0,    8,    0,    0,    0,    0,    0,    0,    0,    0,    0,    0,    0,    0,    0,    0,    0,    0,    0,   -6,    8,   -6,    0,    0,    0,    0,    0,    0,    0,    0,    0,    0,    0,    0,    0,    0,    0,    0,    0,  -11,    0,    0,    8,    6,    0,    8,    6,    8,    5,    0,    0,  -12,    8,  -12,    0,    0,    0,    0,    0,    0,    6,    0,    8,    0,    8,    0,    0,    0,    0,    0,    9,    0,    8,   -8,    0,    0,    0,    0,    0,    0,    0,    0,    0,    0,   24,    0,    0,    0,    0,    0,   -8,    0,    0,   -9,    0,   14,    0,    0,    0,    0,    0,    0,    0,    0,    0,    0,    0,    0,    0,    0,    0,    0,    0,    0,    0,    0,    0,    0,    0,    0,    0,    0,    0,    0,   -5,   -5,    0,
       0,    0,    0,   -8,   10,  -16,   12,  -20,    9,    4,    4,   -6,    0,    0,    0,    0,    0,    0,    0,    0,    0,    0,    0,    0,    0,    0,    0,    0,    0,   11,    0,    0,    0,    0,    0,    0,    0,    0,    0,    0,    0,    0,    0,    0,    0,    0,    0,   -5,    9,  -20,    0,    0,    0,    0,    0,    0,    0,    0,    0,    0,    0,    0,    0,    0,    0,    0,    0,    9,  -14,    0,    8,    5,    7,   10,    8,   10,    0,    0,  -22,  -18,   14,    0,    0,    0,   -4,   -8,    0,    0,    8,   -7,   10,    0,    7,    0,  -16,    0,   -7,  -11,   -9,  -10,   14,  -15,    0,  -10,    0,    0,    0,    7,   -6,    4,    0,    0,    0,    7,   -7,    0,  -14,   -7,   10,  -10,    0,   -5,  -17,   15,    0,   -4,   -6,    0,  -18,    0,    0,    0,    0,    0,    0,    0,    0,    0,    0,    0,    0,    0,    0,    0,    0,    0,    0,    0,    0,    0,    0,    0,    0,    0,    0,
       0,    0,    0,    0,   -5,   -5,    0,    4,  -12,    4,   -8,    0,    0,    0,    0,    0,    0,    0,    0,    0,    0,    0,    0,    0,    0,    0,    0,    0,    0,   -9,    0,    0,    0,    0,    0,    0,    0,    0,    0,    0,    0,    0,    0,    0,    0,    0,    0,    0,   -7,    4,    4,    0,    0,    0,    0,    0,    0,    0,    0,    0,    0,    0,    0,    0,    0,    0,    0,   -7,    0,   -4,    0,    0,    0,   -4,    0,   -4,    0,    0,    0,    0,   -9,    0,    0,   -6,    0,    0,    0,    0,    0,    0,    0,    0,    0,    0,    0,    0,    0,    0,    0,    0,   -3,    0,    0,    0,    0,    0,    0,    0,    0,    0,    0,    0,    0,    0,    0,    0,    0,    0,   -7,    0,    0,    0,    0,    0,    0,    0,    0,    0,    0,    0,    0,    0,    0,    0,    0,    0,    0,    0,    0,    0,    0,    0,    0,    0,    0,    0,    0,    0,    0,    0,    0,    0,    0,    0,    0,
       0,    0,    0,   -4,   -6,   -4,    0,    0,    0,    0,   -6,    0,    0,    0,    0,    0,    0,    0,    0,    0,    0,    0,    0,    0,    0,    0,    0,   -4,    0,   -5,    0,    0,    0,    0,    0,    0,    0,    0,    0,    0,    0,    0,    0,    0,    0,    0,    0,    0,   -5,    0,    0,    0,    0,    0,    0,    0,    0,    0,    0,    0,    0,    0,    0,    0,    0,    0,    0,   -4,    0,    0,    0,    0,    0,    0,    0,    0,    0,    0,    0,    0,    0,    0,    0,    0,    0,    0,    0,    0,    0,    0,    0,    0,    0,    0,    0,    0,    0,    0,    0,   -5,    0,   -5,    0,    0,    0,    0,    0,    0,    0,    0,    0,    0,    0,    0,    0,    0,    0,    0,   -5,    0,    0,    0,    0,    0,    0,    0,    0,    0,    0,    0,    0,    0,    0,    0,    0,    0,    0,    0,    0,    0,    0,    0,    0,    0,    0,    0,    0,    0,    0,    0,    0,    0,   -8,   -6,    0,
       0,    0,    0,    0,   -8,    0,  -16,    8,  -21,    0,   -8,    0,    0,    0,    0,    0,    0,    0,    0,    0,    0,    0,    0,    0,    0,    0,    0,   -4,    0,   -8,    0,    0,    0,    0,    0,    0,    0,    0,    0,    0,    0,    0,    0,    0,    0,    0,    0,    0,  -10,    4,    0,    0,    0,    0,    0,    0,    0,    0,    0,    0,    0,    0,    0,    0,    0,    0,    0,   -9,    0,    0,   -9,    0,  -10,  -10,    0,  -14,   -8,    0,    0,    0,  -15,    0,  -11,   -6,    0,    0,    0,    0,    0,    0,    0,    0,    0,    0,    0,    0,    0,    0,    0,    0,    0,    0,    0,    0,    0,    0,    0,    0,    0,    0,    0,    0,    0,    0,    0,    0,    0,    0,  -12,    0,    0,    0,    0,   -9,    0,    0,    0,  -10,    0,    0,    0,    0,    0,    0,    0,    0,    0,    0,    0,    0,    0,    0,    0,    0,    0,    0,    0,    0,    0,    0,    0,    0,    0,    4,    0,
       0,    0,    0,    0,   -3,    0,  -42,    0,  -32,    5,    0,    0,    0,    0,    0,    0,    0,    0,    0,    0,    0,    0,    0,    0,    0,    0,    0,   -6,    0,   -5,    0,    0,    0,    0,    0,    0,    0,    0,    0,    0,    0,    0,    0,    0,    0,    0,    0,    0,   -4,   -4,    5,    0,    0,    0,    0,    0,    0,    0,    0,    0,    0,    0,    0,    0,    0,    0,    0,    5,    0,    0,  -36,  -24,    0,  -27,  -22,   -6,   -5,    0,    0,    0,   -9,    0,   -4,    0,   -8,    0,    0,    0,  -17,    0,    0,    0,  -17,   -4,   -6,    0,    0,    0,    4,    0,    5,    0,    0,    0,    0,    0,    0,    0,    0,    0,    0,    0,    0,    0,    0,    5,    0,    0,    0,    4,    0,    5,    0,  -24,    0,    0,    0,    0,    0,    0,    0,    0,    0,    0,    0,    0,    0,    0,    0,    0,    0,    0,    0,    0,    0,    0,    0,    0,    0,    0,    0,    0,   12,   12,    0,
       0,    7,    0,   -7,   10,    0,  -32,  -22,  -39,  -24,   10,  -14,    0,    0,    0,    0,    0,    0,    0,    0,    0,    0,    0,    0,    0,    0,    0,    0,    0,   12,    0,    0,    0,    0,    0,    0,    0,    0,    0,    0,    0,    0,    0,    0,    0,    0,    0,   -7,    8,  -30,  -26,    0,    0,    0,    0,    0,    0,    0,    0,    0,    0,    0,    0,    0,    0,    0,    0,   10,    0,    0,  -33,  -26,    6,  -33,  -25,    8,    0,   -4,   -9,   -4,   10,    0,    0,    0,  -30,    0,    0,    0,  -18,  -19,    0,    0,  -19,   -8,  -30,    0,  -20,    0,    0,  -22,  -30,    0,    0,    0,    0,    0,  -14,    6,  -17,  -29,    0,   19,    0,    6,    0,    0,    0,  -19,    9,    0,    0,    7,    0,  -20,   -5,    0,   -6,    0,    0,    0,    0,    0,    0,    0,    0,    0,    0,    0,    0,    0,    0,    0,    0,    0,    0,    0,    0,    0,    0,    0,    0,    0,   11,    8,    0,
       0,   -5,    0,    0,  -13,    0,  -16,    7,  -16,    0,  -10,    0,    0,    0,    0,    0,    0,    0,    0,    0,    0,    0,    0,    0,    0,    0,    0,   -6,    0,  -15,    0,    0,    0,    0,    0,    0,    0,    0,    0,    0,    0,    0,    0,    0,    0,    0,    0,    0,  -10,    0,    0,    0,    0,    0,    0,    0,    0,    0,    0,    0,    0,    0,    0,    0,    0,    0,    0,   -4,    0,    0,  -14,  -13,  -13,  -11,  -12,  -17,  -11,    0,    0,    0,  -16,    0,  -14,   -5,    0,    0,    0,    0,  -10,    0,    0,    0,  -11,   -4,    0,    0,    0,    0,    0,    0,    0,    0,    0,    0,    0,    0,    0,   -4,    0,    0,    0,    0,    0,   -4,    0,    0,    0,    0,  -14,    0,    0,    0,    0,  -14,    0,    0,    0,  -13,    0,    0,    0,    0,    0,    0,    0,    0,    0,    0,    0,    0,    0,    0,    0,    0,    0,    0,    0,    0,    0,    0,    0,    0,    0,    0,    0,
       0,    0,    0,   -8,   10,  -10,   10,  -13,    9,    7,    8,   -6,    0,    0,    0,    0,    0,    0,    0,    0,    0,    0,    0,    0,    0,    0,    0,    0,    0,   12,    0,    0,    0,    0,    0,    0,    0,    0,    0,    0,    0,    0,    0,    0,    0,    0,    0,   -6,    8,  -15,    0,    0,    0,    0,    0,    0,    0,    0,    0,    0,    0,    0,    0,    0,    0,    0,    0,   10,  -11,    7,   10,    5,    6,   14,    8,   10,    4,    0,  -15,  -16,   14,    0,    0,    0,    0,   -7,    0,    0,    8,   -7,   10,    0,    7,    0,  -12,    0,   -7,   -8,   -7,   -9,   10,  -13,    0,   -8,    0,    0,    0,    6,   -6,    4,    0,    0,    0,    6,   -5,    0,  -12,   -7,    8,   -8,    0,    0,  -14,   15,    0,   -5,   -5,    0,  -16,    0,    0,    0,    0,    0,    0,    0,    0,    0,    0,    0,    0,    0,    0,    0,    0,    0,    0,    0,    0,    0,    0,    0,    4,    6,    0,
       0,    0,    0,    0,   -8,    0,  -16,    8,  -21,    0,   -8,    0,    0,    0,    0,    0,    0,    0,    0,    0,    0,    0,    0,    0,    0,    0,    0,   -4,    0,   -8,    0,    0,    0,    0,    0,    0,    0,    0,    0,    0,    0,    0,    0,    0,    0,    0,    0,    0,   -9,    4,    0,    0,    0,    0,    0,    0,    0,    0,    0,    0,    0,    0,    0,    0,    0,    0,    0,   -9,    0,    0,   -9,    0,  -10,  -10,    0,  -14,   -8,    0,    0,    0,  -15,    0,  -10,   -6,    0,    0,    0,    0,    0,    0,    0,    0,    0,    0,    0,    0,    0,    0,    0,    0,    0,    0,    0,    0,    0,    0,    0,    0,    0,    0,    0,    0,    0,    0,    0,    0,    0,    0,  -12,    0,    0,    0,    0,   -8,    0,    0,    0,   -9,    0,    0,    0,    0,    0,    0,    0,    0,    0,    0,    0,    0,    0,    0,    0,    0,    0,    0,    0,    0,    0,    0,    0,    0,    0,    4,    0,
       0,  -10,    0,    0,   -8,  -12,    0,    6,    0,    0,  -13,    0,    0,    0,    0,    0,    0,    0,    0,    0,    0,    0,    0,    0,    0,    0,    0,    0,    0,  -14,    0,    0,    0,    0,    0,    0,    0,    0,    0,    0,    0,    0,    0,    0,    0,    0,    0,    0,   -7,    0,    0,    0,    0,    0,    0,    0,    0,    0,    0,    0,    0,    0,    0,    0,    0,    0,    0,    0,    0,    0,    0,    0,    0,    0,    0,    0,    0,    0,    0,    0,    0,    0,    0,    0,    0,    0,    0,    0,    0,    0,    0,    0,    0,    0,    0,    0,    0,    0,    0,    0,    0,    0,    0,    0,    0,    0,    0,    0,    0,    0,    0,    0,    0,    0,    0,    0,    0,    0,    0,    0,    0,    0,    0,    0,    0,    0,    0,    0,   -6,    0,    0,    0,    0,    0,    0,    0,    0,    0,    0,    0,    0,    0,    0,    0,    0,    0,    0,    0,    0,    0,    0,    0,   -9,   -9,    0,
       0,    0,    0,    0,    0,   -7,    0,   10,   -8,    0,    0,    0,    0,    0,    0,    0,    0,    0,    0,    0,    0,    0,    0,    0,    0,    0,    0,   -4,    0,    0,    0,    0,    0,    0,    0,    0,    0,    0,    0,    0,    0,    0,    0,    0,    0,    0,    0,    0,    0,    0,    0,    0,    0,    0,    0,    0,    0,    0,    0,    0,    0,    0,    0,    0,    0,    0,    0,    0,    0,    0,    0,    0,    0,    0,    0,    0,    0,    0,    0,    0,    0,    0,    0,    0,    0,    0,    0,    0,    0,    0,   -6,    0,    0,    0,    0,    0,    0,    0,    0,    0,   -4,    0,    0,    0,    0,    0,    0,    0,    0,    0,    0,    0,    0,    0,    0,    0,    0,    0,    0,    0,    0,    0,    0,    0,    0,    0,    0,    0,   -6,    0,    0,    0,    0,    0,    0,    0,    0,    0,    0,    0,    0,    0,    0,    0,    0,    0,    0,    0,    0,    0,    0,    0,    0,    0,    0,
       0,   -8,    0,    0,   -7,   -6,    0,    0,    0,    0,   -7,    0,    0,    0,    0,    0,    0,    0,    0,    0,    0,    0,    0,    0,    0,    0,    0,    0,    0,  -11,    0,    0,    0,    0,    0,    0,    0,    0,    0,    0,    0,    0,    0,    0,    0,    0,    0,    0,   -7,    0,    0,    0,    0,    0,    0,    0,    0,    0,    0,    0,    0,    0,    0,    0,    0,    0,    0,    0,    0,    0,    0,    0,    0,    0,    0,    0,    0,    0,    0,    0,    0,    0,    0,    0,    0,    0,    0,    0,    0,    0,    0,    0,    0,    0,    0,    0,    0,    0,    0,    0,    0,    0,    0,    0,    0,    0,    0,    0,    0,    0,    0,    0,    0,    0,    0,    0,    0,    0,    0,    0,    0,    0,    0,    0,    0,    0,    0,    0,   -5,    0,    0,    0,    0,    0,    0,    0,    0,    0,    0,    0,    0,    0,    0,    0,    0,    0,    0,    0,    0,    0,    0,    0,   -6,   -5,    0,
       0,    0,    0,    0,    0,    0,  -23,    0,  -15,    6,    0,    0,    0,    0,    0,    0,    0,    0,    0,    0,    0,    0,    0,    0,    0,    0,    0,    0,    0,   -8,    0,    0,    0,    0,    0,    0,    0,    0,    0,    0,    0,    0,    0,    0,    0,    0,    0,    0,    0,    0,    6,    0,    0,    0,    0,    0,    0,    0,    0,    0,    0,    0,    0,    0,    0,    0,    0,    0,    0,    0,    0,    0,    0,    0,    0,    0,    0,    0,    0,    0,    0,    0,    0,    0,    0,    0,    0,    0,  -12,    0,    8,    0,  -13,    0,    0,    0,    0,    8,   10,    0,    9,    0,    0,    8,    0,    0,    0,    0,    0,    0,    0,    0,    0,    0,   10,   10,    0,    0,    0,   10,    0,    0,   10,    0,    0,    0,    0,    0,    0,    0,    0,    0,    0,    0,    0,    0,    0,    0,    0,    0,    0,    0,    0,    0,    0,    0,    0,    0,    0,    0,    0,    0,    7,    9,    0,
       0,   -8,    0,    0,    9,   -9,   11,    0,   13,    0,   -5,    0,    0,    0,    0,    0,    0,    0,    0,    0,    0,    0,    0,    0,    0,    0,    0,    0,    0,    8,    0,    0,    0,    0,    0,    0,    0,    0,    0,    0,    0,    0,    0,    0,    0,    0,    0,    0,    8,   -4,    0,    0,    0,    0,    0,    0,    0,    0,    0,    0,    0,    0,    0,    0,    0,    0,    0,    0,    0,    0,    0,    0,    0,    0,    0,    0,    0,    0,    0,    0,    0,    0,    0,    0,    0,    0,    0,    0,    6,    0,    8,    0,    8,    0,    0,    0,    0,   -5,    9,    0,    8,   -5,    0,   -4,    4,    0,    0,    0,    0,    0,    0,    0,   24,    0,    0,    0,    0,    0,    0,    0,    0,    0,    0,    0,    0,    0,    0,    0,    0,    0,    0,    0,    0,    0,    0,    0,    0,    0,    0,    0,    0,    0,    0,    0,    0,    0,    0,    0,    0,    0,    0,    0,   -7,   -4,    0,
       0,   -9,    0,    0,   -9,  -12,   -8,    5,   -5,    0,  -10,    0,    0,    0,    0,    0,    0,    0,    0,    0,    0,    0,    0,    0,    0,    0,    0,    0,    0,  -13,    0,    0,    0,    0,    0,    0,    0,    0,    0,    0,    0,    0,    0,    0,    0,    0,    0,    0,   -7,    4,    0,    0,    0,    0,    0,    0,    0,    0,    0,    0,    0,    0,    0,    0,    0,    0,    0,    0,    0,    0,    0,    0,    0,    0,    0,    0,    0,    0,    0,    0,    0,    0,    0,    0,    0,    0,    0,    0,    0,    0,    0,    0,    0,    0,    0,    0,    0,    0,    0,    0,   -6,    0,    0,    0,    0,    0,    0,    0,    0,    0,    0,    0,    0,    0,    0,    0,    0,    0,    0,    0,    0,    0,    0,    0,    0,    0,    0,    0,   -4,    0,    0,    0,    0,    0,    0,    0,    0,    0,    0,    0,    0,    0,    0,    0,    0,    0,    0,    0,    0,    0,    0,    0,   -4,   -7,    0,
       0,    0,    0,   -5,    0,    5,    5,  -18,    8,    4,    0,   -9,    0,    0,    0,    0,    0,    0,    0,    0,    0,    0,    0,    0,    0,    0,    0,    0,    0,  -10,    0,    0,    0,    0,    0,    0,    0,    0,    0,    0,    0,    0,    0,    0,    0,    0,    0,   -5,    0,  -14,    0,    0,    0,    0,    0,    0,    0,    0,    0,    0,    0,    0,    0,    0,    0,    0,    0,    0,    0,    0,    0,    0,    0,    0,    0,    0,    0,    0,    0,    0,    0,    0,    0,    0,   -4,    0,    0,    0,    8,   -6,   10,    5,    7,    0,  -14,    0,   -6,    6,    8,   -7,    8,    0,    0,    6,    6,    0,    6,    0,    0,    0,    0,    0,    0,    0,    8,    4,    0,   -6,    0,    7,    0,    0,    0,    0,    0,    0,    0,    0,    0,    0,    0,    0,    0,    0,    0,    0,    0,    0,    0,    0,    0,    0,    0,    0,    0,    0,    0,    0,    0,    0,    0,    0,    5,   10,    0,
       0,   -5,    0,    0,   -4,    0,    4,    6,    0,    0,   -4,    0,    0,    0,    0,    0,    0,    0,    0,    0,    0,    0,    0,    0,    0,    0,    0,    0,    0,  -10,    0,    0,    0,    0,    0,    0,    0,    0,    0,    0,    0,    0,    0,    0,    0,    0,    0,    0,   -5,    0,    0,    0,    0,    0,    0,    0,    0,    0,    0,    0,    0,    0,    0,    0,    0,    0,    0,    0,    0,    0,    0,    0,    0,    0,    0,    0,    0,    0,    0,    0,    0,    0,    0,    0,    0,    0,    0,    0,    0,    0,    0,    0,    5,    0,    0,    0,    0,    0,    0,    0,    0,    0,    0,    0,    0,    0,    0,    0,    0,    0,    0,    0,    0,    0,    0,    0,    0,    0,    0,    0,    0,    0,    0,    0,    0,    0,    0,    0,    0,    0,    0,    0,    0,    0,    0,    0,    0,    0,    0,    0,    0,    0,    0,    0,    0,    0,    0,    0,    0,    0,    0,    0,    0,    0,    0,
       0,    0,    0,   -5,    0,    5,    5,  -18,    8,    4,    0,   -9,    0,    0,    0,    0,    0,    0,    0,    0,    0,    0,    0,    0,    0,    0,    0,    0,    0,  -10,    0,    0,    0,    0,    0,    0,    0,    0,    0,    0,    0,    0,    0,    0,    0,    0,    0,   -5,    0,  -14,    0,    0,    0,    0,    0,    0,    0,    0,    0,    0,    0,    0,    0,    0,    0,    0,    0,    0,    0,    0,    0,    0,    0,    0,    0,    0,    0,    0,    0,    0,    0,    0,    0,    0,   -4,    0,    0,    0,    8,   -7,   10,    5,    7,    0,  -14,    0,   -7,    8,   10,   -8,    8,    0,    0,    8,    6,    0,    6,    0,   -5,    0,    0,    0,    0,    0,   10,    5,    0,   -7,    0,    8,    0,    0,    0,    0,    0,    0,    0,    0,    0,    0,    0,    0,    0,    0,    0,    0,    0,    0,    0,    0,    0,    0,    0,    0,    0,    0,    0,    0,    0,    0,    0,    0,    5,   10,    0,
       0,    0,    0,    0,   -6,    0,    0,    5,    0,    0,   -6,    0,    0,    0,    0,    0,    0,    0,    0,    0,    0,    0,    0,    0,    0,    0,    0,    0,    0,   -9,    0,    0,    0,    0,    0,    0,    0,    0,    0,    0,    0,    0,    0,    0,    0,    0,    0,    0,   -5,    0,    0,    0,    0,    0,    0,    0,    0,    0,    0,    0,    0,    0,    0,    0,    0,    0,    0,    0,    0,    0,    0,    0,    0,    0,    0,    0,    0,    0,    0,    0,    0,    0,    0,    0,    0,    0,    0,    0,    0,    0,    0,    0,    0,    0,    0,    0,    0,    0,    0,    0,    0,    0,    0,    0,    0,    0,    0,    0,    0,    0,    0,    0,    0,    0,    0,    0,    0,    0,    0,    0,    0,    0,    0,    0,    0,    0,    0,    0,   -6,    0,    0,    0,    0,    0,    0,    0,    0,    0,    0,    0,    0,    0,    0,    0,    0,    0,    0,    0,    0,    0,    0,    0,    0,    0,    0,
       0,   -5,    0,    0,   -5,   -6,    0,    0,    0,    0,   -6,    0,    0,    0,    0,    0,    0,    0,    0,    0,    0,    0,    0,    0,    0,    0,    0,    0,    0,  -11,    0,    0,    0,    0,    0,    0,    0,    0,    0,    0,    0,    0,    0,    0,    0,    0,    0,    0,   -7,    0,    0,    0,    0,    0,    0,    0,    0,    0,    0,    0,    0,    0,    0,    0,    0,    0,    0,    0,    0,    0,    0,    0,    0,    0,    0,    0,    0,    0,    0,    0,    0,    0,    0,    0,    0,    0,    0,    0,    0,    0,    0,    0,    0,    0,    0,    0,    0,    0,    0,    0,    0,    0,    0,    0,    0,    0,    0,    0,    0,    0,    0,    0,    0,    0,    0,    0,    0,    0,    0,    0,    0,    0,    0,    0,    0,    0,    0,    0,   -8,    0,    0,    0,    0,    0,    0,    0,    0,    0,    0,    0,    0,    0,    0,    0,    0,    0,    0,    0,    0,    0,    0,    0,    0,    0,    0,
       0,    0,    0,    0,   -6,    0,    0,    5,    0,    0,   -6,    0,    0,    0,    0,    0,    0,    0,    0,    0,    0,    0,    0,    0,    0,    0,    0,    0,    0,   -9,    0,    0,    0,    0,    0,    0,    0,    0,    0,    0,    0,    0,    0,    0,    0,    0,    0,    0,   -6,    0,    0,    0,    0,    0,    0,    0,    0,    0,    0,    0,    0,    0,    0,    0,    0,    0,    0,    0,    0,    0,    0,    0,    0,    0,    0,    0,    0,    0,    0,    0,    0,    0,    0,    0,    0,    0,    0,    0,    0,    0,    0,    0,    0,    0,    0,    0,    0,    0,    0,    0,    0,    0,    0,    0,    0,    0,    0,    0,    0,    0,    0,    0,    0,    0,    0,    0,    0,    0,    0,    0,    0,    0,    0,    0,    0,    0,    0,    0,   -6,    0,    0,    0,    0,    0,    0,    0,    0,    0,    0,    0,    0,    0,    0,    0,    0,    0,    0,    0,    0,    0,    0,    0,    0,    0,    0,
       0,  -12,    0,    0,  -10,  -12,  -12,    5,  -11,    0,  -11,    0,    0,    0,    0,    0,    0,    0,    0,    0,    0,    0,    0,    0,    0,    0,    0,    0,    0,  -14,    0,    0,    0,    0,    0,    0,    0,    0,    0,    0,    0,    0,    0,    0,    0,    0,    0,    0,   -8,    4,    0,    0,    0,    0,    0,    0,    0,    0,    0,    0,    0,    0,    0,    0,    0,    0,    0,    0,    0,    0,    0,    0,    0,    0,    0,    0,    0,    0,    0,    0,    0,    0,    0,    0,    0,    0,    0,    0,    0,    0,   -6,    0,    0,    0,    0,    0,    0,    0,    0,    0,   -7,    0,    0,    0,    0,    0,    0,    0,    0,    0,    0,    0,    0,    0,    0,    0,    0,    0,    0,    0,    0,    0,    0,    0,    0,    0,    0,    0,   -6,    0,    0,    0,    0,    0,    0,    0,    0,    0,    0,    0,    0,    0,    0,    0,    0,    0,    0,    0,    0,    0,    0,    0,  -10,  -10,    0,
       0,  -12,    0,    0,  -12,   -6,    0,   10,   -8,    0,   -8,    0,    0,    0,    0,    0,    0,    0,    0,    0,    0,    0,    0,    0,    0,    0,    0,   -6,    0,  -14,    0,    0,    0,    0,    0,    0,    0,    0,    0,    0,    0,    0,    0,    0,    0,    0,    0,    0,  -11,    0,    0,    0,    0,    0,    0,    0,    0,    0,    0,    0,    0,    0,    0,    0,    0,    0,    0,    0,    0,    0,    0,    0,    0,    0,    0,    0,    0,    0,    0,    0,    0,    0,    0,    0,    0,    0,    0,    0,    0,    0,   -6,    0,    0,    0,    0,    0,    0,    0,    0,    0,    0,    0,    0,    0,    0,    0,    0,   -4,    0,    0,    0,    0,    0,    0,    0,    0,    0,    0,    0,    0,    0,    0,    0,    0,    0,    0,    0,    0,   -5,    0,    0,    0,    0,    0,    0,    0,    0,    0,    0,    0,    0,    0,    0,    0,    0,    0,    0,    0,    0,    0,    0,    0,   -9,  -10,    0,
       0,    0,    0,    0,    0,    0,    7,   -4,    0,    4,   -5,   -4,    0,    0,    0,    0,    0,    0,    0,    0,    0,    0,    0,    0,    0,    0,    0,    0,    0,  -14,    0,    0,    0,    0,    0,    0,    0,    0,    0,    0,    0,    0,    0,    0,    0,    0,    0,    0,   -7,   -6,    0,    0,    0,    0,    0,    0,    0,    0,    0,    0,    0,    0,    0,    0,    0,    0,    0,    0,    0,    0,    0,    0,    0,    0,    0,    0,    0,    0,    0,    0,    0,    0,    0,    0,    0,    0,    0,    0,    0,    0,    6,    0,    0,    0,  -10,    0,    0,    0,    0,    0,    5,    0,    0,    0,    0,    0,    0,    0,    0,    0,    0,    0,    0,    0,    4,    0,    0,    0,    0,    4,    0,    0,    0,    0,    0,    0,    0,    0,    0,    0,    0,    0,    0,    0,    0,    0,    0,    0,    0,    0,    0,    0,    0,    0,    0,    0,    0,    0,    0,    0,    0,    0,    4,   10,    0,
       0,    0,    0,    0,    0,    0,  -15,    0,  -17,    0,    0,    0,    0,    0,    0,    0,    0,    0,    0,    0,    0,    0,    0,    0,    0,    0,    0,    0,    0,  -10,    0,    0,    0,    0,    0,    0,    0,    0,    0,    0,    0,    0,    0,    0,    0,    0,    0,    0,   -6,    0,    0,    0,    0,    0,    0,    0,    0,    0,    0,    0,    0,    0,    0,    0,    0,    0,    0,    0,    0,    0,    0,    0,    0,    0,    0,    0,    0,    0,    0,    0,    0,    0,    0,    0,    0,    0,    0,    0,  -12,    0,    6,    0,  -11,    0,    0,    0,    0,    6,    8,   -4,    7,    0,    0,    6,    0,    0,    0,    0,    0,    0,    0,    0,    0,    0,    8,    8,    0,    0,    0,    8,    0,    0,    8,    0,    0,    0,    0,    0,    0,    0,    0,    0,    0,    0,    0,    0,    0,    0,    0,    0,    0,    0,    0,    0,    0,    0,    0,    0,    0,    0,    0,    0,    5,    7,    0,
       0,    0,    0,    0,    0,    0,  -12,    0,  -13,    0,    0,    0,    0,    0,    0,    0,    0,    0,    0,    0,    0,    0,    0,    0,    0,    0,    0,    0,    0,   -8,    0,    0,    0,    0,    0,    0,    0,    0,    0,    0,    0,    0,    0,    0,    0,    0,    0,    0,    0,    0,    0,    0,    0,    0,    0,    0,    0,    0,    0,    0,    0,    0,    0,    0,    0,    0,    0,    0,    0,    0,    0,    0,    0,    0,    0,    0,    0,    0,    0,    0,    0,    0,    0,    0,    0,    0,    0,    0,  -10,    0,    8,    0,   -8,    0,    0,    0,    0,    8,   10,   -4,    9,    0,    0,    8,    0,    0,    0,    0,    0,    0,    0,    0,    0,    0,   10,    8,    0,    0,    0,   10,    0,    0,    5,    0,    0,    0,    0,    0,    0,    0,    0,    0,    0,    0,    0,    0,    0,    0,    0,    0,    0,    0,    0,    0,    0,    0,    0,    0,    0,    0,    0,    0,    4,    8,    0,
       0,  -18,    0,    0,  -14,   -7,    0,   10,   -9,    0,  -12,    0,    0,    0,    0,    0,    0,    0,    0,    0,    0,    0,    0,    0,    0,    0,    0,   -6,    0,  -15,    0,    0,    0,    0,    0,    0,    0,    0,    0,    0,    0,    0,    0,    0,    0,    0,    0,    0,  -11,    0,    0,    0,    0,    0,    0,    0,    0,    0,    0,    0,    0,    0,    0,    0,    0,    0,    0,    0,    0,    0,    0,    0,    0,    0,    0,    0,    0,    0,    0,    0,    0,    0,    0,    0,    0,    0,    0,    0,    0,    0,   -8,   -4,    0,    0,    0,    0,    0,   -4,   -4,    0,   -6,   -2,    0,    0,    0,    0,   -3,   -4,    0,    0,    0,    0,    0,   -4,    0,    0,    0,    0,    0,    0,    0,    0,    0,    0,    0,    0,    0,    0,   -7,    0,    0,    0,    0,    0,    0,    0,    0,    0,    0,    0,    0,    0,    0,    0,    0,    0,    0,    0,    0,    0,    0,    0,  -18,  -14,    0,
       0,    0,    0,   -5,    0,    5,    8,   -8,    8,    6,    0,   -4,    0,    0,    0,    0,    0,    0,    0,    0,    0,    0,    0,    0,    0,    0,    0,    0,    0,  -12,    0,    0,    0,    0,    0,    0,    0,    0,    0,    0,    0,    0,    0,    0,    0,    0,    0,   -4,    0,  -11,    0,    0,    0,    0,    0,    0,    0,    0,    0,    0,    0,    0,    0,    0,    0,    0,    0,    0,    0,    0,    0,    0,    0,    0,    0,    0,    0,    0,    0,    0,    0,    0,    0,    0,    0,    0,    0,    0,    8,   -4,   10,    5,    7,    0,  -10,    0,   -4,    6,    8,   -6,   13,    0,    0,    6,    6,    0,    6,    0,    0,    0,    0,    0,    0,    0,    8,    5,    0,   -4,    0,    7,    0,    0,    0,    0,    0,    0,    0,    0,    0,    0,    0,    0,    0,    0,    0,    0,    0,    0,    0,    0,    0,    0,    0,    0,    0,    0,    0,    0,    0,    0,    0,    0,    6,   11,    0,
       0,  -29,    0,    0,   -9,  -21,    0,    4,    0,    0,   -9,    0,    0,    0,    0,    0,    0,    0,    0,    0,    0,    0,    0,    0,    0,    0,    0,   -4,    0,  -13,    0,    0,    0,    0,    0,    0,    0,    0,    0,    0,    0,    0,    0,    0,    0,    0,    0,    0,   -8,    0,    0,    0,    0,    0,    0,    0,    0,    0,    0,    0,    0,    0,    0,    0,    0,    0,    0,    0,    0,    0,    0,    0,    0,    0,    0,    0,    0,    0,    0,    0,    0,    0,    0,    0,    0,    0,    0,    0,    0,    0,    0,    0,    4,    0,    0,    0,    0,  -14,   -9,    0,    0,    0,    0,  -11,    0,    0,    0,    0,    0,    0,    0,    0,    0,    0,  -10,    0,    0,    0,    0,   -9,    0,    0,    0,    0,    0,    0,    0,    0,  -16,    0,    0,    0,    0,    0,    0,    0,    0,    0,    0,    0,    0,    0,    0,    0,    0,    0,    0,    0,    0,    0,    0,    0,  -25,  -28,    0,
       0,  -10,    0,    0,  -10,  -12,  -12,    5,  -11,    0,  -11,    0,    0,    0,    0,    0,    0,    0,    0,    0,    0,    0,    0,    0,    0,    0,    0,    0,    0,  -14,    0,    0,    0,    0,    0,    0,    0,    0,    0,    0,    0,    0,    0,    0,    0,    0,    0,    0,   -7,    4,    0,    0,    0,    0,    0,    0,    0,    0,    0,    0,    0,    0,    0,    0,    0,    0,    0,    0,    0,    0,    0,    0,    0,    0,    0,    0,    0,    0,    0,    0,    0,    0,    0,    0,    0,    0,    0,    0,    0,    0,    0,    0,    0,    0,    0,    0,    0,    0,    0,    0,   -7,    0,    0,    0,    0,    0,    0,    0,    0,    0,    0,    0,    0,    0,    0,    0,    0,    0,    0,    0,    0,    0,    0,    0,    0,    0,    0,    0,    0,    0,    0,    0,    0,    0,    0,    0,    0,    0,    0,    0,    0,    0,    0,    0,    0,    0,    0,    0,    0,    0,    0,    0,  -10,  -10,    0,
       0,  -12,    0,    0,  -10,  -12,  -12,    5,  -11,    0,  -11,    0,    0,    0,    0,    0,    0,    0,    0,    0,    0,    0,    0,    0,    0,    0,    0,    0,    0,  -14,    0,    0,    0,    0,    0,    0,    0,    0,    0,    0,    0,    0,    0,    0,    0,    0,    0,    0,   -8,    4,    0,    0,    0,    0,    0,    0,    0,    0,    0,    0,    0,    0,    0,    0,    0,    0,    0,    0,    0,    0,    0,    0,    0,    0,    0,    0,    0,    0,    0,    0,    0,    0,    0,    0,    0,    0,    0,    0,    0,    0,   -6,    0,    0,    0,    0,    0,    0,    0,    0,    0,   -7,    0,    0,    0,    0,    0,    0,    0,    0,    0,    0,    0,    0,    0,    0,    0,    0,    0,    0,    0,    0,    0,    0,    0,    0,    0,    0,    0,   -5,    0,    0,    0,    0,    0,    0,    0,    0,    0,    0,    0,    0,    0,    0,    0,    0,    0,    0,    0,    0,    0,    0,    0,  -10,  -10,    0,
       0,    0,    0,    0,   -6,    0,    0,    5,    0,    0,   -6,    0,    0,    0,    0,    0,    0,    0,    0,    0,    0,    0,    0,    0,    0,    0,    0,    0,    0,  -10,    0,    0,    0,    0,    0,    0,    0,    0,    0,    0,    0,    0,    0,    0,    0,    0,    0,    0,   -7,    0,    0,    0,    0,    0,    0,    0,    0,    0,    0,    0,    0,    0,    0,    0,    0,    0,    0,    0,    0,    0,    0,    0,    0,    0,    0,    0,    0,    0,    0,    0,    0,    0,    0,    0,    0,    0,    0,    0,    0,    0,    0,    0,    0,    0,    0,    0,    0,    0,    0,    0,    0,    0,    0,    0,    0,    0,    0,    0,    0,    0,    0,    0,    0,    0,    0,    0,    0,    0,    0,    0,    0,    0,    0,    0,    0,    0,    0,    0,   -6,    0,    0,    0,    0,    0,    0,    0,    0,    0,    0,    0,    0,    0,    0,    0,    0,    0,    0,    0,    0,    0,    0,    0,    0,    0,    0,
       0,  -14,    0,   -6,    0,   -9,    0,    6,    0,    0,   -8,    0,    0,    0,    0,    0,    0,    0,    0,    0,    0,    0,    0,    0,    0,    0,    0,    0,    0,    0,    0,    0,    0,    0,    0,    0,    0,    0,    0,    0,    0,    0,    0,    0,    0,    0,    0,    0,    0,    0,    0,    0,    0,    0,    0,    0,    0,    0,    0,    0,    0,    0,    0,    0,    0,    0,    0,    0,    0,    0,    0,    0,    0,    0,    0,    0,    0,    0,    0,    0,    0,    0,    0,    0,    0,    0,    0,    0,    0,    0,    0,    0,    0,    0,    0,    0,    0,    0,    0,    0,    0,    0,    0,    0,    0,    0,    0,   -6,    0,    0,    0,    0,   11,    0,    0,    0,    0,    0,    0,    0,    0,    0,    0,    0,    0,    0,    0,    0,   -4,    0,    0,    0,    0,    0,    0,    0,    0,    0,    0,    0,    0,    0,    0,    0,    0,    0,    0,    0,    0,    0,    0,    0,  -14,  -10,    0,
       0,    0,    0,    0,    0,    0,    6,    0,    0,    0,   -4,    0,    0,    0,    0,    0,    0,    0,    0,    0,    0,    0,    0,    0,    0,    0,    0,    0,    0,  -10,    0,    0,    0,    0,    0,    0,    0,    0,    0,    0,    0,    0,    0,    0,    0,    0,    0,    0,   -7,   -5,    0,    0,    0,    0,    0,    0,    0,    0,    0,    0,    0,    0,    0,    0,    0,    0,    0,    0,    0,    0,    0,    0,    0,    0,    0,    0,    0,    0,    0,    0,    0,    0,    0,    0,    0,    0,    0,    0,    0,    0,    6,    0,    0,    0,    0,    0,    0,    0,    0,   -4,    6,    0,    0,    0,    0,    0,    0,    0,    0,    0,    0,    0,    0,    0,    0,    0,    0,    0,    0,    0,    0,    0,    0,    0,    0,    0,    0,    0,    0,    0,    0,    0,    0,    0,    0,    0,    0,    0,    0,    0,    0,    0,    0,    0,    0,    0,    0,    0,    0,    0,    0,    0,    0,    0,    0,
       0,    0,    0,    0,   -5,   -4,    0,    0,   -4,    0,  -14,    0,    0,    0,    0,    0,    0,    0,    0,    0,    0,    0,    0,    0,    0,    0,    0,    0,    0,  -14,    0,    0,    0,    0,    0,    0,    0,    0,    0,    0,    0,    0,    0,    0,    0,    0,    0,    0,   -7,    0,    0,    0,    0,    0,    0,    0,    0,    0,    0,    0,    0,    0,    0,    0,    0,    0,    0,    0,    0,    0,    0,    0,    0,    0,    0,    0,    0,    0,    0,    0,    0,    0,    0,    0,    0,    0,    0,    0,    0,    0,    0,    0,    0,    0,    0,    0,    0,    0,    0,    0,    0,    0,    0,    0,    0,    0,    0,    0,    0,    0,    0,    0,    0,    0,    0,    0,    0,    0,    0,    0,    0,    0,    0,    0,    0,    0,    0,    0,   -4,    0,    0,    0,    0,    0,    0,    0,    0,    0,    0,    0,    0,    0,    0,    0,    0,    0,    0,    0,    0,    0,    0,    0,    0,    0,    0,
       0,    0,    0,    0,    4,    0,    0,    5,    0,    0,    0,    0,    0,    0,    0,    0,    0,    0,    0,    0,    0,    0,    0,    0,    0,    0,    0,    0,    0,    0,    0,    0,    0,    0,    0,    0,    0,    0,    0,    0,    0,    0,    0,    0,    0,    0,    0,    0,    0,    0,    0,    0,    0,    0,    0,    0,    0,    0,    0,    0,    0,    0,    0,    0,    0,    0,    0,    0,    0,    0,    0,    0,    0,    0,    0,    0,    0,    0,    0,    0,    0,    0,    0,    0,    0,    0,    0,    0,    0,    0,    0,    0,    0,    0,    0,    0,    0,    0,    0,    0,    0,    0,    0,    0,    0,    0,    0,    0,    0,    0,    0,    0,    0,    0,    0,    0,    0,    0,    0,    0,    0,    0,    0,    0,    0,    0,    0,    0,   -6,    0,    0,    0,    0,    0,    0,    0,    0,    0,    0,    0,    0,    0,    0,    0,    0,    0,    0,    0,    0,    0,    0,    0,    0,    0,    0,
       0,    0,    0,   -4,    5,    0,    0,    5,    0,    0,    0,    0,    0,    0,    0,    0,    0,    0,    0,    0,    0,    0,    0,    0,    0,    0,    0,    0,    0,    4,    0,    0,    0,    0,    0,    0,    0,    0,    0,    0,    0,    0,    0,    0,    0,    0,    0,    0,    0,    0,    0,    0,    0,    0,    0,    0,    0,    0,    0,    0,    0,    0,    0,    0,    0,    0,    0,    0,    0,    0,    0,    0,    0,    0,    0,    0,    0,    0,    0,    0,    0,    0,    0,    0,    0,    0,    0,    0,    0,    0,    0,    0,    0,    0,    0,    0,    0,    0,    0,    0,    0,    0,    0,    0,    0,    0,    0,    0,    0,    0,    0,    0,   12,    0,    0,    0,    0,    0,    0,    0,    0,    0,    0,    0,    0,    0,    0,    0,   -6,    0,    0,    0,    0,    0,    0,    0,    0,    0,    0,    0,    0,    0,    0,    0,    0,    0,    0,    0,    0,    0,    0,    0,    0,    0,    0,
       0,  -14,    0,   -4,   -6,   -9,    0,    6,    0,    0,   -8,    0,    0,    0,    0,    0,    0,    0,    0,    0,    0,    0,    0,    0,    0,    0,    0,    0,    0,  -14,    0,    0,    0,    0,    0,    0,    0,    0,    0,    0,    0,    0,    0,    0,    0,    0,    0,    0,  -11,    0,    0,    0,    0,    0,    0,    0,    0,    0,    0,    0,    0,    0,    0,    0,    0,    0,    0,    0,    0,    0,    0,    0,    0,    0,    0,    0,    0,    0,    0,    0,    0,    0,    0,    0,    0,    0,    0,    0,    0,    0,    0,    0,    0,    0,    0,    0,    0,    0,    0,    0,    0,    0,    0,    0,    0,    0,    0,    0,    0,    0,    0,    0,   -4,    0,    0,    0,    0,    0,    0,    0,    0,    0,    0,    0,    0,    0,    0,    0,   -7,    0,    0,    0,    0,    0,    0,    0,    0,    0,    0,    0,    0,    0,    0,    0,    0,    0,    0,    0,    0,    0,    0,    0,  -14,  -10,    0,
       0,    0,    0,    0,   -6,    0,    0,    5,    0,    0,   -6,    0,    0,    0,    0,    0,    0,    0,    0,    0,    0,    0,    0,    0,    0,    0,    0,    0,    0,   -4,    0,    0,    0,    0,    0,    0,    0,    0,    0,    0,    0,    0,    0,    0,    0,    0,    0,    0,   -4,    0,    0,    0,    0,    0,    0,    0,    0,    0,    0,    0,    0,    0,    0,    0,    0,    0,    0,    0,    0,    0,    0,    0,    0,    0,    0,    0,    0,    0,    0,    0,    0,    0,    0,    0,    0,    0,    0,    0,    0,    0,    0,    0,    0,    0,    0,    0,    0,    0,    0,    0,    0,    0,    0,    0,    0,    0,    0,    0,    0,    0,    0,    0,    0,    0,    0,    0,    0,    0,    0,    0,    0,    0,    0,    0,    0,    0,    0,    0,   -6,    0,    0,    0,    0,    0,    0,    0,    0,    0,    0,    0,    0,    0,    0,    0,    0,    0,    0,    0,    0,    0,    0,    0,    0,    0,    0,
       0,  -20,    0,    0,  -11,  -18,    0,    0,    0,    0,  -11,    0,    0,    0,    0,    0,    0,    0,    0,    0,    0,    0,    0,    0,    0,    0,    0,   -6,    0,  -15,    0,    0,    0,    0,    0,    0,    0,    0,    0,    0,    0,    0,    0,    0,    0,    0,    0,    0,  -10,    0,    0,    0,    0,    0,    0,    0,    0,    0,    0,    0,    0,    0,    0,    0,    0,    0,    0,    0,    0,    0,    0,    0,    0,    0,    0,    0,    0,    0,    0,    0,    0,    0,    0,    0,    0,    0,    0,    0,    0,    0,    0,    0,    0,    0,    0,    0,    0,  -13,   -9,    0,    0,   -4,    0,   -9,    0,    0,   -4,   -4,    0,    0,    0,    0,    0,   -4,  -13,    0,    0,    0,    0,  -10,    0,    0,    0,    0,    0,    0,    0,    0,  -18,    0,    0,    0,    0,    0,    0,    0,    0,    0,    0,    0,    0,    0,    0,    0,    0,    0,    0,    0,    0,    0,    0,    0,  -18,  -14,    0,
       5,    9,    0,   -4,   11,    0,  -39,  -20,  -25,    0,   14,  -11,    0,    0,    0,    0,    0,    0,    0,    0,    0,    0,    0,    0,    0,    0,    0,    0,    0,   15,    0,    0,    0,    0,    0,    0,    0,    0,    0,    0,    0,    0,    0,    0,    0,    0,    0,    0,   15,  -24,    0,    0,    0,    0,    0,    0,    0,    0,    0,    0,    0,    0,    0,    0,    0,    0,    0,   14,   -5,    0,  -33,  -21,   12,  -25,  -19,   12,    8,    0,   -5,   -6,   11,   10,    8,    0,   -7,    0,   -4,   -4,  -20,  -20,    0,    0,  -21,  -10,  -20,   -6,  -21,    0,    0,  -24,    0,    0,   -4,    0,    0,    0,  -16,   14,  -18,  -13,    0,    0,    0,   14,    0,    0,   -5,  -21,   14,    0,    0,    5,   -4,  -37,   -7,    0,   -7,    5,    0,    0,    0,    0,    0,    0,    0,    0,    0,    0,    0,    0,    0,    0,    0,    0,    0,    0,    0,    0,    0,    0,    0,    0,   12,   12,    0,
       0,    6,    0,    0,    0,    7,  -21,    0,  -17,    7,    0,    0,    0,    0,    0,    0,    0,    0,    0,    0,    0,    0,    0,    0,    0,    0,    0,    0,    0,   -4,    0,    0,    0,    0,    0,    0,    0,    0,    0,    0,    0,    0,    0,    0,    0,    0,    0,    0,    0,    0,    8,    0,    0,    0,    0,    0,    0,    0,    0,    0,    0,    0,    0,    0,    0,    0,    0,    0,    0,    0,    0,    0,    0,    0,    0,    0,    0,    0,    0,    0,    0,    0,    0,    0,    0,    0,    0,    0,   -8,    0,   11,    7,   -9,    0,    0,    0,    0,   12,   14,    0,   12,    7,    0,   12,    7,    0,    0,    0,    0,    0,    0,    0,    0,    0,   14,   13,    0,    0,    0,   14,    0,    0,   10,    0,    0,    0,    0,    0,    0,    0,    0,    0,    0,    0,    0,    0,    0,    0,    0,    0,    0,    0,    0,    0,    0,    0,    0,    0,    0,    0,    0,    0,    9,   13,    0,
       0,   -7,    0,   -4,    0,   -7,    8,    0,    0,    0,   -7,    0,    0,    0,    0,    0,    0,    0,    0,    0,    0,    0,    0,    0,    0,    0,    0,    0,    0,    0,    0,    0,    0,    0,    0,    0,    0,    0,    0,    0,    0,    0,    0,    0,    0,    0,    0,    0,    0,    0,    0,    0,    0,    0,    0,    0,    0,    0,    0,    0,    0,    0,    0,    0,    0,    0,    0,    0,    0,    0,    0,    0,    0,    0,    0,    0,    0,    0,    0,    0,    0,    0,    0,    0,    0,    0,    0,    0,    0,    0,    4,    0,    5,    0,    0,    0,    0,    0,    0,    0,    4,   -6,    0,    0,    0,    0,    0,    0,    0,    0,    0,    0,   14,    0,    0,    0,    0,    0,    0,    0,    0,    0,    0,    0,    0,    0,    0,    0,    0,    0,    0,    0,    0,    0,    0,    0,    0,    0,    0,    0,    0,    0,    0,    0,    0,    0,    0,    0,    0,    0,    0,    0,   -6,    0,    0,
       0,  -37,    0,   -4,    0,  -29,    8,    0,    0,    0,   -8,    0,    0,    0,    0,    0,    0,    0,    0,    0,    0,    0,    0,    0,    0,    0,    0,   -4,    0,    0,    0,    0,    0,    0,    0,    0,    0,    0,    0,    0,    0,    0,    0,    0,    0,    0,    0,    0,    0,    0,    0,    0,    0,    0,    0,    0,    0,    0,    0,    0,    0,    0,    0,    0,    0,    0,    0,    0,    0,    0,    0,    0,    0,    0,    0,    0,    0,    0,    0,    0,    0,    0,    0,    0,    0,    0,    0,    0,    0,    0,    4,    0,    5,    0,    0,    0,    0,  -17,    0,    0,    4,   -8,    0,  -13,    0,    0,    0,    0,    0,    0,    0,    0,   14,    0,  -12,    0,    0,    0,    0,  -14,    0,    0,   -8,    0,    0,    0,    0,    0,    0,    0,    0,    0,    0,    0,    0,    0,    0,    0,    0,    0,    0,    0,    0,    0,    0,    0,    0,    0,    0,    0,    0,    0,  -33,  -36,    0,
       0,  -13,    0,    0,    0,   -4,    0,   12,    0,    0,   -8,    0,    0,    0,    0,    0,    0,    0,    0,    0,    0,    0,    0,    0,    0,    0,    0,   -4,    0,    0,    0,    0,    0,    0,    0,    0,    0,    0,    0,    0,    0,    0,    0,    0,    0,    0,    0,    0,    0,    0,    0,    0,    0,    0,    0,    0,    0,    0,    0,    0,    0,    0,    0,    0,    0,    0,    0,  -18,    0,   -7,    0,    0,   -6,    0,    0,   -9,    0,    0,    0,    0,   -8,    0,   -6,   -7,    0,    0,    0,    0,    0,    0,   -5,    0,    0,    0,    0,    0,    0,    0,    0,    0,    0,    0,    0,    0,    0,    0,    0,    0,    0,    0,    0,    0,   14,    0,    0,    0,    0,    0,  -22,    0,    0,    0,    0,    0,    0,    0,    0,    0,    0,    0,    0,    0,    0,    0,    0,    0,    0,    0,    0,    0,    0,    0,    0,    0,    0,    0,    0,    0,    0,    0,    0,    0,  -13,   -9,    0,
       0,  -20,    0,    0,    0,  -13,    0,   10,    6,    0,   -9,    0,    0,    0,    0,    0,    0,    0,    0,    0,    0,    0,    0,    0,    0,    0,    0,    0,    0,    0,    0,    0,    0,    0,    0,    0,    0,    0,    0,    0,    0,    0,    0,    0,    0,    0,    0,    0,    0,    0,    0,    0,    0,    0,    0,    0,    0,    0,    0,    0,    0,    0,    0,    0,    0,    0,    0,    0,    0,    0,    0,    0,    0,    0,    0,    0,    0,    0,    0,    0,    0,    0,    0,    0,    0,    0,    0,    0,    0,    0,    0,    0,    0,    0,    0,    0,    0,   -9,    0,    0,    0,    0,    0,   -6,    0,    0,    0,    0,    0,    0,    0,    0,   17,    0,   -6,    0,    0,    0,    0,   -5,    0,    0,    0,    0,    0,    0,    0,    0,    0,    0,    0,    0,    0,    0,    0,    0,    0,    0,    0,    0,    0,    0,    0,    0,    0,    0,    0,    0,    0,    0,    0,    0,  -18,  -18,    0,
       0,    0,    0,  -13,   10,    0,  -26,  -18,  -30,   -9,    7,  -18,    0,    0,    0,    0,    0,    0,    0,    0,    0,    0,    0,    0,    0,    0,    0,    0,    0,   11,    0,    0,    0,    0,    0,    0,    0,    0,    0,    0,    0,    0,    0,    0,    0,    0,    0,   -6,   11,  -26,   -8,    0,    0,    0,    0,    0,    0,    0,    0,    0,    0,    0,    0,    0,    0,    0,    0,    8,  -13,   -4,  -29,  -25,    8,  -28,  -24,   10,    0,   -5,  -13,  -14,    8,    5,    0,  -11,  -14,   -9,  -11,  -11,  -27,  -23,    0,   -7,  -28,  -16,  -23,  -12,  -24,    0,    0,  -25,    0,   -7,  -11,    0,   -7,  -10,  -20,    9,  -21,  -17,    0,    0,    0,    9,    0,    0,  -13,  -23,   12,    0,    0,    0,   -8,  -24,  -14,    0,  -13,    0,    0,    0,    0,    0,    0,    0,    0,    0,    0,    0,    0,    0,    0,    0,    0,    0,    0,    0,    0,    0,    0,    0,    0,    0,    0,    4,    0,
       0,    0,    0,    0,    0,    0,  -13,    0,  -11,    0,    0,    0,    0,    0,    0,    0,    0,    0,    0,    0,    0,    0,    0,    0,    0,    0,    0,    0,    0,   -9,    0,    0,    0,    0,    0,    0,    0,    0,    0,    0,    0,    0,    0,    0,    0,    0,    0,    0,    0,    0,    4,    0,    0,    0,    0,    0,    0,    0,    0,    0,    0,    0,    0,    0,    0,    0,    0,    0,    0,    0,    0,    0,    0,    0,    0,    0,    0,    0,    0,    0,    0,    0,    0,    0,    0,    0,    0,    0,  -10,    0,    7,    0,   -9,    0,    0,    0,    0,    8,   10,    0,    8,    0,    0,    8,    0,    0,    0,    0,    0,    0,    0,    0,    0,    0,   10,    9,    0,    0,    0,   10,    0,    0,    5,    0,    0,    0,    0,    0,    0,    0,    0,    0,    0,    0,    0,    0,    0,    0,    0,    0,    0,    0,    0,    0,    0,    0,    0,    0,    0,    0,    0,    0,    0,    9,    0,
       0,  -24,    0,   -6,   -5,  -11,    4,    6,    0,    0,  -12,    0,    0,    0,    0,    0,    0,    0,    0,    0,    0,    0,    0,    0,    0,    0,    0,   -6,    0,  -17,    0,    0,    0,    0,    0,    0,    0,    0,    0,    0,    0,    0,    0,    0,    0,    0,    0,    0,  -12,    0,    0,    0,    0,    0,    0,    0,    0,    0,    0,    0,    0,    0,    0,    0,    0,    0,    0,  -25,    0,    0,    0,    0,    0,    0,    0,    0,    0,    0,    0,    0,    0,   -7,    0,    0,    0,    0,    0,    0,    0,    0,    0,    0,    0,    0,    0,    0,    0,    0,    0,    0,    0,    0,    0,    0,    0,    0,    0,    0,    0,    0,    0,    0,    0,    0,    0,    0,    0,    0,  -28,    0,    0,   -4,    0,    6,    0,    0,    0,    0,    0,    0,    0,    0,    0,    0,    0,    0,    0,    0,    0,    0,    0,    0,    0,    0,    0,    0,    0,    0,    0,    0,    0,    0,  -24,  -20,    0,
       0,  -13,    0,   -4,   -6,   -8,    0,    6,    0,    0,   -8,    0,    0,    0,    0,    0,    0,    0,    0,    0,    0,    0,    0,    0,    0,    0,    0,    0,    0,  -14,    0,    0,    0,    0,    0,    0,    0,    0,    0,    0,    0,    0,    0,    0,    0,    0,    0,    0,  -11,    0,    0,    0,    0,    0,    0,    0,    0,    0,    0,    0,    0,    0,    0,    0,    0,    0,    0,    0,    0,    0,    0,    0,    0,    0,    0,    0,    0,    0,    0,    0,    0,    0,    0,    0,    0,    0,    0,    0,    0,    0,    0,    0,    0,    0,    0,    0,    0,    0,    0,    0,    0,    0,    0,    0,    0,    0,    0,    0,    0,    0,    0,    0,   -4,    0,    0,    0,    0,    0,    0,    0,    0,    0,    0,    0,    0,    0,    0,    0,   -7,    0,    0,    0,    0,    0,    0,    0,    0,    0,    0,    0,    0,    0,    0,    0,    0,    0,    0,    0,    0,    0,    0,    0,  -11,   -8,    0,
       0,    0,    0,    0,   -8,    0,    0,    5,   -7,    0,   -6,    0,    0,    0,    0,    0,    0,    0,    0,    0,    0,    0,    0,    0,    0,    0,    0,   -4,    0,  -11,    0,    0,    0,    0,    0,    0,    0,    0,    0,    0,    0,    0,    0,    0,    0,    0,    0,    0,   -8,    0,    0,    0,    0,    0,    0,    0,    0,    0,    0,    0,    0,    0,    0,    0,    0,    0,    0,    0,    0,    0,    0,    0,   -7,    0,    0,    0,    0,    0,    0,    0,    0,    0,   -6,   -6,    0,    0,    0,    0,    0,    0,    0,    0,    0,    0,    0,    0,    0,    0,    0,    0,    0,    0,    0,    0,    0,    0,    0,    0,    0,    0,    0,    0,    0,    0,    0,    0,    0,    0,  -10,    0,    0,    0,    0,    0,    0,    0,    0,    0,    0,    0,    0,    0,    0,    0,    0,    0,    0,    0,    0,    0,    0,    0,    0,    0,    0,    0,    0,    0,    0,    0,    0,    0,    0,    0,    0,
       0,    0,    0,   -7,    0,  -14,    0,    0,    0,    0,    0,    0,    0,    0,    0,    0,    0,    0,    0,    0,    0,    0,    0,    0,    0,    0,    0,   -7,    0,    0,    0,    0,    0,    0,    0,    0,    0,    0,    0,    0,    0,    0,    0,    0,    0,    0,    0,    0,    0,    0,    0,    0,    0,    0,    0,    0,    0,    0,    0,    0,    0,    0,    0,    0,    0,    0,    0,    0,   -6,    0,    0,    0,    0,    0,    0,    0,    0,    0,   -7,   -9,    0,    0,    0,    0,    0,    0,    0,    0,    0,    0,    0,    0,    0,    0,    0,    0,    0,  -15,    0,    0,    0,   -8,    0,  -12,    0,    0,    0,    0,    0,    0,    0,    0,    6,    0,  -10,    0,   -7,    0,    0,  -15,    0,  -13,   -6,    0,    0,   -6,    0,    0,    0,    0,    0,    0,    0,    0,    0,    0,    0,    0,    0,    0,    0,    0,    0,    0,    0,    0,    0,    0,    0,    0,    0,    0,    0,    0,    0,
       0,    0,    0,   -4,    0,    0,    7,    0,    0,    0,    0,    0,    0,    0,    0,    0,    0,    0,    0,    0,    0,    0,    0,    0,    0,    0,    0,    0,    0,    0,    0,    0,    0,    0,    0,    0,    0,    0,    0,    0,    0,    0,    0,    0,    0,    0,    0,    0,    0,   -4,    0,    0,    0,    0,    0,    0,    0,    0,    0,    0,    0,    0,    0,    0,    0,    0,    0,    0,    0,    0,    0,    0,    0,    0,    0,    0,    0,    0,    0,    0,    0,    0,    0,    0,    0,    0,    0,    0,    0,    0,    4,    0,    5,    0,    0,    0,    0,    4,    6,    0,    5,    0,    0,    4,    0,    0,    0,    0,    0,    0,    0,    0,   14,    0,    6,    0,    0,    0,    0,    5,    0,    0,    0,    0,    0,    0,    0,    0,    0,    0,    0,    0,    0,    0,    0,    0,    0,    0,    0,    0,    0,    0,    0,    0,    0,    0,    0,    0,    0,    0,    0,    0,    0,    5,    0,
       0,    0,    0,    0,    0,    0,    0,    5,    0,    0,   -6,    0,    0,    0,    0,    0,    0,    0,    0,    0,    0,    0,    0,    0,    0,    0,    0,    0,    0,    0,    0,    0,    0,    0,    0,    0,    0,    0,    0,    0,    0,    0,    0,    0,    0,    0,    0,    0,    0,    0,    0,    0,    0,    0,    0,    0,    0,    0,    0,    0,    0,    0,    0,    0,    0,    0,    0,    0,    0,    0,    0,    0,    0,    0,    0,    0,    0,    0,    0,    0,    0,    0,    0,    0,    0,    0,    0,    0,    0,    0,    0,    0,    0,    0,    0,    0,    0,    0,    0,    0,    0,    0,    0,    0,    0,    0,    0,    0,    0,    0,    0,    0,   10,    0,    0,    0,    0,    0,    0,    0,    0,    0,    0,    0,    0,    0,    0,    0,   -6,    0,    0,    0,    0,    0,    0,    0,    0,    0,    0,    0,    0,    0,    0,    0,    0,    0,    0,    0,    0,    0,    0,    0,    0,    0,    0,
       0,    0,    0,    0,    0,    0,    9,    0,    0,    0,    0,    0,    0,    0,    0,    0,    0,    0,    0,    0,    0,    0,    0,    0,    0,    0,    0,    0,    0,    0,    0,    0,    0,    0,    0,    0,    0,    0,    0,    0,    0,    0,    0,    0,    0,    0,    0,    0,    0,    0,    0,    0,    0,    0,    0,    0,    0,    0,    0,    0,    0,    0,    0,    0,    0,    0,    0,    0,    0,    0,    5,    0,    0,    5,    0,    5,    0,    0,    0,   -7,    5,    0,    0,    0,    0,    0,    0,    0,    0,    0,    0,    0,    0,    0,    0,    0,    0,    0,    0,    0,    0,    0,    0,    0,    0,    0,    0,    0,    0,    0,    0,    0,    0,    0,    0,    0,    0,    0,    0,    0,    0,    0,    0,   11,    0,    0,    0,    0,    0,    0,    0,    0,    0,    0,    0,    0,    0,    0,    0,    0,    0,    0,    0,    0,    0,    0,    0,    0,    0,    0,    0,    0,    0,    0,    0,
       0,   -9,    0,    0,   -7,   -5,    0,   10,    0,    0,   -7,    0,    0,    0,    0,    0,    0,    0,    0,    0,    0,    0,    0,    0,    0,    0,    0,    0,    0,  -11,    0,    0,    0,    0,    0,    0,    0,    0,    0,    0,    0,    0,    0,    0,    0,    0,    0,    0,   -7,    0,    0,    0,    0,    0,    0,    0,    0,    0,    0,    0,    0,    0,    0,    0,    0,    0,    0,    0,    0,    0,    0,    0,    0,    0,    0,    0,    0,    0,    0,    0,    0,    0,    0,    0,    0,    0,    0,    0,    0,    0,    0,    0,    0,    0,    0,    0,    0,    0,    0,    0,    0,    0,    0,    0,    0,    0,    0,    0,    0,    0,    0,    0,    0,    0,    0,    0,    0,    0,    0,    0,    0,    0,    0,    0,    0,    0,    0,    0,   -4,    0,    0,    0,    0,    0,    0,    0,    0,    0,    0,    0,    0,    0,    0,    0,    0,    0,    0,    0,    0,    0,    0,    0,   -7,   -7,    0,
       0,    0,    0,    0,   -8,    0,   -6,    8,  -13,    0,   -6,    0,    0,    0,    0,    0,    0,    0,    0,    0,    0,    0,    0,    0,    0,    0,    0,    0,    0,  -11,    0,    0,    0,    0,    0,    0,    0,    0,    0,    0,    0,    0,    0,    0,    0,    0,    0,    0,   -8,    0,    0,    0,    0,    0,    0,    0,    0,    0,    0,    0,    0,    0,    0,    0,    0,    0,    0,    0,    0,    0,   -7,    0,   -8,   -8,    0,  -12,   -7,    0,    0,    0,  -11,    0,  -10,   -6,    0,    0,    0,    0,    0,    0,    0,    0,    0,    0,    0,    0,    0,    0,    0,    0,    0,    0,    0,    0,    0,    0,    0,    0,    0,    0,    0,    0,    0,    0,    0,    0,    0,    0,  -12,    0,    0,    0,    0,   -8,    0,    0,    0,   -9,    0,    0,    0,    0,    0,    0,    0,    0,    0,    0,    0,    0,    0,    0,    0,    0,    0,    0,    0,    0,    0,    0,    0,    0,    0,    0,    0,
       0,    0,    0,    0,    0,   -6,    0,    8,   -6,    0,    0,    0,    0,    0,    0,    0,    0,    0,    0,    0,    0,    0,    0,    0,    0,    0,    0,    0,    0,    0,    0,    0,    0,    0,    0,    0,    0,    0,    0,    0,    0,    0,    0,    0,    0,    0,    0,    0,    0,    0,    0,    0,    0,    0,    0,    0,    0,    0,    0,    0,    0,    0,    0,    0,    0,    0,    0,    0,    0,   -5,    0,    0,    0,    0,    0,    0,    0,    0,    0,    0,    0,    0,    0,   -7,    0,    0,    0,    0,    0,    0,   -6,    0,    0,    0,    0,    0,    0,   -8,   -6,    0,   -4,    0,    0,   -7,    0,    0,    0,    0,    0,    0,    0,    0,    0,    0,   -4,    0,    0,    0,    0,   -7,    0,    0,    0,    0,    0,    0,    0,    0,  -15,    0,    0,    0,    0,    0,    0,    0,    0,    0,    0,    0,    0,    0,    0,    0,    0,    0,    0,    0,    0,    0,    0,    0,    0,    0,    0,
       0,    0,    0,   -4,    0,    0,    7,    0,    0,    0,   -6,    0,    0,    0,    0,    0,    0,    0,    0,    0,    0,    0,    0,    0,    0,    0,    0,    0,    0,    0,    0,    0,    0,    0,    0,    0,    0,    0,    0,    0,    0,    0,    0,    0,    0,    0,    0,   -5,    0,   -6,    0,    0,    0,    0,    0,    0,    0,    0,    0,    0,    0,    0,    0,    0,    0,    0,    0,    0,    0,    0,    0,    0,    0,    0,    0,    0,    0,    0,    0,    0,    0,    0,    0,    0,    0,    0,    0,    0,    0,    0,    5,    0,    0,    0,    0,    0,    0,    0,    0,   -4,    5,    0,    0,    0,    0,    0,    0,    0,    0,    0,    0,    0,   15,    0,    0,    0,    0,    0,    0,    0,    0,    0,    0,    0,    0,    0,    0,    0,    0,    0,    0,    0,    0,    0,    0,    0,    0,    0,    0,    0,    0,    0,    0,    0,    0,    0,    0,    0,    0,    0,    0,    0,    0,    0,    0,
       0,    0,    0,    0,    0,    0,    0,    0,    0,    0,    0,    0,    0,    0,    0,    0,    0,    0,    0,    0,    0,    0,    0,    0,    0,    0,    0,    0,    0,    0,    0,    0,    0,    0,    0,    0,    0,    0,    0,    0,    0,    0,    0,    0,    0,    0,    0,    0,    0,    0,    0,    0,    0,    0,    0,    0,    0,    0,    0,    0,    0,    0,    0,    0,    0,    0,    0,    0,    0,    0,    0,    0,    0,    0,    0,    0,    0,    0,    0,    0,    0,    0,    0,    0,    0,    0,    0,    0,    0,    0,    0,    0,    0,    0,    0,    0,    0,    0,    0,    0,    0,    0,    0,    0,    0,    0,    0,    0,    0,    0,    0,    0,    0,    0,    0,    0,    0,    0,    0,    0,    0,    0,    0,    0,    0,    0,    0,    0,    0,    0,    0,    0,    0,    0,    0,    0,    0,   -8,    0,   -4,   -1,    0,    0,    0,    0,    0,   -8,    0,   -4,    0,   -8,    0,    0,    0,    0,
       0,    0,    0,    0,    0,    0,    0,    0,    0,    0,    0,    0,    0,    0,    0,    0,    0,    0,    0,    0,    0,    0,    0,    0,    0,    0,    0,    0,    0,    0,    0,    0,    0,    0,    0,    0,    0,    0,    0,    0,    0,    0,    0,    0,    0,    0,    0,    0,    0,    0,    0,    0,    0,    0,    0,    0,    0,    0,    0,    0,    0,    0,    0,    0,    0,    0,    0,    0,    0,    0,    0,    0,    0,    0,    0,    0,    0,    0,    0,    0,    0,    0,    0,    0,    0,    0,    0,    0,    0,    0,    0,    0,    0,    0,    0,    0,    0,    0,    0,    0,    0,    0,    0,    0,    0,    0,    0,    0,    0,    0,    0,    0,    0,    0,    0,    0,    0,    0,    0,    0,    0,    0,    0,    0,    0,    0,    0,    0,    0,    0,    0,    0,   -2,    0,    0,    0,    0,    0,   -3,    0,    0,    0,    0,  -10,    0,    0,  -10,    0,    0,   -4,    0,    0,    0,    0,    0,
       0,    0,    0,    0,    0,    0,    0,    0,    0,    0,    0,    0,    0,    0,    0,    0,    0,    0,    0,    0,    0,    0,    0,    0,    0,    0,    0,    0,    0,    0,    0,    0,    0,    0,    0,    0,    0,    0,    0,    0,    0,    0,    0,    0,    0,    0,    0,    0,    0,    0,    0,    0,    0,    0,    0,    0,    0,    0,    0,    0,    0,    0,    0,    0,    0,    0,    0,    0,    0,    0,    0,    0,    0,    0,    0,    0,    0,    0,    0,    0,    0,    0,    0,    0,    0,    0,    0,    0,    0,    0,    0,    0,    0,    0,    0,    0,    0,    0,    0,    0,    0,    0,    0,    0,    0,    0,    0,    0,    0,    0,    0,    0,    0,    0,    0,    0,    0,    0,    0,    0,    0,    0,    0,    0,    0,    0,    0,    0,    0,    0,    3,    0,    0,    0,    0,    0,   -3,  -10,    0,   -2,   -5,    0,   -6,    0,    0,    0,   -4,    0,    0,    0,    0,    0,    0,    0,    0,
       0,    0,    0,    0,    0,    0,    0,    0,    0,    0,    0,    0,    0,    0,    0,    0,    0,    0,    0,    0,    0,    0,    0,    0,    0,    0,    0,    0,    0,    0,    0,    0,    0,    0,    0,    0,    0,    0,    0,    0,    0,    0,    0,    0,    0,    0,    0,    0,    0,    0,    0,    0,    0,    0,    0,    0,    0,    0,    0,    0,    0,    0,    0,    0,    0,    0,    0,    0,    0,    0,    0,    0,    0,    0,    0,    0,    0,    0,    0,    0,    0,    0,    0,    0,    0,    0,    0,    0,    0,    0,    0,    0,    0,    0,    0,    0,    0,    0,    0,    0,    0,    0,    0,    0,    0,    0,    0,    0,    0,    0,    0,    0,    0,    0,    0,    0,    0,    0,    0,    0,    0,    0,    0,    0,    0,    0,    0,    0,    0,    0,  -16,    0,    0,   -8,    0,    0,   -3,    0,  -20,  -13,    0,   -4,   -2,  -10,    0,  -20,  -13,    0,    0,  -13,    0,    0,    0,    0,    0,
       0,    0,    0,    0,    0,    0,    0,    0,    0,    0,    0,    0,    0,    0,    0,    0,    0,    0,    0,    0,    0,    0,    0,    0,    0,    0,    0,    0,    0,    0,    0,    0,    0,    0,    0,    0,    0,    0,    0,    0,    0,    0,    0,    0,    0,    0,    0,    0,    0,    0,    0,    0,    0,    0,    0,    0,    0,    0,    0,    0,    0,    0,    0,    0,    0,    0,    0,    0,    0,    0,    0,    0,    0,    0,    0,    0,    0,    0,    0,    0,    0,    0,    0,    0,    0,    0,    0,    0,    0,    0,    0,    0,    0,    0,    0,    0,    0,    0,    0,    0,    0,    0,    0,    0,    0,    0,    0,    0,    0,    0,    0,    0,    0,    0,    0,    0,    0,    0,    0,    0,    0,    0,    0,    0,    0,    0,    0,    0,    0,    0,   -4,    0,    0,    0,    0,    0,   -5,    0,    0,    0,    0,   -4,    0,   -6,    0,    0,   -8,    0,    0,   -9,    0,    0,    0,    0,    0,
       0,    0,    0,    0,    0,    0,    0,    0,    0,    0,    0,    0,    0,    0,    0,    0,    0,    0,    0,    0,    0,    0,    0,    0,    0,    0,    0,    0,    0,    0,    0,    0,    0,    0,    0,    0,    0,    0,    0,    0,    0,    0,    0,    0,    0,    0,    0,    0,    0,    0,    0,    0,    0,    0,    0,    0,    0,    0,    0,    0,    0,    0,    0,    0,    0,    0,    0,    0,    0,    0,    0,    0,    0,    0,    0,    0,    0,    0,    0,    0,    0,    0,    0,    0,    0,    0,    0,    0,    0,    0,    0,    0,    0,    0,    0,    0,    0,    0,    0,    0,    0,    0,    0,    0,    0,    0,    0,    0,    0,    0,    0,    0,    0,    0,    0,    0,    0,    0,    0,    0,    0,    0,    0,    0,    0,    0,    0,    0,    0,    0,   -3,    0,    0,    0,    0,    0,    0,    0,    0,    0,    0,    0,    0,    0,    0,    0,    0,    0,    0,    0,    0,    0,    0,    0,    0,
       0,    0,    0,    0,    0,    0,    0,    0,    0,    0,    0,    0,    0,    0,    0,    0,    0,    0,    0,    0,    0,    0,    0,    0,    0,    0,    0,    0,    0,    0,    0,    0,    0,    0,    0,    0,    0,    0,    0,    0,    0,    0,    0,    0,    0,    0,    0,    0,    0,    0,    0,    0,    0,    0,    0,    0,    0,    0,    0,    0,    0,    0,    0,    0,    0,    0,    0,    0,    0,    0,    0,    0,    0,    0,    0,    0,    0,    0,    0,    0,    0,    0,    0,    0,    0,    0,    0,    0,    0,    0,    0,    0,    0,    0,    0,    0,    0,    0,    0,    0,    0,    0,    0,    0,    0,    0,    0,    0,    0,    0,    0,    0,    0,    0,    0,    0,    0,    0,    0,    0,    0,    0,    0,    0,    0,    0,    0,    0,    0,    0,    0,    0,   -2,    0,    0,    0,   -8,    0,  -15,   -1,    0,    0,    0,    0,    0,   -9,   -6,   -3,   -3,   -2,    0,    0,    0,    0,    0,
       0,    0,    0,    0,    0,    0,    0,    0,    0,    0,    0,    0,    0,    0,    0,    0,    0,    0,    0,    0,    0,    0,    0,    0,    0,    0,    0,    0,    0,    0,    0,    0,    0,    0,    0,    0,    0,    0,    0,    0,    0,    0,    0,    0,    0,    0,    0,    0,    0,    0,    0,    0,    0,    0,    0,    0,    0,    0,    0,    0,    0,    0,    0,    0,    0,    0,    0,    0,    0,    0,    0,    0,    0,    0,    0,    0,    0,    0,    0,    0,    0,    0,    0,    0,    0,    0,    0,    0,    0,    0,    0,    0,    0,    0,    0,    0,    0,    0,    0,    0,    0,    0,    0,    0,    0,    0,    0,    0,    0,    0,    0,    0,    0,    0,    0,    0,    0,    0,    0,    0,    0,    0,    0,    0,    0,    0,    0,    0,    0,    0,  -24,    0,    0,   -8,    0,   -6,   -6,    0,    0,   -6,    0,  -12,   -6,   -6,    0,    0,   -8,    0,    0,   -8,    0,   -8,    0,    0,    0,
       0,    0,    0,    0,    0,    0,    0,    0,    0,    0,    0,    0,    0,    0,    0,    0,    0,    0,    0,    0,    0,    0,    0,    0,    0,    0,    0,    0,    0,    0,    0,    0,    0,    0,    0,    0,    0,    0,    0,    0,    0,    0,    0,    0,    0,    0,    0,    0,    0,    0,    0,    0,    0,    0,    0,    0,    0,    0,    0,    0,    0,    0,    0,    0,    0,    0,    0,    0,    0,    0,    0,    0,    0,    0,    0,    0,    0,    0,    0,    0,    0,    0,    0,    0,    0,    0,    0,    0,    0,    0,    0,    0,    0,    0,    0,    0,    0,    0,    0,    0,    0,    0,    0,    0,    0,    0,    0,    0,    0,    0,    0,    0,    0,    0,    0,    0,    0,    0,    0,    0,    0,    0,    0,    0,    0,    0,    0,    0,    0,    0,    0,    0,    0,    0,    0,    0,   -3,    0,    0,   -2,    0,    0,   -5,   -5,    0,   -9,   -9,    0,    0,    0,    0,    0,    0,    0,    0,
       0,    0,    0,    0,    0,    0,    0,    0,    0,    0,    0,    0,    0,    0,    0,    0,    0,    0,    0,    0,    0,    0,    0,    0,    0,    0,    0,    0,    0,    0,    0,    0,    0,    0,    0,    0,    0,    0,    0,    0,    0,    0,    0,    0,    0,    0,    0,    0,    0,    0,    0,    0,    0,    0,    0,    0,    0,    0,    0,    0,    0,    0,    0,    0,    0,    0,    0,    0,    0,    0,    0,    0,    0,    0,    0,    0,    0,    0,    0,    0,    0,    0,    0,    0,    0,    0,    0,    0,    0,    0,    0,    0,    0,    0,    0,    0,    0,    0,    0,    0,    0,    0,    0,    0,    0,    0,    0,    0,    0,    0,    0,    0,    0,    0,    0,    0,    0,    0,    0,    0,    0,    0,    0,    0,    0,    0,    0,    0,    0,    0,  -16,   -3,    0,    0,    0,    0,   -3,    0,  -12,   -9,    0,    0,    0,   -3,    0,  -18,   -5,    0,    0,    0,    3,   -1,    0,    0,    0,
       0,    0,    0,    0,    0,    0,    0,    0,    0,    0,    0,    0,    0,    0,    0,    0,    0,    0,    0,    0,    0,    0,    0,    0,    0,    0,    0,    0,    0,    0,    0,    0,    0,    0,    0,    0,    0,    0,    0,    0,    0,    0,    0,    0,    0,    0,    0,    0,    0,    0,    0,    0,    0,    0,    0,    0,    0,    0,    0,    0,    0,    0,    0,    0,    0,    0,    0,    0,    0,    0,    0,    0,    0,    0,    0,    0,    0,    0,    0,    0,    0,    0,    0,    0,    0,    0,    0,    0,    0,    0,    0,    0,    0,    0,    0,    0,    0,    0,    0,    0,    0,    0,    0,    0,    0,    0,    0,    0,    0,    0,    0,    0,    0,    0,    0,    0,    0,    0,    0,    0,    0,    0,    0,    0,    0,    0,    0,    0,    0,    0,    0,    0,    0,    0,    0,    0,    0,    0,    0,   -8,    0,   -2,   -8,  -10,    0,    0,  -10,    0,    0,    0,    0,    0,    0,    0,    0,
       0,    0,    0,    0,    0,    0,    0,    0,    0,    0,    0,    0,    0,    0,    0,    0,    0,    0,    0,    0,    0,    0,    0,    0,    0,    0,    0,    0,    0,    0,    0,    0,    0,    0,    0,    0,    0,    0,    0,    0,    0,    0,    0,    0,    0,    0,    0,    0,    0,    0,    0,    0,    0,    0,    0,    0,    0,    0,    0,    0,    0,    0,    0,    0,    0,    0,    0,    0,    0,    0,    0,    0,    0,    0,    0,    0,    0,    0,    0,    0,    0,    0,    0,    0,    0,    0,    0,    0,    0,    0,    0,    0,    0,    0,    0,    0,    0,    0,    0,    0,    0,    0,    0,    0,    0,    0,    0,    0,    0,    0,    0,    0,    0,    0,    0,    0,    0,    0,    0,    0,    0,    0,    0,    0,    0,    0,    0,    0,    0,    0,    0,    0,    0,    0,    0,    0,   -5,   -7,    0,   -4,    0,    0,    0,    0,    0,    0,    0,    0,    0,    0,    0,    0,    0,    0,    0,
       0,    0,    0,    0,    0,    0,    0,    0,    0,    0,    0,    0,    0,    0,    0,    0,    0,    0,    0,    0,    0,    0,    0,    0,    0,    0,    0,    0,    0,    0,    0,    0,    0,    0,    0,    0,    0,    0,    0,    0,    0,    0,    0,    0,    0,    0,    0,    0,    0,    0,    0,    0,    0,    0,    0,    0,    0,    0,    0,    0,    0,    0,    0,    0,    0,    0,    0,    0,    0,    0,    0,    0,    0,    0,    0,    0,    0,    0,    0,    0,    0,    0,    0,    0,    0,    0,    0,    0,    0,    0,    0,    0,    0,    0,    0,    0,    0,    0,    0,    0,    0,    0,    0,    0,    0,    0,    0,    0,    0,    0,    0,    0,    0,    0,    0,    0,    0,    0,    0,    0,    0,    0,    0,    0,    0,    0,    0,    0,    0,    0,    0,    0,    0,    0,    0,    0,   -3,    0,  -12,    0,   -3,    0,    0,   -3,    0,   -5,   -2,    0,    0,   -9,    0,    0,    0,    0,    0,
       0,    0,    0,    0,    0,    0,    0,    0,    0,    0,    0,    0,    0,    0,    0,    0,    0,    0,    0,    0,    0,    0,    0,    0,    0,    0,    0,    0,    0,    0,    0,    0,    0,    0,    0,    0,    0,    0,    0,    0,    0,    0,    0,    0,    0,    0,    0,    0,    0,    0,    0,    0,    0,    0,    0,    0,    0,    0,    0,    0,    0,    0,    0,    0,    0,    0,    0,    0,    0,    0,    0,    0,    0,    0,    0,    0,    0,    0,    0,    0,    0,    0,    0,    0,    0,    0,    0,    0,    0,    0,    0,    0,    0,    0,    0,    0,    0,    0,    0,    0,    0,    0,    0,    0,    0,    0,    0,    0,    0,    0,    0,    0,    0,    0,    0,    0,    0,    0,    0,    0,    0,    0,    0,    0,    0,    0,    0,    0,    0,    0,    0,    0,    0,    0,    0,    0,   -6,    0,    0,    0,    0,    0,    0,   -4,    0,    0,    0,    0,    0,    0,    0,    0,    0,    0,    0,
       0,    0,    0,    0,    0,    0,    0,    0,    0,    0,    0,    0,    0,    0,    0,    0,    0,    0,    0,    0,    0,    0,    0,    0,    0,    0,    0,    0,    0,    0,    0,    0,    0,    0,    0,    0,    0,    0,    0,    0,    0,    0,    0,    0,    0,    0,    0,    0,    0,    0,    0,    0,    0,    0,    0,    0,    0,    0,    0,    0,    0,    0,    0,    0,    0,    0,    0,    0,    0,    0,    0,    0,    0,    0,    0,    0,    0,    0,    0,    0,    0,    0,    0,    0,    0,    0,    0,    0,    0,    0,    0,    0,    0,    0,    0,    0,    0,    0,    0,    0,    0,    0,    0,    0,    0,    0,    0,    0,    0,    0,    0,    0,    0,    0,    0,    0,    0,    0,    0,    0,    0,    0,    0,    0,    0,    0,    0,    0,    0,    0,    0,    0,    0,    0,    0,    0,    0,    0,   -6,   -8,   -6,    0,    0,   -6,    0,  -14,   -3,    0,    0,    0,   -6,    0,    0,    0,    0,
       0,    0,    0,    0,    0,    0,    0,    0,    0,    0,    0,    0,    0,    0,    0,    0,    0,    0,    0,    0,    0,    0,    0,    0,    0,    0,    0,    0,    0,    0,    0,    0,    0,    0,    0,    0,    0,    0,    0,    0,    0,    0,    0,    0,    0,    0,    0,    0,    0,    0,    0,    0,    0,    0,    0,    0,    0,    0,    0,    0,    0,    0,    0,    0,    0,    0,    0,    0,    0,    0,    0,    0,    0,    0,    0,    0,    0,    0,    0,    0,    0,    0,    0,    0,    0,    0,    0,    0,    0,    0,    0,    0,    0,    0,    0,    0,    0,    0,    0,    0,    0,    0,    0,    0,    0,    0,    0,    0,    0,    0,    0,    0,    0,    0,    0,    0,    0,    0,    0,    0,    0,    0,    0,    0,    0,    0,    0,    0,    0,   -2,   -4,    0,   -3,    0,    0,    0,    0,   -8,    0,    0,    0,   -4,    0,  -10,    0,    0,   -9,    0,    0,    0,    0,    0,    0,    0,    0,
       0,    0,    0,    0,    0,    0,    0,    0,    0,    0,    0,    0,    0,    0,    0,    0,    0,    0,    0,    0,    0,    0,    0,    0,    0,    0,    0,    0,    0,    0,    0,    0,    0,    0,    0,    0,    0,    0,    0,    0,    0,    0,    0,    0,    0,    0,    0,    0,    0,    0,    0,    0,    0,    0,    0,    0,    0,    0,    0,    0,    0,    0,    0,    0,    0,    0,    0,    0,    0,    0,    0,    0,    0,    0,    0,    0,    0,    0,    0,    0,    0,    0,    0,    0,    0,    0,    0,    0,    0,    0,    0,    0,    0,    0,    0,    0,    0,    0,    0,    0,    0,    0,    0,    0,    0,    0,    0,    0,    0,    0,    0,    0,    0,    0,    0,    0,    0,    0,    0,    0,    0,    0,    0,    0,    0,    0,    0,    0,    0,    0,  -16,    0,    0,    0,    0,    0,   -8,    0,  -12,   -3,    0,    0,   -6,   -9,    0,  -12,   -9,    0,    0,   -8,    0,  -10,    0,    0,    0,
       0,    0,    0,    0,    0,    0,    0,    0,    0,    0,    0,    0,    0,    0,    0,    0,    0,    0,    0,    0,    0,    0,    0,    0,    0,    0,    0,    0,    0,    0,    0,    0,    0,    0,    0,    0,    0,    0,    0,    0,    0,    0,    0,    0,    0,    0,    0,    0,    0,    0,    0,    0,    0,    0,    0,    0,    0,    0,    0,    0,    0,    0,    0,    0,    0,    0,    0,    0,    0,    0,    0,    0,    0,    0,    0,    0,    0,    0,    0,    0,    0,    0,    0,    0,    0,    0,    0,    0,    0,    0,    0,    0,    0,    0,    0,    0,    0,    0,    0,    0,    0,    0,    0,    0,    0,    0,    0,    0,    0,    0,    0,    0,    0,    0,    0,    0,    0,    0,    0,    0,    0,    0,    0,    0,    0,    0,    0,    0,    0,    0,  -11,    0,    0,    0,    0,    0,   -3,    0,    0,  -11,    0,   -6,    0,   -9,    0,    0,   -6,    0,    0,   -6,    0,    0,    0,    0,    0,
       0,    0,    0,    0,    0,    0,    0,    0,    0,    0,    0,    0,    0,    0,    0,    0,    0,    0,    0,    0,    0,    0,    0,    0,    0,    0,    0,    0,    0,    0,    0,    0,    0,    0,    0,    0,    0,    0,    0,    0,    0,    0,    0,    0,    0,    0,    0,    0,    0,    0,    0,    0,    0,    0,    0,    0,    0,    0,    0,    0,    0,    0,    0,    0,    0,    0,    0,    0,    0,    0,    0,    0,    0,    0,    0,    0,    0,    0,    0,    0,    0,    0,    0,    0,    0,    0,    0,    0,    0,    0,    0,    0,    0,    0,    0,    0,    0,    0,    0,    0,    0,    0,    0,    0,    0,    0,    0,    0,    0,    0,    0,    0,    0,    0,    0,    0,    0,    0,    0,    0,    0,    0,    0,    0,    0,    0,    0,    0,    0,    0,    0,    0,  -19,    0,  -20,    0,    0,   -7,    0,   -3,   -3,    0,  -15,  -16,  -16,    0,   -4,    0,    0,    0,   -8,    0,    0,    0,    0,
       0,    0,    0,    0,    0,    0,    0,    0,    0,    0,    0,    0,  -33,    0,  -12,  -12,  -38,   -8,  -12,    6,    8,    7,   11,   13,    6,   10,    9,    0,    0,    0,  -11,    0,  -13,  -17,    0,    0,    0,    0,    0,   -8,    0,    0,    5,    5,    0,    5,    0,    0,    0,    0,    0,  -78,    0,  -11,    0,    0,    0,  -28,    0,    0,    0,    0,    0,    0,    0,    0,    0,    8,    0,    6,  -38,  -24,    0,  -33,  -22,    5,    0,   -8,  -12,   -5,    6,    6,    0,    0,  -11,    0,    0,    0,  -17,  -13,    0,    0,  -18,   -6,  -17,    0,  -12,    0,    0,  -21,    0,    0,    0,    0,    0,    0,   -8,    6,   -9,   -8,    0,    0,    0,    6,    0,    0,    0,  -11,    6,    0,    0,    0,    0,  -40,   -6,    0,   -4,    0,    0,    0,    0,    0,    0,    0,    0,    0,    0,    0,    0,    0,    0,    0,    0,    0,    0,    0,    0,    0,    0,    0,    0,    0,    0,    0,    0,
       0,    0,    0,    0,    0,    0,    0,    0,    0,    0,    0,    0,  -39,    0,  -15,  -15,  -42,    0,  -15,   -8,    7,    5,   11,   12,    6,    9,    7,    0,    0,    0,  -25,   -4,  -29,  -29,   -8,   -4,   -4,    0,  -17,  -31,    0,  -13,   -4,   -4,    0,   -4,  -13,    0,    0,    0,    0,  -52,   -8,  -25,   -4,   -4,   -4,  -29,   -4,   -4,   -4,    0,    0,    0,    0,    0,    0,    7,   -7,   -8,  -42,  -26,    0,  -39,  -25,    0,    0,    0,  -15,  -10,    6,    0,    0,   -5,  -25,    0,   -8,   -8,  -23,  -20,    0,   -6,  -25,  -12,  -29,  -10,  -20,    0,    0,  -28,    0,    0,   -8,    0,   -6,   -7,  -15,    0,  -18,  -31,    0,    0,    0,    0,    0,    0,   -7,  -20,    5,    0,    0,    0,   -5,  -43,  -12,   -5,  -11,    0,   -7,    0,    0,    0,    0,    0,    0,    0,    0,    0,    0,    0,    0,    0,    0,    0,    0,    0,    0,    0,    0,    0,    0,    0,    0,    0,    0,
       0,    0,    0,    0,    0,    0,    0,    0,    0,    0,    0,    0,    8,    0,  -13,  -13,    9,    0,  -13,    4,  -30,   -8,  -50,  -30,    9,  -43,    8,    0,    0,    0,    4,    4,    0,    0,    4,    4,    4,   12,    4,    4,    0,    4,  -16,  -12,    8,  -16,   10,    0,    0,    0,    0,    9,    0,    4,    4,    4,    4,    0,    4,    4,    4,    0,    0,    0,    0,    0,    0,    0,    0,    0,    0,    0,    0,    0,    0,    0,    0,    0,    0,    0,    0,    0,    0,    0,    0,    0,    0,    0,    0,    0,    0,    0,    0,    0,    0,    0,    0,    0,    0,    0,    0,    0,    0,    0,    0,    0,    0,    0,    0,    0,    0,    0,    0,    0,    0,    0,    0,    0,    0,    0,    0,    0,    0,    0,    0,    0,    0,    0,    0,    0,    0,    0,    0,    0,    0,    0,    0,    0,    0,    0,    0,    0,    0,    0,    0,    0,    0,    0,    0,    0,    0,    0,    0,    0,    0,
};

static const EpdLigaturePair ubuntu_12_boldLigaturePairs[] = {
    { 0x00660066, 0xFB00 }, // f f -> U+FB00
    { 0x00660069, 0xFB01 }, // f i -> U+FB01
    { 0x0066006C, 0xFB02 }, // f l -> U+FB02
    { 0xFB000069, 0xFB03 }, // U+FB00 i -> U+FB03
    { 0xFB00006C, 0xFB04 }, // U+FB00 l -> U+FB04
};

static const EpdFontData ubuntu_12_bold = {
    ubuntu_12_boldBitmaps,
    ubuntu_12_boldGlyphs,
    ubuntu_12_boldIntervals,
    464,
    29,
    24,
    -5,
    false,
    nullptr,
    0,
    nullptr,
    ubuntu_12_boldKernLeftClasses,
    ubuntu_12_boldKernRightClasses,
    ubuntu_12_boldKernMatrix,
    572,
    556,
    172,
    155,
    ubuntu_12_boldLigaturePairs,
    5,
};
