/**
 * generated by fontconvert.py
 * name: ubuntu_12_regular
 * size: 12
 * mode: 1-bit
 * Command used: /Users/rocry/w/_hw/rcwodle/firmware/crosspoint/vendor/lib/EpdFont/scripts/fontconvert.py ubuntu_12_regular 12 /Users/rocry/w/_hw/crosspoint-reader/lib/EpdFont/builtinFonts/source/Ubuntu/Ubuntu-Regular.ttf /Users/rocry/w/_hw/crosspoint-reader/lib/EpdFont/builtinFonts/source/NotoSansHebrew/NotoSansHebrew-Regular.ttf /Users/rocry/w/_hw/rcwodle/tools/.font-cache/LXGWWenKai-Regular.ttf --additional-intervals 0x05D0,0x05EA --additional-intervals 0x00A1,0x00A1 --additional-intervals 0x00AB,0x00AB --additional-intervals 0x00B0,0x00B0 --additional-intervals 0x00B7,0x00B7 --additional-intervals 0x00BA,0x00BB --additional-intervals 0x00BF,0x00BF --additional-intervals 0x00C1,0x00C1 --additional-intervals 0x00C4,0x00C7 --additional-intervals 0x00C9,0x00CA --additional-intervals 0x00CD,0x00CE --additional-intervals 0x00D2,0x00D3 --additional-intervals 0x00D6,0x00D6 --additional-intervals 0x00D9,0x00DA --additional-intervals 0x00DC,0x00DC --additional-intervals 0x00DF,0x00EF --additional-intervals 0x00F1,0x00F3 --additional-intervals 0x00F5,0x00F6 --additional-intervals 0x00F8,0x00FA --additional-intervals 0x00FC,0x00FD --additional-intervals 0x0103,0x0103 --additional-intervals 0x0105,0x0105 --additional-intervals 0x0107,0x0107 --additional-intervals 0x010C,0x010D --additional-intervals 0x010F,0x010F --additional-intervals 0x0117,0x0117 --additional-intervals 0x0119,0x011B --additional-intervals 0x011F,0x011F --additional-intervals 0x012E,0x0131 --additional-intervals 0x0141,0x0142 --additional-intervals 0x0144,0x0144 --additional-intervals 0x0151,0x0151 --additional-intervals 0x0158,0x015B --additional-intervals 0x015E,0x0161 --additional-intervals 0x0163,0x0163 --additional-intervals 0x0165,0x0165 --additional-intervals 0x016B,0x016B --additional-intervals 0x016F,0x016F --additional-intervals 0x0171,0x0171 --additional-intervals 0x0173,0x0173 --additional-intervals 0x017A,0x017A --additional-intervals 0x017C,0x017E --additional-intervals 0x0218,0x0218 --additional-intervals 0x021B,0x021B --additional-intervals 0x0406,0x0406 --additional-intervals 0x0410,0x0429 --additional-intervals 0x042B,0x042D --additional-intervals 0x042F,0x0449 --additional-intervals 0x044B,0x044F --additional-intervals 0x0451,0x0451 --additional-intervals 0x0454,0x0454 --additional-intervals 0x0456,0x0457 --additional-intervals 0x045E,0x045E --additional-intervals 0x0493,0x0493 --additional-intervals 0x049A,0x049B --additional-intervals 0x04A3,0x04A3 --additional-intervals 0x04AE,0x04B1 --additional-intervals 0x04D8,0x04D9 --additional-intervals 0x04E8,0x04E9 --additional-intervals 0x05D0,0x05EA --additional-intervals 0x05F4,0x05F4 --additional-intervals 0x2014,0x2014 --additional-intervals 0x2018,0x2019 --additional-intervals 0x201C,0x201E --additional-intervals 0x2026,0x2026 --additional-intervals 0x2190,0x2190 --additional-intervals 0x3002,0x3002 --additional-intervals 0x300C,0x300D --additional-intervals 0x4E00,0x4E00 --additional-intervals 0x4E0A,0x4E0B --additional-intervals 0x4E0D,0x4E0D --additional-intervals 0x4E13,0x4E13 --additional-intervals 0x4E22,0x4E22 --additional-intervals 0x4E24,0x4E24 --additional-intervals 0x4E2A,0x4E2A --additional-intervals 0x4E2D,0x4E2D --additional-intervals 0x4E32,0x4E32 --additional-intervals 0x4E3A,0x4E3B --additional-intervals 0x4E49,0x4E49 --additional-intervals 0x4E66,0x4E66 --additional-intervals 0x4E8C,0x4E8C --additional-intervals 0x4EA4,0x4EA4 --additional-intervals 0x4ECA,0x4ECA --additional-intervals 0x4ECE,0x4ECE --additional-intervals 0x4ED6,0x4ED6 --additional-intervals 0x4EE5,0x4EE5 --additional-intervals 0x4EF6,0x4EF6 --additional-intervals 0x4F11,0x4F11 --additional-intervals 0x4F1A,0x4F1A --additional-intervals 0x4F20,0x4F20 --additional-intervals 0x4F4D,0x4F4D --additional-intervals 0x4F4F,0x4F4F --additional-intervals 0x4F53,0x4F53 --additional-intervals 0x4F59,0x4F59 --additional-intervals 0x4F5C,0x4F5C --additional-intervals 0x4F60,0x4F60 --additional-intervals 0x4F7F,0x4F7F --additional-intervals 0x4F9B,0x4F9B --additional-intervals 0x4FA7,0x4FA7 --additional-intervals 0x4FBF,0x4FBF --additional-intervals 0x4FDD,0x4FDD --additional-intervals 0x4FE1,0x4FE1 --additional-intervals 0x4FEE,0x4FEE --additional-intervals 0x5012,0x5012 --additional-intervals 0x503E,0x503E --additional-intervals 0x504F,0x504F --additional-intervals 0x50A8,0x50A8 --additional-intervals 0x5145,0x5145 --additional-intervals 0x5148,0x5149 --additional-intervals 0x5165,0x5165 --additional-intervals 0x5168,0x5168 --additional-intervals 0x5173,0x5173 --additional-intervals 0x5176,0x5176 --additional-intervals 0x5178,0x5178 --additional-intervals 0x5185,0x5185 --additional-intervals 0x518D,0x518D --additional-intervals 0x5199,0x5199 --additional-intervals 0x51C6,0x51C6 --additional-intervals 0x51D1,0x51D1 --additional-intervals 0x51E0,0x51E0 --additional-intervals 0x51FA,0x51FA --additional-intervals 0x5206,0x5207 --additional-intervals 0x5217,0x5217 --additional-intervals 0x521B,0x521B --additional-intervals 0x5220,0x5220 --additional-intervals 0x5230,0x5230 --additional-intervals 0x5236,0x5237 --additional-intervals 0x524D,0x524D --additional-intervals 0x5269,0x526A --additional-intervals 0x526F,0x526F --additional-intervals 0x529F,0x52A1 --additional-intervals 0x52A8,0x52A8 --additional-intervals 0x52FF,0x52FF --additional-intervals 0x5339,0x533A --additional-intervals 0x5360,0x5361 --additional-intervals 0x5373,0x5373 --additional-intervals 0x539F,0x539F --additional-intervals 0x53D1,0x53D1 --additional-intervals 0x53D6,0x53D6 --additional-intervals 0x53E3,0x53E3 --additional-intervals 0x53EF,0x53EF --additional-intervals 0x53F3,0x53F3 --additional-intervals 0x53F7,0x53F7 --additional-intervals 0x540C,0x540E --additional-intervals 0x5411,0x5411 --additional-intervals 0x5426,0x5426 --additional-intervals 0x542F,0x542F --additional-intervals 0x544A,0x544A --additional-intervals 0x547D,0x547D --additional-intervals 0x54C8,0x54C8 --additional-intervals 0x5668,0x5668 --additional-intervals 0x56DE,0x56DE --additional-intervals 0x56E0,0x56E0 --additional-intervals 0x56F4,0x56F4 --additional-intervals 0x56FA,0x56FA --additional-intervals 0x56FE,0x56FE --additional-intervals 0x5728,0x5728 --additional-intervals 0x5730,0x5730 --additional-intervals 0x5740,0x5740 --additional-intervals 0x5747,0x5747 --additional-intervals 0x5907,0x5907 --additional-intervals 0x590D,0x590D --additional-intervals 0x5916,0x5916 --additional-intervals 0x5927,0x5927 --additional-intervals 0x5929,0x5929 --additional-intervals 0x5931,0x5931 --additional-intervals 0x5939,0x5939 --additional-intervals 0x5982,0x5982 --additional-intervals 0x59CB,0x59CB --additional-intervals 0x5B57,0x5B58 --additional-intervals 0x5B83,0x5B83 --additional-intervals 0x5B89,0x5B89 --additional-intervals 0x5B8C,0x5B8C --additional-intervals 0x5B9A,0x5B9A --additional-intervals 0x5BBD,0x5BBD --additional-intervals 0x5BC6,0x5BC6 --additional-intervals 0x5BF9,0x5BF9 --additional-intervals 0x5C01,0x5C01 --additional-intervals 0x5C04,0x5C04 --additional-intervals 0x5C06,0x5C06 --additional-intervals 0x5C0F,0x5C0F --additional-intervals 0x5C31,0x5C31 --additional-intervals 0x5C3D,0x5C3D --additional-intervals 0x5C40,0x5C40 --additional-intervals 0x5C45,0x5C45 --additional-intervals 0x5C4F,0x5C4F --additional-intervals 0x5C55,0x5C55 --additional-intervals 0x5D29,0x5D29 --additional-intervals 0x5D4C,0x5D4C --additional-intervals 0x5DE6,0x5DE6 --additional-intervals 0x5DF2,0x5DF2 --additional-intervals 0x5E03,0x5E03 --additional-intervals 0x5E0C,0x5E0C --additional-intervals 0x5E26,0x5E26 --additional-intervals 0x5E38,0x5E38 --additional-intervals 0x5E45,0x5E45 --additional-intervals 0x5E55,0x5E55 --additional-intervals 0x5E73,0x5E73 --additional-intervals 0x5E76,0x5E76 --additional-intervals 0x5E94,0x5E95 --additional-intervals 0x5EA6,0x5EA6 --additional-intervals 0x5EFA,0x5EFA --additional-intervals 0x5F00,0x5F00 --additional-intervals 0x5F0F,0x5F0F --additional-intervals 0x5F15,0x5F15 --additional-intervals 0x5F53,0x5F53 --additional-intervals 0x5F55,0x5F55 --additional-intervals 0x5FEB,0x5FEB --additional-intervals 0x5FFD,0x5FFD --additional-intervals 0x6001,0x6001 --additional-intervals 0x603B,0x603B --additional-intervals 0x6062,0x6062 --additional-intervals 0x606F,0x606F --additional-intervals 0x60C5,0x60C5 --additional-intervals 0x6210,0x6210 --additional-intervals 0x6216,0x6216 --additional-intervals 0x622A,0x622A --additional-intervals 0x6237,0x6237 --additional-intervals 0x6240,0x6240 --additional-intervals 0x624B,0x624B --additional-intervals 0x6253,0x6253 --additional-intervals 0x6269,0x6269 --additional-intervals 0x626B,0x626B --additional-intervals 0x627E,0x627E --additional-intervals 0x6297,0x6297 --additional-intervals 0x62A5,0x62A5 --additional-intervals 0x62E9,0x62E9 --additional-intervals 0x6301,0x6301 --additional-intervals 0x6309,0x6309 --additional-intervals 0x6362,0x6362 --additional-intervals 0x636E,0x636E --additional-intervals 0x63A5,0x63A5 --additional-intervals 0x63CF,0x63D0 --additional-intervals 0x63D2,0x63D2 --additional-intervals 0x641C,0x641C --additional-intervals 0x64CD,0x64CD --additional-intervals 0x6536,0x6536 --additional-intervals 0x653E,0x653E --additional-intervals 0x6548,0x6548 --additional-intervals 0x6570,0x6570 --additional-intervals 0x6587,0x6587 --additional-intervals 0x659C,0x659C --additional-intervals 0x65AD,0x65AD --additional-intervals 0x65B0,0x65B0 --additional-intervals 0x65B9,0x65B9 --additional-intervals 0x65E0,0x65E0 --additional-intervals 0x65E5,0x65E5 --additional-intervals 0x65F6,0x65F6 --additional-intervals 0x6620,0x6620 --additional-intervals 0x662F,0x662F --additional-intervals 0x663E,0x663E --additional-intervals 0x6682,0x6682 --additional-intervals 0x66F4,0x66F4 --additional-intervals 0x6700,0x6700 --additional-intervals 0x6709,0x6709 --additional-intervals 0x670D,0x670D --additional-intervals 0x672A,0x672A --additional-intervals 0x672C,0x672C --additional-intervals 0x673A,0x673A --additional-intervals 0x6761,0x6761 --additional-intervals 0x6765,0x6765 --additional-intervals 0x677E,0x677E --additional-intervals 0x6790,0x6790 --additional-intervals 0x679C,0x679C --additional-intervals 0x67E5,0x67E5 --additional-intervals 0x6807,0x6807 --additional-intervals 0x680F,0x680F --additional-intervals 0x6821,0x6821 --additional-intervals 0x6837,0x6837 --additional-intervals 0x6839,0x6839 --additional-intervals 0x683C,0x683C --additional-intervals 0x6863,0x6863 --additional-intervals 0x68C0,0x68C0 --additional-intervals 0x6A21,0x6A21 --additional-intervals 0x6A2A,0x6A2A --additional-intervals 0x6B21,0x6B21 --additional-intervals 0x6B63,0x6B65 --additional-intervals 0x6BB5,0x6BB5 --additional-intervals 0x6BCF,0x6BCF --additional-intervals 0x6BD4,0x6BD4 --additional-intervals 0x6CA1,0x6CA1 --additional-intervals 0x6CD5,0x6CD5 --additional-intervals 0x6CE8,0x6CE8 --additional-intervals 0x6D45,0x6D45 --additional-intervals 0x6D4F,0x6D4F --additional-intervals 0x6D88,0x6D88 --additional-intervals 0x6DF1,0x6DF1 --additional-intervals 0x6DFB,0x6DFB --additional-intervals 0x6E05,0x6E05 --additional-intervals 0x6E29,0x6E29 --additional-intervals 0x6E7F,0x6E7F --additional-intervals 0x6E83,0x6E83 --additional-intervals 0x6E90,0x6E90 --additional-intervals 0x6EE4,0x6EE4 --additional-intervals 0x706F,0x706F --additional-intervals 0x70B9,0x70B9 --additional-intervals 0x70ED,0x70ED --additional-intervals 0x7247,0x7248 --additional-intervals 0x7279,0x7279 --additional-intervals 0x72B6,0x72B6 --additional-intervals 0x7387,0x7387 --additional-intervals 0x73B0,0x73B0 --additional-intervals 0x7406,0x7406 --additional-intervals 0x7528,0x7528 --additional-intervals 0x7535,0x7535 --additional-intervals 0x754C,0x754C --additional-intervals 0x7565,0x7565 --additional-intervals 0x767B,0x767B --additional-intervals 0x767E,0x767E --additional-intervals 0x7684,0x7684 --additional-intervals 0x76D8,0x76D8 --additional-intervals 0x76EE,0x76EE --additional-intervals 0x7720,0x7720 --additional-intervals 0x77ED,0x77ED --additional-intervals 0x7801,0x7801 --additional-intervals 0x786C,0x786C --additional-intervals 0x786E,0x786E --additional-intervals 0x793A,0x793A --additional-intervals 0x7981,0x7981 --additional-intervals 0x79D2,0x79D2 --additional-intervals 0x79F0,0x79F0 --additional-intervals 0x79FB,0x79FB --additional-intervals 0x7A0B,0x7A0B --additional-intervals 0x7A7A,0x7A7A --additional-intervals 0x7ACB,0x7ACB --additional-intervals 0x7AD6,0x7AD6 --additional-intervals 0x7AE0,0x7AE0 --additional-intervals 0x7AEF,0x7AEF --additional-intervals 0x7B26,0x7B26 --additional-intervals 0x7B2C,0x7B2C --additional-intervals 0x7B7E,0x7B7E --additional-intervals 0x7B80,0x7B80 --additional-intervals 0x7B97,0x7B97 --additional-intervals 0x7BA1,0x7BA1 --additional-intervals 0x7C4D,0x7C4D --additional-intervals 0x7C97,0x7C97 --additional-intervals 0x7CFB,0x7CFB --additional-intervals 0x7D22,0x7D22 --additional-intervals 0x7D27,0x7D27 --additional-intervals 0x7D2F,0x7D2F --additional-intervals 0x7EBF,0x7EBF --additional-intervals 0x7EC6,0x7EC6 --additional-intervals 0x7ECF,0x7ECF --additional-intervals 0x7EDC,0x7EDC --additional-intervals 0x7EDF,0x7EDF --additional-intervals 0x7EE7,0x7EE7 --additional-intervals 0x7EEA,0x7EEA --additional-intervals 0x7EED,0x7EED --additional-intervals 0x7EF4,0x7EF4 --additional-intervals 0x7F13,0x7F13 --additional-intervals 0x7F16,0x7F16 --additional-intervals 0x7F51,0x7F51 --additional-intervals 0x7F6E,0x7F6E --additional-intervals 0x7FFB,0x7FFB --additional-intervals 0x8017,0x8017 --additional-intervals 0x80FD,0x80FD --additional-intervals 0x811A,0x811A --additional-intervals 0x81EA,0x81EA --additional-intervals 0x8272,0x8272 --additional-intervals 0x8282,0x8282 --additional-intervals 0x8303,0x8303 --additional-intervals 0x83B7,0x83B7 --additional-intervals 0x843D,0x843D --additional-intervals 0x85CF,0x85CF --additional-intervals 0x884C,0x884C --additional-intervals 0x8868,0x8868 --additional-intervals 0x88AB,0x88AB --additional-intervals 0x88C1,0x88C1 --additional-intervals 0x88C5,0x88C5 --additional-intervals 0x892A,0x892A --additional-intervals 0x8981,0x8981 --additional-intervals 0x89C1,0x89C1 --additional-intervals 0x89C8,0x89C8 --additional-intervals 0x89E3,0x89E3 --additional-intervals 0x8A00,0x8A00 --additional-intervals 0x8BA1,0x8BA1 --additional-intervals 0x8BA4,0x8BA4 --additional-intervals 0x8BB0,0x8BB0 --additional-intervals 0x8BBE,0x8BBE --additional-intervals 0x8BC1,0x8BC1 --additional-intervals 0x8BCA,0x8BCA --additional-intervals 0x8BCD,0x8BCD --additional-intervals 0x8BD5,0x8BD5 --additional-intervals 0x8BE5,0x8BE6 --additional-intervals 0x8BED,0x8BED --additional-intervals 0x8BEF,0x8BEF --additional-intervals 0x8BF7,0x8BF7 --additional-intervals 0x8BFB,0x8BFB --additional-intervals 0x8D25,0x8D26 --additional-intervals 0x8D85,0x8D85 --additional-intervals 0x8DB3,0x8DB3 --additional-intervals 0x8DDD,0x8DDD --additional-intervals 0x8DDF,0x8DDF --additional-intervals 0x8DF3,0x8DF3 --additional-intervals 0x8F6C,0x8F6C --additional-intervals 0x8F7D,0x8F7D --additional-intervals 0x8F91,0x8F91 --additional-intervals 0x8F93,0x8F93 --additional-intervals 0x8FB9,0x8FB9 --additional-intervals 0x8FC7,0x8FC7 --additional-intervals 0x8FD1,0x8FD1 --additional-intervals 0x8FD4,0x8FD4 --additional-intervals 0x8FDB,0x8FDC --additional-intervals 0x8FDE,0x8FDE --additional-intervals 0x9000,0x9002 --additional-intervals 0x9006,0x9006 --additional-intervals 0x9009,0x9009 --additional-intervals 0x901F,0x901F --additional-intervals 0x90E8,0x90E8 --additional-intervals 0x90FD,0x90FD --additional-intervals 0x914D,0x914D --additional-intervals 0x91CD,0x91CD --additional-intervals 0x91CF,0x91CF --additional-intervals 0x9488,0x9488 --additional-intervals 0x949F,0x949F --additional-intervals 0x94FE,0x94FE --additional-intervals 0x9519,0x9519 --additional-intervals 0x952E,0x952F --additional-intervals 0x955C,0x955C --additional-intervals 0x957F,0x957F --additional-intervals 0x95ED,0x95EE --additional-intervals 0x95F4,0x95F4 --additional-intervals 0x9605,0x9605 --additional-intervals 0x9633,0x9633 --additional-intervals 0x9644,0x9644 --additional-intervals 0x9664,0x9664 --additional-intervals 0x968F,0x9690 --additional-intervals 0x9700,0x9700 --additional-intervals 0x9762,0x9762 --additional-intervals 0x9875,0x9876 --additional-intervals 0x9879,0x987A --additional-intervals 0x9884,0x9884 --additional-intervals 0x9891,0x9891 --additional-intervals 0x9898,0x9898 --additional-intervals 0x989D,0x989D --additional-intervals 0x9A8C,0x9A8C --additional-intervals 0x9ED8,0x9ED8 --additional-intervals 0x9F50,0x9F50 --additional-intervals 0x9F7F,0x9F7F --additional-intervals 0xFF01,0xFF01 --additional-intervals 0xFF08,0xFF09 --additional-intervals 0xFF0C,0xFF0C --additional-intervals 0xFF1A,0xFF1A --additional-intervals 0xFF1F,0xFF1F
 */
#pragma once
#include "EpdFontData.h"

static const uint8_t ubuntu_12_regularBitmaps[60604] = {
    0x73, 0x9C, 0xE7, 0x39, 0xCE, 0x73, 0x9C, 0xE0, 0x01, 0xDE, 0x70, 0xF7, 0xF7, 0xF7, 0x67, 0x67,
    0x67, 0x0E, 0x18, 0x1C, 0x70, 0x38, 0xE0, 0x71, 0xC0, 0xC3, 0x9F, 0xFF, 0xFF, 0xFF, 0x8E, 0x38,
    0x1C, 0x70, 0x30, 0xE3, 0xFF, 0xFF, 0xFF, 0xF3, 0x8E, 0x07, 0x1C, 0x0E, 0x38, 0x38, 0x60, 0x71,
    0xC0, 0x06, 0x00, 0x60, 0x06, 0x01, 0xFE, 0x7F, 0xE7, 0x8E, 0x70, 0x07, 0x00, 0x70, 0x07, 0x80,
    0x3E, 0x01, 0xF8, 0x03, 0xC0, 0x1E, 0x00, 0xF0, 0x07, 0x00, 0xF7, 0x1F, 0xFF, 0xE7, 0xFC, 0x06,
    0x00, 0x60, 0x06, 0x00, 0x3E, 0x07, 0x07, 0xF0, 0xE0, 0xF7, 0x0E, 0x0E, 0x31, 0xC0, 0xE3, 0xBC,
    0x0E, 0x3B, 0x80, 0xE3, 0x70, 0x0F, 0x77, 0x7C, 0x7F, 0xEF, 0xE3, 0xEF, 0xEE, 0x01, 0xDC, 0x60,
    0x3D, 0xC7, 0x03, 0x9C, 0x70, 0x71, 0xC6, 0x07, 0x1E, 0xE0, 0xE0, 0xFE, 0x0E, 0x07, 0xC0, 0x0F,
    0x80, 0x3F, 0xC0, 0x3D, 0xE0, 0x38, 0xE0, 0x38, 0xE0, 0x38, 0xE0, 0x3B, 0xC0, 0x1F, 0x80, 0x3F,
    0x00, 0x7F, 0x0C, 0xF3, 0x9C, 0xE1, 0xDC, 0xE0, 0xF8, 0xE0, 0x78, 0xF9, 0xF8, 0x7F, 0xFE, 0x3F,
    0x8E, 0xFF, 0xF6, 0x66, 0x06, 0x1C, 0x70, 0xE3, 0x87, 0x1E, 0x38, 0x70, 0xE1, 0xC3, 0x87, 0x0E,
    0x1C, 0x38, 0x70, 0xE1, 0xE1, 0xC3, 0x83, 0x87, 0x07, 0x06, 0xE1, 0xC1, 0xC3, 0x83, 0x87, 0x07,
    0x0E, 0x1C, 0x38, 0x70, 0xE1, 0xE3, 0x87, 0x0E, 0x1C, 0x38, 0x71, 0xC3, 0x8E, 0x1C, 0x70, 0xE0,
    0x06, 0x00, 0x60, 0x66, 0x67, 0xFE, 0x7F, 0xE0, 0xF0, 0x1F, 0x81, 0xF8, 0x39, 0xC1, 0x98, 0x06,
    0x00, 0x60, 0x06, 0x00, 0x60, 0x06, 0x0F, 0xFF, 0xFF, 0xF0, 0x60, 0x06, 0x00, 0x60, 0x06, 0x00,
    0x60, 0x39, 0xDE, 0xE7, 0x39, 0x80, 0xFF, 0xFC, 0xFF, 0xF0, 0x00, 0xE0, 0x0E, 0x00, 0xE0, 0x1C,
    0x01, 0xC0, 0x1C, 0x03, 0x80, 0x38, 0x03, 0x80, 0x70, 0x07, 0x00, 0x70, 0x0E, 0x00, 0xE0, 0x0E,
    0x01, 0xC0, 0x1C, 0x01, 0xC0, 0x38, 0x03, 0x80, 0x38, 0x07, 0x00, 0x70, 0x07, 0x00, 0xE0, 0x00,
    0x1F, 0x83, 0xFC, 0x79, 0xE7, 0x0E, 0xF0, 0x7E, 0x07, 0xE0, 0x7E, 0x07, 0xE0, 0x7E, 0x07, 0xE0,
    0x7E, 0x07, 0xF0, 0x77, 0x0E, 0x79, 0xE3, 0xFC, 0x1F, 0x80, 0x0F, 0x1F, 0x7F, 0xFF, 0xE7, 0x07,
    0x07, 0x07, 0x07, 0x07, 0x07, 0x07, 0x07, 0x07, 0x07, 0x07, 0x07, 0x3F, 0x87, 0xFC, 0xF3, 0xE4,
    0x0E, 0x00, 0xE0, 0x0E, 0x01, 0xE0, 0x3C, 0x07, 0x80, 0xF0, 0x1E, 0x01, 0xC0, 0x38, 0x07, 0x00,
    0x70, 0x0F, 0xFF, 0xFF, 0xF0, 0x3F, 0x87, 0xFC, 0x73, 0xC0, 0x1E, 0x00, 0xE0, 0x1E, 0x03, 0xC1,
    0xF8, 0x1F, 0xC0, 0x7E, 0x00, 0xE0, 0x0F, 0x00, 0xF0, 0x0E, 0xE3, 0xEF, 0xFC, 0xFF, 0x80, 0x01,
    0xC0, 0x1E, 0x01, 0xF0, 0x1F, 0x80, 0xFC, 0x0E, 0xE0, 0xE7, 0x07, 0x38, 0x71, 0xC3, 0x0E, 0x38,
    0x71, 0xFF, 0xEF, 0xFF, 0x00, 0xE0, 0x07, 0x00, 0x38, 0x01, 0xC0, 0x3F, 0xE3, 0xFE, 0x38, 0x03,
    0x80, 0x30, 0x03, 0x00, 0x7F, 0x07, 0xFC, 0x0F, 0xE0, 0x1E, 0x00, 0xF0, 0x0F, 0x00, 0xF0, 0x0E,
    0x63, 0xEF, 0xFC, 0x7F, 0x80, 0x03, 0xE0, 0xFE, 0x1F, 0xC3, 0xC0, 0x78, 0x07, 0x00, 0x7F, 0xCF,
    0xFE, 0xF9, 0xFE, 0x07, 0xE0, 0x7F, 0x07, 0xF0, 0x77, 0x0F, 0x7D, 0xE3, 0xFE, 0x1F, 0x80, 0xFF,
    0xFF, 0xFF, 0x00, 0xF0, 0x1E, 0x01, 0xC0, 0x3C, 0x03, 0x80, 0x70, 0x07, 0x00, 0x70, 0x0E, 0x00,
    0xE0, 0x0E, 0x01, 0xC0, 0x1C, 0x01, 0xC0, 0x1C, 0x00, 0x1F, 0x83, 0xFE, 0x79, 0xE7, 0x0F, 0xF0,
    0x77, 0x0E, 0x78, 0xE7, 0xFC, 0x3F, 0xC7, 0xFE, 0x71, 0xFE, 0x07, 0xE0, 0x7E, 0x07, 0xF9, 0xF7,
    0xFE, 0x3F, 0xC0, 0x1F, 0x87, 0xFC, 0x79, 0xEF, 0x0E, 0xE0, 0xFE, 0x07, 0xE0, 0x7F, 0x9F, 0x7F,
    0xF3, 0xFF, 0x00, 0xE0, 0x0E, 0x01, 0xE0, 0x3C, 0x1F, 0x87, 0xF0, 0x7C, 0x00, 0xFF, 0xF0, 0x00,
    0x00, 0x00, 0xFF, 0xF0, 0x7B, 0xDE, 0x00, 0x00, 0x00, 0x00, 0x0E, 0x77, 0xB9, 0xCE, 0x60, 0x00,
    0x70, 0x1F, 0x0F, 0xE3, 0xF8, 0xFC, 0x0F, 0x00, 0xFC, 0x03, 0xF8, 0x0F, 0xE0, 0x1F, 0x00, 0x70,
    0xFF, 0xFF, 0xFF, 0x00, 0x00, 0x00, 0x00, 0x0F, 0xFF, 0xFF, 0xF0, 0xE0, 0x0F, 0x80, 0x7F, 0x00,
    0xFC, 0x03, 0xF0, 0x0F, 0x03, 0xF0, 0xFC, 0x7F, 0x0F, 0x80, 0xE0, 0x00, 0x7F, 0x3F, 0xE6, 0x7C,
    0x0F, 0x01, 0xC0, 0xE0, 0x78, 0x3C, 0x0E, 0x07, 0x01, 0xC0, 0x60, 0x00, 0x00, 0x01, 0xC0, 0xF0,
    0x1C, 0x00, 0x01, 0xFE, 0x00, 0x1F, 0xFE, 0x00, 0xFC, 0xFC, 0x07, 0x80, 0x78, 0x3C, 0x00, 0x71,
    0xE3, 0xFD, 0xE7, 0x1F, 0xF3, 0x9C, 0xF9, 0xCE, 0xE3, 0x87, 0x3B, 0x8E, 0x1C, 0x6E, 0x78, 0x71,
    0xB9, 0xE1, 0xCE, 0xE3, 0x87, 0x3B, 0x8E, 0x1C, 0xE7, 0x3C, 0xF7, 0x9C, 0x7F, 0xFC, 0x78, 0xFF,
    0xE0, 0xF0, 0x00, 0x01, 0xE0, 0x00, 0x07, 0xF0, 0x80, 0x07, 0xFF, 0x00, 0x07, 0xFC, 0x00, 0x01,
    0xC0, 0x01, 0xF0, 0x00, 0xF8, 0x00, 0xFC, 0x00, 0x77, 0x00, 0x73, 0x80, 0x39, 0xE0, 0x3C, 0x70,
    0x1C, 0x3C, 0x0E, 0x0E, 0x0F, 0x07, 0x07, 0xFF, 0xC3, 0xFF, 0xE3, 0x80, 0x71, 0xC0, 0x3D, 0xE0,
    0x0E, 0xE0, 0x07, 0x80, 0xFF, 0xC7, 0xFF, 0x38, 0xFD, 0xC0, 0xEE, 0x07, 0x70, 0x3B, 0x87, 0xDF,
    0xFC, 0xFF, 0xF7, 0x0F, 0xB8, 0x1F, 0xC0, 0x7E, 0x03, 0xF0, 0x3F, 0x87, 0xDF, 0xFE, 0xFF, 0xC0,
    0x07, 0xF8, 0x7F, 0xF3, 0xF3, 0xDE, 0x00, 0x78, 0x01, 0xC0, 0x0F, 0x00, 0x38, 0x00, 0xE0, 0x03,
    0x80, 0x0F, 0x00, 0x3C, 0x00, 0x70, 0x01, 0xE0, 0x03, 0xF1, 0xC7, 0xFF, 0x07, 0xF8, 0xFF, 0xC1,
    0xFF, 0xC3, 0x87, 0xE7, 0x03, 0xCE, 0x03, 0xDC, 0x03, 0xB8, 0x07, 0xF0, 0x0F, 0xE0, 0x1F, 0xC0,
    0x3F, 0x80, 0x7F, 0x00, 0xEE, 0x03, 0xDC, 0x0F, 0x38, 0x7E, 0x7F, 0xF0, 0xFF, 0xC0, 0xFF, 0xEF,
    0xFE, 0xE0, 0x0E, 0x00, 0xE0, 0x0E, 0x00, 0xE0, 0x0F, 0xFC, 0xFF, 0xCE, 0x00, 0xE0, 0x0E, 0x00,
    0xE0, 0x0E, 0x00, 0xE0, 0x0F, 0xFF, 0xFF, 0xF0, 0xFF, 0xFF, 0xFF, 0x80, 0x70, 0x0E, 0x01, 0xC0,
    0x38, 0x07, 0xFE, 0xFF, 0xDC, 0x03, 0x80, 0x70, 0x0E, 0x01, 0xC0, 0x38, 0x07, 0x00, 0xE0, 0x00,
    0x07, 0xF8, 0x3F, 0xF8, 0xFC, 0xF3, 0xC0, 0x07, 0x80, 0x0E, 0x00, 0x3C, 0x00, 0x70, 0x00, 0xE0,
    0x01, 0xC0, 0x3F, 0xC0, 0x7F, 0x80, 0xF7, 0x01, 0xEF, 0x03, 0xCF, 0xC7, 0x8F, 0xFF, 0x07, 0xFC,
    0xE0, 0x1F, 0x80, 0x7E, 0x01, 0xF8, 0x07, 0xE0, 0x1F, 0x80, 0x7E, 0x01, 0xFF, 0xFF, 0xFF, 0xFF,
    0x80, 0x7E, 0x01, 0xF8, 0x07, 0xE0, 0x1F, 0x80, 0x7E, 0x01, 0xF8, 0x07, 0xE0, 0x1C, 0xFF, 0xFF,
    0xFF, 0xFF, 0xFF, 0xFF, 0xE0, 0x00, 0xE0, 0x1C, 0x03, 0x80, 0x70, 0x0E, 0x01, 0xC0, 0x38, 0x07,
    0x00, 0xE0, 0x1C, 0x03, 0x80, 0x70, 0x0E, 0x03, 0xF9, 0xF7, 0xFE, 0x7F, 0x00, 0xE0, 0x7B, 0x83,
    0xCE, 0x1E, 0x38, 0xF0, 0xE7, 0x83, 0xBC, 0x0F, 0xE0, 0x3F, 0x00, 0xFE, 0x03, 0xFC, 0x0E, 0xF8,
    0x39, 0xF0, 0xE3, 0xE3, 0x87, 0xCE, 0x0F, 0x38, 0x1E, 0xE0, 0x3C, 0xE0, 0x1C, 0x03, 0x80, 0x70,
    0x0E, 0x01, 0xC0, 0x38, 0x07, 0x00, 0xE0, 0x1C, 0x03, 0x80, 0x70, 0x0E, 0x01, 0xC0, 0x38, 0x07,
    0xFF, 0xFF, 0xE0, 0x38, 0x01, 0xC7, 0x80, 0x1C, 0x7C, 0x03, 0xC7, 0xC0, 0x3E, 0x7E, 0x06, 0xE7,
    0x60, 0x6E, 0x77, 0x0C, 0xE7, 0x30, 0xCE, 0x73, 0x1C, 0xE7, 0x39, 0x8E, 0x71, 0x98, 0xE7, 0x1F,
    0x8E, 0x70, 0xF0, 0xEF, 0x0F, 0x0E, 0xF0, 0xE0, 0xEE, 0x00, 0x0E, 0xE0, 0x00, 0xE0, 0xE0, 0x1D,
    0xE0, 0x3B, 0xE0, 0x77, 0xE0, 0xEF, 0xC1, 0xDD, 0xC3, 0xBB, 0xC7, 0x73, 0xCE, 0xE3, 0x9D, 0xC3,
    0xBB, 0x87, 0xF7, 0x07, 0xEE, 0x07, 0xDC, 0x0F, 0xB8, 0x0F, 0x70, 0x0E, 0xE0, 0x1C, 0x07, 0xF8,
    0x0F, 0xFE, 0x0F, 0xCF, 0x8F, 0x01, 0xE7, 0x00, 0x7B, 0x80, 0x3F, 0xC0, 0x0F, 0xC0, 0x07, 0xE0,
    0x03, 0xF0, 0x01, 0xFC, 0x00, 0xEE, 0x00, 0xF7, 0x00, 0x7B, 0xC0, 0x78, 0xFC, 0xF8, 0x3F, 0xF8,
    0x07, 0xF8, 0x00, 0xFF, 0x87, 0xFF, 0x38, 0xFD, 0xC0, 0xEE, 0x07, 0xF0, 0x3F, 0x81, 0xFC, 0x0E,
    0xE3, 0xF7, 0xFF, 0x3F, 0xF1, 0xC0, 0x0E, 0x00, 0x70, 0x03, 0x80, 0x1C, 0x00, 0xE0, 0x00, 0x07,
    0xF8, 0x0F, 0xFE, 0x0F, 0xCF, 0x8F, 0x01, 0xE7, 0x00, 0x7B, 0x80, 0x3F, 0xC0, 0x0F, 0xC0, 0x07,
    0xE0, 0x03, 0xF0, 0x01, 0xFC, 0x00, 0xEE, 0x00, 0xF7, 0x00, 0x7B, 0xC0, 0x78, 0xFC, 0xF8, 0x3F,
    0xF8, 0x07, 0xF8, 0x00, 0x70, 0x00, 0x3C, 0x00, 0x0F, 0xC0, 0x03, 0xF0, 0x00, 0x78, 0xFF, 0xC3,
    0xFF, 0x8E, 0x3F, 0x38, 0x1C, 0xE0, 0x7B, 0x81, 0xEE, 0x07, 0x38, 0x7C, 0xFF, 0xE3, 0xFF, 0x0E,
    0x3C, 0x38, 0x70, 0xE0, 0xE3, 0x83, 0xCE, 0x07, 0x38, 0x1E, 0xE0, 0x38, 0x1F, 0xE1, 0xFF, 0x9F,
    0x1C, 0xE0, 0x07, 0x00, 0x3C, 0x00, 0xF8, 0x03, 0xE0, 0x07, 0xC0, 0x0F, 0x80, 0x3C, 0x00, 0xF0,
    0x03, 0x80, 0x3D, 0xE7, 0xCF, 0xFE, 0x3F, 0xC0, 0xFF, 0xFF, 0xFF, 0xF0, 0x78, 0x01, 0xE0, 0x07,
    0x80, 0x1E, 0x00, 0x78, 0x01, 0xE0, 0x07, 0x80, 0x1E, 0x00, 0x78, 0x01, 0xE0, 0x07, 0x80, 0x1E,
    0x00, 0x78, 0x01, 0xE0, 0x07, 0x80, 0xE0, 0x3F, 0x80, 0xFE, 0x03, 0xF8, 0x0F, 0xE0, 0x3F, 0x80,
    0xFE, 0x03, 0xF8, 0x0F, 0xE0, 0x3F, 0x80, 0xFE, 0x03, 0xF8, 0x0E, 0xE0, 0x3B, 0xC1, 0xE7, 0xCF,
    0x0F, 0xFC, 0x1F, 0xC0, 0xE0, 0x07, 0x78, 0x03, 0x9C, 0x03, 0xCF, 0x01, 0xC7, 0x80, 0xE1, 0xC0,
    0xF0, 0xF0, 0x70, 0x38, 0x78, 0x1C, 0x38, 0x0F, 0x1C, 0x03, 0x9E, 0x01, 0xEE, 0x00, 0x7F, 0x00,
    0x3F, 0x00, 0x0F, 0x80, 0x07, 0x80, 0x03, 0xC0, 0x00, 0xF0, 0x00, 0x0E, 0xE0, 0x00, 0x3D, 0xC0,
    0xE0, 0x73, 0x81, 0xE0, 0xE7, 0x07, 0xC1, 0xCF, 0x0F, 0x83, 0x8E, 0x1F, 0x8F, 0x1C, 0x77, 0x1C,
    0x38, 0xEE, 0x38, 0x79, 0xCE, 0x70, 0x77, 0x1C, 0xE0, 0xEE, 0x3B, 0x81, 0xDC, 0x3F, 0x03, 0xF0,
    0x7E, 0x03, 0xE0, 0x78, 0x07, 0x80, 0xF0, 0x0F, 0x01, 0xE0, 0x70, 0x1E, 0x78, 0x1C, 0x3C, 0x3C,
    0x1C, 0x78, 0x1E, 0x70, 0x0F, 0xF0, 0x07, 0xE0, 0x03, 0xC0, 0x03, 0xC0, 0x07, 0xE0, 0x0F, 0xE0,
    0x0E, 0xF0, 0x1E, 0x78, 0x3C, 0x3C, 0x38, 0x1C, 0x78, 0x1E, 0xF0, 0x0E, 0xF0, 0x1E, 0xE0, 0x39,
    0xE0, 0xF1, 0xC1, 0xC3, 0xC7, 0x83, 0xDE, 0x03, 0xB8, 0x07, 0xF0, 0x07, 0xC0, 0x07, 0x00, 0x0E,
    0x00, 0x1C, 0x00, 0x38, 0x00, 0x70, 0x00, 0xE0, 0x01, 0xC0, 0x03, 0x80, 0x7F, 0xFD, 0xFF, 0xF0,
    0x07, 0x80, 0x3C, 0x00, 0xE0, 0x07, 0x80, 0x3C, 0x01, 0xE0, 0x07, 0x00, 0x3C, 0x01, 0xE0, 0x07,
    0x00, 0x3C, 0x01, 0xE0, 0x07, 0x00, 0x3F, 0xFF, 0xFF, 0xFC, 0xFD, 0xFB, 0x87, 0x0E, 0x1C, 0x38,
    0x70, 0xE1, 0xC3, 0x87, 0x0E, 0x1C, 0x38, 0x70, 0xE1, 0xC3, 0x87, 0x0E, 0x1C, 0x38, 0x7E, 0xFC,
    0xE0, 0x07, 0x00, 0x70, 0x07, 0x00, 0x38, 0x03, 0x80, 0x38, 0x01, 0xC0, 0x1C, 0x01, 0xC0, 0x0E,
    0x00, 0xE0, 0x0E, 0x00, 0x70, 0x07, 0x00, 0x70, 0x03, 0x80, 0x38, 0x03, 0x80, 0x1C, 0x01, 0xC0,
    0x1C, 0x00, 0xE0, 0x0E, 0x00, 0xE0, 0xFF, 0xF1, 0xC7, 0x1C, 0x71, 0xC7, 0x1C, 0x71, 0xC7, 0x1C,
    0x71, 0xC7, 0x1C, 0x71, 0xC7, 0x1C, 0x71, 0xFF, 0xFC, 0x0F, 0x00, 0xF0, 0x1F, 0x81, 0xDC, 0x39,
    0xC7, 0x0E, 0x70, 0xEE, 0x07, 0xE0, 0x70, 0x7F, 0xFD, 0xFF, 0xF0, 0x63, 0xC7, 0x0E, 0x18, 0x7F,
    0x8F, 0xF9, 0x8F, 0x00, 0xE0, 0x0E, 0x7F, 0xDF, 0xFF, 0xCF, 0xE0, 0xFC, 0x1F, 0xC7, 0xFF, 0xF3,
    0xFC, 0xE0, 0x0E, 0x00, 0xE0, 0x0E, 0x00, 0xE0, 0x0E, 0x00, 0xFF, 0x8F, 0xFC, 0xF3, 0xEE, 0x0E,
    0xE0, 0xFE, 0x07, 0xE0, 0x7E, 0x07, 0xE0, 0xFE, 0x0E, 0xE3, 0xEF, 0xFC, 0xFF, 0x80, 0x1F, 0xC7,
    0xF9, 0xF3, 0x38, 0x0E, 0x01, 0xC0, 0x38, 0x07, 0x00, 0xE0, 0x1E, 0x01, 0xF3, 0x1F, 0xE1, 0xFC,
    0x00, 0x70, 0x07, 0x00, 0x70, 0x07, 0x00, 0x70, 0x07, 0x1F, 0xF3, 0xFF, 0x79, 0xFF, 0x07, 0xE0,
    0x7E, 0x07, 0xE0, 0x7E, 0x07, 0xE0, 0x7F, 0x07, 0x7C, 0x73, 0xFF, 0x1F, 0xF0, 0x1F, 0x83, 0xFE,
    0x79, 0xEF, 0x0F, 0xE0, 0x7F, 0xFF, 0xFF, 0xFE, 0x00, 0xE0, 0x0F, 0x00, 0x7C, 0x63, 0xFE, 0x1F,
    0xE0, 0x3F, 0x7F, 0xF3, 0xE0, 0xE0, 0xE0, 0xFF, 0xFF, 0xE0, 0xE0, 0xE0, 0xE0, 0xE0, 0xE0, 0xE0,
    0xE0, 0xE0, 0xE0, 0xE0, 0x1F, 0xF3, 0xFF, 0x7C, 0xF7, 0x07, 0xE0, 0x7E, 0x07, 0xE0, 0x7E, 0x07,
    0xE0, 0x7F, 0x07, 0x7D, 0xF3, 0xFF, 0x1F, 0xF0, 0x07, 0x00, 0xF7, 0x1E, 0x7F, 0xE7, 0xF8, 0xE0,
    0x1C, 0x03, 0x80, 0x70, 0x0E, 0x01, 0xC0, 0x3F, 0xE7, 0xFE, 0xF3, 0xDC, 0x3F, 0x83, 0xF0, 0x7E,
    0x0F, 0xC1, 0xF8, 0x3F, 0x07, 0xE0, 0xFC, 0x1F, 0x83, 0x80, 0xFF, 0x00, 0x07, 0x77, 0x77, 0x77,
    0x77, 0x77, 0x77, 0x1E, 0x3C, 0x00, 0x00, 0x01, 0xC3, 0x87, 0x0E, 0x1C, 0x38, 0x70, 0xE1, 0xC3,
    0x87, 0x0E, 0x1C, 0x38, 0xF3, 0xDF, 0xBE, 0x00, 0xE0, 0x1C, 0x03, 0x80, 0x70, 0x0E, 0x01, 0xC0,
    0x38, 0x77, 0x1C, 0xEF, 0x1F, 0xC3, 0xF0, 0x7C, 0x0F, 0xC1, 0xFC, 0x3B, 0xC7, 0x3C, 0xE3, 0xDC,
    0x3B, 0x87, 0x80, 0x71, 0xC7, 0x1C, 0x71, 0xC7, 0x1C, 0x71, 0xC7, 0x1C, 0x71, 0xC7, 0x1C, 0x79,
    0xF3, 0x80, 0xFF, 0x7F, 0x3F, 0xFF, 0xEE, 0x3E, 0x7F, 0x87, 0x07, 0xE1, 0xC1, 0xF8, 0x70, 0x7E,
    0x1C, 0x1F, 0x87, 0x07, 0xE1, 0xC1, 0xF8, 0x70, 0x7E, 0x1C, 0x1F, 0x87, 0x07, 0xE1, 0xC1, 0xC0,
    0xFF, 0x9F, 0xFB, 0x8F, 0x70, 0xFE, 0x0F, 0xC1, 0xF8, 0x3F, 0x07, 0xE0, 0xFC, 0x1F, 0x83, 0xF0,
    0x7E, 0x0E, 0x1F, 0xC1, 0xFF, 0x1E, 0x7C, 0xE0, 0xEE, 0x07, 0xF0, 0x1F, 0x80, 0xFC, 0x07, 0xE0,
    0x7B, 0x83, 0x9E, 0x7C, 0x7F, 0xC1, 0xFC, 0x00, 0xFF, 0x8F, 0xFC, 0xE3, 0xEE, 0x0E, 0xE0, 0xFE,
    0x07, 0xE0, 0x7E, 0x07, 0xE0, 0xFE, 0x0E, 0xF3, 0xEF, 0xFC, 0xFF, 0x8E, 0x00, 0xE0, 0x0E, 0x00,
    0xE0, 0x0E, 0x00, 0x1F, 0xF3, 0xFF, 0x7C, 0x7F, 0x07, 0xE0, 0x7E, 0x07, 0xE0, 0x7E, 0x07, 0xE0,
    0x7F, 0x07, 0x79, 0xF3, 0xFF, 0x1F, 0xF0, 0x07, 0x00, 0x70, 0x07, 0x00, 0x70, 0x07, 0xFF, 0xFF,
    0xE2, 0xE0, 0xE0, 0xE0, 0xE0, 0xE0, 0xE0, 0xE0, 0xE0, 0xE0, 0xE0, 0x3F, 0xBF, 0xEF, 0x33, 0x80,
    0xF0, 0x3F, 0x03, 0xF0, 0x3E, 0x03, 0x80, 0xFE, 0x7B, 0xFE, 0xFF, 0x00, 0x70, 0x78, 0x3C, 0x1E,
    0x0F, 0xF7, 0xFB, 0xC1, 0xE0, 0xF0, 0x78, 0x3C, 0x1E, 0x0F, 0x03, 0x81, 0xE4, 0xFF, 0x3F, 0x80,
    0xF0, 0x7F, 0x07, 0xF0, 0x7F, 0x07, 0xF0, 0x7F, 0x07, 0xF0, 0x7F, 0x07, 0x70, 0x77, 0x07, 0x78,
    0xF3, 0xFF, 0x1F, 0xF0, 0xE0, 0x77, 0x83, 0x9C, 0x1C, 0xE1, 0xC7, 0x8E, 0x1C, 0x70, 0xE7, 0x03,
    0xB8, 0x1F, 0xC0, 0xFC, 0x03, 0xE0, 0x1E, 0x00, 0x70, 0x00, 0xE0, 0xE0, 0xFE, 0x1C, 0x1D, 0xC3,
    0xC3, 0xB8, 0x78, 0xE7, 0x1F, 0x1C, 0x73, 0xF3, 0x8E, 0x6E, 0xE1, 0xDD, 0xDC, 0x1F, 0x9B, 0x83,
    0xE3, 0xE0, 0x7C, 0x7C, 0x07, 0x87, 0x80, 0xE0, 0xE0, 0x70, 0x73, 0xC7, 0x0E, 0x78, 0x3B, 0x81,
    0xF8, 0x07, 0x80, 0x3C, 0x01, 0xF0, 0x1F, 0xC1, 0xEF, 0x0E, 0x38, 0xE1, 0xEF, 0x07, 0x00, 0xE0,
    0x7F, 0x07, 0x70, 0x77, 0x0E, 0x78, 0xE3, 0x8E, 0x38, 0xC1, 0xDC, 0x1D, 0xC1, 0xF8, 0x0F, 0x80,
    0xF8, 0x07, 0x00, 0x70, 0x07, 0x09, 0xE0, 0xFC, 0x0F, 0x80, 0x7F, 0xEF, 0xFC, 0x07, 0x81, 0xE0,
    0x78, 0x1E, 0x03, 0x80, 0xF0, 0x3C, 0x0F, 0x01, 0xC0, 0x3F, 0xF7, 0xFE, 0x0E, 0x1F, 0x3C, 0x38,
    0x38, 0x38, 0x38, 0x38, 0x38, 0x38, 0x38, 0x70, 0xE0, 0xF0, 0x78, 0x38, 0x38, 0x38, 0x38, 0x38,
    0x38, 0x38, 0x3C, 0x1F, 0x1F, 0xFF, 0xFF, 0xFF, 0xFF, 0xFF, 0xFF, 0xFF, 0xFF, 0xFF, 0xE0, 0xF0,
    0xF8, 0x78, 0x38, 0x38, 0x38, 0x38, 0x38, 0x38, 0x18, 0x1C, 0x1E, 0x0F, 0x1F, 0x1E, 0x1C, 0x38,
    0x38, 0x38, 0x38, 0x38, 0x38, 0x78, 0xF8, 0xF0, 0x7C, 0x3F, 0xF7, 0xEF, 0xFC, 0x3E, 0x77, 0x9C,
    0x00, 0x39, 0xCE, 0x73, 0x9C, 0xE7, 0x39, 0xCE, 0x73, 0x80, 0x06, 0x01, 0x80, 0x60, 0x7F, 0x3F,
    0xDF, 0x3F, 0x03, 0x80, 0xE0, 0x38, 0x0E, 0x03, 0x80, 0xF0, 0x1F, 0x33, 0xFC, 0x7F, 0x06, 0x01,
    0x80, 0x60, 0x07, 0xF0, 0xFF, 0x1E, 0x61, 0xC0, 0x1C, 0x03, 0xC0, 0x3C, 0x03, 0xC0, 0xFF, 0xCF,
    0xFC, 0x3C, 0x03, 0x80, 0x38, 0x03, 0x80, 0x38, 0x03, 0xFF, 0x3F, 0xF0, 0x60, 0x7F, 0xFF, 0x7F,
    0xE7, 0x9E, 0x70, 0xE7, 0x06, 0x70, 0x67, 0x0E, 0x79, 0xE7, 0xFE, 0xFF, 0xF6, 0x07, 0xF0, 0x3D,
    0xC0, 0xE7, 0x87, 0x8E, 0x1C, 0x1C, 0xE0, 0x7B, 0x80, 0xFC, 0x01, 0xF0, 0x7F, 0xF9, 0xFF, 0xE0,
    0x38, 0x00, 0xE0, 0x7F, 0xF9, 0xFF, 0xE0, 0x38, 0x00, 0xE0, 0x03, 0x80, 0xFF, 0xFF, 0xFF, 0xFC,
    0x00, 0x07, 0xFF, 0xFF, 0xFF, 0xE0, 0x3F, 0xCF, 0xF9, 0xE7, 0x38, 0x07, 0x00, 0xF8, 0x1F, 0xC7,
    0xFE, 0xE3, 0xDC, 0x1F, 0x83, 0xF8, 0xE7, 0xFC, 0x7F, 0x01, 0xF0, 0x0E, 0x01, 0xDC, 0x7B, 0xFE,
    0x7F, 0x80, 0x73, 0xBB, 0xDC, 0xE0, 0x07, 0xF8, 0x03, 0xFF, 0x81, 0xF3, 0xF0, 0xE0, 0x1E, 0x73,
    0xFB, 0x9D, 0xFE, 0x7E, 0x7B, 0x1F, 0xB8, 0x07, 0xEE, 0x00, 0xFB, 0x80, 0x7E, 0x79, 0x9D, 0xDF,
    0xE7, 0x73, 0xFB, 0x8E, 0x01, 0xE1, 0xF1, 0xF0, 0x3F, 0xF8, 0x07, 0xF8, 0x00, 0x3F, 0x1F, 0x88,
    0xE7, 0xF7, 0xFB, 0x9D, 0xCE, 0xFF, 0x3F, 0x80, 0x0C, 0x61, 0xCF, 0x3C, 0xE3, 0x9C, 0x7B, 0xC7,
    0x38, 0x7B, 0xC3, 0x9C, 0x3C, 0xE1, 0xCF, 0x0C, 0x60, 0xFF, 0xFF, 0xFF, 0x00, 0x70, 0x07, 0x00,
    0x70, 0x07, 0x00, 0x70, 0x07, 0x00, 0x70, 0xFF, 0xFC, 0x07, 0xF8, 0x03, 0xFF, 0x81, 0xF3, 0xF0,
    0xE0, 0x1E, 0x77, 0xF3, 0x9D, 0xFE, 0x7E, 0x73, 0x9F, 0x9C, 0xE7, 0xE7, 0xF8, 0xF9, 0xFC, 0x7E,
    0x77, 0x1D, 0xDC, 0xE7, 0x77, 0x1F, 0x8E, 0x01, 0xE1, 0xF1, 0xF0, 0x3F, 0xF8, 0x07, 0xF8, 0x00,
    0xFF, 0xFF, 0x3E, 0x7E, 0xF7, 0xE3, 0xF7, 0x7E, 0x3E, 0x06, 0x00, 0x60, 0x06, 0x00, 0x60, 0x06,
    0x0F, 0xFF, 0xFF, 0xF0, 0x60, 0x06, 0x00, 0x60, 0x06, 0x00, 0x60, 0x00, 0x0F, 0xFF, 0xFF, 0xF0,
    0x7E, 0x7F, 0x67, 0x07, 0x0E, 0x1C, 0x38, 0x70, 0x7F, 0x7F, 0x7E, 0x7E, 0x6F, 0x3E, 0x3E, 0x0F,
    0x07, 0x67, 0x7F, 0x7E, 0x19, 0xDD, 0xCC, 0x00, 0xE0, 0xFC, 0x1F, 0x83, 0xF0, 0x7E, 0x0F, 0xC1,
    0xF8, 0x3F, 0x07, 0xE0, 0xFC, 0x1F, 0xE7, 0xFF, 0xFF, 0xFF, 0xC0, 0x38, 0x07, 0x00, 0xE0, 0x1C,
    0x00, 0x1F, 0xF9, 0xFF, 0xDF, 0xCF, 0xFE, 0x7F, 0xF3, 0xFF, 0x9F, 0xFC, 0xFF, 0xE7, 0xFF, 0x3B,
    0xF9, 0xC7, 0xCE, 0x06, 0x70, 0x33, 0x81, 0x9C, 0x0C, 0xE0, 0x67, 0x03, 0x38, 0x19, 0xC0, 0xCE,
    0x06, 0x70, 0x33, 0x81, 0x9C, 0xFF, 0xF0, 0x38, 0xE3, 0x87, 0x7F, 0xE0, 0x3B, 0xFF, 0xF1, 0x8C,
    0x63, 0x18, 0xC0, 0x3E, 0x1F, 0xCF, 0x7B, 0x86, 0xC1, 0xB8, 0x6F, 0x79, 0xFC, 0x3E, 0x00, 0xC7,
    0x1C, 0xE1, 0xCE, 0x3D, 0xE3, 0x9C, 0x7B, 0xCE, 0x73, 0xDE, 0x73, 0x9C, 0xE3, 0x1C, 0x00, 0x38,
    0x00, 0x03, 0xC0, 0x38, 0x3E, 0x03, 0x81, 0xF0, 0x1C, 0x01, 0x81, 0xC0, 0x0C, 0x0E, 0x00, 0x60,
    0xE0, 0x03, 0x07, 0x00, 0x18, 0x70, 0xE0, 0xC7, 0x0F, 0x00, 0x38, 0x78, 0x03, 0x87, 0xC0, 0x1C,
    0x76, 0x01, 0xC3, 0x30, 0x0E, 0x3F, 0xE0, 0xE1, 0xFF, 0x0E, 0x00, 0x60, 0x70, 0x03, 0x00, 0x38,
    0x00, 0x07, 0x80, 0xE0, 0xF8, 0x0E, 0x0F, 0x81, 0xC0, 0x18, 0x1C, 0x01, 0x83, 0x80, 0x18, 0x38,
    0x01, 0x87, 0x00, 0x18, 0xE7, 0xE1, 0x8E, 0xFE, 0x01, 0xC6, 0x70, 0x1C, 0x06, 0x03, 0x80, 0xE0,
    0x38, 0x1C, 0x07, 0x03, 0x80, 0xE0, 0x70, 0x0E, 0x07, 0xF1, 0xC0, 0x7F, 0x7E, 0x00, 0x01, 0xF8,
    0x0E, 0x06, 0xF0, 0x38, 0x0F, 0x81, 0xC0, 0x3E, 0x07, 0x00, 0x3C, 0x38, 0x00, 0x71, 0xC0, 0x19,
    0xC7, 0x00, 0x7F, 0x38, 0x71, 0xF8, 0xE3, 0xC0, 0x07, 0x0F, 0x00, 0x1C, 0x7C, 0x00, 0xE3, 0xB0,
    0x07, 0x0C, 0xC0, 0x1C, 0x7F, 0xC0, 0xE1, 0xFF, 0x03, 0x80, 0x30, 0x1C, 0x00, 0xC0, 0x0E, 0x03,
    0xC0, 0xE0, 0x00, 0x00, 0x01, 0x80, 0xE0, 0x38, 0x1E, 0x0F, 0x03, 0x81, 0xC0, 0x70, 0x3C, 0x0F,
    0x01, 0xE6, 0x7F, 0xCF, 0xE0, 0x07, 0x00, 0x03, 0x80, 0x00, 0xE0, 0x00, 0x38, 0x00, 0x0C, 0x00,
    0x00, 0x00, 0x00, 0x00, 0x03, 0x80, 0x03, 0xE0, 0x01, 0xF0, 0x01, 0xF8, 0x00, 0xEE, 0x00, 0xE7,
    0x00, 0x73, 0xC0, 0x78, 0xE0, 0x38, 0x78, 0x1C, 0x1C, 0x1E, 0x0E, 0x0F, 0xFF, 0x87, 0xFF, 0xC7,
    0x00, 0xE3, 0x80, 0x7B, 0xC0, 0x1D, 0xC0, 0x0F, 0x00, 0x60, 0x00, 0x70, 0x00, 0x78, 0x00, 0x38,
    0x00, 0x18, 0x00, 0x00, 0x00, 0x00, 0x00, 0x03, 0x80, 0x03, 0xE0, 0x01, 0xF0, 0x01, 0xF8, 0x00,
    0xEE, 0x00, 0xE7, 0x00, 0x73, 0xC0, 0x78, 0xE0, 0x38, 0x78, 0x1C, 0x1C, 0x1E, 0x0E, 0x0F, 0xFF,
    0x87, 0xFF, 0xC7, 0x00, 0xE3, 0x80, 0x7B, 0xC0, 0x1D, 0xC0, 0x0F, 0x01, 0x80, 0x01, 0xE0, 0x00,
    0xF8, 0x00, 0xEE, 0x00, 0x63, 0x00, 0x00, 0x00, 0x00, 0x00, 0x03, 0x80, 0x03, 0xE0, 0x01, 0xF0,
    0x01, 0xF8, 0x00, 0xEE, 0x00, 0xE7, 0x00, 0x73, 0xC0, 0x78, 0xE0, 0x38, 0x78, 0x1C, 0x1C, 0x1E,
    0x0E, 0x0F, 0xFF, 0x87, 0xFF, 0xC7, 0x00, 0xE3, 0x80, 0x7B, 0xC0, 0x1D, 0xC0, 0x0F, 0x07, 0xB8,
    0x07, 0xF8, 0x03, 0x7C, 0x00, 0x00, 0x00, 0x00, 0x00, 0x00, 0x00, 0x07, 0x00, 0x07, 0xC0, 0x03,
    0xE0, 0x03, 0xF0, 0x01, 0xDC, 0x01, 0xCE, 0x00, 0xE7, 0x80, 0xF1, 0xC0, 0x70, 0xF0, 0x38, 0x38,
    0x3C, 0x1C, 0x1F, 0xFF, 0x0F, 0xFF, 0x8E, 0x01, 0xC7, 0x00, 0xF7, 0x80, 0x3B, 0x80, 0x1E, 0x0E,
    0x70, 0x07, 0xB8, 0x03, 0x9C, 0x00, 0x00, 0x00, 0x00, 0x00, 0x0E, 0x00, 0x0F, 0x80, 0x07, 0xC0,
    0x07, 0xE0, 0x03, 0xB8, 0x03, 0x9C, 0x01, 0xCF, 0x01, 0xE3, 0x80, 0xE1, 0xE0, 0x70, 0x70, 0x78,
    0x38, 0x3F, 0xFE, 0x1F, 0xFF, 0x1C, 0x03, 0x8E, 0x01, 0xEF, 0x00, 0x77, 0x00, 0x3C, 0x03, 0xC0,
    0x01, 0xB0, 0x01, 0x98, 0x00, 0xEC, 0x00, 0x3E, 0x00, 0x1E, 0x00, 0x0F, 0x80, 0x0F, 0xC0, 0x07,
    0x70, 0x07, 0x38, 0x03, 0x9E, 0x03, 0xC7, 0x01, 0xC3, 0xC0, 0xE0, 0xE0, 0xF0, 0x70, 0x7F, 0xFC,
    0x7F, 0xFE, 0x38, 0x07, 0x1C, 0x03, 0xDE, 0x00, 0xEE, 0x00, 0x78, 0x00, 0x3F, 0xFC, 0x00, 0xFF,
    0xF8, 0x03, 0xF8, 0x00, 0x07, 0x70, 0x00, 0x1E, 0xE0, 0x00, 0x39, 0xC0, 0x00, 0xE3, 0x80, 0x03,
    0xC7, 0xFC, 0x07, 0x0F, 0xF8, 0x1C, 0x1C, 0x00, 0x78, 0x38, 0x00, 0xFF, 0xF0, 0x03, 0xFF, 0xE0,
    0x07, 0x01, 0xC0, 0x1E, 0x03, 0x80, 0x38, 0x07, 0xFF, 0xE0, 0x0F, 0xFE, 0x07, 0xF8, 0x7F, 0xF3,
    0xF3, 0xDE, 0x00, 0x78, 0x01, 0xC0, 0x0F, 0x00, 0x38, 0x00, 0xE0, 0x03, 0x80, 0x0F, 0x00, 0x3C,
    0x00, 0x70, 0x01, 0xE0, 0x03, 0xF1, 0xC7, 0xFF, 0x07, 0xF8, 0x06, 0x00, 0x3C, 0x00, 0x70, 0x01,
    0xC0, 0x1F, 0x00, 0x7C, 0x00, 0x18, 0x01, 0xC0, 0x0E, 0x00, 0x70, 0x03, 0x00, 0x00, 0x00, 0x0F,
    0xFE, 0xFF, 0xEE, 0x00, 0xE0, 0x0E, 0x00, 0xE0, 0x0E, 0x00, 0xFF, 0xCF, 0xFC, 0xE0, 0x0E, 0x00,
    0xE0, 0x0E, 0x00, 0xE0, 0x0E, 0x00, 0xFF, 0xFF, 0xFF, 0x01, 0x80, 0x38, 0x07, 0x00, 0xE0, 0x0C,
    0x00, 0x00, 0x00, 0x0F, 0xFE, 0xFF, 0xEE, 0x00, 0xE0, 0x0E, 0x00, 0xE0, 0x0E, 0x00, 0xFF, 0xCF,
    0xFC, 0xE0, 0x0E, 0x00, 0xE0, 0x0E, 0x00, 0xE0, 0x0E, 0x00, 0xFF, 0xFF, 0xFF, 0x0C, 0x00, 0xE0,
    0x1F, 0x03, 0xB8, 0x31, 0x80, 0x00, 0x00, 0x0F, 0xFE, 0xFF, 0xEE, 0x00, 0xE0, 0x0E, 0x00, 0xE0,
    0x0E, 0x00, 0xFF, 0xCF, 0xFC, 0xE0, 0x0E, 0x00, 0xE0, 0x0E, 0x00, 0xE0, 0x0E, 0x00, 0xFF, 0xFF,
    0xFF, 0x3B, 0x87, 0xBC, 0x3B, 0x80, 0x00, 0x00, 0x0F, 0xFE, 0xFF, 0xEE, 0x00, 0xE0, 0x0E, 0x00,
    0xE0, 0x0E, 0x00, 0xFF, 0xCF, 0xFC, 0xE0, 0x0E, 0x00, 0xE0, 0x0E, 0x00, 0xE0, 0x0E, 0x00, 0xFF,
    0xFF, 0xFF, 0xE3, 0xC7, 0x0E, 0x18, 0x00, 0x0E, 0x38, 0xE3, 0x8E, 0x38, 0xE3, 0x8E, 0x38, 0xE3,
    0x8E, 0x38, 0xE3, 0x8E, 0x18, 0xE7, 0x9C, 0x60, 0x00, 0x1C, 0x71, 0xC7, 0x1C, 0x71, 0xC7, 0x1C,
    0x71, 0xC7, 0x1C, 0x71, 0xC7, 0x1C, 0x18, 0x1C, 0x3E, 0x77, 0x63, 0x00, 0x00, 0x1C, 0x1C, 0x1C,
    0x1C, 0x1C, 0x1C, 0x1C, 0x1C, 0x1C, 0x1C, 0x1C, 0x1C, 0x1C, 0x1C, 0x1C, 0x1C, 0x1C, 0x67, 0x7B,
    0xD9, 0xC0, 0x00, 0x00, 0xE0, 0x70, 0x38, 0x1C, 0x0E, 0x07, 0x03, 0x81, 0xC0, 0xE0, 0x70, 0x38,
    0x1C, 0x0E, 0x07, 0x03, 0x81, 0xC0, 0xE0, 0x3F, 0xF0, 0x1F, 0xFE, 0x0E, 0x1F, 0x87, 0x01, 0xE3,
    0x80, 0x71, 0xC0, 0x3C, 0xE0, 0x0F, 0xFF, 0x07, 0xFF, 0x83, 0x9C, 0x01, 0xCE, 0x00, 0xE7, 0x00,
    0xF3, 0x80, 0x71, 0xC0, 0x78, 0xE1, 0xF8, 0x7F, 0xF8, 0x3F, 0xF0, 0x00, 0x0F, 0x60, 0x3F, 0xC0,
    0x6F, 0x00, 0x00, 0x00, 0x00, 0x00, 0x00, 0x38, 0x07, 0x78, 0x0E, 0xF8, 0x1D, 0xF8, 0x3B, 0xF0,
    0x77, 0x70, 0xEE, 0xF1, 0xDC, 0xF3, 0xB8, 0xE7, 0x70, 0xEE, 0xE1, 0xFD, 0xC1, 0xFB, 0x81, 0xF7,
    0x03, 0xEE, 0x03, 0xDC, 0x03, 0xB8, 0x07, 0x00, 0x03, 0x00, 0x01, 0xC0, 0x00, 0x70, 0x00, 0x38,
    0x00, 0x0C, 0x00, 0x00, 0x00, 0x00, 0x00, 0x0F, 0xF0, 0x1F, 0xFC, 0x1F, 0x9F, 0x1E, 0x03, 0xCE,
    0x00, 0xF7, 0x00, 0x7F, 0x80, 0x1F, 0x80, 0x0F, 0xC0, 0x07, 0xE0, 0x03, 0xF8, 0x01, 0xDC, 0x01,
    0xEE, 0x00, 0xF7, 0x80, 0xF1, 0xF9, 0xF0, 0x7F, 0xF0, 0x0F, 0xF0, 0x00, 0x70, 0x00, 0x38, 0x00,
    0x38, 0x00, 0x38, 0x00, 0x18, 0x00, 0x00, 0x00, 0x00, 0x00, 0x0F, 0xF0, 0x1F, 0xFC, 0x1F, 0x9F,
    0x1E, 0x03, 0xCE, 0x00, 0xF7, 0x00, 0x7F, 0x80, 0x1F, 0x80, 0x0F, 0xC0, 0x07, 0xE0, 0x03, 0xF8,
    0x01, 0xDC, 0x01, 0xEE, 0x00, 0xF7, 0x80, 0xF1, 0xF9, 0xF0, 0x7F, 0xF0, 0x0F, 0xF0, 0x00, 0xC0,
    0x00, 0xF0, 0x00, 0xF8, 0x00, 0xEE, 0x00, 0x63, 0x00, 0x00, 0x00, 0x00, 0x00, 0x0F, 0xF0, 0x1F,
    0xFC, 0x1F, 0x9F, 0x1E, 0x03, 0xCE, 0x00, 0xF7, 0x00, 0x7F, 0x80, 0x1F, 0x80, 0x0F, 0xC0, 0x07,
    0xE0, 0x03, 0xF8, 0x01, 0xDC, 0x01, 0xEE, 0x00, 0xF7, 0x80, 0xF1, 0xF9, 0xF0, 0x7F, 0xF0, 0x0F,
    0xF0, 0x07, 0xD8, 0x03, 0xFC, 0x03, 0xBC, 0x00, 0x00, 0x00, 0x00, 0x00, 0x00, 0x00, 0x1F, 0xE0,
    0x3F, 0xF8, 0x3F, 0x3E, 0x3C, 0x07, 0x9C, 0x01, 0xEE, 0x00, 0xFF, 0x00, 0x3F, 0x00, 0x1F, 0x80,
    0x0F, 0xC0, 0x07, 0xF0, 0x03, 0xB8, 0x03, 0xDC, 0x01, 0xEF, 0x01, 0xE3, 0xF3, 0xE0, 0xFF, 0xE0,
    0x1F, 0xE0, 0x07, 0x38, 0x03, 0xBC, 0x01, 0xCE, 0x00, 0x00, 0x00, 0x00, 0x00, 0x3F, 0xC0, 0x7F,
    0xF0, 0x7E, 0x7C, 0x78, 0x0F, 0x38, 0x03, 0xDC, 0x01, 0xFE, 0x00, 0x7E, 0x00, 0x3F, 0x00, 0x1F,
    0x80, 0x0F, 0xE0, 0x07, 0x70, 0x07, 0xB8, 0x03, 0xDE, 0x03, 0xC7, 0xE7, 0xC1, 0xFF, 0xC0, 0x3F,
    0xC0, 0x40, 0x9C, 0x3B, 0xCF, 0x3F, 0xC3, 0xF0, 0x3C, 0x0F, 0xC3, 0xFC, 0xF3, 0xDC, 0x39, 0x02,
    0x00, 0x00, 0x03, 0x03, 0xFD, 0xC7, 0xFF, 0xC7, 0xE7, 0xC7, 0x81, 0xF3, 0x81, 0xF9, 0xC0, 0xFF,
    0xE0, 0xE7, 0xE0, 0xE3, 0xF0, 0xE1, 0xF8, 0xF0, 0xFE, 0xF0, 0x77, 0x70, 0x3B, 0xF0, 0x3D, 0xF0,
    0x3C, 0x7E, 0x7C, 0x7F, 0xFC, 0x3B, 0xFC, 0x18, 0x00, 0x00, 0x0C, 0x00, 0x38, 0x00, 0xF0, 0x01,
    0xC0, 0x03, 0x00, 0x00, 0x00, 0x00, 0x38, 0x0F, 0xE0, 0x3F, 0x80, 0xFE, 0x03, 0xF8, 0x0F, 0xE0,
    0x3F, 0x80, 0xFE, 0x03, 0xF8, 0x0F, 0xE0, 0x3F, 0x80, 0xFE, 0x03, 0xB8, 0x0E, 0xF0, 0x79, 0xF3,
    0xC3, 0xFF, 0x07, 0xF0, 0x01, 0xC0, 0x0F, 0x00, 0x38, 0x01, 0xC0, 0x06, 0x00, 0x00, 0x00, 0x00,
    0x38, 0x0F, 0xE0, 0x3F, 0x80, 0xFE, 0x03, 0xF8, 0x0F, 0xE0, 0x3F, 0x80, 0xFE, 0x03, 0xF8, 0x0F,
    0xE0, 0x3F, 0x80, 0xFE, 0x03, 0xB8, 0x0E, 0xF0, 0x79, 0xF3, 0xC3, 0xFF, 0x07, 0xF0, 0x03, 0x00,
    0x1C, 0x00, 0xF8, 0x07, 0x70, 0x18, 0xC0, 0x00, 0x00, 0x00, 0x38, 0x0F, 0xE0, 0x3F, 0x80, 0xFE,
    0x03, 0xF8, 0x0F, 0xE0, 0x3F, 0x80, 0xFE, 0x03, 0xF8, 0x0F, 0xE0, 0x3F, 0x80, 0xFE, 0x03, 0xB8,
    0x0E, 0xF0, 0x79, 0xF3, 0xC3, 0xFF, 0x07, 0xF0, 0x1D, 0xC0, 0xF7, 0x81, 0xDC, 0x00, 0x00, 0x00,
    0x03, 0x80, 0xFE, 0x03, 0xF8, 0x0F, 0xE0, 0x3F, 0x80, 0xFE, 0x03, 0xF8, 0x0F, 0xE0, 0x3F, 0x80,
    0xFE, 0x03, 0xF8, 0x0F, 0xE0, 0x3B, 0x80, 0xEF, 0x07, 0x9F, 0x3C, 0x3F, 0xF0, 0x7F, 0x00, 0x00,
    0xC0, 0x03, 0xC0, 0x07, 0x00, 0x1C, 0x00, 0x30, 0x00, 0x00, 0x00, 0x00, 0x78, 0x0F, 0x70, 0x1C,
    0xF0, 0x78, 0xE0, 0xE1, 0xE3, 0xC1, 0xEF, 0x01, 0xDC, 0x03, 0xF8, 0x03, 0xE0, 0x03, 0x80, 0x07,
    0x00, 0x0E, 0x00, 0x1C, 0x00, 0x38, 0x00, 0x70, 0x00, 0xE0, 0x01, 0xC0, 0xE0, 0x07, 0x00, 0x38,
    0x01, 0xFF, 0x0F, 0xFE, 0x71, 0xFB, 0x81, 0xDC, 0x0F, 0xE0, 0x7F, 0x03, 0xF8, 0x1D, 0xC7, 0xEF,
    0xFE, 0x7F, 0xE3, 0x80, 0x1C, 0x00, 0xE0, 0x00, 0x3F, 0x83, 0xFE, 0x3E, 0xF9, 0xC1, 0xCE, 0x0E,
    0x70, 0xE3, 0x87, 0x1C, 0x70, 0xE7, 0x07, 0x38, 0x39, 0xE1, 0xCF, 0xCE, 0x3F, 0x70, 0x7F, 0x80,
    0xFC, 0x07, 0xEE, 0x7F, 0x7F, 0xBB, 0xF8, 0x18, 0x03, 0x80, 0x78, 0x07, 0x00, 0x60, 0x00, 0x00,
    0x03, 0xFC, 0x7F, 0xCC, 0x78, 0x07, 0x00, 0x73, 0xFE, 0xFF, 0xFE, 0x7F, 0x07, 0xE0, 0xFE, 0x3F,
    0xFF, 0x9F, 0xE0, 0x03, 0x00, 0xF0, 0x1C, 0x07, 0x00, 0xC0, 0x00, 0x00, 0x03, 0xFC, 0x7F, 0xCC,
    0x78, 0x07, 0x00, 0x73, 0xFE, 0xFF, 0xFE, 0x7F, 0x07, 0xE0, 0xFE, 0x3F, 0xFF, 0x9F, 0xE0, 0x04,
    0x01, 0xC0, 0x7C, 0x1D, 0xC3, 0x18, 0x00, 0x00, 0x03, 0xFC, 0x7F, 0xCC, 0x78, 0x07, 0x00, 0x73,
    0xFE, 0xFF, 0xFE, 0x7F, 0x07, 0xE0, 0xFE, 0x3F, 0xFF, 0x9F, 0xE0, 0x3E, 0xC7, 0xF9, 0xDE, 0x00,
    0x00, 0x00, 0x00, 0x1F, 0xE3, 0xFE, 0x63, 0xC0, 0x38, 0x03, 0x9F, 0xF7, 0xFF, 0xF3, 0xF8, 0x3F,
    0x07, 0xF1, 0xFF, 0xFC, 0xFF, 0x00, 0x3B, 0x8F, 0x78, 0xEE, 0x00, 0x00, 0x00, 0xFF, 0x1F, 0xF3,
    0x1E, 0x01, 0xC0, 0x1C, 0xFF, 0xBF, 0xFF, 0x9F, 0xC1, 0xF8, 0x3F, 0x8F, 0xFF, 0xE7, 0xF8, 0x1F,
    0x03, 0x60, 0x6C, 0x0D, 0x81, 0xF0, 0x00, 0x00, 0x03, 0xFC, 0x7F, 0xCC, 0x78, 0x07, 0x00, 0x73,
    0xFE, 0xFF, 0xFE, 0x7F, 0x07, 0xE0, 0xFE, 0x3F, 0xFF, 0x9F, 0xE0, 0x7F, 0x1F, 0x87, 0xFB, 0xFC,
    0x63, 0xFB, 0xE0, 0x1E, 0x0E, 0x00, 0xE0, 0xE3, 0xFF, 0xFE, 0x7F, 0xFF, 0xEF, 0x9E, 0x00, 0xE0,
    0xE0, 0x0E, 0x0F, 0x00, 0xF1, 0xF8, 0xCF, 0xFF, 0xFC, 0x3F, 0x9F, 0xC0, 0x1F, 0xC7, 0xF9, 0xF3,
    0x38, 0x0E, 0x01, 0xC0, 0x38, 0x07, 0x00, 0xE0, 0x1E, 0x01, 0xF3, 0x1F, 0xE1, 0xFC, 0x0C, 0x01,
    0xC0, 0x38, 0x07, 0x03, 0xE0, 0x7C, 0x00, 0x1C, 0x01, 0xC0, 0x0E, 0x00, 0x70, 0x03, 0x00, 0x00,
    0x00, 0x01, 0xF8, 0x3F, 0xE7, 0x9E, 0xF0, 0xFE, 0x07, 0xFF, 0xFF, 0xFF, 0xE0, 0x0E, 0x00, 0xF0,
    0x07, 0xC6, 0x3F, 0xE1, 0xFE, 0x01, 0x80, 0x38, 0x07, 0x00, 0xE0, 0x06, 0x00, 0x00, 0x00, 0x01,
    0xF8, 0x3F, 0xE7, 0x9E, 0xF0, 0xFE, 0x07, 0xFF, 0xFF, 0xFF, 0xE0, 0x0E, 0x00, 0xF0, 0x07, 0xC6,
    0x3F, 0xE1, 0xFE, 0x06, 0x00, 0xF0, 0x1F, 0x81, 0x9C, 0x18, 0x80, 0x00, 0x00, 0x01, 0xF8, 0x3F,
    0xE7, 0x9E, 0xF0, 0xFE, 0x07, 0xFF, 0xFF, 0xFF, 0xE0, 0x0E, 0x00, 0xF0, 0x07, 0xC6, 0x3F, 0xE1,
    0xFE, 0x39, 0xC3, 0xDC, 0x39, 0xC0, 0x00, 0x00, 0x01, 0xF8, 0x3F, 0xE7, 0x9E, 0xF0, 0xFE, 0x07,
    0xFF, 0xFF, 0xFF, 0xE0, 0x0E, 0x00, 0xF0, 0x07, 0xC6, 0x3F, 0xE1, 0xFE, 0xE7, 0x1C, 0x71, 0x80,
    0x07, 0x39, 0xCE, 0x73, 0x9C, 0xE7, 0x39, 0xCE, 0x70, 0x18, 0xE7, 0x38, 0x60, 0x00, 0x1C, 0x71,
    0xC7, 0x1C, 0x71, 0xC7, 0x1C, 0x71, 0xC7, 0x1C, 0x18, 0x3C, 0x7E, 0x67, 0x62, 0x00, 0x00, 0x1C,
    0x1C, 0x1C, 0x1C, 0x1C, 0x1C, 0x1C, 0x1C, 0x1C, 0x1C, 0x1C, 0x1C, 0x1C, 0xE7, 0xF7, 0xE7, 0x00,
    0x00, 0x1C, 0x1C, 0x1C, 0x1C, 0x1C, 0x1C, 0x1C, 0x1C, 0x1C, 0x1C, 0x1C, 0x1C, 0x1C, 0x03, 0x00,
    0x1E, 0xE0, 0x3F, 0x81, 0xF8, 0x07, 0xE0, 0x01, 0xC0, 0x07, 0x07, 0xFC, 0x7F, 0xF9, 0xE7, 0xEF,
    0x03, 0xB8, 0x0E, 0xE0, 0x7B, 0x81, 0xCE, 0x07, 0x3C, 0x1C, 0x79, 0xE0, 0xFF, 0x81, 0xF8, 0x00,
    0x3D, 0xCF, 0xF1, 0xBE, 0x00, 0x00, 0x00, 0x00, 0x3F, 0xE7, 0xFE, 0xE3, 0xDC, 0x3F, 0x83, 0xF0,
    0x7E, 0x0F, 0xC1, 0xF8, 0x3F, 0x07, 0xE0, 0xFC, 0x1F, 0x83, 0x80, 0x1C, 0x00, 0xF0, 0x03, 0x80,
    0x0E, 0x00, 0x30, 0x00, 0x00, 0x00, 0x03, 0xF8, 0x3F, 0xE3, 0xCF, 0x9C, 0x1D, 0xC0, 0xFE, 0x03,
    0xF0, 0x1F, 0x80, 0xFC, 0x0F, 0x70, 0x73, 0xCF, 0x8F, 0xF8, 0x3F, 0x80, 0x01, 0x80, 0x1C, 0x01,
    0xE0, 0x0E, 0x00, 0x60, 0x00, 0x00, 0x00, 0x03, 0xF8, 0x3F, 0xE3, 0xCF, 0x9C, 0x1D, 0xC0, 0xFE,
    0x03, 0xF0, 0x1F, 0x80, 0xFC, 0x0F, 0x70, 0x73, 0xCF, 0x8F, 0xF8, 0x3F, 0x80, 0x06, 0x00, 0x38,
    0x03, 0xE0, 0x3B, 0x81, 0x8C, 0x00, 0x00, 0x00, 0x03, 0xF8, 0x3F, 0xE3, 0xCF, 0x9C, 0x1D, 0xC0,
    0xFE, 0x03, 0xF0, 0x1F, 0x80, 0xFC, 0x0F, 0x70, 0x73, 0xCF, 0x8F, 0xF8, 0x3F, 0x80, 0x1E, 0xE1,
    0xFE, 0x0D, 0xF0, 0x00, 0x00, 0x00, 0x00, 0x00, 0x7F, 0x07, 0xFC, 0x79, 0xF3, 0x83, 0xB8, 0x1F,
    0xC0, 0x7E, 0x03, 0xF0, 0x1F, 0x81, 0xEE, 0x0E, 0x79, 0xF1, 0xFF, 0x07, 0xF0, 0x19, 0xC1, 0xEF,
    0x06, 0x70, 0x00, 0x00, 0x00, 0x0F, 0xE0, 0xFF, 0x8F, 0x3E, 0x70, 0x77, 0x03, 0xF8, 0x0F, 0xC0,
    0x7E, 0x03, 0xF0, 0x3D, 0xC1, 0xCF, 0x3E, 0x3F, 0xE0, 0xFE, 0x00, 0x0F, 0x00, 0xF0, 0x0F, 0x00,
    0x00, 0x00, 0x0F, 0xFF, 0xFF, 0xF0, 0x00, 0x00, 0x00, 0xF0, 0x0F, 0x00, 0xF0, 0x00, 0x30, 0xFF,
    0x8F, 0xFC, 0xF3, 0xEF, 0x1F, 0x70, 0xFF, 0x8E, 0xFC, 0xE7, 0xEE, 0x3F, 0xE3, 0xDE, 0x1C, 0xFB,
    0xE7, 0xFE, 0x7F, 0xE3, 0x00, 0x00, 0x18, 0x01, 0xC0, 0x0E, 0x00, 0x70, 0x03, 0x00, 0x00, 0x00,
    0x0F, 0x07, 0xF0, 0x7F, 0x07, 0xF0, 0x7F, 0x07, 0xF0, 0x7F, 0x07, 0xF0, 0x77, 0x07, 0x70, 0x77,
    0x8F, 0x3F, 0xF1, 0xFF, 0x01, 0x80, 0x38, 0x07, 0x00, 0xE0, 0x0E, 0x00, 0x00, 0x00, 0x0F, 0x07,
    0xF0, 0x7F, 0x07, 0xF0, 0x7F, 0x07, 0xF0, 0x7F, 0x07, 0xF0, 0x77, 0x07, 0x70, 0x77, 0x8F, 0x3F,
    0xF1, 0xFF, 0x06, 0x00, 0xF0, 0x1F, 0x81, 0x9C, 0x18, 0x80, 0x00, 0x00, 0x0F, 0x07, 0xF0, 0x7F,
    0x07, 0xF0, 0x7F, 0x07, 0xF0, 0x7F, 0x07, 0xF0, 0x77, 0x07, 0x70, 0x77, 0x8F, 0x3F, 0xF1, 0xFF,
    0x39, 0xC3, 0xDC, 0x39, 0xC0, 0x00, 0x00, 0x0F, 0x07, 0xF0, 0x7F, 0x07, 0xF0, 0x7F, 0x07, 0xF0,
    0x7F, 0x07, 0xF0, 0x77, 0x07, 0x70, 0x77, 0x8F, 0x3F, 0xF1, 0xFF, 0x01, 0x80, 0x3C, 0x03, 0x80,
    0x70, 0x06, 0x00, 0x00, 0x00, 0x0E, 0x07, 0xF0, 0x77, 0x07, 0x70, 0xE7, 0x8E, 0x38, 0xE3, 0x8C,
    0x1D, 0xC1, 0xDC, 0x1F, 0x80, 0xF8, 0x0F, 0x80, 0x70, 0x07, 0x00, 0x70, 0x9E, 0x0F, 0xC0, 0xF8,
    0x00, 0xE0, 0x0E, 0x00, 0xE0, 0x0E, 0x00, 0xE0, 0x0E, 0x00, 0xFF, 0x8F, 0xFC, 0xF3, 0xEE, 0x0E,
    0xE0, 0xFE, 0x07, 0xE0, 0x7E, 0x07, 0xE0, 0xFE, 0x0E, 0xF3, 0xEF, 0xFC, 0xFF, 0x8E, 0x00, 0xE0,
    0x0E, 0x00, 0xE0, 0x0E, 0x00, 0x1D, 0xC3, 0xDE, 0x1D, 0xC0, 0x00, 0x00, 0x0E, 0x07, 0xF0, 0x77,
    0x07, 0x70, 0xE7, 0x8E, 0x38, 0xE3, 0x8C, 0x1D, 0xC1, 0xDC, 0x1F, 0x80, 0xF8, 0x0F, 0x80, 0x70,
    0x07, 0x00, 0x70, 0x9E, 0x0F, 0xC0, 0xF8, 0x00, 0x0F, 0xF0, 0x07, 0xF8, 0x00, 0x00, 0x00, 0x00,
    0x00, 0x00, 0x00, 0x0E, 0x00, 0x0F, 0x80, 0x07, 0xC0, 0x07, 0xE0, 0x03, 0xB8, 0x03, 0x9C, 0x01,
    0xCF, 0x01, 0xE3, 0x80, 0xE1, 0xE0, 0x70, 0x70, 0x78, 0x38, 0x3F, 0xFE, 0x1F, 0xFF, 0x1C, 0x03,
    0x8E, 0x01, 0xEF, 0x00, 0x77, 0x00, 0x3C, 0x3F, 0xC7, 0xF8, 0x00, 0x00, 0x00, 0x00, 0xFF, 0x1F,
    0xF3, 0x1E, 0x01, 0xC0, 0x1C, 0xFF, 0xBF, 0xFF, 0x9F, 0xC1, 0xF8, 0x3F, 0x8F, 0xFF, 0xE7, 0xF8,
    0x06, 0x30, 0x03, 0xB8, 0x01, 0xF8, 0x00, 0x7C, 0x00, 0x00, 0x00, 0x00, 0x00, 0x07, 0x00, 0x07,
    0xC0, 0x03, 0xE0, 0x03, 0xF0, 0x01, 0xDC, 0x01, 0xCE, 0x00, 0xE7, 0x80, 0xF1, 0xC0, 0x70, 0xF0,
    0x38, 0x38, 0x3C, 0x1C, 0x1F, 0xFF, 0x0F, 0xFF, 0x8E, 0x01, 0xC7, 0x00, 0xF7, 0x80, 0x3B, 0x80,
    0x1E, 0x31, 0x87, 0x70, 0x7E, 0x0F, 0x80, 0x00, 0x00, 0x1F, 0xE3, 0xFE, 0x63, 0xC0, 0x38, 0x03,
    0x9F, 0xF7, 0xFF, 0xF3, 0xF8, 0x3F, 0x07, 0xF1, 0xFF, 0xFC, 0xFF, 0x00, 0x01, 0xC0, 0x01, 0xF0,
    0x00, 0xF8, 0x00, 0xFC, 0x00, 0x77, 0x00, 0x73, 0x80, 0x39, 0xE0, 0x3C, 0x70, 0x1C, 0x3C, 0x0E,
    0x0E, 0x0F, 0x07, 0x07, 0xFF, 0xC3, 0xFF, 0xE3, 0x80, 0x71, 0xC0, 0x3D, 0xE0, 0x0E, 0xE0, 0x07,
    0x80, 0x03, 0x80, 0x03, 0x80, 0x01, 0xC0, 0x00, 0xF8, 0x00, 0x7C, 0x7F, 0x8F, 0xF9, 0x8F, 0x00,
    0xE0, 0x0E, 0x7F, 0xDF, 0xFF, 0xCF, 0xE0, 0xFC, 0x1F, 0xC7, 0xFF, 0xF3, 0xFC, 0x07, 0x80, 0xE0,
    0x3C, 0x03, 0xC0, 0x7C, 0x00, 0x60, 0x03, 0x80, 0x1C, 0x00, 0xE0, 0x01, 0x80, 0x00, 0x00, 0x00,
    0x01, 0xFE, 0x1F, 0xFC, 0xFC, 0xF7, 0x80, 0x1E, 0x00, 0x70, 0x03, 0xC0, 0x0E, 0x00, 0x38, 0x00,
    0xE0, 0x03, 0xC0, 0x0F, 0x00, 0x1C, 0x00, 0x78, 0x00, 0xFC, 0x71, 0xFF, 0xC1, 0xFE, 0x01, 0x80,
    0x70, 0x1C, 0x07, 0x00, 0x60, 0x00, 0x00, 0x00, 0xFE, 0x3F, 0xCF, 0x99, 0xC0, 0x70, 0x0E, 0x01,
    0xC0, 0x38, 0x07, 0x00, 0xF0, 0x0F, 0x98, 0xFF, 0x0F, 0xE0, 0x01, 0x80, 0x0F, 0x00, 0x7E, 0x01,
    0x9C, 0x06, 0x20, 0x00, 0x00, 0x00, 0x01, 0xFE, 0x1F, 0xFC, 0xFC, 0xF7, 0x80, 0x1E, 0x00, 0x70,
    0x03, 0xC0, 0x0E, 0x00, 0x38, 0x00, 0xE0, 0x03, 0xC0, 0x0F, 0x00, 0x1C, 0x00, 0x78, 0x00, 0xFC,
    0x71, 0xFF, 0xC1, 0xFE, 0x06, 0x01, 0xE0, 0x7E, 0x0C, 0xE1, 0x88, 0x00, 0x00, 0x00, 0xFE, 0x3F,
    0xCF, 0x99, 0xC0, 0x70, 0x0E, 0x01, 0xC0, 0x38, 0x07, 0x00, 0xF0, 0x0F, 0x98, 0xFF, 0x0F, 0xE0,
    0x01, 0xC0, 0x0F, 0x00, 0x1C, 0x00, 0x00, 0x00, 0x00, 0x1F, 0xE1, 0xFF, 0xCF, 0xCF, 0x78, 0x01,
    0xE0, 0x07, 0x00, 0x3C, 0x00, 0xE0, 0x03, 0x80, 0x0E, 0x00, 0x3C, 0x00, 0xF0, 0x01, 0xC0, 0x07,
    0x80, 0x0F, 0xC7, 0x1F, 0xFC, 0x1F, 0xE0, 0x07, 0x01, 0xE0, 0x1C, 0x00, 0x00, 0x00, 0x3F, 0x8F,
    0xF3, 0xE6, 0x70, 0x1C, 0x03, 0x80, 0x70, 0x0E, 0x01, 0xC0, 0x3C, 0x03, 0xE6, 0x3F, 0xC3, 0xF8,
    0x06, 0x20, 0x19, 0xC0, 0x7E, 0x00, 0xF0, 0x01, 0x80, 0x00, 0x00, 0x00, 0x01, 0xFE, 0x1F, 0xFC,
    0xFC, 0xF7, 0x80, 0x1E, 0x00, 0x70, 0x03, 0xC0, 0x0E, 0x00, 0x38, 0x00, 0xE0, 0x03, 0xC0, 0x0F,
    0x00, 0x1C, 0x00, 0x78, 0x00, 0xFC, 0x71, 0xFF, 0xC1, 0xFE, 0x18, 0x83, 0x38, 0x7E, 0x07, 0x80,
    0x60, 0x00, 0x00, 0x00, 0xFE, 0x3F, 0xCF, 0x99, 0xC0, 0x70, 0x0E, 0x01, 0xC0, 0x38, 0x07, 0x00,
    0xF0, 0x0F, 0x98, 0xFF, 0x0F, 0xE0, 0x18, 0xC0, 0x3B, 0x80, 0x3E, 0x00, 0x78, 0x00, 0x60, 0x00,
    0x00, 0x00, 0x00, 0x7F, 0xE0, 0xFF, 0xE1, 0xC3, 0xF3, 0x81, 0xE7, 0x01, 0xEE, 0x01, 0xDC, 0x03,
    0xF8, 0x07, 0xF0, 0x0F, 0xE0, 0x1F, 0xC0, 0x3F, 0x80, 0x77, 0x01, 0xEE, 0x07, 0x9C, 0x3F, 0x3F,
    0xF8, 0x7F, 0xE0, 0x00, 0x77, 0x00, 0x77, 0x00, 0x77, 0x00, 0x77, 0x00, 0x77, 0x00, 0x76, 0x1F,
    0xF0, 0x3F, 0xF0, 0x79, 0xF0, 0xF0, 0x70, 0xE0, 0x70, 0xE0, 0x70, 0xE0, 0x70, 0xE0, 0x70, 0xE0,
    0x70, 0xF0, 0x70, 0x7C, 0x70, 0x3F, 0xF0, 0x1F, 0xF0, 0x3F, 0xF0, 0x1F, 0xFE, 0x0E, 0x1F, 0x87,
    0x01, 0xE3, 0x80, 0x71, 0xC0, 0x3C, 0xE0, 0x0F, 0xFF, 0x07, 0xFF, 0x83, 0x9C, 0x01, 0xCE, 0x00,
    0xE7, 0x00, 0xF3, 0x80, 0x71, 0xC0, 0x78, 0xE1, 0xF8, 0x7F, 0xF8, 0x3F, 0xF0, 0x00, 0x00, 0x70,
    0x01, 0xC0, 0x7F, 0xC1, 0xFF, 0x00, 0x70, 0x01, 0xC1, 0xFF, 0x0F, 0xFC, 0x79, 0xF3, 0xC1, 0xCE,
    0x07, 0x38, 0x1C, 0xE0, 0x73, 0x81, 0xCE, 0x07, 0x3C, 0x1C, 0x7C, 0x70, 0xFF, 0xC1, 0xFF, 0x00,
    0x7F, 0x87, 0xF8, 0x00, 0x00, 0x00, 0x00, 0x0F, 0xFE, 0xFF, 0xEE, 0x00, 0xE0, 0x0E, 0x00, 0xE0,
    0x0E, 0x00, 0xFF, 0xCF, 0xFC, 0xE0, 0x0E, 0x00, 0xE0, 0x0E, 0x00, 0xE0, 0x0E, 0x00, 0xFF, 0xFF,
    0xFF, 0x3F, 0xC3, 0xFC, 0x00, 0x00, 0x00, 0x00, 0x01, 0xF8, 0x3F, 0xE7, 0x9E, 0xF0, 0xFE, 0x07,
    0xFF, 0xFF, 0xFF, 0xE0, 0x0E, 0x00, 0xF0, 0x07, 0xC6, 0x3F, 0xE1, 0xFE, 0x31, 0x83, 0xB8, 0x3F,
    0x01, 0xE0, 0x00, 0x00, 0x00, 0xFF, 0xEF, 0xFE, 0xE0, 0x0E, 0x00, 0xE0, 0x0E, 0x00, 0xE0, 0x0F,
    0xFC, 0xFF, 0xCE, 0x00, 0xE0, 0x0E, 0x00, 0xE0, 0x0E, 0x00, 0xE0, 0x0F, 0xFF, 0xFF, 0xF0, 0x39,
    0xC1, 0xDC, 0x1F, 0x80, 0xF0, 0x00, 0x00, 0x00, 0x1F, 0x83, 0xFE, 0x79, 0xEF, 0x0F, 0xE0, 0x7F,
    0xFF, 0xFF, 0xFE, 0x00, 0xE0, 0x0F, 0x00, 0x7C, 0x63, 0xFE, 0x1F, 0xE0, 0x0E, 0x00, 0xE0, 0x0E,
    0x00, 0x00, 0x00, 0x0F, 0xFE, 0xFF, 0xEE, 0x00, 0xE0, 0x0E, 0x00, 0xE0, 0x0E, 0x00, 0xFF, 0xCF,
    0xFC, 0xE0, 0x0E, 0x00, 0xE0, 0x0E, 0x00, 0xE0, 0x0E, 0x00, 0xFF, 0xFF, 0xFF, 0x07, 0x00, 0xF0,
    0x07, 0x00, 0x00, 0x00, 0x01, 0xF8, 0x3F, 0xE7, 0x9E, 0xF0, 0xFE, 0x07, 0xFF, 0xFF, 0xFF, 0xE0,
    0x0E, 0x00, 0xF0, 0x07, 0xC6, 0x3F, 0xE1, 0xFE, 0xFF, 0xEF, 0xFE, 0xE0, 0x0E, 0x00, 0xE0, 0x0E,
    0x00, 0xE0, 0x0F, 0xFC, 0xFF, 0xCE, 0x00, 0xE0, 0x0E, 0x00, 0xE0, 0x0E, 0x00, 0xE0, 0x0F, 0xFF,
    0xFF, 0xF0, 0x0E, 0x01, 0xC0, 0x1C, 0x01, 0xF0, 0x1F, 0x1F, 0x83, 0xFE, 0x79, 0xEF, 0x0F, 0xE0,
    0x7F, 0xFF, 0xFF, 0xFE, 0x00, 0xE0, 0x0F, 0x00, 0x7C, 0x63, 0xFE, 0x1F, 0xE0, 0x1C, 0x03, 0x80,
    0x38, 0x03, 0xE0, 0x3E, 0x31, 0x03, 0x38, 0x1F, 0x01, 0xE0, 0x0C, 0x00, 0x00, 0x00, 0x0F, 0xFE,
    0xFF, 0xEE, 0x00, 0xE0, 0x0E, 0x00, 0xE0, 0x0E, 0x00, 0xFF, 0xCF, 0xFC, 0xE0, 0x0E, 0x00, 0xE0,
    0x0E, 0x00, 0xE0, 0x0E, 0x00, 0xFF, 0xFF, 0xFF, 0x18, 0x81, 0x9C, 0x1F, 0x80, 0xF0, 0x06, 0x00,
    0x00, 0x00, 0x00, 0x00, 0x1F, 0x83, 0xFE, 0x79, 0xEF, 0x0F, 0xE0, 0x7F, 0xFF, 0xFF, 0xFE, 0x00,
    0xE0, 0x0F, 0x00, 0x7C, 0x63, 0xFE, 0x1F, 0xE0, 0x01, 0x80, 0x03, 0x80, 0x0F, 0x80, 0x3B, 0x80,
    0x63, 0x00, 0x00, 0x00, 0x00, 0x03, 0xFC, 0x1F, 0xFC, 0x7E, 0x79, 0xE0, 0x03, 0xC0, 0x07, 0x00,
    0x1E, 0x00, 0x38, 0x00, 0x70, 0x00, 0xE0, 0x1F, 0xE0, 0x3F, 0xC0, 0x7B, 0x80, 0xF7, 0x81, 0xE7,
    0xE3, 0xC7, 0xFF, 0x83, 0xFE, 0x02, 0x00, 0x70, 0x0F, 0x81, 0xDC, 0x18, 0xC0, 0x00, 0x00, 0x01,
    0xFF, 0x3F, 0xF7, 0xCF, 0x70, 0x7E, 0x07, 0xE0, 0x7E, 0x07, 0xE0, 0x7E, 0x07, 0xF0, 0x77, 0xDF,
    0x3F, 0xF1, 0xFF, 0x00, 0x70, 0x0F, 0x71, 0xE7, 0xFE, 0x7F, 0x80, 0x06, 0x30, 0x0E, 0xE0, 0x1F,
    0x80, 0x1F, 0x00, 0x00, 0x00, 0x00, 0x01, 0xFE, 0x0F, 0xFE, 0x3F, 0x3C, 0xF0, 0x01, 0xE0, 0x03,
    0x80, 0x0F, 0x00, 0x1C, 0x00, 0x38, 0x00, 0x70, 0x0F, 0xF0, 0x1F, 0xE0, 0x3D, 0xC0, 0x7B, 0xC0,
    0xF3, 0xF1, 0xE3, 0xFF, 0xC1, 0xFF, 0x00, 0x18, 0xC1, 0xDC, 0x0F, 0xC0, 0xF8, 0x00, 0x00, 0x00,
    0x1F, 0xF3, 0xFF, 0x7C, 0xF7, 0x07, 0xE0, 0x7E, 0x07, 0xE0, 0x7E, 0x07, 0xE0, 0x7F, 0x07, 0x7D,
    0xF3, 0xFF, 0x1F, 0xF0, 0x07, 0x00, 0xF7, 0x1E, 0x7F, 0xE7, 0xF8, 0x01, 0xC0, 0x03, 0x80, 0x07,
    0x00, 0x00, 0x00, 0x00, 0x00, 0xFF, 0x07, 0xFF, 0x1F, 0x9E, 0x78, 0x00, 0xF0, 0x01, 0xC0, 0x07,
    0x80, 0x0E, 0x00, 0x1C, 0x00, 0x38, 0x07, 0xF8, 0x0F, 0xF0, 0x1E, 0xE0, 0x3D, 0xE0, 0x79, 0xF8,
    0xF1, 0xFF, 0xE0, 0xFF, 0x80, 0x07, 0x00, 0x70, 0x07, 0x00, 0x00, 0x00, 0x01, 0xFF, 0x3F, 0xF7,
    0xCF, 0x70, 0x7E, 0x07, 0xE0, 0x7E, 0x07, 0xE0, 0x7E, 0x07, 0xF0, 0x77, 0xDF, 0x3F, 0xF1, 0xFF,
    0x00, 0x70, 0x0F, 0x71, 0xE7, 0xFE, 0x7F, 0x80, 0x07, 0xF8, 0x3F, 0xF8, 0xFC, 0xF3, 0xC0, 0x07,
    0x80, 0x0E, 0x00, 0x3C, 0x00, 0x70, 0x00, 0xE0, 0x01, 0xC0, 0x3F, 0xC0, 0x7F, 0x80, 0xF7, 0x01,
    0xEF, 0x03, 0xCF, 0xC7, 0x8F, 0xFF, 0x07, 0xFC, 0x00, 0x00, 0x07, 0x00, 0x3E, 0x00, 0x78, 0x00,
    0x03, 0x80, 0x38, 0x07, 0x00, 0x70, 0x00, 0x00, 0x00, 0x1F, 0xF3, 0xFF, 0x7C, 0xF7, 0x07, 0xE0,
    0x7E, 0x07, 0xE0, 0x7E, 0x07, 0xE0, 0x7F, 0x07, 0x7D, 0xF3, 0xFF, 0x1F, 0xF0, 0x07, 0x00, 0xF7,
    0x1E, 0x7F, 0xE7, 0xF8, 0x03, 0x00, 0x1E, 0x00, 0xF8, 0x07, 0x30, 0x18, 0xC0, 0x00, 0x00, 0x00,
    0x38, 0x07, 0xE0, 0x1F, 0x80, 0x7E, 0x01, 0xF8, 0x07, 0xE0, 0x1F, 0x80, 0x7F, 0xFF, 0xFF, 0xFF,
    0xE0, 0x1F, 0x80, 0x7E, 0x01, 0xF8, 0x07, 0xE0, 0x1F, 0x80, 0x7E, 0x01, 0xF8, 0x07, 0x30, 0x07,
    0xC0, 0xFE, 0x0C, 0xC0, 0x00, 0x00, 0x00, 0x70, 0x07, 0x00, 0x70, 0x07, 0x00, 0x70, 0x07, 0x00,
    0x7F, 0xC7, 0xFE, 0x79, 0xE7, 0x0F, 0x70, 0x77, 0x07, 0x70, 0x77, 0x07, 0x70, 0x77, 0x07, 0x70,
    0x77, 0x07, 0x70, 0x70, 0x38, 0x07, 0x0E, 0x01, 0xCF, 0xFF, 0xFF, 0xFF, 0xFF, 0x38, 0x07, 0x0E,
    0x01, 0xC3, 0x80, 0x70, 0xFF, 0xFC, 0x3F, 0xFF, 0x0E, 0x01, 0xC3, 0x80, 0x70, 0xE0, 0x1C, 0x38,
    0x07, 0x0E, 0x01, 0xC3, 0x80, 0x70, 0xE0, 0x1C, 0x38, 0x07, 0x00, 0x38, 0x01, 0xC0, 0x3F, 0xE1,
    0xFF, 0x03, 0x80, 0x1C, 0x00, 0xFF, 0x87, 0xFE, 0x3C, 0xF1, 0xC3, 0xCE, 0x0E, 0x70, 0x73, 0x83,
    0x9C, 0x1C, 0xE0, 0xE7, 0x07, 0x38, 0x39, 0xC1, 0xCE, 0x0E, 0x7B, 0xFF, 0xB7, 0xC0, 0x00, 0x00,
    0x00, 0x70, 0x38, 0x1C, 0x0E, 0x07, 0x03, 0x81, 0xC0, 0xE0, 0x70, 0x38, 0x1C, 0x0E, 0x07, 0x03,
    0x81, 0xC0, 0xE0, 0x70, 0x7B, 0x7F, 0xB7, 0xC0, 0x00, 0x00, 0x00, 0x70, 0x38, 0x1C, 0x0E, 0x07,
    0x03, 0x81, 0xC0, 0xE0, 0x70, 0x38, 0x1C, 0x0E, 0x07, 0x00, 0xFF, 0xFF, 0x00, 0x00, 0x00, 0x1C,
    0x1C, 0x1C, 0x1C, 0x1C, 0x1C, 0x1C, 0x1C, 0x1C, 0x1C, 0x1C, 0x1C, 0x1C, 0x1C, 0x1C, 0x1C, 0x1C,
    0xFF, 0xFF, 0x00, 0x00, 0x00, 0x1C, 0x1C, 0x1C, 0x1C, 0x1C, 0x1C, 0x1C, 0x1C, 0x1C, 0x1C, 0x1C,
    0x1C, 0x1C, 0xC7, 0xDF, 0xF3, 0xE0, 0x00, 0x0E, 0x1C, 0x38, 0x70, 0xE1, 0xC3, 0x87, 0x0E, 0x1C,
    0x38, 0x70, 0xE1, 0xC3, 0x87, 0x0E, 0x00, 0x63, 0x77, 0x7E, 0x3C, 0x00, 0x00, 0x1C, 0x1C, 0x1C,
    0x1C, 0x1C, 0x1C, 0x1C, 0x1C, 0x1C, 0x1C, 0x1C, 0x1C, 0x1C, 0x39, 0xCE, 0x73, 0x9C, 0xE7, 0x39,
    0xCE, 0x73, 0x9C, 0xE7, 0x3B, 0x99, 0xCF, 0xBC, 0x7B, 0xC0, 0x00, 0x1C, 0xE7, 0x39, 0xCE, 0x73,
    0x9C, 0xE7, 0x39, 0xDD, 0xCE, 0x7F, 0xE0, 0x77, 0x70, 0x07, 0x77, 0x77, 0x77, 0x77, 0x77, 0x77,
    0x77, 0x77, 0xFF, 0xFF, 0xFF, 0xFF, 0xFE, 0xE0, 0x0F, 0xE0, 0x0F, 0xE0, 0x0F, 0xE0, 0x0F, 0xE0,
    0x0F, 0xE0, 0x0F, 0xE0, 0x0F, 0xE0, 0x0F, 0xE0, 0x0F, 0xE0, 0x0F, 0xE0, 0x0F, 0xE0, 0x0F, 0xE0,
    0x0F, 0xE0, 0x0E, 0xE7, 0x3E, 0xE7, 0xFC, 0xE3, 0xF8, 0xF1, 0xDE, 0x38, 0x00, 0x00, 0x00, 0x00,
    0xE3, 0x9C, 0x73, 0x8E, 0x71, 0xCE, 0x39, 0xC7, 0x38, 0xE7, 0x1C, 0xE3, 0x9C, 0x73, 0x8E, 0x71,
    0xCE, 0x38, 0x07, 0x00, 0xE0, 0x3C, 0x1F, 0x07, 0xC0, 0x00, 0xC0, 0x0F, 0x00, 0x7C, 0x06, 0x70,
    0x31, 0x80, 0x00, 0x00, 0x00, 0x1C, 0x00, 0xE0, 0x07, 0x00, 0x38, 0x01, 0xC0, 0x0E, 0x00, 0x70,
    0x03, 0x80, 0x1C, 0x00, 0xE0, 0x07, 0x00, 0x38, 0x01, 0xC0, 0x1E, 0x73, 0xE3, 0xFF, 0x0F, 0xE0,
    0x0C, 0x0F, 0x0F, 0xC6, 0x73, 0x10, 0x00, 0x00, 0x1C, 0x0E, 0x07, 0x03, 0x81, 0xC0, 0xE0, 0x70,
    0x38, 0x1C, 0x0E, 0x07, 0x03, 0x81, 0xC0, 0xE0, 0xF0, 0xF1, 0xF8, 0xF8, 0x00, 0xE0, 0x7B, 0x83,
    0xCE, 0x1E, 0x38, 0xF0, 0xE7, 0x83, 0xBC, 0x0F, 0xE0, 0x3F, 0x00, 0xFE, 0x03, 0xFC, 0x0E, 0xF8,
    0x39, 0xF0, 0xE3, 0xE3, 0x87, 0xCE, 0x0F, 0x38, 0x1E, 0xE0, 0x3C, 0x00, 0x00, 0x70, 0x07, 0xC0,
    0x1E, 0x00, 0xE0, 0x1C, 0x03, 0x80, 0x70, 0x0E, 0x01, 0xC0, 0x38, 0x77, 0x1C, 0xEF, 0x1F, 0xC3,
    0xF0, 0x7C, 0x0F, 0xC1, 0xFC, 0x3B, 0xC7, 0x3C, 0xE3, 0xDC, 0x3B, 0x87, 0x80, 0x01, 0xC0, 0x78,
    0x0F, 0x00, 0xE1, 0xEE, 0x3C, 0xE7, 0x8E, 0xF0, 0xFE, 0x0F, 0xC0, 0xFC, 0x0F, 0xE0, 0xEF, 0x0E,
    0x78, 0xE3, 0xCE, 0x1C, 0xE0, 0xE0, 0x18, 0x07, 0x01, 0xC0, 0x70, 0x0C, 0x00, 0x00, 0x00, 0x07,
    0x00, 0xE0, 0x1C, 0x03, 0x80, 0x70, 0x0E, 0x01, 0xC0, 0x38, 0x07, 0x00, 0xE0, 0x1C, 0x03, 0x80,
    0x70, 0x0E, 0x01, 0xC0, 0x3F, 0xFF, 0xFF, 0x19, 0xEF, 0x80, 0x71, 0xC7, 0x1C, 0x71, 0xC7, 0x1C,
    0x71, 0xC7, 0x1C, 0x71, 0xC7, 0x1C, 0x79, 0xF3, 0x80, 0xE0, 0x1C, 0x03, 0x80, 0x70, 0x0E, 0x01,
    0xC0, 0x38, 0x07, 0x00, 0xE0, 0x1C, 0x03, 0x80, 0x70, 0x0E, 0x01, 0xC0, 0x38, 0x07, 0xFF, 0xFF,
    0xE0, 0x00, 0x38, 0x1F, 0x03, 0xC0, 0x38, 0x70, 0xE1, 0xC3, 0x87, 0x0E, 0x1C, 0x38, 0x70, 0xE1,
    0xC3, 0x87, 0x0E, 0x1C, 0x3C, 0x7C, 0x70, 0x03, 0x8F, 0x1C, 0x00, 0xEE, 0x1D, 0xC3, 0xB8, 0x77,
    0x0E, 0xE1, 0xDC, 0x38, 0x07, 0x00, 0xE0, 0x1C, 0x03, 0x80, 0x70, 0x0E, 0x01, 0xC0, 0x38, 0x07,
    0xFF, 0xFF, 0xE0, 0x77, 0x76, 0x76, 0x76, 0x76, 0x76, 0x70, 0x70, 0x70, 0x70, 0x70, 0x70, 0x70,
    0x70, 0x70, 0x70, 0x78, 0x7C, 0x38, 0xE0, 0x1C, 0x03, 0x80, 0x70, 0x0E, 0x01, 0xC0, 0x38, 0x07,
    0x1C, 0xE3, 0xDC, 0x73, 0x80, 0x70, 0x0E, 0x01, 0xC0, 0x38, 0x07, 0xFF, 0xFF, 0xE0, 0x70, 0x38,
    0x1C, 0x0E, 0x07, 0x03, 0x81, 0xC0, 0xE0, 0x70, 0x3B, 0x9D, 0xEE, 0xE7, 0x03, 0x81, 0xC0, 0xE0,
    0x78, 0x3E, 0x0E, 0x00, 0x1C, 0x00, 0x38, 0x00, 0x70, 0x00, 0xE0, 0x01, 0xC0, 0x03, 0x90, 0x07,
    0xF0, 0x0F, 0xC0, 0x3E, 0x00, 0xF8, 0x01, 0xF0, 0x00, 0xE0, 0x01, 0xC0, 0x03, 0x80, 0x07, 0x00,
    0x0F, 0xFE, 0x1F, 0xFC, 0x38, 0x38, 0x38, 0x38, 0x38, 0x38, 0x3A, 0x3E, 0x3E, 0xF8, 0xF8, 0x38,
    0x38, 0x38, 0x38, 0x38, 0x3C, 0x3E, 0x1E, 0x00, 0xC0, 0x03, 0x80, 0x0E, 0x00, 0x38, 0x00, 0x70,
    0x00, 0x00, 0x00, 0x00, 0x70, 0x0E, 0xF0, 0x1D, 0xF0, 0x3B, 0xF0, 0x77, 0xE0, 0xEE, 0xE1, 0xDD,
    0xE3, 0xB9, 0xE7, 0x71, 0xCE, 0xE1, 0xDD, 0xC3, 0xFB, 0x83, 0xF7, 0x03, 0xEE, 0x07, 0xDC, 0x07,
    0xB8, 0x07, 0x70, 0x0E, 0x03, 0x00, 0xE0, 0x38, 0x07, 0x00, 0xC0, 0x00, 0x00, 0x07, 0xFC, 0xFF,
    0xDC, 0x7B, 0x87, 0xF0, 0x7E, 0x0F, 0xC1, 0xF8, 0x3F, 0x07, 0xE0, 0xFC, 0x1F, 0x83, 0xF0, 0x70,
    0xE0, 0x1D, 0xE0, 0x3B, 0xE0, 0x77, 0xE0, 0xEF, 0xC1, 0xDD, 0xC3, 0xBB, 0xC7, 0x73, 0xCE, 0xE3,
    0x9D, 0xC3, 0xBB, 0x87, 0xF7, 0x07, 0xEE, 0x07, 0xDC, 0x0F, 0xB8, 0x0F, 0x70, 0x0E, 0xE0, 0x1C,
    0x00, 0x00, 0x1E, 0x00, 0x78, 0x00, 0xF0, 0x00, 0xFF, 0x9F, 0xFB, 0x8F, 0x70, 0xFE, 0x0F, 0xC1,
    0xF8, 0x3F, 0x07, 0xE0, 0xFC, 0x1F, 0x83, 0xF0, 0x7E, 0x0E, 0x00, 0x03, 0x81, 0xF0, 0x3C, 0x00,
    0x0C, 0x40, 0x19, 0xC0, 0x3F, 0x00, 0x3C, 0x00, 0x30, 0x00, 0x00, 0x00, 0x00, 0x70, 0x0E, 0xF0,
    0x1D, 0xF0, 0x3B, 0xF0, 0x77, 0xE0, 0xEE, 0xE1, 0xDD, 0xE3, 0xB9, 0xE7, 0x71, 0xCE, 0xE1, 0xDD,
    0xC3, 0xFB, 0x83, 0xF7, 0x03, 0xEE, 0x07, 0xDC, 0x07, 0xB8, 0x07, 0x70, 0x0E, 0x31, 0x86, 0x70,
    0x7C, 0x0F, 0x00, 0xC0, 0x00, 0x00, 0x07, 0xFC, 0xFF, 0xDC, 0x7B, 0x87, 0xF0, 0x7E, 0x0F, 0xC1,
    0xF8, 0x3F, 0x07, 0xE0, 0xFC, 0x1F, 0x83, 0xF0, 0x70, 0x70, 0x03, 0x80, 0x38, 0x01, 0xC0, 0x0E,
    0x00, 0x00, 0x00, 0xFF, 0x87, 0xFE, 0x38, 0xF1, 0xC3, 0xCE, 0x0E, 0x70, 0x73, 0x83, 0x9C, 0x1C,
    0xE0, 0xE7, 0x07, 0x38, 0x39, 0xC1, 0xCE, 0x0E, 0xE0, 0x1D, 0xE0, 0x3B, 0xE0, 0x77, 0xE0, 0xEF,
    0xC1, 0xDD, 0xC3, 0xBB, 0xC7, 0x73, 0xCE, 0xE3, 0x9D, 0xC3, 0xBB, 0x83, 0xF7, 0x07, 0xEE, 0x07,
    0xDC, 0x07, 0xB8, 0x07, 0x70, 0x0E, 0xE0, 0x1C, 0x00, 0x38, 0x00, 0x70, 0x00, 0xE0, 0x07, 0xC0,
    0x0F, 0x00, 0xFF, 0x9F, 0xFB, 0x8F, 0x70, 0xFE, 0x0F, 0xC1, 0xF8, 0x3F, 0x07, 0xE0, 0xFC, 0x1F,
    0x83, 0xF0, 0x7E, 0x0E, 0x01, 0xC0, 0x38, 0x0F, 0x07, 0xC0, 0xF8, 0x07, 0xF8, 0x03, 0xFC, 0x00,
    0x00, 0x00, 0x00, 0x00, 0x00, 0x00, 0x3F, 0xC0, 0x7F, 0xF0, 0x7E, 0x7C, 0x78, 0x0F, 0x38, 0x03,
    0xDC, 0x01, 0xFE, 0x00, 0x7E, 0x00, 0x3F, 0x00, 0x1F, 0x80, 0x0F, 0xE0, 0x07, 0x70, 0x07, 0xB8,
    0x03, 0xDE, 0x03, 0xC7, 0xE7, 0xC1, 0xFF, 0xC0, 0x3F, 0xC0, 0x3F, 0xC1, 0xFE, 0x00, 0x00, 0x00,
    0x00, 0x00, 0x0F, 0xE0, 0xFF, 0x8F, 0x3E, 0x70, 0x77, 0x03, 0xF8, 0x0F, 0xC0, 0x7E, 0x03, 0xF0,
    0x3D, 0xC1, 0xCF, 0x3E, 0x3F, 0xE0, 0xFE, 0x00, 0x06, 0x30, 0x03, 0xB8, 0x00, 0xFC, 0x00, 0x7C,
    0x00, 0x00, 0x00, 0x00, 0x00, 0x1F, 0xE0, 0x3F, 0xF8, 0x3F, 0x3E, 0x3C, 0x07, 0x9C, 0x01, 0xEE,
    0x00, 0xFF, 0x00, 0x3F, 0x00, 0x1F, 0x80, 0x0F, 0xC0, 0x07, 0xF0, 0x03, 0xB8, 0x03, 0xDC, 0x01,
    0xEF, 0x01, 0xE3, 0xF3, 0xE0, 0xFF, 0xE0, 0x1F, 0xE0, 0x18, 0xC0, 0xEE, 0x07, 0xE0, 0x1F, 0x00,
    0x00, 0x00, 0x00, 0x7F, 0x07, 0xFC, 0x79, 0xF3, 0x83, 0xB8, 0x1F, 0xC0, 0x7E, 0x03, 0xF0, 0x1F,
    0x81, 0xEE, 0x0E, 0x79, 0xF1, 0xFF, 0x07, 0xF0, 0x00, 0xCC, 0x00, 0xEE, 0x00, 0xEE, 0x00, 0x66,
    0x00, 0x33, 0x00, 0x00, 0x00, 0x00, 0x00, 0x0F, 0xF0, 0x1F, 0xFC, 0x1F, 0x9F, 0x1E, 0x03, 0xCE,
    0x00, 0xF7, 0x00, 0x7F, 0x80, 0x1F, 0x80, 0x0F, 0xC0, 0x07, 0xE0, 0x03, 0xF8, 0x01, 0xDC, 0x01,
    0xEE, 0x00, 0xF7, 0x80, 0xF1, 0xF9, 0xF0, 0x7F, 0xF0, 0x0F, 0xF0, 0x06, 0x70, 0x3B, 0x83, 0xB8,
    0x3B, 0x81, 0x98, 0x00, 0x00, 0x00, 0x03, 0xF8, 0x3F, 0xE3, 0xCF, 0x9C, 0x1D, 0xC0, 0xFE, 0x03,
    0xF0, 0x1F, 0x80, 0xFC, 0x0F, 0x70, 0x73, 0xCF, 0x8F, 0xF8, 0x3F, 0x80, 0x07, 0xFF, 0xFE, 0x3F,
    0xFF, 0xFC, 0xFC, 0x38, 0x01, 0xE0, 0x70, 0x07, 0x80, 0xE0, 0x0E, 0x01, 0xC0, 0x3C, 0x03, 0x80,
    0x70, 0x07, 0xFE, 0xE0, 0x0F, 0xFD, 0xC0, 0x1C, 0x03, 0xC0, 0x38, 0x03, 0x80, 0x70, 0x07, 0x80,
    0xE0, 0x0F, 0x81, 0xC0, 0x0F, 0xC3, 0x80, 0x0F, 0xFF, 0xFF, 0x07, 0xFF, 0xFE, 0x1F, 0x87, 0xE0,
    0xFF, 0xBF, 0xC7, 0x9F, 0xE7, 0x9C, 0x1E, 0x0E, 0xE0, 0x78, 0x3F, 0x80, 0xFF, 0xFE, 0x03, 0xFF,
    0xF8, 0x0E, 0x00, 0xE0, 0x78, 0x01, 0xC1, 0xF0, 0x07, 0x9F, 0xF3, 0x0F, 0xFB, 0xFE, 0x1F, 0x87,
    0xF8, 0x03, 0x00, 0x1C, 0x00, 0xF0, 0x03, 0x80, 0x0C, 0x00, 0x00, 0x00, 0x00, 0x3F, 0xF0, 0xFF,
    0xE3, 0x8F, 0xCE, 0x07, 0x38, 0x1E, 0xE0, 0x7B, 0x81, 0xCE, 0x1F, 0x3F, 0xF8, 0xFF, 0xC3, 0x8F,
    0x0E, 0x1C, 0x38, 0x38, 0xE0, 0xF3, 0x81, 0xCE, 0x07, 0xB8, 0x0E, 0x0E, 0x0E, 0x1C, 0x38, 0x30,
    0x00, 0x00, 0xFF, 0xFF, 0xE2, 0xE0, 0xE0, 0xE0, 0xE0, 0xE0, 0xE0, 0xE0, 0xE0, 0xE0, 0xE0, 0xFF,
    0xC3, 0xFF, 0x8E, 0x3F, 0x38, 0x1C, 0xE0, 0x7B, 0x81, 0xEE, 0x07, 0x38, 0x7C, 0xFF, 0xE3, 0xFF,
    0x0E, 0x3C, 0x38, 0x70, 0xE0, 0xE3, 0x83, 0xCE, 0x07, 0x38, 0x1E, 0xE0, 0x38, 0x00, 0x00, 0x70,
    0x07, 0xC0, 0x1E, 0x00, 0x3F, 0xCF, 0xF3, 0x88, 0xE0, 0x38, 0x0E, 0x03, 0x80, 0xE0, 0x38, 0x0E,
    0x03, 0x80, 0xE0, 0x38, 0x00, 0x07, 0x83, 0xC0, 0xF0, 0x00, 0x31, 0x80, 0xEE, 0x01, 0xF0, 0x03,
    0x80, 0x0C, 0x00, 0x00, 0x00, 0x00, 0x3F, 0xF0, 0xFF, 0xE3, 0x8F, 0xCE, 0x07, 0x38, 0x1E, 0xE0,
    0x7B, 0x81, 0xCE, 0x1F, 0x3F, 0xF8, 0xFF, 0xC3, 0x8F, 0x0E, 0x1C, 0x38, 0x38, 0xE0, 0xF3, 0x81,
    0xCE, 0x07, 0xB8, 0x0E, 0xC6, 0xEE, 0x7C, 0x3C, 0x18, 0x00, 0x00, 0xFF, 0xFF, 0xE2, 0xE0, 0xE0,
    0xE0, 0xE0, 0xE0, 0xE0, 0xE0, 0xE0, 0xE0, 0xE0, 0x00, 0xC0, 0x0E, 0x00, 0xE0, 0x0E, 0x00, 0x60,
    0x00, 0x00, 0x00, 0x03, 0xFC, 0x3F, 0xF3, 0xE3, 0x9C, 0x00, 0xE0, 0x07, 0x80, 0x1F, 0x00, 0x7C,
    0x00, 0xF8, 0x01, 0xF0, 0x07, 0x80, 0x1E, 0x00, 0x70, 0x07, 0xBC, 0xF9, 0xFF, 0xC7, 0xF8, 0x07,
    0x01, 0xC0, 0xE0, 0x70, 0x18, 0x00, 0x00, 0x00, 0xFE, 0xFF, 0xBC, 0xCE, 0x03, 0xC0, 0xFC, 0x0F,
    0xC0, 0xF8, 0x0E, 0x03, 0xF9, 0xEF, 0xFB, 0xFC, 0x03, 0x00, 0x3C, 0x03, 0xF0, 0x39, 0x80, 0x8C,
    0x00, 0x00, 0x00, 0x03, 0xFC, 0x3F, 0xF3, 0xE3, 0x9C, 0x00, 0xE0, 0x07, 0x80, 0x1F, 0x00, 0x7C,
    0x00, 0xF8, 0x01, 0xF0, 0x07, 0x80, 0x1E, 0x00, 0x70, 0x07, 0xBC, 0xF9, 0xFF, 0xC7, 0xF8, 0x0C,
    0x07, 0x03, 0xE1, 0xDC, 0x63, 0x00, 0x00, 0x00, 0xFE, 0xFF, 0xBC, 0xCE, 0x03, 0xC0, 0xFC, 0x0F,
    0xC0, 0xF8, 0x0E, 0x03, 0xF9, 0xEF, 0xFB, 0xFC, 0x1F, 0xE1, 0xFF, 0x9F, 0x1C, 0xE0, 0x07, 0x00,
    0x3C, 0x00, 0xF8, 0x03, 0xE0, 0x07, 0xC0, 0x0F, 0x80, 0x3C, 0x00, 0xF0, 0x03, 0x80, 0x3D, 0xE7,
    0xCF, 0xFE, 0x3F, 0xC0, 0x38, 0x01, 0xC0, 0x07, 0x00, 0xF8, 0x07, 0x80, 0x3F, 0xBF, 0xEF, 0x33,
    0x80, 0xF0, 0x3F, 0x03, 0xF0, 0x3E, 0x03, 0x80, 0xFE, 0x7B, 0xFE, 0xFF, 0x07, 0x01, 0xC0, 0x38,
    0x3E, 0x1F, 0x00, 0x08, 0xC0, 0xE6, 0x03, 0xF0, 0x0F, 0x00, 0x30, 0x00, 0x00, 0x00, 0x03, 0xFC,
    0x3F, 0xF3, 0xE3, 0x9C, 0x00, 0xE0, 0x07, 0x80, 0x1F, 0x00, 0x7C, 0x00, 0xF8, 0x01, 0xF0, 0x07,
    0x80, 0x1E, 0x00, 0x70, 0x07, 0xBC, 0xF9, 0xFF, 0xC7, 0xF8, 0x63, 0x1D, 0xC3, 0xE0, 0x70, 0x08,
    0x00, 0x00, 0x00, 0xFE, 0xFF, 0xBC, 0xCE, 0x03, 0xC0, 0xFC, 0x0F, 0xC0, 0xF8, 0x0E, 0x03, 0xF9,
    0xEF, 0xFB, 0xFC, 0xFF, 0xFF, 0xFF, 0xF0, 0x78, 0x01, 0xE0, 0x07, 0x80, 0x1E, 0x00, 0x78, 0x01,
    0xE0, 0x07, 0x80, 0x1E, 0x00, 0x78, 0x01, 0xE0, 0x07, 0x80, 0x1E, 0x00, 0x78, 0x01, 0xE0, 0x07,
    0x80, 0x0C, 0x00, 0x70, 0x00, 0xE0, 0x03, 0x80, 0x3E, 0x00, 0xF0, 0x00, 0x70, 0x78, 0x3C, 0x1E,
    0x0F, 0xF7, 0xFB, 0xC1, 0xE0, 0xF0, 0x78, 0x3C, 0x1E, 0x07, 0x03, 0x81, 0xE4, 0xFF, 0x3F, 0x86,
    0x03, 0x81, 0xC3, 0xE1, 0xF0, 0x08, 0x40, 0x33, 0x80, 0xFC, 0x01, 0xE0, 0x03, 0x00, 0x00, 0x00,
    0x00, 0x3F, 0xFF, 0xFF, 0xFC, 0x1E, 0x00, 0x78, 0x01, 0xE0, 0x07, 0x80, 0x1E, 0x00, 0x78, 0x01,
    0xE0, 0x07, 0x80, 0x1E, 0x00, 0x78, 0x01, 0xE0, 0x07, 0x80, 0x1E, 0x00, 0x78, 0x01, 0xE0, 0x06,
    0x03, 0x01, 0x8E, 0xCF, 0x67, 0x83, 0xC1, 0xFE, 0xFF, 0x78, 0x3C, 0x1E, 0x0F, 0x07, 0x83, 0xC1,
    0xE0, 0x70, 0x3C, 0x9F, 0xE7, 0xF0, 0xFF, 0xFF, 0xFF, 0xF0, 0x78, 0x01, 0xE0, 0x07, 0x80, 0x1E,
    0x00, 0x78, 0x0F, 0xFC, 0x3F, 0xF0, 0x1E, 0x00, 0x78, 0x01, 0xE0, 0x07, 0x80, 0x1E, 0x00, 0x78,
    0x01, 0xE0, 0x07, 0x80, 0x70, 0x78, 0x3C, 0x1E, 0x0F, 0xF7, 0xFB, 0xC1, 0xE0, 0xF0, 0x7F, 0xBF,
    0xDE, 0x0F, 0x03, 0x81, 0xE4, 0xFF, 0x3F, 0x80, 0x1F, 0x60, 0x7F, 0x83, 0xBC, 0x00, 0x00, 0x00,
    0x00, 0x00, 0x0E, 0x03, 0xF8, 0x0F, 0xE0, 0x3F, 0x80, 0xFE, 0x03, 0xF8, 0x0F, 0xE0, 0x3F, 0x80,
    0xFE, 0x03, 0xF8, 0x0F, 0xE0, 0x3F, 0x80, 0xEE, 0x03, 0xBC, 0x1E, 0x7C, 0xF0, 0xFF, 0xC1, 0xFC,
    0x00, 0x1E, 0xC3, 0xFC, 0x37, 0x80, 0x00, 0x00, 0x00, 0x00, 0xF0, 0x7F, 0x07, 0xF0, 0x7F, 0x07,
    0xF0, 0x7F, 0x07, 0xF0, 0x7F, 0x07, 0x70, 0x77, 0x07, 0x78, 0xF3, 0xFF, 0x1F, 0xF0, 0x1F, 0xE0,
    0x7F, 0x80, 0x00, 0x00, 0x00, 0x00, 0x03, 0x80, 0xFE, 0x03, 0xF8, 0x0F, 0xE0, 0x3F, 0x80, 0xFE,
    0x03, 0xF8, 0x0F, 0xE0, 0x3F, 0x80, 0xFE, 0x03, 0xF8, 0x0F, 0xE0, 0x3B, 0x80, 0xEF, 0x07, 0x9F,
    0x3C, 0x3F, 0xF0, 0x7F, 0x00, 0x3F, 0xC3, 0xFC, 0x00, 0x00, 0x00, 0x00, 0x0F, 0x07, 0xF0, 0x7F,
    0x07, 0xF0, 0x7F, 0x07, 0xF0, 0x7F, 0x07, 0xF0, 0x77, 0x07, 0x70, 0x77, 0x8F, 0x3F, 0xF1, 0xFF,
    0x18, 0xC0, 0x77, 0x00, 0xFC, 0x03, 0xE0, 0x00, 0x00, 0x00, 0x0E, 0x03, 0xF8, 0x0F, 0xE0, 0x3F,
    0x80, 0xFE, 0x03, 0xF8, 0x0F, 0xE0, 0x3F, 0x80, 0xFE, 0x03, 0xF8, 0x0F, 0xE0, 0x3F, 0x80, 0xEE,
    0x03, 0xBC, 0x1E, 0x7C, 0xF0, 0xFF, 0xC1, 0xFC, 0x00, 0x39, 0xC1, 0xDC, 0x1F, 0x80, 0xF0, 0x00,
    0x00, 0x00, 0xF0, 0x7F, 0x07, 0xF0, 0x7F, 0x07, 0xF0, 0x7F, 0x07, 0xF0, 0x7F, 0x07, 0x70, 0x77,
    0x07, 0x78, 0xF3, 0xFF, 0x1F, 0xF0, 0x07, 0x80, 0x36, 0x00, 0xCC, 0x03, 0x60, 0x07, 0x80, 0x00,
    0x00, 0x00, 0x38, 0x0F, 0xE0, 0x3F, 0x80, 0xFE, 0x03, 0xF8, 0x0F, 0xE0, 0x3F, 0x80, 0xFE, 0x03,
    0xF8, 0x0F, 0xE0, 0x3F, 0x80, 0xFE, 0x03, 0xB8, 0x0E, 0xF0, 0x79, 0xF3, 0xC3, 0xFF, 0x07, 0xF0,
    0x0F, 0x01, 0xD8, 0x19, 0x81, 0xD8, 0x0F, 0x00, 0x00, 0x00, 0x0F, 0x07, 0xF0, 0x7F, 0x07, 0xF0,
    0x7F, 0x07, 0xF0, 0x7F, 0x07, 0xF0, 0x77, 0x07, 0x70, 0x77, 0x8F, 0x3F, 0xF1, 0xFF, 0x03, 0x30,
    0x1D, 0xC0, 0xEE, 0x07, 0x30, 0x18, 0xC0, 0x00, 0x00, 0x00, 0x38, 0x0F, 0xE0, 0x3F, 0x80, 0xFE,
    0x03, 0xF8, 0x0F, 0xE0, 0x3F, 0x80, 0xFE, 0x03, 0xF8, 0x0F, 0xE0, 0x3F, 0x80, 0xFE, 0x03, 0xB8,
    0x0E, 0xF0, 0x79, 0xF3, 0xC3, 0xFF, 0x07, 0xF0, 0x06, 0x60, 0xEE, 0x0E, 0xE1, 0xDC, 0x19, 0x80,
    0x00, 0x00, 0x0F, 0x07, 0xF0, 0x7F, 0x07, 0xF0, 0x7F, 0x07, 0xF0, 0x7F, 0x07, 0xF0, 0x77, 0x07,
    0x70, 0x77, 0x8F, 0x3F, 0xF1, 0xFF, 0xE0, 0x3F, 0x80, 0xFE, 0x03, 0xF8, 0x0F, 0xE0, 0x3F, 0x80,
    0xFE, 0x03, 0xF8, 0x0F, 0xE0, 0x3F, 0x80, 0xFE, 0x03, 0xF8, 0x0E, 0xE0, 0x3B, 0xC1, 0xE7, 0xCF,
    0x8F, 0xFC, 0x1F, 0xE0, 0x0E, 0x00, 0x70, 0x01, 0xC0, 0x07, 0xC0, 0x0F, 0x00, 0xF0, 0x7F, 0x07,
    0xF0, 0x7F, 0x07, 0xF0, 0x7F, 0x07, 0xF0, 0x7F, 0x07, 0x70, 0x77, 0x07, 0x78, 0xF3, 0xFF, 0x1F,
    0xF0, 0x0E, 0x01, 0xC0, 0x1C, 0x01, 0xF0, 0x1F, 0x00, 0x18, 0x00, 0x00, 0x70, 0x00, 0x01, 0xF0,
    0x00, 0x07, 0x70, 0x00, 0x0C, 0x60, 0x00, 0x00, 0x00, 0x00, 0x00, 0x00, 0x78, 0x00, 0x07, 0x70,
    0x00, 0x1E, 0xE0, 0x70, 0x39, 0xC0, 0xF0, 0x73, 0x83, 0xE0, 0xE7, 0x87, 0xC1, 0xC7, 0x0F, 0xC7,
    0x8E, 0x3B, 0x8E, 0x1C, 0x77, 0x1C, 0x3C, 0xE7, 0x38, 0x3B, 0x8E, 0x70, 0x77, 0x1D, 0xC0, 0xEE,
    0x1F, 0x81, 0xF8, 0x3F, 0x01, 0xF0, 0x3C, 0x03, 0xC0, 0x78, 0x07, 0x80, 0xF0, 0x00, 0x60, 0x00,
    0x1C, 0x00, 0x07, 0xC0, 0x01, 0xDC, 0x00, 0x31, 0x80, 0x00, 0x00, 0x00, 0x00, 0x07, 0x07, 0x07,
    0xF0, 0xE0, 0xEE, 0x1E, 0x1D, 0xC3, 0xC7, 0x38, 0xF8, 0xE3, 0x9F, 0x9C, 0x73, 0x77, 0x0E, 0xEE,
    0xE0, 0xFC, 0xDC, 0x1F, 0x1F, 0x03, 0xE3, 0xE0, 0x3C, 0x3C, 0x07, 0x07, 0x00, 0x01, 0x00, 0x07,
    0x00, 0x1F, 0x00, 0x77, 0x00, 0xC6, 0x00, 0x00, 0x00, 0x00, 0x78, 0x0F, 0x70, 0x1C, 0xF0, 0x78,
    0xE0, 0xE1, 0xE3, 0xC1, 0xEF, 0x01, 0xDC, 0x03, 0xF8, 0x03, 0xE0, 0x03, 0x80, 0x07, 0x00, 0x0E,
    0x00, 0x1C, 0x00, 0x38, 0x00, 0x70, 0x00, 0xE0, 0x01, 0xC0, 0x02, 0x00, 0x70, 0x0F, 0x81, 0xDC,
    0x18, 0xC0, 0x00, 0x00, 0x0E, 0x07, 0xF0, 0x77, 0x07, 0x70, 0xE7, 0x8E, 0x38, 0xE3, 0x8C, 0x1D,
    0xC1, 0xDC, 0x1F, 0x80, 0xF8, 0x0F, 0x80, 0x70, 0x07, 0x00, 0x70, 0x9E, 0x0F, 0xC0, 0xF8, 0x00,
    0x0E, 0xE0, 0x3D, 0xE0, 0x3B, 0x80, 0x00, 0x00, 0x00, 0x1E, 0x03, 0xDC, 0x07, 0x3C, 0x1E, 0x38,
    0x38, 0x78, 0xF0, 0x7B, 0xC0, 0x77, 0x00, 0xFE, 0x00, 0xF8, 0x00, 0xE0, 0x01, 0xC0, 0x03, 0x80,
    0x07, 0x00, 0x0E, 0x00, 0x1C, 0x00, 0x38, 0x00, 0x70, 0x00, 0x00, 0xC0, 0x07, 0x00, 0x38, 0x00,
    0xE0, 0x03, 0x00, 0x00, 0x00, 0x00, 0x1F, 0xFF, 0x7F, 0xFC, 0x01, 0xE0, 0x0F, 0x00, 0x38, 0x01,
    0xE0, 0x0F, 0x00, 0x78, 0x01, 0xC0, 0x0F, 0x00, 0x78, 0x01, 0xC0, 0x0F, 0x00, 0x78, 0x01, 0xC0,
    0x0F, 0xFF, 0xFF, 0xFF, 0x03, 0x80, 0x70, 0x1C, 0x07, 0x00, 0xC0, 0x00, 0x00, 0x03, 0xFF, 0x7F,
    0xE0, 0x3C, 0x0F, 0x03, 0xC0, 0xF0, 0x1C, 0x07, 0x81, 0xE0, 0x78, 0x0E, 0x01, 0xFF, 0xBF, 0xF0,
    0x03, 0x80, 0x1E, 0x00, 0x38, 0x00, 0x00, 0x00, 0x01, 0xFF, 0xF7, 0xFF, 0xC0, 0x1E, 0x00, 0xF0,
    0x03, 0x80, 0x1E, 0x00, 0xF0, 0x07, 0x80, 0x1C, 0x00, 0xF0, 0x07, 0x80, 0x1C, 0x00, 0xF0, 0x07,
    0x80, 0x1C, 0x00, 0xFF, 0xFF, 0xFF, 0xF0, 0x0E, 0x01, 0xE0, 0x38, 0x00, 0x00, 0x00, 0xFF, 0xDF,
    0xF8, 0x0F, 0x03, 0xC0, 0xF0, 0x3C, 0x07, 0x01, 0xE0, 0x78, 0x1E, 0x03, 0x80, 0x7F, 0xEF, 0xFC,
    0x0C, 0x60, 0x3B, 0x80, 0x7C, 0x01, 0xE0, 0x03, 0x00, 0x00, 0x00, 0x00, 0x1F, 0xFF, 0x7F, 0xFC,
    0x01, 0xE0, 0x0F, 0x00, 0x38, 0x01, 0xE0, 0x0F, 0x00, 0x78, 0x01, 0xC0, 0x0F, 0x00, 0x78, 0x01,
    0xC0, 0x0F, 0x00, 0x78, 0x01, 0xC0, 0x0F, 0xFF, 0xFF, 0xFF, 0x31, 0x87, 0x30, 0x7C, 0x07, 0x80,
    0x60, 0x00, 0x00, 0x03, 0xFF, 0x7F, 0xE0, 0x3C, 0x0F, 0x03, 0xC0, 0xF0, 0x1C, 0x07, 0x81, 0xE0,
    0x78, 0x0E, 0x01, 0xFF, 0xBF, 0xF0, 0x3F, 0x7F, 0xF0, 0xE0, 0xE0, 0xE0, 0xE0, 0xE0, 0xE0, 0xE0,
    0xE0, 0xE0, 0xE0, 0xE0, 0xE0, 0xE0, 0xE0, 0xE0, 0xE0, 0x00, 0x03, 0x80, 0x00, 0xE0, 0x7F, 0xB8,
    0x7F, 0xFE, 0x3F, 0x3F, 0x1E, 0x03, 0xC7, 0x00, 0x71, 0xC0, 0x1E, 0xF0, 0x03, 0xB8, 0x00, 0xEE,
    0x00, 0x3B, 0x80, 0x0E, 0xF0, 0x03, 0x9C, 0x01, 0xE7, 0x00, 0x79, 0xE0, 0x3C, 0x3F, 0x3E, 0x07,
    0xFF, 0x00, 0x7F, 0x80, 0x00, 0x1C, 0x00, 0x71, 0xFD, 0xCF, 0xFE, 0x79, 0xF1, 0xC1, 0xCE, 0x07,
    0xB8, 0x0E, 0xE0, 0x3B, 0x80, 0xEE, 0x07, 0x9C, 0x1C, 0x79, 0xF0, 0xFF, 0x81, 0xFC, 0x00, 0x00,
    0x03, 0x80, 0x01, 0xC0, 0x01, 0xDC, 0x07, 0xEE, 0x03, 0xE7, 0x01, 0xE3, 0x80, 0xF1, 0xC0, 0x78,
    0xE0, 0x3C, 0x70, 0x1E, 0x38, 0x0F, 0x1C, 0x07, 0x8E, 0x03, 0xC7, 0x01, 0xE3, 0x80, 0xE1, 0xC0,
    0x70, 0xF0, 0x78, 0x3E, 0x7C, 0x0F, 0xFC, 0x03, 0xF8, 0x00, 0x00, 0x0E, 0x00, 0x1C, 0x00, 0x7F,
    0x83, 0xEF, 0x07, 0x9E, 0x0E, 0x3C, 0x1C, 0x78, 0x38, 0xF0, 0x71, 0xE0, 0xE3, 0xC1, 0xC3, 0x83,
    0x87, 0x07, 0x0F, 0x1E, 0x0F, 0xFC, 0x0F, 0xF8, 0x00, 0x00, 0x0C, 0x60, 0x00, 0x00, 0x33, 0x80,
    0x00, 0x00, 0x7C, 0x00, 0x00, 0x01, 0xE0, 0x00, 0x00, 0x03, 0x00, 0x00, 0x00, 0x00, 0x00, 0x00,
    0x00, 0x00, 0x3F, 0xF0, 0x1F, 0xFE, 0xFF, 0xE0, 0x7F, 0xFB, 0x87, 0xE0, 0x01, 0xEE, 0x07, 0x80,
    0x0F, 0x38, 0x0F, 0x00, 0x38, 0xE0, 0x1C, 0x01, 0xC3, 0x80, 0x78, 0x0F, 0x0E, 0x01, 0xE0, 0x78,
    0x38, 0x07, 0x81, 0xC0, 0xE0, 0x1E, 0x0F, 0x03, 0x80, 0x78, 0x78, 0x0E, 0x01, 0xC1, 0xC0, 0x38,
    0x0F, 0x0E, 0x00, 0xE0, 0x78, 0x78, 0x03, 0x87, 0xE1, 0xC0, 0x0F, 0xFE, 0x0F, 0xFF, 0xFF, 0xF0,
    0x3F, 0xFF, 0x00, 0x00, 0x31, 0x80, 0x00, 0x07, 0x70, 0x00, 0x00, 0x7C, 0x7F, 0xE0, 0x07, 0x8F,
    0xFE, 0x00, 0x61, 0xC3, 0xF0, 0x00, 0x38, 0x1E, 0x00, 0x07, 0x01, 0xE3, 0xFF, 0xE0, 0x1C, 0x7F,
    0xFC, 0x03, 0xC0, 0x3F, 0x80, 0x78, 0x0F, 0x70, 0x0F, 0x03, 0xCE, 0x01, 0xE0, 0xF1, 0xC0, 0x3C,
    0x3C, 0x38, 0x07, 0x07, 0x07, 0x01, 0xE1, 0xE0, 0xE0, 0x78, 0x78, 0x1C, 0x3F, 0x0E, 0x03, 0xFF,
    0x83, 0xFF, 0xFF, 0xE0, 0x7F, 0xF0, 0x00, 0x00, 0xC6, 0x00, 0x38, 0x77, 0x00, 0x1C, 0x1F, 0x00,
    0x0E, 0x07, 0x00, 0x07, 0x01, 0x80, 0x03, 0x80, 0x00, 0x01, 0xC0, 0x00, 0x3F, 0xE3, 0xFF, 0x3F,
    0xF1, 0xFF, 0xBC, 0xF8, 0x03, 0xBC, 0x1C, 0x03, 0xDC, 0x0E, 0x03, 0xCE, 0x07, 0x03, 0xC7, 0x03,
    0x83, 0xC3, 0x81, 0xC1, 0xC1, 0xC0, 0xE1, 0xE0, 0xF0, 0x71, 0xE0, 0x3E, 0x38, 0xE0, 0x0F, 0xFC,
    0xFF, 0xE3, 0xFE, 0x7F, 0xF0, 0xE0, 0x00, 0x1F, 0x80, 0x00, 0x7E, 0x00, 0x01, 0xF8, 0x00, 0x07,
    0xE0, 0x00, 0x1F, 0x80, 0x00, 0x7E, 0x00, 0x01, 0xF8, 0x00, 0x07, 0xE0, 0x00, 0x1F, 0x80, 0x00,
    0x7E, 0x00, 0x01, 0xF8, 0x00, 0x07, 0xE0, 0x00, 0x1F, 0x80, 0x00, 0xFE, 0x01, 0xE7, 0xBF, 0xFF,
    0xFE, 0xFF, 0xEF, 0xE0, 0x00, 0x07, 0xE0, 0x07, 0xE0, 0x00, 0xE0, 0x00, 0xE0, 0x00, 0xE0, 0x07,
    0xE0, 0x07, 0xE0, 0x07, 0xE0, 0x07, 0xE0, 0x07, 0xE0, 0x07, 0xE0, 0x07, 0xE0, 0x07, 0xE0, 0x07,
    0xE0, 0x07, 0xE0, 0x07, 0xFF, 0xE7, 0xFF, 0xE7, 0x00, 0x07, 0x00, 0x0F, 0x00, 0x0E, 0x00, 0x7E,
    0x00, 0x7C, 0x70, 0x0E, 0x3D, 0xC7, 0xB8, 0x07, 0x00, 0xE0, 0x1C, 0x3B, 0x87, 0x70, 0xEE, 0x1D,
    0xC3, 0xB8, 0x77, 0x0E, 0xE1, 0xDC, 0x3B, 0x87, 0x78, 0xEF, 0x9C, 0xE3, 0x80, 0x70, 0x1C, 0x07,
    0x83, 0xF0, 0x7C, 0xE0, 0x1C, 0x00, 0xFE, 0x03, 0x80, 0x1F, 0xE0, 0x70, 0x03, 0xFE, 0x0E, 0x00,
    0x7F, 0xC1, 0xC0, 0x0F, 0xDC, 0x38, 0x01, 0xFB, 0xC7, 0x00, 0x3F, 0x3C, 0xE0, 0x07, 0xE3, 0x9C,
    0x00, 0xFC, 0x3B, 0x80, 0x1F, 0x87, 0xF0, 0x03, 0xF0, 0x7E, 0x00, 0x7E, 0x07, 0xC0, 0x0F, 0xC0,
    0xF8, 0x01, 0xF8, 0x0F, 0x1C, 0xF7, 0x00, 0xE7, 0xFE, 0xE0, 0x1C, 0x7F, 0x80, 0x00, 0x00, 0x3F,
    0x00, 0xE1, 0xFC, 0x07, 0x01, 0xF0, 0x38, 0x0F, 0xC1, 0xC0, 0x7E, 0x0E, 0x1F, 0xB8, 0x70, 0xFD,
    0xE3, 0x87, 0xE7, 0x9C, 0x3F, 0x1C, 0xE1, 0xF8, 0x77, 0x0F, 0xC3, 0xF8, 0x7E, 0x0F, 0xC3, 0xF0,
    0x3E, 0x1F, 0x81, 0xF0, 0xFC, 0x07, 0x87, 0xE0, 0x1C, 0x3F, 0x00, 0xE1, 0xC0, 0x00, 0x0E, 0x00,
    0x00, 0x70, 0x00, 0x07, 0x80, 0x01, 0xF8, 0x00, 0x0F, 0x80, 0x00, 0x03, 0x80, 0x00, 0xE0, 0x00,
    0x00, 0x00, 0x00, 0x00, 0x00, 0x3F, 0xE0, 0xEF, 0xFC, 0x3B, 0x8F, 0x0E, 0xE1, 0xE3, 0xB8, 0x38,
    0xEE, 0x0E, 0x3B, 0x83, 0x8E, 0xE0, 0xE3, 0xB8, 0x38, 0xEE, 0x0E, 0x3B, 0x83, 0x8E, 0xE0, 0xE3,
    0xB8, 0x38, 0xE0, 0x00, 0x38, 0x00, 0x0E, 0x00, 0x07, 0x80, 0x07, 0xC0, 0x03, 0xE0, 0x06, 0x30,
    0x03, 0xB8, 0x00, 0xF8, 0x00, 0x78, 0x00, 0x18, 0x00, 0x00, 0x00, 0x00, 0x00, 0x03, 0x80, 0x03,
    0xE0, 0x01, 0xF0, 0x01, 0xF8, 0x00, 0xEE, 0x00, 0xE7, 0x00, 0x73, 0xC0, 0x78, 0xE0, 0x38, 0x78,
    0x1C, 0x1C, 0x1E, 0x0E, 0x0F, 0xFF, 0x87, 0xFF, 0xC7, 0x00, 0xE3, 0x80, 0x7B, 0xC0, 0x1D, 0xC0,
    0x0F, 0x31, 0x87, 0x70, 0x7C, 0x07, 0x00, 0x40, 0x00, 0x00, 0x03, 0xFC, 0x7F, 0xCC, 0x78, 0x07,
    0x00, 0x73, 0xFE, 0xFF, 0xFE, 0x7F, 0x07, 0xE0, 0xFE, 0x3F, 0xFF, 0x9F, 0xE0, 0xC7, 0xDD, 0xF1,
    0xC3, 0x00, 0x00, 0x1C, 0x38, 0x70, 0xE1, 0xC3, 0x87, 0x0E, 0x1C, 0x38, 0x70, 0xE1, 0xC3, 0x87,
    0x0E, 0x1C, 0x63, 0x67, 0x3E, 0x3C, 0x18, 0x00, 0x00, 0x1C, 0x1C, 0x1C, 0x1C, 0x1C, 0x1C, 0x1C,
    0x1C, 0x1C, 0x1C, 0x1C, 0x1C, 0x1C, 0x06, 0x30, 0x03, 0xB8, 0x00, 0xF8, 0x00, 0x3C, 0x00, 0x0C,
    0x00, 0x00, 0x00, 0x00, 0x00, 0x0F, 0xF0, 0x1F, 0xFC, 0x1F, 0x9F, 0x1E, 0x03, 0xCE, 0x00, 0xF7,
    0x00, 0x7F, 0x80, 0x1F, 0x80, 0x0F, 0xC0, 0x07, 0xE0, 0x03, 0xF8, 0x01, 0xDC, 0x01, 0xEE, 0x00,
    0xF7, 0x80, 0xF1, 0xF9, 0xF0, 0x7F, 0xF0, 0x0F, 0xF0, 0x18, 0xC0, 0xEE, 0x03, 0xE0, 0x0E, 0x00,
    0x60, 0x00, 0x00, 0x00, 0x03, 0xF8, 0x3F, 0xE3, 0xCF, 0x9C, 0x1D, 0xC0, 0xFE, 0x03, 0xF0, 0x1F,
    0x80, 0xFC, 0x0F, 0x70, 0x73, 0xCF, 0x8F, 0xF8, 0x3F, 0x80, 0x18, 0xC0, 0x77, 0x00, 0xF8, 0x01,
    0xC0, 0x03, 0x00, 0x00, 0x00, 0x00, 0x38, 0x0F, 0xE0, 0x3F, 0x80, 0xFE, 0x03, 0xF8, 0x0F, 0xE0,
    0x3F, 0x80, 0xFE, 0x03, 0xF8, 0x0F, 0xE0, 0x3F, 0x80, 0xFE, 0x03, 0xB8, 0x0E, 0xF0, 0x79, 0xF3,
    0xC3, 0xFF, 0x07, 0xF0, 0x18, 0x81, 0x9C, 0x1F, 0x80, 0xF0, 0x06, 0x00, 0x00, 0x00, 0x0F, 0x07,
    0xF0, 0x7F, 0x07, 0xF0, 0x7F, 0x07, 0xF0, 0x7F, 0x07, 0xF0, 0x77, 0x07, 0x70, 0x77, 0x8F, 0x3F,
    0xF1, 0xFF, 0x1F, 0xC0, 0x7F, 0x00, 0x00, 0x07, 0x38, 0x3D, 0xE0, 0x73, 0x80, 0x00, 0x00, 0x00,
    0xE0, 0x3F, 0x80, 0xFE, 0x03, 0xF8, 0x0F, 0xE0, 0x3F, 0x80, 0xFE, 0x03, 0xF8, 0x0F, 0xE0, 0x3F,
    0x80, 0xFE, 0x03, 0xF8, 0x0E, 0xE0, 0x3B, 0xC1, 0xE7, 0xCF, 0x0F, 0xFC, 0x1F, 0xC0, 0x1F, 0xC1,
    0xFC, 0x00, 0x03, 0x9C, 0x39, 0xC3, 0x9C, 0x00, 0x00, 0x00, 0xF0, 0x7F, 0x07, 0xF0, 0x7F, 0x07,
    0xF0, 0x7F, 0x07, 0xF0, 0x7F, 0x07, 0x70, 0x77, 0x07, 0x78, 0xF3, 0xFF, 0x1F, 0xF0, 0x01, 0x80,
    0x0E, 0x03, 0xF6, 0x0F, 0xBC, 0x38, 0x60, 0x00, 0x00, 0x00, 0x38, 0x0F, 0xE0, 0x3F, 0x80, 0xFE,
    0x03, 0xF8, 0x0F, 0xE0, 0x3F, 0x80, 0xFE, 0x03, 0xF8, 0x0F, 0xE0, 0x3F, 0x80, 0xFE, 0x03, 0xB8,
    0x0E, 0xF0, 0x79, 0xF3, 0xC3, 0xFF, 0x07, 0xF0, 0x01, 0x80, 0x38, 0x07, 0x03, 0xFC, 0x39, 0xC3,
    0x9C, 0x00, 0x00, 0x00, 0xF0, 0x7F, 0x07, 0xF0, 0x7F, 0x07, 0xF0, 0x7F, 0x07, 0xF0, 0x7F, 0x07,
    0x70, 0x77, 0x07, 0x78, 0xF3, 0xFF, 0x1F, 0xF0, 0x18, 0xC0, 0x3F, 0x00, 0x78, 0x0E, 0xD8, 0x38,
    0xF0, 0xE1, 0x80, 0x00, 0x00, 0x00, 0xE0, 0x3F, 0x80, 0xFE, 0x03, 0xF8, 0x0F, 0xE0, 0x3F, 0x80,
    0xFE, 0x03, 0xF8, 0x0F, 0xE0, 0x3F, 0x80, 0xFE, 0x03, 0xF8, 0x0E, 0xE0, 0x3B, 0xC1, 0xE7, 0xCF,
    0x0F, 0xFC, 0x1F, 0xC0, 0x19, 0x81, 0xF8, 0x0F, 0x00, 0x60, 0x39, 0xC3, 0x9C, 0x39, 0xC0, 0x00,
    0x00, 0x0F, 0x07, 0xF0, 0x7F, 0x07, 0xF0, 0x7F, 0x07, 0xF0, 0x7F, 0x07, 0xF0, 0x77, 0x07, 0x70,
    0x77, 0x8F, 0x3F, 0xF1, 0xFF, 0x0C, 0x00, 0x38, 0x03, 0xF6, 0x0E, 0xFC, 0x38, 0x60, 0x00, 0x00,
    0x00, 0x38, 0x0F, 0xE0, 0x3F, 0x80, 0xFE, 0x03, 0xF8, 0x0F, 0xE0, 0x3F, 0x80, 0xFE, 0x03, 0xF8,
    0x0F, 0xE0, 0x3F, 0x80, 0xFE, 0x03, 0xB8, 0x0E, 0xF0, 0x79, 0xF3, 0xC3, 0xFF, 0x07, 0xF0, 0x0C,
    0x01, 0xC0, 0x0E, 0x03, 0xFC, 0x39, 0xC3, 0x9C, 0x00, 0x00, 0x00, 0xF0, 0x7F, 0x07, 0xF0, 0x7F,
    0x07, 0xF0, 0x7F, 0x07, 0xF0, 0x7F, 0x07, 0x70, 0x77, 0x07, 0x78, 0xF3, 0xFF, 0x1F, 0xF0, 0x7F,
    0x87, 0xFC, 0x63, 0xE0, 0x0E, 0x00, 0xF0, 0x07, 0xFF, 0xFF, 0xFF, 0xE0, 0x7E, 0x0E, 0x7B, 0xE7,
    0xFC, 0x3F, 0x80, 0x07, 0xF0, 0x03, 0xF8, 0x00, 0x00, 0x01, 0xCE, 0x00, 0xE7, 0x00, 0x73, 0x80,
    0x00, 0x00, 0x00, 0x00, 0x01, 0xC0, 0x01, 0xF0, 0x00, 0xF8, 0x00, 0xFC, 0x00, 0x77, 0x00, 0x73,
    0x80, 0x39, 0xE0, 0x3C, 0x70, 0x1C, 0x3C, 0x0E, 0x0E, 0x0F, 0x07, 0x07, 0xFF, 0xC3, 0xFF, 0xE3,
    0x80, 0x71, 0xC0, 0x3D, 0xE0, 0x0E, 0xE0, 0x07, 0x80, 0x3F, 0x87, 0xF0, 0x00, 0x18, 0xE7, 0xBC,
    0x63, 0x80, 0x00, 0x00, 0x7F, 0x8F, 0xF9, 0x8F, 0x00, 0xE0, 0x0E, 0x7F, 0xDF, 0xFF, 0xCF, 0xE0,
    0xFC, 0x1F, 0xC7, 0xFF, 0xF3, 0xFC, 0x07, 0xF0, 0x03, 0xF8, 0x00, 0x00, 0x00, 0x38, 0x00, 0x1C,
    0x00, 0x0E, 0x00, 0x00, 0x00, 0x00, 0x00, 0x01, 0xC0, 0x01, 0xF0, 0x00, 0xF8, 0x00, 0xFC, 0x00,
    0x77, 0x00, 0x73, 0x80, 0x39, 0xE0, 0x3C, 0x70, 0x1C, 0x3C, 0x0E, 0x0E, 0x0F, 0x07, 0x07, 0xFF,
    0xC3, 0xFF, 0xE3, 0x80, 0x71, 0xC0, 0x3D, 0xE0, 0x0E, 0xE0, 0x07, 0x80, 0x3F, 0x87, 0xF0, 0x00,
    0x07, 0x00, 0xE0, 0x1C, 0x00, 0x00, 0x00, 0x7F, 0x8F, 0xF9, 0x8F, 0x00, 0xE0, 0x0E, 0x7F, 0xDF,
    0xFF, 0xCF, 0xE0, 0xFC, 0x1F, 0xC7, 0xFF, 0xF3, 0xFC, 0x00, 0x1F, 0xC0, 0x00, 0x3F, 0x80, 0x00,
    0x00, 0x00, 0x00, 0x00, 0x00, 0x00, 0x00, 0x00, 0x07, 0xFF, 0x80, 0x1F, 0xFF, 0x00, 0x7F, 0x00,
    0x00, 0xEE, 0x00, 0x03, 0xDC, 0x00, 0x07, 0x38, 0x00, 0x1C, 0x70, 0x00, 0x78, 0xFF, 0x80, 0xE1,
    0xFF, 0x03, 0x83, 0x80, 0x0F, 0x07, 0x00, 0x1F, 0xFE, 0x00, 0x7F, 0xFC, 0x00, 0xE0, 0x38, 0x03,
    0xC0, 0x70, 0x07, 0x00, 0xFF, 0xFC, 0x01, 0xFF, 0xC0, 0x03, 0xFC, 0x00, 0x3F, 0xC0, 0x00, 0x00,
    0x00, 0x00, 0x00, 0x00, 0x00, 0x07, 0xF1, 0xF8, 0x7F, 0xBF, 0xC6, 0x3F, 0xBE, 0x01, 0xE0, 0xE0,
    0x0E, 0x0E, 0x3F, 0xFF, 0xE7, 0xFF, 0xFE, 0xF9, 0xE0, 0x0E, 0x0E, 0x00, 0xE0, 0xF0, 0x0F, 0x1F,
    0x8C, 0xFF, 0xFF, 0xC3, 0xF9, 0xFC, 0x07, 0xF8, 0x0F, 0xFE, 0x0F, 0xCF, 0x0F, 0x00, 0x07, 0x00,
    0x03, 0x80, 0x03, 0xC0, 0x01, 0xC0, 0x00, 0xE0, 0x1E, 0x70, 0x0F, 0x3C, 0x1F, 0xFE, 0x0F, 0xF7,
    0x01, 0xE3, 0xC0, 0xF0, 0xFC, 0x78, 0x3F, 0xFC, 0x07, 0xFC, 0x00, 0x1F, 0xF0, 0xFF, 0xC7, 0xCF,
    0x1C, 0x1C, 0xE0, 0x73, 0x8F, 0xFE, 0x3F, 0xF8, 0x1C, 0xE0, 0x73, 0xC1, 0xC7, 0xDF, 0x0F, 0xFC,
    0x1F, 0xF0, 0x01, 0xC0, 0x0F, 0x1C, 0x78, 0x7F, 0xC1, 0xFE, 0x00, 0x06, 0x30, 0x0E, 0xE0, 0x0F,
    0x80, 0x0E, 0x00, 0x18, 0x00, 0x00, 0x00, 0x00, 0x03, 0xFC, 0x1F, 0xFC, 0x7E, 0x79, 0xE0, 0x03,
    0xC0, 0x07, 0x00, 0x1E, 0x00, 0x38, 0x00, 0x70, 0x00, 0xE0, 0x1F, 0xE0, 0x3F, 0xC0, 0x7B, 0x80,
    0xF7, 0x81, 0xE7, 0xE3, 0xC7, 0xFF, 0x83, 0xFE, 0x18, 0xC1, 0x9C, 0x0F, 0x80, 0xF0, 0x06, 0x00,
    0x00, 0x00, 0x01, 0xFF, 0x3F, 0xF7, 0xCF, 0x70, 0x7E, 0x07, 0xE0, 0x7E, 0x07, 0xE0, 0x7E, 0x07,
    0xF0, 0x77, 0xDF, 0x3F, 0xF1, 0xFF, 0x00, 0x70, 0x0F, 0x71, 0xE7, 0xFE, 0x7F, 0x80, 0x10, 0x80,
    0xE7, 0x01, 0xF8, 0x03, 0xC0, 0x06, 0x00, 0x00, 0x00, 0x00, 0x38, 0x1E, 0xE0, 0xF3, 0x87, 0x8E,
    0x3C, 0x39, 0xE0, 0xEF, 0x03, 0xF8, 0x0F, 0xC0, 0x3F, 0x80, 0xFF, 0x03, 0xBE, 0x0E, 0x7C, 0x38,
    0xF8, 0xE1, 0xF3, 0x83, 0xCE, 0x07, 0xB8, 0x0F, 0xCC, 0x0F, 0xE0, 0x7C, 0x03, 0x80, 0x00, 0x00,
    0x00, 0x70, 0x07, 0x00, 0x70, 0x07, 0x00, 0x70, 0x07, 0x00, 0x70, 0xE7, 0x1C, 0x77, 0x87, 0xF0,
    0x7E, 0x07, 0xC0, 0x7E, 0x07, 0xF0, 0x77, 0x87, 0x3C, 0x71, 0xE7, 0x0E, 0x70, 0xF0, 0x07, 0xF8,
    0x0F, 0xFE, 0x0F, 0xCF, 0x8F, 0x01, 0xE7, 0x00, 0x7B, 0x80, 0x3F, 0xC0, 0x0F, 0xC0, 0x07, 0xE0,
    0x03, 0xF0, 0x01, 0xFC, 0x00, 0xEE, 0x00, 0xF7, 0x00, 0x7B, 0xC0, 0x78, 0xFC, 0xF8, 0x3F, 0xF8,
    0x07, 0xF8, 0x00, 0x70, 0x00, 0x70, 0x00, 0x38, 0x00, 0x1F, 0x00, 0x07, 0x80, 0x1F, 0xC1, 0xFF,
    0x1E, 0x7C, 0xE0, 0xEE, 0x07, 0xF0, 0x1F, 0x80, 0xFC, 0x07, 0xE0, 0x7B, 0x83, 0x9E, 0x7C, 0x7F,
    0xC1, 0xFC, 0x03, 0x80, 0x38, 0x01, 0xC0, 0x0F, 0x80, 0x3C, 0x00, 0x07, 0xF8, 0x03, 0xFC, 0x00,
    0x00, 0x00, 0x00, 0x00, 0x00, 0x00, 0x3F, 0xC0, 0x7F, 0xF0, 0x7E, 0x7C, 0x78, 0x0F, 0x38, 0x03,
    0xDC, 0x01, 0xFE, 0x00, 0x7E, 0x00, 0x3F, 0x00, 0x1F, 0x80, 0x0F, 0xE0, 0x07, 0x70, 0x07, 0xB8,
    0x03, 0xDE, 0x03, 0xC7, 0xE7, 0xC1, 0xFF, 0xC0, 0x3F, 0xC0, 0x03, 0x80, 0x03, 0x80, 0x01, 0xC0,
    0x00, 0xF8, 0x00, 0x3C, 0x00, 0x3F, 0xC1, 0xFE, 0x00, 0x00, 0x00, 0x00, 0x00, 0x0F, 0xE0, 0xFF,
    0x8F, 0x3E, 0x70, 0x77, 0x03, 0xF8, 0x0F, 0xC0, 0x7E, 0x03, 0xF0, 0x3D, 0xC1, 0xCF, 0x3E, 0x3F,
    0xE0, 0xFE, 0x01, 0xC0, 0x1C, 0x00, 0xE0, 0x07, 0xC0, 0x1E, 0x00, 0x08, 0x40, 0xE7, 0x03, 0xF0,
    0x0F, 0x00, 0x30, 0x00, 0x00, 0x00, 0x0F, 0xFF, 0x7F, 0xF8, 0x03, 0x80, 0x38, 0x03, 0x80, 0x38,
    0x03, 0x80, 0x3F, 0x81, 0xFE, 0x01, 0xF8, 0x03, 0xC0, 0x0E, 0x00, 0x70, 0x03, 0xBC, 0xFF, 0xFF,
    0xCF, 0xF8, 0x10, 0x81, 0x9C, 0x1F, 0x80, 0xF0, 0x06, 0x00, 0x00, 0x00, 0x07, 0xFF, 0x7F, 0xE0,
    0x0E, 0x01, 0xC0, 0x38, 0x07, 0x00, 0xF0, 0x0F, 0x80, 0xFE, 0x03, 0xF0, 0x0F, 0x00, 0x70, 0x07,
    0x00, 0x70, 0x0F, 0x73, 0xE7, 0xFE, 0x7F, 0x80, 0x31, 0x99, 0xC7, 0xC3, 0xC0, 0xC0, 0x00, 0x00,
    0x1C, 0x0E, 0x07, 0x03, 0x81, 0xC0, 0xE0, 0x70, 0x38, 0x1C, 0x0E, 0x07, 0x03, 0x81, 0xC0, 0xE0,
    0xF0, 0xF1, 0xF8, 0xF8, 0x00, 0xFF, 0xC0, 0x7F, 0xFB, 0xFF, 0x81, 0xFF, 0xEE, 0x1F, 0x80, 0x07,
    0xB8, 0x1E, 0x00, 0x3C, 0xE0, 0x3C, 0x00, 0xE3, 0x80, 0x70, 0x07, 0x0E, 0x01, 0xE0, 0x3C, 0x38,
    0x07, 0x81, 0xE0, 0xE0, 0x1E, 0x07, 0x03, 0x80, 0x78, 0x3C, 0x0E, 0x01, 0xE1, 0xE0, 0x38, 0x07,
    0x07, 0x00, 0xE0, 0x3C, 0x38, 0x03, 0x81, 0xE1, 0xE0, 0x0E, 0x1F, 0x87, 0x00, 0x3F, 0xF8, 0x3F,
    0xFF, 0xFF, 0xC0, 0xFF, 0xFC, 0xFF, 0xC0, 0x00, 0x1F, 0xFC, 0x00, 0x03, 0x87, 0xE0, 0x00, 0x70,
    0x3C, 0x00, 0x0E, 0x03, 0xC7, 0xFF, 0xC0, 0x38, 0xFF, 0xF8, 0x07, 0x80, 0x7F, 0x00, 0xF0, 0x1E,
    0xE0, 0x1E, 0x07, 0x9C, 0x03, 0xC1, 0xE3, 0x80, 0x78, 0x78, 0x70, 0x0E, 0x0E, 0x0E, 0x03, 0xC3,
    0xC1, 0xC0, 0xF0, 0xF0, 0x38, 0x7E, 0x1C, 0x07, 0xFF, 0x07, 0xFF, 0xFF, 0xC0, 0xFF, 0xE0, 0x00,
    0x70, 0x00, 0x00, 0x38, 0x00, 0x00, 0x1C, 0x00, 0x00, 0x0E, 0x00, 0x00, 0x07, 0x00, 0x00, 0x03,
    0x80, 0x00, 0x7F, 0xC7, 0xFE, 0x7F, 0xE3, 0xFF, 0x79, 0xF0, 0x07, 0x78, 0x38, 0x07, 0xB8, 0x1C,
    0x07, 0x9C, 0x0E, 0x07, 0x8E, 0x07, 0x07, 0x87, 0x03, 0x83, 0x83, 0x81, 0xC3, 0xC1, 0xE0, 0xE3,
    0xC0, 0x7C, 0x71, 0xC0, 0x1F, 0xF9, 0xFF, 0xC7, 0xFC, 0xFF, 0xE0, 0x00, 0x60, 0x01, 0xE0, 0x03,
    0x80, 0x0E, 0x00, 0x18, 0x00, 0x00, 0x00, 0x00, 0x03, 0xFC, 0x1F, 0xFC, 0x7E, 0x79, 0xE0, 0x03,
    0xC0, 0x07, 0x00, 0x1E, 0x00, 0x38, 0x00, 0x70, 0x00, 0xE0, 0x1F, 0xE0, 0x3F, 0xC0, 0x7B, 0x80,
    0xF7, 0x81, 0xE7, 0xE3, 0xC7, 0xFF, 0x83, 0xFE, 0x01, 0x80, 0x38, 0x07, 0x80, 0x70, 0x06, 0x00,
    0x00, 0x00, 0x01, 0xFF, 0x3F, 0xF7, 0xCF, 0x70, 0x7E, 0x07, 0xE0, 0x7E, 0x07, 0xE0, 0x7E, 0x07,
    0xF0, 0x77, 0xDF, 0x3F, 0xF1, 0xFF, 0x00, 0x70, 0x0F, 0x71, 0xE7, 0xFE, 0x7F, 0x80, 0xE0, 0x1C,
    0x01, 0xC0, 0x38, 0x03, 0x80, 0x70, 0x07, 0x00, 0xE0, 0x0E, 0x01, 0xC0, 0xFC, 0x03, 0x81, 0xF8,
    0x07, 0x03, 0xFF, 0xFE, 0x07, 0xFF, 0xFC, 0x0F, 0xC0, 0x38, 0x1F, 0x80, 0x70, 0x3F, 0x00, 0xE0,
    0x7E, 0x01, 0xC0, 0xFC, 0x03, 0x83, 0xF8, 0x07, 0xCF, 0x70, 0x07, 0xFE, 0xE0, 0x07, 0xF0, 0x7F,
    0xC7, 0xFF, 0x3C, 0x7D, 0xC0, 0xFE, 0x03, 0xF0, 0x1F, 0x80, 0xFC, 0x07, 0xE0, 0x3F, 0x03, 0xF8,
    0x1D, 0xC1, 0xEE, 0x1E, 0x73, 0xE3, 0xFC, 0x1F, 0xC0, 0xF8, 0x07, 0x00, 0x38, 0x01, 0xC0, 0x0E,
    0x00, 0x70, 0x00, 0x0C, 0x00, 0x1C, 0x00, 0x1C, 0x00, 0x1C, 0x00, 0x18, 0x00, 0x00, 0x00, 0x00,
    0x70, 0x0E, 0xF0, 0x1D, 0xF0, 0x3B, 0xF0, 0x77, 0xE0, 0xEE, 0xE1, 0xDD, 0xE3, 0xB9, 0xE7, 0x71,
    0xCE, 0xE1, 0xDD, 0xC3, 0xFB, 0x83, 0xF7, 0x03, 0xEE, 0x07, 0xDC, 0x07, 0xB8, 0x07, 0x70, 0x0E,
    0x38, 0x07, 0x00, 0x70, 0x07, 0x00, 0x60, 0x00, 0x00, 0x07, 0xFC, 0xFF, 0xDC, 0x7B, 0x87, 0xF0,
    0x7E, 0x0F, 0xC1, 0xF8, 0x3F, 0x07, 0xE0, 0xFC, 0x1F, 0x83, 0xF0, 0x70, 0x00, 0xC0, 0x01, 0xF0,
    0x00, 0xF0, 0x00, 0x78, 0x00, 0x36, 0x00, 0x1B, 0x00, 0x0F, 0x80, 0x07, 0x80, 0x03, 0xE0, 0x03,
    0xF0, 0x01, 0xDC, 0x01, 0xCE, 0x00, 0xE7, 0x80, 0xF1, 0xC0, 0x70, 0xF0, 0x38, 0x38, 0x3C, 0x1C,
    0x1F, 0xFF, 0x1F, 0xFF, 0x8E, 0x01, 0xC7, 0x00, 0xF7, 0x80, 0x3B, 0x80, 0x1E, 0x07, 0x03, 0xE0,
    0x78, 0x07, 0x81, 0xB0, 0x36, 0x03, 0xC0, 0x00, 0x7F, 0x8F, 0xF9, 0x8F, 0x00, 0xE0, 0x0E, 0x7F,
    0xDF, 0xFF, 0xCF, 0xE0, 0xFC, 0x1F, 0xC7, 0xFF, 0xF3, 0xFC, 0x00, 0x01, 0x80, 0x00, 0x07, 0x00,
    0x00, 0x1C, 0x00, 0x00, 0x78, 0x00, 0x00, 0x60, 0x00, 0x00, 0x00, 0x00, 0x00, 0x00, 0x00, 0x1F,
    0xFE, 0x00, 0x7F, 0xFC, 0x01, 0xFC, 0x00, 0x03, 0xB8, 0x00, 0x0F, 0x70, 0x00, 0x1C, 0xE0, 0x00,
    0x71, 0xC0, 0x01, 0xE3, 0xFE, 0x03, 0x87, 0xFC, 0x0E, 0x0E, 0x00, 0x3C, 0x1C, 0x00, 0x7F, 0xF8,
    0x01, 0xFF, 0xF0, 0x03, 0x80, 0xE0, 0x0F, 0x01, 0xC0, 0x1C, 0x03, 0xFF, 0xF0, 0x07, 0xFF, 0x00,
    0x30, 0x00, 0x07, 0x80, 0x00, 0x70, 0x00, 0x0E, 0x00, 0x00, 0xC0, 0x00, 0x00, 0x00, 0x00, 0x00,
    0x07, 0xF1, 0xF8, 0x7F, 0xBF, 0xC6, 0x3F, 0xBE, 0x01, 0xE0, 0xE0, 0x0E, 0x0E, 0x3F, 0xFF, 0xE7,
    0xFF, 0xFE, 0xF9, 0xE0, 0x0E, 0x0E, 0x00, 0xE0, 0xF0, 0x0F, 0x1F, 0x8C, 0xFF, 0xFF, 0xC3, 0xF9,
    0xFC, 0x00, 0x70, 0x00, 0x38, 0x00, 0x38, 0x00, 0x38, 0x00, 0x18, 0x00, 0x00, 0x00, 0x00, 0x0C,
    0x0F, 0xF7, 0x1F, 0xFF, 0x1F, 0x9F, 0x1E, 0x07, 0xCE, 0x07, 0xE7, 0x03, 0xFF, 0x83, 0x9F, 0x83,
    0x8F, 0xC3, 0x87, 0xE3, 0xC3, 0xFB, 0xC1, 0xDD, 0xC0, 0xEF, 0xC0, 0xF7, 0xC0, 0xF1, 0xF9, 0xF1,
    0xFF, 0xF0, 0xEF, 0xF0, 0x60, 0x00, 0x00, 0x01, 0x80, 0x1C, 0x01, 0xE0, 0x0E, 0x00, 0x60, 0x00,
    0x00, 0x00, 0xC3, 0xFE, 0x3F, 0xF3, 0xCF, 0xBC, 0x7D, 0xC3, 0xFE, 0x3B, 0xF3, 0x9F, 0xB8, 0xFF,
    0x8F, 0x78, 0x73, 0xEF, 0x9F, 0xF9, 0xFF, 0x8C, 0x00, 0x00, 0x19, 0x80, 0x0E, 0xE0, 0x03, 0xB8,
    0x00, 0xEE, 0x00, 0x63, 0x00, 0x00, 0x00, 0x00, 0x00, 0x03, 0x80, 0x03, 0xE0, 0x01, 0xF0, 0x01,
    0xF8, 0x00, 0xEE, 0x00, 0xE7, 0x00, 0x73, 0xC0, 0x78, 0xE0, 0x38, 0x78, 0x1C, 0x1C, 0x1E, 0x0E,
    0x0F, 0xFF, 0x87, 0xFF, 0xC7, 0x00, 0xE3, 0x80, 0x7B, 0xC0, 0x1D, 0xC0, 0x0F, 0xE6, 0x1D, 0xC1,
    0xDC, 0x1D, 0xC1, 0x98, 0x00, 0x00, 0x03, 0xFC, 0x7F, 0xCC, 0x78, 0x07, 0x00, 0x73, 0xFE, 0xFF,
    0xFE, 0x7F, 0x07, 0xE0, 0xFE, 0x3F, 0xFF, 0x9F, 0xE0, 0x03, 0xC0, 0x03, 0xF0, 0x01, 0xDC, 0x01,
    0xC6, 0x00, 0x00, 0x00, 0x00, 0x00, 0x07, 0x00, 0x07, 0xC0, 0x03, 0xE0, 0x03, 0xF0, 0x01, 0xDC,
    0x01, 0xCE, 0x00, 0xE7, 0x80, 0xF1, 0xC0, 0x70, 0xF0, 0x38, 0x38, 0x3C, 0x1C, 0x1F, 0xFF, 0x0F,
    0xFF, 0x8E, 0x01, 0xC7, 0x00, 0xF7, 0x80, 0x3B, 0x80, 0x1E, 0x1F, 0x07, 0xF0, 0xEE, 0x18, 0xC0,
    0x00, 0x00, 0x1F, 0xE3, 0xFE, 0x63, 0xC0, 0x38, 0x03, 0x9F, 0xF7, 0xFF, 0xF3, 0xF8, 0x3F, 0x07,
    0xF1, 0xFF, 0xFC, 0xFF, 0x00, 0x66, 0x07, 0x70, 0x73, 0x83, 0xB8, 0x19, 0x80, 0x00, 0x00, 0x0F,
    0xFE, 0xFF, 0xEE, 0x00, 0xE0, 0x0E, 0x00, 0xE0, 0x0E, 0x00, 0xFF, 0xCF, 0xFC, 0xE0, 0x0E, 0x00,
    0xE0, 0x0E, 0x00, 0xE0, 0x0E, 0x00, 0xFF, 0xFF, 0xFF, 0x66, 0x07, 0x70, 0x3B, 0x83, 0x98, 0x19,
    0x80, 0x00, 0x00, 0x01, 0xF8, 0x3F, 0xE7, 0x9E, 0xF0, 0xFE, 0x07, 0xFF, 0xFF, 0xFF, 0xE0, 0x0E,
    0x00, 0xF0, 0x07, 0xC6, 0x3F, 0xE1, 0xFE, 0x1F, 0x03, 0xF0, 0x3B, 0x83, 0x18, 0x00, 0x00, 0x00,
    0xFF, 0xEF, 0xFE, 0xE0, 0x0E, 0x00, 0xE0, 0x0E, 0x00, 0xE0, 0x0F, 0xFC, 0xFF, 0xCE, 0x00, 0xE0,
    0x0E, 0x00, 0xE0, 0x0E, 0x00, 0xE0, 0x0F, 0xFF, 0xFF, 0xF0, 0x0F, 0x01, 0xF8, 0x1D, 0xC3, 0x8C,
    0x00, 0x00, 0x00, 0x1F, 0x83, 0xFE, 0x79, 0xEF, 0x0F, 0xE0, 0x7F, 0xFF, 0xFF, 0xFE, 0x00, 0xE0,
    0x0F, 0x00, 0x7C, 0x63, 0xFE, 0x1F, 0xE0, 0xCC, 0x77, 0x1D, 0xC7, 0x73, 0x18, 0x00, 0x00, 0x1C,
    0x0E, 0x07, 0x03, 0x81, 0xC0, 0xE0, 0x70, 0x38, 0x1C, 0x0E, 0x07, 0x03, 0x81, 0xC0, 0xE0, 0x70,
    0x38, 0x1C, 0x66, 0x1D, 0xC3, 0xB8, 0xE6, 0x19, 0x80, 0x00, 0x00, 0x1C, 0x07, 0x01, 0xC0, 0x70,
    0x1C, 0x07, 0x01, 0xC0, 0x70, 0x1C, 0x07, 0x01, 0xC0, 0x70, 0x1C, 0x7D, 0xFB, 0xBE, 0x30, 0x00,
    0x0E, 0x1C, 0x38, 0x70, 0xE1, 0xC3, 0x87, 0x0E, 0x1C, 0x38, 0x70, 0xE1, 0xC3, 0x87, 0x0E, 0x00,
    0x3C, 0x7E, 0x77, 0x63, 0x00, 0x00, 0x1C, 0x1C, 0x1C, 0x1C, 0x1C, 0x1C, 0x1C, 0x1C, 0x1C, 0x1C,
    0x1C, 0x1C, 0x1C, 0x0C, 0xC0, 0x0E, 0x70, 0x03, 0xB8, 0x00, 0xEE, 0x00, 0x33, 0x00, 0x00, 0x00,
    0x00, 0x00, 0x0F, 0xF0, 0x1F, 0xFC, 0x1F, 0x9F, 0x1E, 0x03, 0xCE, 0x00, 0xF7, 0x00, 0x7F, 0x80,
    0x1F, 0x80, 0x0F, 0xC0, 0x07, 0xE0, 0x03, 0xF8, 0x01, 0xDC, 0x01, 0xEE, 0x00, 0xF7, 0x80, 0xF1,
    0xF9, 0xF0, 0x7F, 0xF0, 0x0F, 0xF0, 0x66, 0x03, 0xB8, 0x0E, 0xE0, 0x33, 0x81, 0x98, 0x00, 0x00,
    0x00, 0x03, 0xF8, 0x3F, 0xE3, 0xCF, 0x9C, 0x1D, 0xC0, 0xFE, 0x03, 0xF0, 0x1F, 0x80, 0xFC, 0x0F,
    0x70, 0x73, 0xCF, 0x8F, 0xF8, 0x3F, 0x80, 0x01, 0xE0, 0x01, 0xF8, 0x01, 0xDC, 0x00, 0xC6, 0x00,
    0x00, 0x00, 0x00, 0x00, 0x1F, 0xE0, 0x3F, 0xF8, 0x3F, 0x3E, 0x3C, 0x07, 0x9C, 0x01, 0xEE, 0x00,
    0xFF, 0x00, 0x3F, 0x00, 0x1F, 0x80, 0x0F, 0xC0, 0x07, 0xF0, 0x03, 0xB8, 0x03, 0xDC, 0x01, 0xEF,
    0x01, 0xE3, 0xF3, 0xE0, 0xFF, 0xE0, 0x1F, 0xE0, 0x0F, 0x80, 0xFC, 0x07, 0x70, 0x31, 0x80, 0x00,
    0x00, 0x00, 0x7F, 0x07, 0xFC, 0x79, 0xF3, 0x83, 0xB8, 0x1F, 0xC0, 0x7E, 0x03, 0xF0, 0x1F, 0x81,
    0xEE, 0x0E, 0x79, 0xF1, 0xFF, 0x07, 0xF0, 0xCC, 0x03, 0xB8, 0x07, 0x70, 0x0C, 0xE0, 0x33, 0x00,
    0x00, 0x00, 0x00, 0x3F, 0xF0, 0xFF, 0xE3, 0x8F, 0xCE, 0x07, 0x38, 0x1E, 0xE0, 0x7B, 0x81, 0xCE,
    0x1F, 0x3F, 0xF8, 0xFF, 0xC3, 0x8F, 0x0E, 0x1C, 0x38, 0x38, 0xE0, 0xF3, 0x81, 0xCE, 0x07, 0xB8,
    0x0E, 0x66, 0x39, 0xC7, 0x70, 0xEE, 0x19, 0x80, 0x00, 0x00, 0xFF, 0x3F, 0xCE, 0x23, 0x80, 0xE0,
    0x38, 0x0E, 0x03, 0x80, 0xE0, 0x38, 0x0E, 0x03, 0x80, 0xE0, 0x1F, 0x00, 0xFC, 0x03, 0xB8, 0x0C,
    0x60, 0x00, 0x00, 0x00, 0x0F, 0xFC, 0x3F, 0xF8, 0xE3, 0xF3, 0x81, 0xCE, 0x07, 0xB8, 0x1E, 0xE0,
    0x73, 0x87, 0xCF, 0xFE, 0x3F, 0xF0, 0xE3, 0xC3, 0x87, 0x0E, 0x0E, 0x38, 0x3C, 0xE0, 0x73, 0x81,
    0xEE, 0x03, 0x80, 0x3C, 0x7E, 0xEE, 0xC6, 0x00, 0x00, 0xFF, 0xFF, 0xE2, 0xE0, 0xE0, 0xE0, 0xE0,
    0xE0, 0xE0, 0xE0, 0xE0, 0xE0, 0xE0, 0x73, 0x01, 0xDC, 0x03, 0xB8, 0x07, 0x70, 0x0C, 0xC0, 0x00,
    0x00, 0x00, 0x38, 0x0F, 0xE0, 0x3F, 0x80, 0xFE, 0x03, 0xF8, 0x0F, 0xE0, 0x3F, 0x80, 0xFE, 0x03,
    0xF8, 0x0F, 0xE0, 0x3F, 0x80, 0xFE, 0x03, 0xB8, 0x0E, 0xF0, 0x79, 0xF3, 0xC3, 0xFF, 0x07, 0xF0,
    0x66, 0x07, 0x70, 0x33, 0x83, 0xB8, 0x19, 0x80, 0x00, 0x00, 0x0F, 0x07, 0xF0, 0x7F, 0x07, 0xF0,
    0x7F, 0x07, 0xF0, 0x7F, 0x07, 0xF0, 0x77, 0x07, 0x70, 0x77, 0x8F, 0x3F, 0xF1, 0xFF, 0x0F, 0x80,
    0x3F, 0x01, 0xDC, 0x06, 0x30, 0x00, 0x00, 0x00, 0x0E, 0x03, 0xF8, 0x0F, 0xE0, 0x3F, 0x80, 0xFE,
    0x03, 0xF8, 0x0F, 0xE0, 0x3F, 0x80, 0xFE, 0x03, 0xF8, 0x0F, 0xE0, 0x3F, 0x80, 0xEE, 0x03, 0xBC,
    0x1E, 0x7C, 0xF0, 0xFF, 0xC1, 0xFC, 0x00, 0x0F, 0x01, 0xF8, 0x1D, 0xC3, 0x9C, 0x00, 0x00, 0x00,
    0xF0, 0x7F, 0x07, 0xF0, 0x7F, 0x07, 0xF0, 0x7F, 0x07, 0xF0, 0x7F, 0x07, 0x70, 0x77, 0x07, 0x78,
    0xF3, 0xFF, 0x1F, 0xF0, 0x1F, 0xE1, 0xFF, 0x9F, 0x1C, 0xE0, 0x07, 0x00, 0x3C, 0x00, 0xF8, 0x03,
    0xE0, 0x07, 0xC0, 0x0F, 0x80, 0x3C, 0x00, 0xF0, 0x03, 0x80, 0x3D, 0xE7, 0xCF, 0xFE, 0x3F, 0xC0,
    0x00, 0x01, 0xC0, 0x1E, 0x00, 0xE0, 0x00, 0x3F, 0xBF, 0xEF, 0x33, 0x80, 0xF0, 0x3F, 0x03, 0xF0,
    0x3E, 0x03, 0x80, 0xFE, 0x7B, 0xFE, 0xFF, 0x00, 0x01, 0xC1, 0xF0, 0x78, 0x00, 0xFF, 0xFF, 0xFF,
    0xF0, 0x78, 0x01, 0xE0, 0x07, 0x80, 0x1E, 0x00, 0x78, 0x01, 0xE0, 0x07, 0x80, 0x1E, 0x00, 0x78,
    0x01, 0xE0, 0x07, 0x80, 0x1E, 0x00, 0x78, 0x01, 0xE0, 0x07, 0x80, 0x00, 0x00, 0x78, 0x03, 0xC0,
    0x0F, 0x00, 0x70, 0x78, 0x3C, 0x1E, 0x0F, 0xF7, 0xFB, 0xC1, 0xE0, 0xF0, 0x78, 0x3C, 0x1E, 0x0F,
    0x03, 0x81, 0xE4, 0xFF, 0x3F, 0x80, 0x07, 0x07, 0x83, 0x80, 0x7F, 0x87, 0xFE, 0x1C, 0xF8, 0x01,
    0xC0, 0x0F, 0x00, 0x78, 0x03, 0x80, 0x3C, 0x07, 0xC0, 0xFC, 0x07, 0xF0, 0x0F, 0xC0, 0x0F, 0x00,
    0x38, 0x01, 0xC0, 0x0E, 0x00, 0x70, 0x07, 0x80, 0x78, 0x1F, 0xCF, 0xFC, 0x7F, 0x80, 0xFF, 0x3F,
    0xEE, 0x78, 0x0F, 0x03, 0xC0, 0xE0, 0xF8, 0xFC, 0x3F, 0x83, 0xE0, 0x1C, 0x07, 0x01, 0xC0, 0x70,
    0x7C, 0xFE, 0xFF, 0x3F, 0x00, 0x18, 0xC0, 0x73, 0x00, 0xF8, 0x01, 0xE0, 0x03, 0x00, 0x00, 0x00,
    0x00, 0x38, 0x07, 0xE0, 0x1F, 0x80, 0x7E, 0x01, 0xF8, 0x07, 0xE0, 0x1F, 0x80, 0x7F, 0xFF, 0xFF,
    0xFF, 0xE0, 0x1F, 0x80, 0x7E, 0x01, 0xF8, 0x07, 0xE0, 0x1F, 0x80, 0x7E, 0x01, 0xF8, 0x07, 0xCC,
    0x0F, 0xE0, 0x7C, 0x03, 0x80, 0x00, 0x00, 0x00, 0x70, 0x07, 0x00, 0x70, 0x07, 0x00, 0x70, 0x07,
    0x00, 0x7F, 0xC7, 0xFE, 0x79, 0xE7, 0x0F, 0x70, 0x77, 0x07, 0x70, 0x77, 0x07, 0x70, 0x77, 0x07,
    0x70, 0x77, 0x07, 0x70, 0x70, 0x00, 0xE0, 0xE0, 0xE0, 0xE0, 0x1C, 0xE7, 0x38, 0x1E, 0x1F, 0x1D,
    0xDC, 0x70, 0x79, 0xFF, 0xEC, 0x78, 0xFF, 0xFF, 0x00, 0x03, 0xFF, 0xFF, 0xFF, 0x80, 0xC3, 0xE7,
    0xFE, 0x7E, 0x6F, 0x70, 0x00, 0xE7, 0xE7, 0x7F, 0xDE, 0xF6, 0x00, 0x7B, 0x7C, 0xF7, 0x78, 0x1D,
    0xC7, 0x39, 0xCE, 0x33, 0x80, 0x63, 0x99, 0x8F, 0xC3, 0xC0, 0x5F, 0xFF, 0xC0, 0x63, 0x0F, 0xF0,
    0xFF, 0x82, 0x30, 0x7C, 0x7E, 0xEE, 0xC6, 0xE3, 0xC3, 0xC3, 0x1D, 0xFF, 0x30, 0x0D, 0xFB, 0xF0,
    0x60, 0xC0, 0xC1, 0xFB, 0xFE, 0x0C, 0x00, 0xFF, 0xF0, 0xC3, 0x0C, 0x21, 0x8E, 0xFF, 0xB8, 0x6F,
    0x76, 0x30, 0xC7, 0xBF, 0xF8, 0xFB, 0xF3, 0x0C, 0x30, 0x18, 0x18, 0x7E, 0xFF, 0x7E, 0x18, 0x18,
    0x7E, 0xFF, 0x7E, 0x5F, 0xB0, 0x66, 0xE7, 0xE7, 0x02, 0x79, 0xEC, 0xFF, 0x78, 0x76, 0x6C, 0x31,
    0xE1, 0x87, 0xFB, 0xE0, 0x10, 0xC7, 0x18, 0x61, 0xE7, 0x80, 0xFF, 0xFF, 0xFE, 0xFE, 0xC6, 0xC6,
    0xC6, 0x00, 0xC3, 0xFF, 0x7E, 0x3C, 0x00, 0x3C, 0x7E, 0xE7, 0xC3, 0xC3, 0xE7, 0x7E, 0x3C, 0x3C,
    0xFF, 0xE7, 0xC3, 0x71, 0xFF, 0xDE, 0x84, 0xFF, 0xFF, 0xFF, 0xFB, 0xFF, 0xF0, 0x00, 0x00, 0x21,
    0x7B, 0xFF, 0x8E, 0x00, 0x7F, 0xDF, 0xE0, 0x00, 0x00, 0x00, 0x1F, 0xFF, 0xFF, 0xFD, 0xFF, 0xFF,
    0xFF, 0x00, 0x01, 0x80, 0xC0, 0x60, 0x60, 0x30, 0x38, 0x18, 0x0C, 0x0E, 0x06, 0x03, 0x03, 0x81,
    0x80, 0xC0, 0xC0, 0x60, 0x70, 0x30, 0x18, 0x0C, 0x00, 0x00, 0xD9, 0xFC, 0xC6, 0xC6, 0xFE, 0xFE,
    0xFE, 0xFE, 0xFE, 0xC6, 0xFE, 0xFE, 0x3B, 0x8F, 0xF9, 0xFB, 0xB7, 0x76, 0x66, 0x03, 0xF7, 0x9E,
    0xFF, 0x30, 0x00, 0x63, 0xC3, 0xC3, 0x18, 0xFF, 0x30, 0x1F, 0xB0, 0x01, 0xFC, 0x00, 0x7F, 0xFC,
    0x07, 0xFF, 0xF8, 0x70, 0x01, 0xE6, 0x00, 0x03, 0xA0, 0x00, 0x04, 0x18, 0x01, 0xC0, 0x0E, 0x00,
    0x70, 0x03, 0x00, 0x00, 0x00, 0x0F, 0xFE, 0xFF, 0xEE, 0x00, 0xE0, 0x0E, 0x00, 0xE0, 0x0E, 0x00,
    0xFF, 0xCF, 0xFC, 0xE0, 0x0E, 0x00, 0xE0, 0x0E, 0x00, 0xE0, 0x0E, 0x00, 0xFF, 0xFF, 0xFF, 0x3B,
    0x87, 0xBC, 0x3B, 0x80, 0x00, 0x00, 0x0F, 0xFE, 0xFF, 0xEE, 0x00, 0xE0, 0x0E, 0x00, 0xE0, 0x0E,
    0x00, 0xFF, 0xCF, 0xFC, 0xE0, 0x0E, 0x00, 0xE0, 0x0E, 0x00, 0xE0, 0x0E, 0x00, 0xFF, 0xFF, 0xFF,
    0xFF, 0xFC, 0x3F, 0xFF, 0x00, 0x70, 0x00, 0x1C, 0x00, 0x07, 0x00, 0x01, 0xC0, 0x00, 0x7F, 0xE0,
    0x1F, 0xFE, 0x07, 0x8F, 0x81, 0xC0, 0xF0, 0x70, 0x1C, 0x1C, 0x07, 0x07, 0x01, 0xC1, 0xC0, 0xF0,
    0x70, 0x7C, 0x1C, 0x7E, 0x07, 0x1F, 0x00, 0x03, 0x00, 0xE0, 0x38, 0x0F, 0x00, 0xC0, 0x00, 0x00,
    0x07, 0xFF, 0xFF, 0xFC, 0x03, 0x80, 0x70, 0x0E, 0x01, 0xC0, 0x38, 0x07, 0x00, 0xE0, 0x1C, 0x03,
    0x80, 0x70, 0x0E, 0x01, 0xC0, 0x38, 0x07, 0x00, 0x07, 0xF8, 0x7F, 0xF3, 0xF1, 0xDE, 0x00, 0x70,
    0x01, 0xC0, 0x0F, 0x00, 0x3F, 0xF8, 0xFF, 0xE3, 0x80, 0x0F, 0x00, 0x1C, 0x00, 0x70, 0x01, 0xE0,
    0x03, 0xF1, 0xC7, 0xFF, 0x07, 0xF8, 0x1F, 0xE1, 0xFF, 0x9F, 0x1C, 0xE0, 0x07, 0x00, 0x3C, 0x00,
    0xF8, 0x03, 0xE0, 0x07, 0xC0, 0x0F, 0x80, 0x3C, 0x00, 0xF0, 0x03, 0x80, 0x3D, 0xE7, 0xCF, 0xFE,
    0x3F, 0xC0, 0xFF, 0xFF, 0xFF, 0xFF, 0xFF, 0xFF, 0xE0, 0x67, 0x7B, 0xD9, 0xC0, 0x00, 0x00, 0xE0,
    0x70, 0x38, 0x1C, 0x0E, 0x07, 0x03, 0x81, 0xC0, 0xE0, 0x70, 0x38, 0x1C, 0x0E, 0x07, 0x03, 0x81,
    0xC0, 0xE0, 0x00, 0xE0, 0x1C, 0x03, 0x80, 0x70, 0x0E, 0x01, 0xC0, 0x38, 0x07, 0x00, 0xE0, 0x1C,
    0x03, 0x80, 0x70, 0x0E, 0x03, 0xF9, 0xF7, 0xFE, 0x7F, 0x00, 0x07, 0xFF, 0x00, 0x01, 0xFF, 0xC0,
    0x00, 0x70, 0x70, 0x00, 0x1C, 0x1C, 0x00, 0x07, 0x07, 0x00, 0x01, 0xC1, 0xC0, 0x00, 0x70, 0x7F,
    0xC0, 0x1C, 0x1F, 0xFC, 0x07, 0x07, 0x1F, 0x81, 0xC1, 0xC0, 0xE0, 0xF0, 0x70, 0x38, 0x38, 0x1C,
    0x0F, 0x0E, 0x07, 0x03, 0x87, 0x81, 0xC0, 0xE7, 0xC0, 0x71, 0xFB, 0xE0, 0x1F, 0xFC, 0xF0, 0x07,
    0xFC, 0x00, 0x00, 0x00, 0x00, 0xE0, 0x38, 0x01, 0xC0, 0x70, 0x03, 0x80, 0xE0, 0x07, 0x01, 0xC0,
    0x0E, 0x03, 0x80, 0x1C, 0x07, 0x00, 0x3F, 0xFF, 0xFC, 0x7F, 0xFF, 0xFE, 0xE0, 0x3C, 0x7D, 0xC0,
    0x70, 0x3F, 0x80, 0xE0, 0x3F, 0x01, 0xC0, 0x7E, 0x03, 0x80, 0xFC, 0x07, 0x03, 0xF8, 0x0F, 0x1F,
    0x70, 0x1F, 0xFC, 0xE0, 0x3F, 0xF0, 0xFF, 0xFC, 0x3F, 0xFF, 0x00, 0x70, 0x00, 0x1C, 0x00, 0x07,
    0x00, 0x01, 0xC0, 0x00, 0x7F, 0xE0, 0x1F, 0xFC, 0x07, 0x8F, 0x81, 0xC0, 0xE0, 0x70, 0x38, 0x1C,
    0x0E, 0x07, 0x03, 0x81, 0xC0, 0xE0, 0x70, 0x38, 0x1C, 0x0E, 0x07, 0x03, 0x80, 0x01, 0x80, 0x0E,
    0x00, 0x70, 0x03, 0x80, 0x0E, 0x00, 0x00, 0x00, 0x00, 0x38, 0x1E, 0xE0, 0xF3, 0x87, 0x8E, 0x3C,
    0x39, 0xE0, 0xEF, 0x03, 0xF8, 0x0F, 0xC0, 0x3F, 0x80, 0xFF, 0x03, 0xBE, 0x0E, 0x7C, 0x38, 0xF8,
    0xE1, 0xF3, 0x83, 0xCE, 0x07, 0xB8, 0x0F, 0x0C, 0x00, 0x1C, 0x00, 0x1C, 0x00, 0x1C, 0x00, 0x18,
    0x00, 0x00, 0x00, 0x00, 0x70, 0x0E, 0xE0, 0x3D, 0xC0, 0xFB, 0x81, 0xF7, 0x07, 0xEE, 0x1F, 0xDC,
    0x7B, 0xB8, 0xE7, 0x73, 0x8E, 0xEF, 0x1D, 0xFC, 0x3B, 0xF0, 0x77, 0xE0, 0xEF, 0x81, 0xDE, 0x03,
    0xBC, 0x07, 0x70, 0x0E, 0x0C, 0x70, 0x1D, 0xC0, 0x3F, 0x80, 0x3E, 0x00, 0x00, 0x00, 0x00, 0x3C,
    0x07, 0xB8, 0x0E, 0x78, 0x1C, 0x70, 0x78, 0xF0, 0xE0, 0xE1, 0xC1, 0xE7, 0x01, 0xCE, 0x03, 0xFC,
    0x03, 0xF0, 0x03, 0xE0, 0x07, 0x80, 0x07, 0x00, 0x1C, 0x04, 0xF8, 0x0F, 0xE0, 0x1F, 0x80, 0x00,
    0xE0, 0x1F, 0x80, 0x7E, 0x01, 0xF8, 0x07, 0xE0, 0x1F, 0x80, 0x7E, 0x01, 0xF8, 0x07, 0xE0, 0x1F,
    0x80, 0x7E, 0x01, 0xF8, 0x07, 0xE0, 0x1F, 0x80, 0x7E, 0x01, 0xFF, 0xFF, 0xFF, 0xFC, 0x1C, 0x00,
    0x70, 0x01, 0xC0, 0x07, 0x00, 0x1C, 0x00, 0x01, 0xC0, 0x01, 0xF0, 0x00, 0xF8, 0x00, 0xFC, 0x00,
    0x77, 0x00, 0x73, 0x80, 0x39, 0xE0, 0x3C, 0x70, 0x1C, 0x3C, 0x0E, 0x0E, 0x0F, 0x07, 0x07, 0xFF,
    0xC3, 0xFF, 0xE3, 0x80, 0x71, 0xC0, 0x3D, 0xE0, 0x0E, 0xE0, 0x07, 0x80, 0xFF, 0xE7, 0xFF, 0x38,
    0x01, 0xC0, 0x0E, 0x00, 0x70, 0x03, 0xFF, 0x1F, 0xFC, 0xE3, 0xF7, 0x03, 0xF8, 0x1F, 0xC0, 0x7E,
    0x07, 0xF0, 0x3B, 0x87, 0xDF, 0xFC, 0xFF, 0xC0, 0xFF, 0xC7, 0xFF, 0x38, 0xFD, 0xC0, 0xEE, 0x07,
    0x70, 0x3B, 0x87, 0xDF, 0xFC, 0xFF, 0xF7, 0x0F, 0xB8, 0x1F, 0xC0, 0x7E, 0x03, 0xF0, 0x3F, 0x87,
    0xDF, 0xFE, 0xFF, 0xC0, 0xFF, 0xFF, 0xFF, 0x80, 0x70, 0x0E, 0x01, 0xC0, 0x38, 0x07, 0x00, 0xE0,
    0x1C, 0x03, 0x80, 0x70, 0x0E, 0x01, 0xC0, 0x38, 0x07, 0x00, 0xE0, 0x00, 0x07, 0xFF, 0x01, 0xFF,
    0xC0, 0x70, 0x70, 0x1C, 0x1C, 0x07, 0x07, 0x01, 0xC1, 0xC0, 0x70, 0x70, 0x1C, 0x1C, 0x07, 0x07,
    0x01, 0xC1, 0xC0, 0xE0, 0x70, 0x38, 0x1C, 0x1E, 0x07, 0x07, 0x01, 0xC3, 0xC0, 0x73, 0xFF, 0xFF,
    0xFF, 0xFF, 0xF8, 0x00, 0x7E, 0x00, 0x1F, 0x80, 0x07, 0xE0, 0x01, 0xF8, 0x00, 0x70, 0xFF, 0xEF,
    0xFE, 0xE0, 0x0E, 0x00, 0xE0, 0x0E, 0x00, 0xE0, 0x0F, 0xFC, 0xFF, 0xCE, 0x00, 0xE0, 0x0E, 0x00,
    0xE0, 0x0E, 0x00, 0xE0, 0x0F, 0xFF, 0xFF, 0xF0, 0x78, 0x38, 0x3C, 0x78, 0x70, 0xF0, 0x70, 0xE3,
    0xC0, 0x71, 0xCF, 0x00, 0xF3, 0xBC, 0x00, 0xF7, 0xF0, 0x00, 0xFF, 0xC0, 0x00, 0xFF, 0x80, 0x03,
    0xFF, 0x00, 0x0F, 0x77, 0x00, 0x1C, 0xE7, 0x00, 0x71, 0xCF, 0x01, 0xC3, 0x8F, 0x07, 0x87, 0x0E,
    0x0E, 0x0E, 0x1E, 0x3C, 0x1C, 0x1E, 0xF0, 0x38, 0x1C, 0x3F, 0xC1, 0xFF, 0xC3, 0x9F, 0x00, 0x1E,
    0x00, 0x78, 0x01, 0xC0, 0x1F, 0x07, 0xF8, 0x1F, 0xF0, 0x07, 0xE0, 0x03, 0x80, 0x0E, 0x00, 0x38,
    0x00, 0xE7, 0x9F, 0x9F, 0xFC, 0x3F, 0xE0, 0xE0, 0x1D, 0xC0, 0x7B, 0x81, 0xF7, 0x03, 0xEE, 0x0F,
    0xDC, 0x3F, 0xB8, 0xF7, 0x71, 0xCE, 0xE7, 0x1D, 0xDE, 0x3B, 0xF8, 0x77, 0xE0, 0xEF, 0xC1, 0xDF,
    0x03, 0xBC, 0x07, 0x78, 0x0E, 0xE0, 0x1C, 0x1C, 0x60, 0x3D, 0xC0, 0x3F, 0x00, 0x3E, 0x00, 0x00,
    0x00, 0x00, 0x38, 0x07, 0x70, 0x1E, 0xE0, 0x7D, 0xC0, 0xFB, 0x83, 0xF7, 0x0F, 0xEE, 0x3D, 0xDC,
    0x73, 0xB9, 0xC7, 0x77, 0x8E, 0xFE, 0x1D, 0xF8, 0x3B, 0xF0, 0x77, 0xC0, 0xEF, 0x01, 0xDE, 0x03,
    0xB8, 0x07, 0x00, 0xE0, 0x7B, 0x83, 0xCE, 0x1E, 0x38, 0xF0, 0xE7, 0x83, 0xBC, 0x0F, 0xE0, 0x3F,
    0x00, 0xFE, 0x03, 0xFC, 0x0E, 0xF8, 0x39, 0xF0, 0xE3, 0xE3, 0x87, 0xCE, 0x0F, 0x38, 0x1E, 0xE0,
    0x3C, 0x07, 0xFF, 0x07, 0xFF, 0x07, 0x07, 0x07, 0x07, 0x07, 0x07, 0x07, 0x07, 0x07, 0x07, 0x07,
    0x07, 0x07, 0x07, 0x07, 0x07, 0x0F, 0x07, 0x0E, 0x07, 0x0E, 0x07, 0x1E, 0x07, 0x7C, 0x07, 0xF8,
    0x07, 0xF0, 0x07, 0x38, 0x01, 0xC7, 0x80, 0x1C, 0x7C, 0x03, 0xC7, 0xC0, 0x3E, 0x7E, 0x06, 0xE7,
    0x60, 0x6E, 0x77, 0x0C, 0xE7, 0x30, 0xCE, 0x73, 0x1C, 0xE7, 0x39, 0x8E, 0x71, 0x98, 0xE7, 0x1F,
    0x8E, 0x70, 0xF0, 0xEF, 0x0F, 0x0E, 0xF0, 0xE0, 0xEE, 0x00, 0x0E, 0xE0, 0x00, 0xE0, 0xE0, 0x1F,
    0x80, 0x7E, 0x01, 0xF8, 0x07, 0xE0, 0x1F, 0x80, 0x7E, 0x01, 0xFF, 0xFF, 0xFF, 0xFF, 0x80, 0x7E,
    0x01, 0xF8, 0x07, 0xE0, 0x1F, 0x80, 0x7E, 0x01, 0xF8, 0x07, 0xE0, 0x1C, 0x07, 0xF8, 0x0F, 0xFE,
    0x0F, 0xCF, 0x8F, 0x01, 0xE7, 0x00, 0x7B, 0x80, 0x3F, 0xC0, 0x0F, 0xC0, 0x07, 0xE0, 0x03, 0xF0,
    0x01, 0xFC, 0x00, 0xEE, 0x00, 0xF7, 0x00, 0x7B, 0xC0, 0x78, 0xFC, 0xF8, 0x3F, 0xF8, 0x07, 0xF8,
    0x00, 0xFF, 0xFF, 0xFF, 0xFE, 0x01, 0xF8, 0x07, 0xE0, 0x1F, 0x80, 0x7E, 0x01, 0xF8, 0x07, 0xE0,
    0x1F, 0x80, 0x7E, 0x01, 0xF8, 0x07, 0xE0, 0x1F, 0x80, 0x7E, 0x01, 0xF8, 0x07, 0xE0, 0x1C, 0xFF,
    0x87, 0xFF, 0x38, 0xFD, 0xC0, 0xEE, 0x07, 0xF0, 0x3F, 0x81, 0xFC, 0x0E, 0xE3, 0xF7, 0xFF, 0x3F,
    0xF1, 0xC0, 0x0E, 0x00, 0x70, 0x03, 0x80, 0x1C, 0x00, 0xE0, 0x00, 0x07, 0xF8, 0x7F, 0xF3, 0xF3,
    0xDE, 0x00, 0x78, 0x01, 0xC0, 0x0F, 0x00, 0x38, 0x00, 0xE0, 0x03, 0x80, 0x0F, 0x00, 0x3C, 0x00,
    0x70, 0x01, 0xE0, 0x03, 0xF1, 0xC7, 0xFF, 0x07, 0xF8, 0xFF, 0xFF, 0xFF, 0xF0, 0x78, 0x01, 0xE0,
    0x07, 0x80, 0x1E, 0x00, 0x78, 0x01, 0xE0, 0x07, 0x80, 0x1E, 0x00, 0x78, 0x01, 0xE0, 0x07, 0x80,
    0x1E, 0x00, 0x78, 0x01, 0xE0, 0x07, 0x80, 0xF0, 0x1E, 0xE0, 0x39, 0xE0, 0x71, 0xC1, 0xE3, 0xC3,
    0x83, 0x87, 0x07, 0x9C, 0x07, 0x38, 0x0F, 0xF0, 0x0F, 0xC0, 0x0F, 0x80, 0x1E, 0x00, 0x1C, 0x00,
    0x70, 0x13, 0xE0, 0x3F, 0x80, 0x7E, 0x00, 0x00, 0xE0, 0x00, 0x0E, 0x00, 0x07, 0xFE, 0x01, 0xFF,
    0xF8, 0x3E, 0xEF, 0xC7, 0x8E, 0x1E, 0x70, 0xE0, 0xEF, 0x0E, 0x0E, 0xE0, 0xE0, 0xFE, 0x0E, 0x0F,
    0xF0, 0xE0, 0xE7, 0x0E, 0x0E, 0x78, 0xE1, 0xE3, 0xEE, 0xFC, 0x1F, 0xFF, 0x80, 0xFF, 0xE0, 0x00,
    0xE0, 0x00, 0x0E, 0x00, 0x70, 0x1E, 0x78, 0x1C, 0x3C, 0x3C, 0x1C, 0x78, 0x1E, 0x70, 0x0F, 0xF0,
    0x07, 0xE0, 0x03, 0xC0, 0x03, 0xC0, 0x07, 0xE0, 0x0F, 0xE0, 0x0E, 0xF0, 0x1E, 0x78, 0x3C, 0x3C,
    0x38, 0x1C, 0x78, 0x1E, 0xF0, 0x0E, 0xE0, 0x1C, 0xE0, 0x1C, 0xE0, 0x1C, 0xE0, 0x1C, 0xE0, 0x1C,
    0xE0, 0x1C, 0xE0, 0x1C, 0xE0, 0x1C, 0xE0, 0x1C, 0xE0, 0x1C, 0xE0, 0x1C, 0xE0, 0x1C, 0xE0, 0x1C,
    0xE0, 0x1C, 0xE0, 0x1C, 0xFF, 0xFF, 0xFF, 0xFF, 0x00, 0x07, 0x00, 0x07, 0x00, 0x07, 0x00, 0x07,
    0x00, 0x07, 0xE0, 0x3F, 0x01, 0xF8, 0x0F, 0xC0, 0x7E, 0x03, 0xF0, 0x1F, 0x80, 0xFE, 0x07, 0x78,
    0x7B, 0xFF, 0xC7, 0xFE, 0x00, 0x70, 0x03, 0x80, 0x1C, 0x00, 0xE0, 0x07, 0x00, 0x38, 0xE0, 0x70,
    0x3F, 0x03, 0x81, 0xF8, 0x1C, 0x0F, 0xC0, 0xE0, 0x7E, 0x07, 0x03, 0xF0, 0x38, 0x1F, 0x81, 0xC0,
    0xFC, 0x0E, 0x07, 0xE0, 0x70, 0x3F, 0x03, 0x81, 0xF8, 0x1C, 0x0F, 0xC0, 0xE0, 0x7E, 0x07, 0x03,
    0xF0, 0x38, 0x1F, 0x81, 0xC0, 0xFF, 0xFF, 0xFF, 0xFF, 0xFF, 0xF8, 0xE0, 0x70, 0x39, 0xC0, 0xE0,
    0x73, 0x81, 0xC0, 0xE7, 0x03, 0x81, 0xCE, 0x07, 0x03, 0x9C, 0x0E, 0x07, 0x38, 0x1C, 0x0E, 0x70,
    0x38, 0x1C, 0xE0, 0x70, 0x39, 0xC0, 0xE0, 0x73, 0x81, 0xC0, 0xE7, 0x03, 0x81, 0xCE, 0x07, 0x03,
    0x9C, 0x0E, 0x07, 0x38, 0x1C, 0x0E, 0x7F, 0xFF, 0xFF, 0xFF, 0xFF, 0xFE, 0x00, 0x00, 0x1C, 0x00,
    0x00, 0x38, 0x00, 0x00, 0x70, 0x00, 0x00, 0xE0, 0x00, 0x01, 0xC0, 0xFF, 0x00, 0x3F, 0xC0, 0x00,
    0x70, 0x00, 0x1C, 0x00, 0x07, 0x00, 0x01, 0xC0, 0x00, 0x7F, 0xC0, 0x1F, 0xFC, 0x07, 0x1F, 0x81,
    0xC0, 0xE0, 0x70, 0x38, 0x1C, 0x0F, 0x07, 0x03, 0x81, 0xC0, 0xE0, 0x71, 0xF8, 0x1F, 0xFC, 0x07,
    0xFC, 0x00, 0xE0, 0x03, 0xF8, 0x00, 0xFE, 0x00, 0x3F, 0x80, 0x0F, 0xE0, 0x03, 0xF8, 0x00, 0xFF,
    0xF8, 0x3F, 0xFF, 0x8F, 0xE3, 0xF3, 0xF8, 0x1C, 0xFE, 0x07, 0x3F, 0x81, 0xEF, 0xE0, 0x73, 0xF8,
    0x1C, 0xFE, 0x3F, 0x3F, 0xFF, 0x8F, 0xFF, 0x83, 0xC0, 0xE0, 0x07, 0x00, 0x38, 0x01, 0xC0, 0x0E,
    0x00, 0x70, 0x03, 0xFF, 0x1F, 0xFC, 0xE3, 0xF7, 0x03, 0xB8, 0x1F, 0xC0, 0x7E, 0x07, 0xF0, 0x3B,
    0x87, 0xDF, 0xFC, 0xFF, 0xC0, 0x7F, 0xC1, 0xFF, 0xC1, 0xC7, 0xC0, 0x03, 0xC0, 0x03, 0xC0, 0x03,
    0x80, 0x07, 0x0F, 0xFE, 0x1F, 0xFC, 0x00, 0x38, 0x00, 0x70, 0x00, 0xE0, 0x03, 0xC0, 0x0F, 0x1C,
    0x7C, 0x7F, 0xF0, 0x7F, 0xC0, 0xE0, 0x1F, 0xC1, 0xC0, 0xFF, 0xE3, 0x83, 0xE7, 0xE7, 0x0F, 0x01,
    0xCE, 0x1C, 0x03, 0xDC, 0x78, 0x03, 0xB8, 0xF0, 0x07, 0x7F, 0xC0, 0x0F, 0xFF, 0x80, 0x1F, 0xC7,
    0x00, 0x3F, 0x8F, 0x00, 0x77, 0x0E, 0x00, 0xEE, 0x1C, 0x03, 0xDC, 0x3C, 0x07, 0x38, 0x3E, 0x7E,
    0x70, 0x3F, 0xF8, 0xE0, 0x1F, 0xC0, 0x0F, 0xFC, 0x7F, 0xF3, 0xE1, 0xDE, 0x07, 0x70, 0x1D, 0xC0,
    0x77, 0x81, 0xCF, 0x87, 0x3F, 0xFC, 0x3F, 0xF0, 0xE1, 0xC7, 0x87, 0x1C, 0x1C, 0xF0, 0x73, 0x81,
    0xDE, 0x07, 0x70, 0x1C, 0x7F, 0x8F, 0xF9, 0x8F, 0x00, 0xE0, 0x0E, 0x7F, 0xDF, 0xFF, 0xCF, 0xE0,
    0xFC, 0x1F, 0xC7, 0xFF, 0xF3, 0xFC, 0x03, 0xF0, 0x7F, 0x87, 0xF8, 0x78, 0x07, 0x80, 0x38, 0x01,
    0xFF, 0x1F, 0xFC, 0xFD, 0xF7, 0x83, 0xF8, 0x0F, 0xC0, 0x7E, 0x03, 0xF8, 0x1D, 0xC1, 0xEE, 0x0E,
    0x7C, 0xF1, 0xFF, 0x07, 0xF0, 0xFF, 0x9F, 0xFB, 0x8F, 0x70, 0xEE, 0x3D, 0xFF, 0x3F, 0xF7, 0x1F,
    0xE0, 0xFC, 0x1F, 0x8F, 0xFF, 0xEF, 0xF8, 0xFF, 0x7F, 0xB8, 0x1C, 0x0E, 0x07, 0x03, 0x81, 0xC0,
    0xE0, 0x70, 0x38, 0x1C, 0x0E, 0x00, 0x0F, 0xF8, 0x1F, 0xF0, 0x38, 0xE0, 0x71, 0xC0, 0xE3, 0x81,
    0x87, 0x07, 0x0E, 0x0E, 0x1C, 0x1C, 0x38, 0x70, 0x70, 0xE0, 0xE7, 0xFF, 0xFF, 0xFF, 0xFC, 0x01,
    0xF8, 0x03, 0xF0, 0x07, 0xE0, 0x0E, 0x1F, 0x83, 0xFE, 0x79, 0xEF, 0x0F, 0xE0, 0x7F, 0xFF, 0xFF,
    0xFE, 0x00, 0xE0, 0x0F, 0x00, 0x7C, 0x63, 0xFE, 0x1F, 0xE0, 0x78, 0xE1, 0xC7, 0x1C, 0x70, 0x73,
    0x9C, 0x07, 0x77, 0x00, 0x7F, 0xC0, 0x07, 0xF8, 0x01, 0xFF, 0x00, 0x77, 0x70, 0x1C, 0xE7, 0x07,
    0x9C, 0xF0, 0xE3, 0x8F, 0x38, 0x70, 0xEF, 0x0E, 0x1E, 0xFF, 0x3F, 0xEE, 0x7C, 0x07, 0x03, 0xCF,
    0xE3, 0xF8, 0x0F, 0x01, 0xC0, 0x7E, 0x3F, 0xFF, 0xFF, 0x00, 0xE0, 0xFC, 0x3F, 0x8F, 0xF1, 0xFE,
    0x7F, 0xDD, 0xFB, 0xBF, 0xE7, 0xF8, 0xFF, 0x1F, 0xC3, 0xF0, 0x7E, 0x0E, 0x71, 0x87, 0x70, 0xFE,
    0x0F, 0x80, 0x00, 0x00, 0x38, 0x3F, 0x0F, 0xE3, 0xFC, 0x7F, 0x9F, 0xF7, 0x7E, 0xEF, 0xF9, 0xFE,
    0x3F, 0xC7, 0xF0, 0xFC, 0x1F, 0x83, 0x80, 0xE1, 0xEE, 0x3C, 0xE7, 0x8E, 0xF0, 0xFE, 0x0F, 0xC0,
    0xFC, 0x0F, 0xE0, 0xEF, 0x0E, 0x78, 0xE3, 0xCE, 0x1C, 0xE0, 0xE0, 0x0F, 0xF8, 0x7F, 0xC3, 0x8E,
    0x1C, 0x70, 0xE3, 0x87, 0x1C, 0x38, 0xE3, 0x87, 0x1C, 0x39, 0xE1, 0xDE, 0x0F, 0xF0, 0x7E, 0x03,
    0x80, 0x70, 0x0E, 0x78, 0x1E, 0x78, 0x1E, 0x7C, 0x3E, 0x7C, 0x36, 0x76, 0x77, 0x76, 0x67, 0x67,
    0xE7, 0x63, 0xC7, 0xE3, 0xC7, 0xE1, 0xC7, 0xE0, 0x07, 0xE0, 0x07, 0xE0, 0xFC, 0x1F, 0x83, 0xF0,
    0x7E, 0x0F, 0xFF, 0xFF, 0xFF, 0x07, 0xE0, 0xFC, 0x1F, 0x83, 0xF0, 0x7E, 0x0E, 0x1F, 0xC1, 0xFF,
    0x1E, 0x7C, 0xE0, 0xEE, 0x07, 0xF0, 0x1F, 0x80, 0xFC, 0x07, 0xE0, 0x7B, 0x83, 0x9E, 0x7C, 0x7F,
    0xC1, 0xFC, 0x00, 0xFF, 0xFF, 0xFF, 0x83, 0xF0, 0x7E, 0x0F, 0xC1, 0xF8, 0x3F, 0x07, 0xE0, 0xFC,
    0x1F, 0x83, 0xF0, 0x7E, 0x0E, 0xFF, 0x8F, 0xFC, 0xE3, 0xEE, 0x0E, 0xE0, 0xFE, 0x07, 0xE0, 0x7E,
    0x07, 0xE0, 0xFE, 0x0E, 0xF3, 0xEF, 0xFC, 0xFF, 0x8E, 0x00, 0xE0, 0x0E, 0x00, 0xE0, 0x0E, 0x00,
    0x1F, 0xC7, 0xF9, 0xF3, 0x38, 0x0E, 0x01, 0xC0, 0x38, 0x07, 0x00, 0xE0, 0x1E, 0x01, 0xF3, 0x1F,
    0xE1, 0xFC, 0xFF, 0xFF, 0xFF, 0x0E, 0x00, 0xE0, 0x0E, 0x00, 0xE0, 0x0E, 0x00, 0xE0, 0x0E, 0x00,
    0xE0, 0x0E, 0x00, 0xE0, 0x0E, 0x00, 0xE0, 0x7F, 0x07, 0x70, 0x77, 0x0E, 0x78, 0xE3, 0x8E, 0x38,
    0xC1, 0xDC, 0x1D, 0xC1, 0xF8, 0x0F, 0x80, 0xF8, 0x07, 0x00, 0x70, 0x07, 0x09, 0xE0, 0xFC, 0x0F,
    0x80, 0x01, 0xC0, 0x00, 0xE0, 0x00, 0x70, 0x00, 0x38, 0x00, 0x1C, 0x00, 0x0E, 0x00, 0x3F, 0xE0,
    0x7F, 0xFC, 0x7D, 0xDF, 0x38, 0xE3, 0xF8, 0x70, 0xFC, 0x38, 0x7E, 0x1C, 0x3F, 0x0E, 0x1F, 0x87,
    0x0E, 0xE3, 0x8F, 0x7D, 0xDF, 0x1F, 0xFF, 0x03, 0xFE, 0x00, 0x38, 0x00, 0x1C, 0x00, 0x0E, 0x00,
    0x07, 0x00, 0x03, 0x80, 0x70, 0x73, 0xC7, 0x0E, 0x78, 0x3B, 0x81, 0xF8, 0x07, 0x80, 0x3C, 0x01,
    0xF0, 0x1F, 0xC1, 0xEF, 0x0E, 0x38, 0xE1, 0xEF, 0x07, 0x00, 0xE0, 0xE7, 0x07, 0x38, 0x39, 0xC1,
    0xCE, 0x0E, 0x70, 0x73, 0x83, 0x9C, 0x1C, 0xE0, 0xE7, 0x07, 0x38, 0x39, 0xFF, 0xFF, 0xFF, 0x80,
    0x1C, 0x00, 0xE0, 0x07, 0x00, 0x38, 0xE0, 0xFC, 0x1F, 0x83, 0xF0, 0x7E, 0x0F, 0xE3, 0xDF, 0xF9,
    0xFF, 0x00, 0xE0, 0x1C, 0x03, 0x80, 0x70, 0x0E, 0xE1, 0xC3, 0xF0, 0xE1, 0xF8, 0x70, 0xFC, 0x38,
    0x7E, 0x1C, 0x3F, 0x0E, 0x1F, 0x87, 0x0F, 0xC3, 0x87, 0xE1, 0xC3, 0xF0, 0xE1, 0xF8, 0x70, 0xFF,
    0xFF, 0xFF, 0xFF, 0xF8, 0xE1, 0xC3, 0x9C, 0x38, 0x73, 0x87, 0x0E, 0x70, 0xE1, 0xCE, 0x1C, 0x39,
    0xC3, 0x87, 0x38, 0x70, 0xE7, 0x0E, 0x1C, 0xE1, 0xC3, 0x9C, 0x38, 0x73, 0x87, 0x0E, 0x7F, 0xFF,
    0xFF, 0xFF, 0xFE, 0x00, 0x01, 0xC0, 0x00, 0x38, 0x00, 0x07, 0x00, 0x00, 0xE0, 0xFC, 0x01, 0xF8,
    0x00, 0x70, 0x00, 0xE0, 0x01, 0xFF, 0x03, 0xFF, 0x87, 0x8F, 0x0E, 0x0E, 0x1C, 0x1E, 0x38, 0x38,
    0x78, 0xF0, 0xFF, 0xE0, 0xFF, 0x00, 0xE0, 0x0F, 0xC0, 0x1F, 0x80, 0x3F, 0x00, 0x7E, 0x00, 0xFF,
    0xF1, 0xFF, 0xF3, 0xF1, 0xE7, 0xE1, 0xEF, 0xC3, 0xDF, 0x8F, 0x3F, 0xFE, 0x7F, 0xF8, 0xE0, 0xE0,
    0x1C, 0x03, 0x80, 0x70, 0x0F, 0xF9, 0xFF, 0xB8, 0xF7, 0x0F, 0xE0, 0xFC, 0x3F, 0x8F, 0x7F, 0xEF,
    0xF8, 0x7F, 0x07, 0xFC, 0x63, 0xC0, 0x0E, 0x00, 0xE1, 0xFE, 0x1F, 0xF0, 0x0E, 0x00, 0xE0, 0x1E,
    0x63, 0xE7, 0xFC, 0x7F, 0x00, 0xE0, 0xFC, 0x71, 0xFF, 0x38, 0xF3, 0xDC, 0xF0, 0xFE, 0x70, 0x3F,
    0xF8, 0x1F, 0xFC, 0x0F, 0xCE, 0x07, 0xE7, 0x03, 0xF3, 0xC3, 0xF8, 0xF3, 0xDC, 0x3F, 0xCE, 0x0F,
    0xC0, 0x1F, 0xF3, 0xFF, 0x3C, 0x77, 0x07, 0x70, 0x77, 0xC7, 0x3F, 0xF1, 0xFF, 0x1C, 0x73, 0x87,
    0x38, 0x77, 0x07, 0x70, 0x70, 0x1C, 0x01, 0xC0, 0x0E, 0x00, 0x70, 0x03, 0x00, 0x00, 0x00, 0x01,
    0xF8, 0x3F, 0xE7, 0x9E, 0xF0, 0xFE, 0x07, 0xFF, 0xFF, 0xFF, 0xE0, 0x0E, 0x00, 0xF0, 0x07, 0xC6,
    0x3F, 0xE1, 0xFE, 0x39, 0xC3, 0xDC, 0x39, 0xC0, 0x00, 0x00, 0x01, 0xF8, 0x3F, 0xE7, 0x9E, 0xF0,
    0xFE, 0x07, 0xFF, 0xFF, 0xFF, 0xE0, 0x0E, 0x00, 0xF0, 0x07, 0xC6, 0x3F, 0xE1, 0xFE, 0x38, 0x01,
    0xC0, 0x3F, 0xE1, 0xFF, 0x03, 0x80, 0x1C, 0x00, 0xFF, 0x87, 0xFE, 0x3C, 0xF1, 0xC3, 0xCE, 0x0E,
    0x70, 0x73, 0x83, 0x9C, 0x1C, 0xE0, 0xE7, 0x07, 0x38, 0x39, 0xC1, 0xCE, 0x0E, 0x00, 0x70, 0x03,
    0x80, 0x3C, 0x07, 0xC0, 0x3E, 0x07, 0x03, 0x83, 0x83, 0x81, 0x80, 0x00, 0x01, 0xFE, 0xFF, 0x70,
    0x38, 0x1C, 0x0E, 0x07, 0x03, 0x81, 0xC0, 0xE0, 0x70, 0x38, 0x1C, 0x00, 0x1F, 0xC7, 0xF9, 0xF3,
    0x38, 0x0E, 0x01, 0xFE, 0x3F, 0xC7, 0x00, 0xE0, 0x1E, 0x01, 0xF3, 0x9F, 0xF1, 0xFE, 0x3F, 0xBF,
    0xEF, 0x33, 0x80, 0xF0, 0x3F, 0x03, 0xF0, 0x3E, 0x03, 0x80, 0xFE, 0x7B, 0xFE, 0xFF, 0x00, 0xFF,
    0x00, 0x07, 0x77, 0x77, 0x77, 0x77, 0x77, 0x77, 0xE7, 0x7B, 0xB9, 0xC0, 0x00, 0x00, 0xE0, 0x70,
    0x38, 0x1C, 0x0E, 0x07, 0x03, 0x81, 0xC0, 0xE0, 0x70, 0x38, 0x1C, 0x0E, 0x00, 0x1E, 0x3C, 0x00,
    0x00, 0x01, 0xC3, 0x87, 0x0E, 0x1C, 0x38, 0x70, 0xE1, 0xC3, 0x87, 0x0E, 0x1C, 0x38, 0xF3, 0xDF,
    0xBE, 0x00, 0x0F, 0xF8, 0x00, 0x7F, 0xC0, 0x03, 0x8E, 0x00, 0x1C, 0x70, 0x00, 0xE3, 0x80, 0x07,
    0x1F, 0xF0, 0x38, 0xFF, 0xC3, 0x87, 0x9F, 0x1C, 0x38, 0x39, 0xE1, 0xC1, 0xDE, 0x0E, 0x1F, 0xF0,
    0x7F, 0xEE, 0x03, 0xFE, 0x00, 0xE0, 0xE0, 0x1C, 0x1C, 0x03, 0x83, 0x80, 0x70, 0x70, 0x0E, 0x0E,
    0x01, 0xC1, 0xFF, 0x3F, 0xFF, 0xF7, 0xFF, 0x1F, 0xE0, 0xE0, 0xFC, 0x1C, 0x1F, 0x83, 0x8F, 0xF0,
    0x7F, 0xEE, 0x0F, 0xF8, 0x38, 0x01, 0xC0, 0x3F, 0xE1, 0xFF, 0x03, 0x80, 0x1C, 0x00, 0xFF, 0x87,
    0xFE, 0x3C, 0xF1, 0xC3, 0xCE, 0x0E, 0x70, 0x73, 0x83, 0x9C, 0x1C, 0xE0, 0xE7, 0x07, 0x38, 0x39,
    0xC1, 0xCE, 0x0E, 0x03, 0x00, 0x70, 0x0E, 0x01, 0xC0, 0x1C, 0x00, 0x00, 0x00, 0x0E, 0x1E, 0xE3,
    0xCE, 0x78, 0xEF, 0x0F, 0xE0, 0xFC, 0x0F, 0xC0, 0xFE, 0x0E, 0xF0, 0xE7, 0x8E, 0x3C, 0xE1, 0xCE,
    0x0E, 0x18, 0x07, 0x80, 0x70, 0x07, 0x00, 0x60, 0x00, 0x00, 0x07, 0x07, 0xE1, 0xFC, 0x7F, 0x8F,
    0xF3, 0xFE, 0xEF, 0xDD, 0xFF, 0x3F, 0xC7, 0xF8, 0xFE, 0x1F, 0x83, 0xF0, 0x70, 0x18, 0xE1, 0xDC,
    0x1F, 0xC0, 0xF8, 0x00, 0x00, 0x00, 0xE0, 0x7F, 0x07, 0x70, 0x77, 0x0E, 0x78, 0xE3, 0x8E, 0x38,
    0xC1, 0xDC, 0x1D, 0xC1, 0xF8, 0x0F, 0x80, 0xF8, 0x07, 0x00, 0x70, 0x07, 0x09, 0xE0, 0xFC, 0x0F,
    0x80, 0xE0, 0xFC, 0x1F, 0x83, 0xF0, 0x7E, 0x0F, 0xC1, 0xF8, 0x3F, 0x07, 0xE0, 0xFC, 0x1F, 0x83,
    0xFF, 0xFF, 0xFE, 0x1C, 0x03, 0x80, 0x70, 0x0E, 0x00, 0x07, 0x00, 0x01, 0xC0, 0x0F, 0xFF, 0x83,
    0xFF, 0xE0, 0x07, 0x00, 0x01, 0xC0, 0x00, 0x70, 0x00, 0x1F, 0xF0, 0x07, 0xFF, 0x01, 0xC7, 0xE0,
    0x70, 0x38, 0x1C, 0x0E, 0x07, 0x03, 0xC1, 0xC0, 0xE0, 0x70, 0x38, 0x1C, 0x7E, 0x07, 0xFF, 0x01,
    0xFF, 0x00, 0x1C, 0x00, 0x38, 0x00, 0x70, 0x00, 0xE0, 0x01, 0xC0, 0x03, 0x80, 0x3F, 0xF8, 0x7F,
    0xF0, 0x1C, 0x00, 0x38, 0x00, 0x7F, 0xC0, 0xFF, 0xE1, 0xE3, 0xC3, 0x83, 0x87, 0x07, 0x8E, 0x0E,
    0x1E, 0x3C, 0x3F, 0xF8, 0x3F, 0xC0, 0x1F, 0xFF, 0xC0, 0xFF, 0xFE, 0x07, 0x00, 0xE0, 0x1C, 0x07,
    0x00, 0x70, 0x70, 0x01, 0x87, 0x00, 0x0E, 0x70, 0x00, 0x3B, 0x80, 0x03, 0xFE, 0x00, 0x3F, 0xF8,
    0x01, 0xFF, 0xC0, 0x1C, 0xE7, 0x00, 0xC7, 0x18, 0x0E, 0x38, 0xE0, 0xE1, 0xC3, 0x8E, 0x0E, 0x0E,
    0x70, 0x70, 0x77, 0x03, 0x81, 0xD0, 0x08, 0x04, 0x00, 0x00, 0x0F, 0xFF, 0x07, 0xFF, 0x01, 0xC7,
    0x00, 0x73, 0x00, 0x1F, 0x80, 0x1F, 0xE0, 0x1F, 0xF0, 0x0D, 0xDC, 0x0E, 0xE7, 0x0E, 0x71, 0xCE,
    0x38, 0xE6, 0x1C, 0x39, 0x00, 0x08, 0x07, 0xF8, 0x0F, 0xFE, 0x0F, 0xCF, 0x8F, 0x01, 0xE7, 0x80,
    0x7B, 0x80, 0x3F, 0xC0, 0x0F, 0xFF, 0x07, 0xFF, 0xE7, 0xFC, 0xFF, 0xFC, 0x1F, 0xEE, 0x00, 0x77,
    0x00, 0x7B, 0xC0, 0x78, 0xF8, 0xF8, 0x3F, 0xF8, 0x07, 0xF8, 0x00, 0x1F, 0xC1, 0xFF, 0x1E, 0x7C,
    0xE0, 0xEF, 0xE7, 0xFF, 0xBF, 0xDF, 0xFC, 0x7F, 0xE0, 0x7B, 0x83, 0x9E, 0x7C, 0x7F, 0xC1, 0xFC,
    0x00, 0xE0, 0x03, 0xEF, 0x00, 0x7E, 0x70, 0x0F, 0x67, 0x80, 0xE0, 0x78, 0x0E, 0x03, 0x81, 0xC0,
    0x3C, 0x1C, 0x01, 0xC3, 0xC0, 0x1C, 0x38, 0x01, 0xE3, 0x80, 0x0E, 0x70, 0x00, 0xF7, 0x00, 0x07,
    0xF0, 0x00, 0x7E, 0x00, 0x03, 0xE0, 0x00, 0x3C, 0x00, 0x03, 0xC0, 0x00, 0xE0, 0x3D, 0xE0, 0xF9,
    0xC1, 0xC3, 0x87, 0x07, 0x8E, 0x07, 0x1C, 0x0E, 0x70, 0x0E, 0xE0, 0x1F, 0x80, 0x3F, 0x00, 0x3E,
    0x00, 0x78, 0x00, 0x70, 0x00, 0x03, 0xF0, 0x00, 0x01, 0xFF, 0xC0, 0x00, 0x3E, 0x1E, 0x00, 0x03,
    0x80, 0xE0, 0x00, 0x70, 0x07, 0x00, 0x06, 0x00, 0x30, 0x00, 0xE0, 0x03, 0xE0, 0x3E, 0x00, 0x3F,
    0x07, 0xE0, 0x03, 0xF0, 0x7C, 0x00, 0x3B, 0x06, 0xC0, 0x03, 0xB8, 0xEE, 0x00, 0x31, 0x8C, 0xE0,
    0x03, 0x1D, 0xC6, 0x00, 0x70, 0xD8, 0x70, 0x06, 0x0F, 0x83, 0x81, 0xE0, 0xF0, 0x3F, 0xFC, 0x07,
    0x01, 0xFF, 0x80, 0x60, 0x03, 0xE0, 0x0E, 0x00, 0x00, 0x00, 0xC0, 0x00, 0x00, 0xFC, 0x00, 0x00,
    0x0F, 0x80, 0x00, 0x00, 0x00, 0x00, 0x02, 0x00, 0x00, 0x3F, 0xB8, 0x0C, 0xFF, 0xB0, 0x3B, 0x83,
    0x70, 0x67, 0x07, 0x61, 0xDC, 0x0E, 0xE3, 0xB8, 0x0C, 0xCE, 0x60, 0x19, 0xDC, 0xE0, 0x71, 0xB1,
    0xC0, 0xE3, 0xE1, 0x83, 0x87, 0x83, 0xDE, 0x07, 0x03, 0xF8, 0x0C, 0x01, 0xE0, 0x38, 0x00, 0x00,
    0x60, 0x00, 0x0F, 0xC0, 0x00, 0x1F, 0x00, 0x00, 0x00, 0x00, 0x1C, 0x60, 0x0F, 0x70, 0x03, 0xF0,
    0x00, 0xF8, 0x00, 0x00, 0x00, 0x00, 0x03, 0x80, 0x71, 0xC0, 0x78, 0xE0, 0x7C, 0x70, 0x3E, 0x38,
    0x3F, 0x1C, 0x3F, 0x8E, 0x3D, 0xC7, 0x1C, 0xE3, 0x9C, 0x71, 0xDE, 0x38, 0xFE, 0x1C, 0x7E, 0x0E,
    0x3F, 0x07, 0x1F, 0x03, 0x8F, 0x01, 0xC7, 0x80, 0xFF, 0x80, 0x7E, 0x00, 0x0E, 0x00, 0x07, 0x00,
    0x07, 0x00, 0x03, 0x80, 0x01, 0x80, 0x71, 0x80, 0xEE, 0x03, 0xF8, 0x07, 0xC0, 0x00, 0x00, 0x00,
    0x0E, 0x0E, 0x38, 0x78, 0xE3, 0xE3, 0x8F, 0x8E, 0x7E, 0x3B, 0xB8, 0xEE, 0xE3, 0xF3, 0x8F, 0x8E,
    0x3E, 0x38, 0xF0, 0xE3, 0x83, 0xEE, 0x0F, 0x80, 0x0E, 0x00, 0x38, 0x01, 0xE0, 0x07, 0x00, 0x18,
    0x38, 0x00, 0x70, 0x03, 0xFE, 0x07, 0xFC, 0x03, 0x80, 0x07, 0x00, 0x0E, 0x00, 0x1F, 0xF8, 0x3F,
    0xF8, 0x71, 0xF8, 0xE0, 0x79, 0xC0, 0x73, 0x80, 0xE7, 0x01, 0xCE, 0x07, 0x9C, 0x3E, 0x3F, 0xF8,
    0x7F, 0xE0, 0x38, 0x07, 0xFC, 0x3F, 0xE0, 0x70, 0x03, 0x80, 0x1F, 0xF0, 0xFF, 0xC7, 0x1F, 0x38,
    0x39, 0xC1, 0xCE, 0x3E, 0x7F, 0xE3, 0xFE, 0x00, 0xFF, 0x87, 0xFF, 0x38, 0xFD, 0xC0, 0xEE, 0x07,
    0xF0, 0x3F, 0x99, 0xFC, 0xEE, 0xE7, 0xF7, 0xFF, 0x3F, 0xF1, 0xC3, 0x8E, 0x0E, 0x70, 0x63, 0x80,
    0x1C, 0x00, 0xE0, 0x00, 0xFF, 0x8F, 0xFC, 0xE3, 0xEE, 0x0E, 0xE0, 0xFE, 0x07, 0xE0, 0x7E, 0x67,
    0xE6, 0xFE, 0x7E, 0xF3, 0xEF, 0xFC, 0xFF, 0xCE, 0x1C, 0xE0, 0xCE, 0x00, 0xE0, 0x0E, 0x00, 0x00,
    0xE0, 0x1C, 0x03, 0xFF, 0xFF, 0xFF, 0xC0, 0x38, 0x07, 0x00, 0xE0, 0x1C, 0x03, 0x80, 0x70, 0x0E,
    0x01, 0xC0, 0x38, 0x07, 0x00, 0xE0, 0x1C, 0x03, 0x80, 0x70, 0x00, 0x03, 0x81, 0xC0, 0xFF, 0xFF,
    0xFF, 0x03, 0x81, 0xC0, 0xE0, 0x70, 0x38, 0x1C, 0x0E, 0x07, 0x03, 0x81, 0xC0, 0x3F, 0xF9, 0xFF,
    0xCE, 0x00, 0x70, 0x03, 0x80, 0x1C, 0x00, 0xE0, 0x1F, 0xF0, 0xFF, 0x81, 0xC0, 0x0E, 0x00, 0x70,
    0x03, 0x80, 0x1C, 0x00, 0xE0, 0x07, 0x00, 0x38, 0x00, 0x3F, 0xE7, 0xFC, 0xE0, 0x1C, 0x03, 0x80,
    0x70, 0x3F, 0xE7, 0xFC, 0x38, 0x07, 0x00, 0xE0, 0x1C, 0x03, 0x80, 0xFF, 0xE7, 0xFF, 0x38, 0x01,
    0xC0, 0x0E, 0x00, 0x70, 0x03, 0xFE, 0x1F, 0xFC, 0xF1, 0xF7, 0x07, 0xB8, 0x1F, 0xC0, 0xFE, 0x03,
    0xF0, 0x1F, 0x80, 0xFC, 0x07, 0xE0, 0x78, 0x03, 0x80, 0x3C, 0x07, 0xC0, 0xFE, 0x07, 0xC0, 0xFF,
    0x9F, 0xF3, 0x80, 0x70, 0x0E, 0x01, 0xFF, 0x3F, 0xF7, 0x1E, 0xE1, 0xFC, 0x1F, 0x83, 0xF0, 0x7E,
    0x0E, 0x01, 0xC0, 0x78, 0x1E, 0x0F, 0x81, 0xE0, 0x78, 0x38, 0x3C, 0x78, 0x70, 0xF0, 0x70, 0xE3,
    0xC0, 0x71, 0xCF, 0x00, 0x73, 0xBC, 0x00, 0xF7, 0xF0, 0x00, 0xFF, 0xC0, 0x00, 0xFF, 0x80, 0x03,
    0xFF, 0x00, 0x0F, 0x77, 0x00, 0x1C, 0xE7, 0x00, 0x71, 0xCF, 0x01, 0xC3, 0x8F, 0x07, 0x87, 0x0E,
    0x0E, 0x0E, 0x1E, 0x3C, 0x1C, 0x1F, 0xF0, 0x38, 0x1E, 0x00, 0x00, 0x1C, 0x00, 0x00, 0x38, 0x00,
    0x00, 0x70, 0x00, 0x00, 0xE0, 0x00, 0x01, 0xC0, 0x78, 0xE1, 0xC3, 0x8E, 0x38, 0x1C, 0xE7, 0x00,
    0xEE, 0xE0, 0x07, 0xFC, 0x00, 0x3F, 0xC0, 0x07, 0xFC, 0x00, 0xEF, 0xE0, 0x1C, 0xEF, 0x03, 0xCE,
    0x78, 0x38, 0xE3, 0xC7, 0x0E, 0x1F, 0xF0, 0xE1, 0xF0, 0x00, 0x07, 0x00, 0x00, 0x70, 0x00, 0x07,
    0x00, 0x00, 0x70, 0x3F, 0xC1, 0xFF, 0xC3, 0x9F, 0x00, 0x1E, 0x00, 0x78, 0x01, 0xC0, 0x1F, 0x07,
    0xF8, 0x1F, 0xF0, 0x07, 0xE0, 0x03, 0x80, 0x0E, 0x00, 0x38, 0x00, 0xE7, 0x9F, 0x9F, 0xFC, 0x7F,
    0xE0, 0x1C, 0x00, 0x38, 0x00, 0xE0, 0x0F, 0x80, 0x3C, 0x00, 0xFF, 0x3F, 0xEE, 0x7C, 0x07, 0x03,
    0xCF, 0xE3, 0xF8, 0x0F, 0x01, 0xC0, 0x7E, 0x3F, 0xFF, 0xFF, 0x07, 0x00, 0xE0, 0x38, 0x3E, 0x0F,
    0x00, 0xE0, 0x79, 0xC1, 0xE3, 0x87, 0x87, 0x1E, 0x0E, 0x78, 0x1D, 0xE0, 0x3F, 0x80, 0x7E, 0x00,
    0xFE, 0x01, 0xDE, 0x03, 0x9E, 0x07, 0x1E, 0x0E, 0x1E, 0x1C, 0x3C, 0x38, 0x3C, 0x70, 0x3F, 0xE0,
    0x3E, 0x00, 0x1C, 0x00, 0x38, 0x00, 0x70, 0x00, 0xE0, 0x01, 0xC0, 0xE1, 0xEE, 0x3C, 0xE7, 0x8E,
    0xE0, 0xFC, 0x0F, 0x80, 0xFC, 0x0F, 0xE0, 0xEF, 0x0E, 0x78, 0xE3, 0xCE, 0x1F, 0xE0, 0xF0, 0x07,
    0x00, 0x70, 0x07, 0x00, 0x70, 0xE0, 0x1E, 0xE0, 0x3C, 0xE0, 0x78, 0xEC, 0xF0, 0xED, 0xE0, 0xED,
    0xC0, 0xEF, 0x80, 0xFF, 0x80, 0xFF, 0x80, 0xED, 0xC0, 0xED, 0xE0, 0xEC, 0xF0, 0xEC, 0x70, 0xE0,
    0x78, 0xE0, 0x3C, 0xE0, 0x1E, 0xE0, 0x0E, 0xE0, 0x73, 0x83, 0xCF, 0xDE, 0x3F, 0xF0, 0xFF, 0x83,
    0xFC, 0x0F, 0xF8, 0x3F, 0xE0, 0xFD, 0xC3, 0xF3, 0x8E, 0x0F, 0x38, 0x1E, 0xE0, 0x38, 0x38, 0x1E,
    0x38, 0x3C, 0xFF, 0x78, 0xFF, 0xF0, 0x39, 0xE0, 0x3B, 0xC0, 0x3F, 0x80, 0x3F, 0x00, 0x3F, 0x80,
    0x3F, 0xC0, 0x3B, 0xE0, 0x38, 0xF0, 0x38, 0x78, 0x38, 0x3C, 0x38, 0x1E, 0x38, 0x1E, 0x38, 0x0F,
    0x38, 0x78, 0xE3, 0xCF, 0xFE, 0x3F, 0xF0, 0x3F, 0x80, 0xFC, 0x03, 0xF0, 0x0F, 0xE0, 0x3B, 0xC0,
    0xE7, 0x83, 0x8F, 0x0E, 0x1E, 0x38, 0x3C, 0xFF, 0x03, 0xDF, 0xE0, 0xF0, 0x1C, 0x3C, 0x03, 0x8F,
    0x00, 0x73, 0xC0, 0x0E, 0xF0, 0x01, 0xF8, 0x00, 0x3F, 0x00, 0x07, 0xF0, 0x00, 0xFF, 0x00, 0x1D,
    0xF0, 0x03, 0x9F, 0x00, 0x71, 0xE0, 0x0E, 0x1E, 0x01, 0xC1, 0xE0, 0x38, 0x1E, 0x07, 0x01, 0xC0,
    0xFC, 0x1D, 0xF8, 0x70, 0x71, 0xE0, 0xE7, 0x81, 0xDE, 0x03, 0xF8, 0x07, 0xE0, 0x0F, 0xF0, 0x1C,
    0xF0, 0x38, 0xF0, 0x70, 0xE0, 0xE0, 0xE1, 0xC1, 0xE0, 0xE0, 0x1C, 0xE0, 0x1C, 0xE0, 0x1C, 0xE0,
    0x1C, 0xE0, 0x1C, 0xE0, 0x1C, 0xE0, 0x1C, 0xFF, 0xFC, 0xFF, 0xFC, 0xE0, 0x1C, 0xE0, 0x1C, 0xE0,
    0x1C, 0xE0, 0x1C, 0xE0, 0x1C, 0xE0, 0x1C, 0xE0, 0x1F, 0xE0, 0x1F, 0x00, 0x07, 0x00, 0x07, 0x00,
    0x07, 0x00, 0x07, 0x00, 0x07, 0xE0, 0xE7, 0x07, 0x38, 0x39, 0xC1, 0xCE, 0x0E, 0x7F, 0xF3, 0xFF,
    0x9C, 0x1C, 0xE0, 0xE7, 0x07, 0x38, 0x39, 0xC1, 0xFE, 0x0F, 0x80, 0x1C, 0x00, 0xE0, 0x07, 0x00,
    0x38, 0xE0, 0x1F, 0xF8, 0x07, 0xFE, 0x01, 0xC3, 0x80, 0x70, 0xE0, 0x1C, 0x38, 0x07, 0x0E, 0x01,
    0xC3, 0xFF, 0xF0, 0xFF, 0xFC, 0x38, 0x07, 0x0E, 0x01, 0xC3, 0x80, 0x70, 0xE0, 0x1C, 0x38, 0x07,
    0x0E, 0x01, 0xC3, 0x80, 0x70, 0xE0, 0x1C, 0x00, 0xE0, 0xFF, 0x83, 0xFE, 0x0E, 0x38, 0x38, 0xE0,
    0xE3, 0xFF, 0x8F, 0xFE, 0x38, 0x38, 0xE0, 0xE3, 0x83, 0x8E, 0x0E, 0x38, 0x38, 0xE0, 0xE0, 0xFF,
    0xF8, 0x01, 0xFF, 0xF0, 0x03, 0x80, 0xE0, 0x07, 0x01, 0xC0, 0x0E, 0x03, 0x80, 0x1C, 0x07, 0x00,
    0x38, 0x0F, 0xFC, 0x70, 0x1F, 0xFC, 0xE0, 0x3C, 0x7D, 0xC0, 0x70, 0x3B, 0x80, 0xE0, 0x7F, 0x01,
    0xC0, 0x7E, 0x03, 0x80, 0xFC, 0x07, 0x01, 0xF8, 0x0E, 0x03, 0xF0, 0x1C, 0x07, 0xE0, 0x38, 0x0E,
    0x00, 0x00, 0x3C, 0x00, 0x00, 0x70, 0x00, 0x03, 0xE0, 0x00, 0x3F, 0x80, 0x00, 0x7C, 0x00, 0xFF,
    0xE0, 0x1F, 0xFC, 0x03, 0x83, 0x80, 0x70, 0x70, 0x0E, 0x0E, 0x01, 0xC1, 0xFF, 0x38, 0x3F, 0xF7,
    0x07, 0x1E, 0xE0, 0xE1, 0xFC, 0x1C, 0x1F, 0x83, 0x83, 0xF0, 0x70, 0x7E, 0x0E, 0x0E, 0x00, 0x01,
    0xC0, 0x00, 0x78, 0x00, 0x1E, 0x00, 0x0F, 0xC0, 0x01, 0xE0, 0x07, 0xF8, 0x07, 0xFE, 0x03, 0xF1,
    0x80, 0xF0, 0x00, 0x78, 0x00, 0x1C, 0x1F, 0x8F, 0x0F, 0xF3, 0x87, 0xDE, 0xE1, 0xC3, 0xB8, 0x70,
    0xFF, 0x1C, 0x3D, 0xC7, 0x0F, 0x71, 0xC3, 0x9E, 0x71, 0xE3, 0xFD, 0xF0, 0x7F, 0xF8, 0x07, 0xF8,
    0x00, 0x1C, 0x00, 0x07, 0x80, 0x00, 0xFC, 0x00, 0x1F, 0x80, 0x01, 0xE0, 0x1F, 0x80, 0xFE, 0x07,
    0xC0, 0x3C, 0x7C, 0xE3, 0xFB, 0x9E, 0xEE, 0x73, 0xB9, 0xC6, 0xE7, 0x3B, 0xDC, 0xE7, 0xFF, 0x8F,
    0xFC, 0x1F, 0xC0, 0x0F, 0x00, 0x1F, 0x00, 0x3E, 0x00, 0x78, 0x07, 0xF8, 0x7F, 0xF3, 0xF3, 0xDE,
    0x00, 0x78, 0x01, 0xC0, 0x0F, 0x00, 0x38, 0x00, 0xE0, 0x03, 0x80, 0x0F, 0x00, 0x3C, 0x00, 0x70,
    0x01, 0xE0, 0x03, 0xF1, 0xC7, 0xFF, 0x07, 0xF8, 0x06, 0x00, 0x3C, 0x00, 0x70, 0x01, 0xC0, 0x1F,
    0x00, 0x7C, 0x00, 0x1F, 0xC7, 0xF9, 0xF3, 0x38, 0x0E, 0x01, 0xC0, 0x38, 0x07, 0x00, 0xE0, 0x1E,
    0x01, 0xF3, 0x1F, 0xE1, 0xFC, 0x0C, 0x01, 0xC0, 0x38, 0x07, 0x03, 0xE0, 0x7C, 0x00, 0xFF, 0xFF,
    0xFF, 0xF0, 0x78, 0x01, 0xE0, 0x07, 0x80, 0x1E, 0x00, 0x78, 0x01, 0xE0, 0x07, 0x80, 0x1E, 0x00,
    0x78, 0x01, 0xE0, 0x07, 0x80, 0x1E, 0x00, 0x78, 0x01, 0xF8, 0x07, 0xE0, 0x03, 0x80, 0x0E, 0x00,
    0x38, 0x00, 0xE0, 0x03, 0x80, 0xFF, 0xFF, 0xFF, 0x0E, 0x00, 0xE0, 0x0E, 0x00, 0xE0, 0x0E, 0x00,
    0xE0, 0x0E, 0x00, 0xE0, 0x0E, 0x00, 0xF8, 0x0F, 0x80, 0x38, 0x03, 0x80, 0x38, 0x03, 0x80, 0xF0,
    0x1E, 0xE0, 0x39, 0xE0, 0xF1, 0xC1, 0xC3, 0xC7, 0x83, 0xDE, 0x03, 0xB8, 0x07, 0xF0, 0x07, 0xC0,
    0x07, 0x00, 0x0E, 0x00, 0x1C, 0x00, 0x38, 0x00, 0x70, 0x00, 0xE0, 0x01, 0xC0, 0x03, 0x80, 0xE0,
    0x77, 0x83, 0x9C, 0x1C, 0xE1, 0xE7, 0x8E, 0x1C, 0x70, 0xE7, 0x07, 0xB8, 0x1D, 0xC0, 0xFC, 0x03,
    0xE0, 0x1E, 0x00, 0xF0, 0x03, 0x80, 0x1C, 0x00, 0xE0, 0x07, 0x00, 0x38, 0x00, 0xF0, 0x1E, 0xE0,
    0x39, 0xE0, 0xF1, 0xC1, 0xC3, 0xC7, 0x83, 0xCE, 0x03, 0xB8, 0x07, 0xF0, 0x07, 0xC0, 0x0F, 0x80,
    0xFF, 0xE1, 0xFF, 0xC0, 0x38, 0x00, 0x70, 0x00, 0xE0, 0x01, 0xC0, 0x03, 0x80, 0xE0, 0x77, 0x83,
    0x9C, 0x1C, 0xE1, 0xC7, 0x8E, 0x1C, 0x70, 0xE7, 0x03, 0xB8, 0x1F, 0x80, 0xFC, 0x03, 0xE0, 0xFF,
    0xC7, 0xFE, 0x03, 0x80, 0x1C, 0x00, 0xE0, 0x07, 0x00, 0x38, 0x00, 0x70, 0x1E, 0x3C, 0x0E, 0x0F,
    0x0F, 0x03, 0x8F, 0x01, 0xE7, 0x00, 0x7F, 0x80, 0x1F, 0x80, 0x07, 0x80, 0x03, 0xC0, 0x03, 0xF0,
    0x03, 0xF8, 0x01, 0xDE, 0x01, 0xE7, 0x81, 0xE1, 0xE0, 0xE0, 0x70, 0xF0, 0x3F, 0xF0, 0x0F, 0x80,
    0x03, 0xC0, 0x01, 0xE0, 0x00, 0xF0, 0x00, 0x78, 0x00, 0x3C, 0x70, 0x73, 0xC7, 0x0E, 0x78, 0x3B,
    0x81, 0xF8, 0x07, 0x80, 0x3C, 0x01, 0xF0, 0x1F, 0xC1, 0xEF, 0x0E, 0x38, 0xE1, 0xFF, 0x07, 0x80,
    0x1C, 0x00, 0xE0, 0x07, 0x00, 0x38, 0xFF, 0xF8, 0xE7, 0xFF, 0xC7, 0x01, 0xC0, 0x38, 0x0E, 0x01,
    0xC0, 0x70, 0x0E, 0x03, 0x80, 0x70, 0x1C, 0x03, 0x80, 0xE0, 0x1C, 0x07, 0x00, 0xE0, 0x38, 0x07,
    0x01, 0xC0, 0x38, 0x0E, 0x01, 0xC0, 0x70, 0x0E, 0x03, 0x80, 0x70, 0x1C, 0x03, 0x80, 0xFF, 0xFF,
    0x07, 0xFF, 0xF8, 0x00, 0x01, 0xC0, 0x00, 0x0E, 0x00, 0x00, 0x70, 0x00, 0x03, 0x80, 0x00, 0x1C,
    0xFF, 0xCE, 0xFF, 0xCE, 0x1E, 0x0E, 0x1E, 0x0E, 0x1E, 0x0E, 0x1E, 0x0E, 0x1E, 0x0E, 0x1E, 0x0E,
    0x1E, 0x0E, 0x1E, 0x0E, 0x1E, 0x0E, 0x1F, 0xFF, 0x1F, 0xFF, 0x00, 0x07, 0x00, 0x07, 0x00, 0x07,
    0x00, 0x07, 0xE0, 0x39, 0xC0, 0x73, 0x80, 0xE7, 0x01, 0xCE, 0x03, 0x9C, 0x07, 0x38, 0x0E, 0x78,
    0x1C, 0x78, 0x78, 0xFF, 0xF0, 0x7F, 0xE0, 0x01, 0xC0, 0x03, 0x80, 0x07, 0x00, 0x0E, 0x00, 0x1F,
    0x00, 0x3E, 0x00, 0x1C, 0x00, 0x38, 0x00, 0x70, 0x00, 0xE0, 0x01, 0xC0, 0xE0, 0xE7, 0x07, 0x38,
    0x39, 0xC1, 0xCE, 0x0E, 0x78, 0xF1, 0xFF, 0x87, 0xFC, 0x00, 0xE0, 0x07, 0x00, 0x38, 0x01, 0xE0,
    0x0F, 0x00, 0x38, 0x01, 0xC0, 0x0E, 0x00, 0x70, 0xE0, 0x3F, 0x01, 0xF8, 0x0F, 0xC0, 0x7E, 0x03,
    0xF0, 0x1F, 0x9C, 0xFE, 0xE7, 0x7F, 0x7B, 0xFF, 0xCF, 0xFE, 0x0E, 0x70, 0x73, 0x83, 0x9C, 0x00,
    0xE0, 0x07, 0x00, 0x38, 0x70, 0x77, 0x07, 0x70, 0x77, 0x07, 0x76, 0x77, 0xEF, 0x7F, 0xF3, 0xFF,
    0x06, 0x70, 0x67, 0x00, 0x70, 0x07, 0x00, 0x70, 0xE0, 0x07, 0x00, 0x38, 0x01, 0xC0, 0x0E, 0x00,
    0x70, 0x03, 0xFF, 0x1F, 0xFE, 0xF1, 0xF7, 0x03, 0xF8, 0x0F, 0xC0, 0x7E, 0x03, 0xF0, 0x1F, 0x80,
    0xFC, 0x07, 0xE0, 0x38, 0xE0, 0x1C, 0x03, 0x80, 0x70, 0x0E, 0x01, 0xC0, 0x3F, 0xE7, 0xFE, 0xF3,
    0xDC, 0x3F, 0x83, 0xF0, 0x7E, 0x0F, 0xC1, 0xF8, 0x3F, 0x07, 0xE0, 0xFC, 0x1F, 0x83, 0x80, 0x00,
    0x7F, 0x00, 0x1F, 0xFC, 0x03, 0xE7, 0xC0, 0x38, 0x1E, 0xE7, 0x00, 0xEE, 0x70, 0x0F, 0xFF, 0x00,
    0x77, 0xFF, 0xFF, 0x3F, 0xFF, 0xF0, 0xF0, 0x00, 0x07, 0x00, 0x00, 0x70, 0x00, 0x07, 0x80, 0x00,
    0x38, 0x00, 0x03, 0xF1, 0xC0, 0x1F, 0xFE, 0x00, 0x7F, 0xC0, 0x01, 0xF8, 0x07, 0xFC, 0xE7, 0x9E,
    0xEF, 0x0E, 0xFE, 0x07, 0x7F, 0xFF, 0x3F, 0xFF, 0x0E, 0x00, 0x0E, 0x00, 0x0F, 0x00, 0x07, 0xCE,
    0x07, 0xFE, 0x01, 0xFE, 0x00, 0x7F, 0x00, 0x1F, 0xFC, 0x03, 0xE7, 0xC0, 0x38, 0x1E, 0xE7, 0x00,
    0xEE, 0x70, 0x0F, 0xFF, 0x00, 0x77, 0xFF, 0xFF, 0x3F, 0xFF, 0xF0, 0xF0, 0x00, 0x0F, 0x00, 0x00,
    0x70, 0x00, 0x07, 0x80, 0x00, 0x38, 0x00, 0x03, 0xF1, 0xC0, 0x1F, 0xFE, 0x00, 0x7F, 0xC0, 0x01,
    0xC0, 0x00, 0x1C, 0x00, 0x01, 0xC0, 0x00, 0x1C, 0x00, 0x01, 0xC0, 0x01, 0xF8, 0x07, 0xFC, 0xE7,
    0x9E, 0xEF, 0x0E, 0xFE, 0x07, 0x7F, 0xFF, 0x3F, 0xFF, 0x0E, 0x00, 0x0E, 0x00, 0x0F, 0x00, 0x07,
    0xCE, 0x07, 0xFE, 0x01, 0xFE, 0x00, 0xE0, 0x00, 0xE0, 0x00, 0xE0, 0x00, 0xE0, 0xFF, 0xFF, 0xFF,
    0xFF, 0xFF, 0xFF, 0xE0, 0x01, 0xC6, 0x00, 0x01, 0xDC, 0x00, 0x03, 0xF8, 0x00, 0x03, 0xE0, 0x00,
    0x00, 0x00, 0x00, 0x00, 0x00, 0x1E, 0x0E, 0x0F, 0x1E, 0x1C, 0x3C, 0x1C, 0x38, 0xF0, 0x1C, 0x73,
    0xC0, 0x3C, 0xEF, 0x00, 0x3D, 0xFC, 0x00, 0x3F, 0xF0, 0x00, 0x3F, 0xE0, 0x00, 0xFF, 0xC0, 0x03,
    0xDD, 0xC0, 0x07, 0x39, 0xC0, 0x1C, 0x73, 0xC0, 0x70, 0xE3, 0xC1, 0xE1, 0xC3, 0x83, 0x83, 0x87,
    0x8F, 0x07, 0x07, 0xBC, 0x0E, 0x07, 0x00, 0x03, 0x1C, 0x00, 0x77, 0x00, 0x0F, 0xE0, 0x00, 0xF8,
    0x00, 0x00, 0x00, 0x00, 0x00, 0x1E, 0x38, 0x71, 0xC7, 0x1C, 0x1C, 0xE7, 0x01, 0xDD, 0xC0, 0x1F,
    0xF0, 0x01, 0xFE, 0x00, 0x7F, 0xC0, 0x1D, 0xDC, 0x07, 0x39, 0xC1, 0xE7, 0x3C, 0x38, 0xE3, 0xCE,
    0x1C, 0x3B, 0xC3, 0x87, 0x80, 0xE0, 0x7F, 0x07, 0xB8, 0x79, 0xC7, 0x8E, 0x78, 0x77, 0x83, 0xF8,
    0x1F, 0xF0, 0xFF, 0xE7, 0x1F, 0xB8, 0x3D, 0xC0, 0xFE, 0x03, 0xF0, 0x1F, 0x80, 0xFC, 0x07, 0xE0,
    0x38, 0x03, 0xC0, 0x1C, 0x03, 0xE0, 0xFE, 0x07, 0xE0, 0xE1, 0xFC, 0x7B, 0x9E, 0x77, 0x8F, 0xC1,
    0xFE, 0x3F, 0xE7, 0x3E, 0xE1, 0xFC, 0x1F, 0x83, 0xF0, 0x7E, 0x0E, 0x01, 0xC0, 0x78, 0x1E, 0x0F,
    0x81, 0xE0, 0x07, 0xFF, 0x01, 0xFF, 0xC0, 0x70, 0x70, 0x1C, 0x1C, 0x07, 0x07, 0x01, 0xC1, 0xC0,
    0x70, 0x70, 0x1C, 0x1C, 0x07, 0x07, 0x01, 0xC1, 0xC0, 0xF0, 0x70, 0x38, 0x1C, 0x0E, 0x07, 0x07,
    0x81, 0xC7, 0xC0, 0x73, 0xE0, 0x1F, 0xF0, 0x07, 0xC0, 0x00, 0x70, 0x00, 0x38, 0x00, 0x0E, 0x00,
    0x07, 0x00, 0x01, 0xC0, 0x0F, 0xF8, 0x0F, 0xF8, 0x0E, 0x38, 0x0E, 0x38, 0x0E, 0x38, 0x0E, 0x38,
    0x0E, 0x38, 0x1C, 0x38, 0x1C, 0x38, 0x3C, 0x38, 0x78, 0x38, 0xF8, 0x3E, 0xE0, 0x3E, 0x00, 0x0E,
    0x00, 0x0E, 0x00, 0x1E, 0x00, 0x1C, 0x00, 0x18, 0xE0, 0x1F, 0x80, 0x7E, 0x01, 0xF8, 0x07, 0xE0,
    0x1F, 0x80, 0x7E, 0x01, 0xFF, 0xFF, 0xFF, 0xFF, 0x80, 0x7E, 0x01, 0xF8, 0x07, 0xE0, 0x1F, 0x80,
    0x7E, 0x01, 0xF8, 0x07, 0xE0, 0x1C, 0x00, 0x70, 0x01, 0xC0, 0x0F, 0x00, 0xF8, 0x03, 0xE0, 0xE0,
    0xFC, 0x1F, 0x83, 0xF0, 0x7E, 0x0F, 0xFF, 0xFF, 0xFF, 0x07, 0xE0, 0xFC, 0x1F, 0x83, 0xF0, 0x7E,
    0x0E, 0x01, 0xC0, 0x38, 0x0F, 0x07, 0xC0, 0xF8, 0xE0, 0x1C, 0xE0, 0x1C, 0xE0, 0x1C, 0xE0, 0x1C,
    0xE0, 0x1C, 0xE0, 0x1C, 0xE0, 0x1C, 0xFF, 0xFC, 0xFF, 0xFC, 0xE0, 0x1C, 0xE0, 0x1C, 0xE0, 0x1C,
    0xE0, 0x1C, 0xE0, 0x1C, 0xE0, 0x1C, 0xE0, 0x1F, 0xE0, 0x1F, 0x00, 0x07, 0x00, 0x0E, 0x00, 0x0E,
    0x00, 0x1C, 0x00, 0x1C, 0xE0, 0xE7, 0x07, 0x38, 0x39, 0xC1, 0xCE, 0x0E, 0x7F, 0xF3, 0xFF, 0x9C,
    0x1C, 0xE0, 0xE7, 0x07, 0x38, 0x39, 0xC1, 0xFE, 0x0F, 0x80, 0x1C, 0x00, 0xE0, 0x0E, 0x00, 0x70,
    0x03, 0x00, 0xE0, 0x3F, 0x01, 0xF8, 0x0F, 0xC0, 0x7E, 0x03, 0xF0, 0x1F, 0xC0, 0xEE, 0x07, 0x7C,
    0x7B, 0xFF, 0xC7, 0xFE, 0x00, 0x70, 0x03, 0x80, 0x1C, 0x00, 0xE0, 0x1F, 0x00, 0xF8, 0x07, 0x00,
    0x38, 0x01, 0xC0, 0x0E, 0x00, 0x70, 0xE0, 0xFC, 0x1F, 0x83, 0xF0, 0x7E, 0x0F, 0xE3, 0xDF, 0xF9,
    0xFF, 0x00, 0xE0, 0x1C, 0x03, 0x81, 0xF0, 0x3E, 0x07, 0x00, 0xE0, 0x1C, 0x03, 0x80, 0x38, 0x01,
    0xC1, 0xE0, 0x07, 0x07, 0xC0, 0x3C, 0x1F, 0x00, 0xF8, 0x7E, 0x06, 0xE1, 0xD8, 0x1B, 0x87, 0x70,
    0xCE, 0x1C, 0xC3, 0x38, 0x73, 0x1C, 0xE1, 0xCE, 0x63, 0x87, 0x19, 0x8E, 0x1C, 0x7E, 0x38, 0x70,
    0xF0, 0xE3, 0xC3, 0xC3, 0x8F, 0x0E, 0x0E, 0x38, 0x00, 0x3F, 0xE0, 0x00, 0xFC, 0x00, 0x00, 0xE0,
    0x00, 0x03, 0x80, 0x00, 0x1C, 0x00, 0x00, 0x70, 0x00, 0x01, 0x80, 0x70, 0x0E, 0x1E, 0x07, 0x87,
    0x81, 0xE1, 0xF0, 0xF8, 0x7C, 0x36, 0x1D, 0x9D, 0xC7, 0x66, 0x71, 0x9F, 0x9C, 0x63, 0xC7, 0x38,
    0xF1, 0xCE, 0x1C, 0x73, 0x80, 0x1F, 0xE0, 0x07, 0xC0, 0x00, 0x70, 0x00, 0x38, 0x00, 0x0E, 0x00,
    0x07, 0x80, 0x00, 0xC0, 0xFF, 0xFF, 0xFF, 0xFF, 0xFF, 0xFF, 0xE0, 0x0E, 0x30, 0x03, 0xB8, 0x01,
    0xFC, 0x00, 0x7C, 0x00, 0x00, 0x00, 0x00, 0x00, 0x07, 0x00, 0x07, 0xC0, 0x03, 0xE0, 0x03, 0xF0,
    0x01, 0xDC, 0x01, 0xCE, 0x00, 0xE7, 0x80, 0xF1, 0xC0, 0x70, 0xF0, 0x38, 0x38, 0x3C, 0x1C, 0x1F,
    0xFF, 0x0F, 0xFF, 0x8E, 0x01, 0xC7, 0x00, 0xF7, 0x80, 0x3B, 0x80, 0x1E, 0x31, 0xC7, 0x70, 0xFE,
    0x0F, 0x80, 0x00, 0x00, 0x1F, 0xE3, 0xFE, 0x63, 0xC0, 0x38, 0x03, 0x9F, 0xF7, 0xFF, 0xF3, 0xF8,
    0x3F, 0x07, 0xF1, 0xFF, 0xFC, 0xFF, 0x00, 0x0E, 0x70, 0x07, 0xB8, 0x03, 0x9C, 0x00, 0x00, 0x00,
    0x00, 0x00, 0x0E, 0x00, 0x0F, 0x80, 0x07, 0xC0, 0x07, 0xE0, 0x03, 0xB8, 0x03, 0x9C, 0x01, 0xCF,
    0x01, 0xE3, 0x80, 0xE1, 0xE0, 0x70, 0x70, 0x78, 0x38, 0x3F, 0xFE, 0x1F, 0xFF, 0x1C, 0x03, 0x8E,
    0x01, 0xEF, 0x00, 0x77, 0x00, 0x3C, 0x3B, 0x8F, 0x78, 0xEE, 0x00, 0x00, 0x00, 0xFF, 0x1F, 0xF3,
    0x1E, 0x01, 0xC0, 0x1C, 0xFF, 0xBF, 0xFF, 0x9F, 0xC1, 0xF8, 0x3F, 0x8F, 0xFF, 0xE7, 0xF8, 0x00,
    0x3F, 0xFC, 0x00, 0xFF, 0xF8, 0x03, 0xF8, 0x00, 0x07, 0x70, 0x00, 0x1E, 0xE0, 0x00, 0x39, 0xC0,
    0x00, 0xE3, 0x80, 0x03, 0xC7, 0xFC, 0x07, 0x0F, 0xF8, 0x1C, 0x1C, 0x00, 0x78, 0x38, 0x00, 0xFF,
    0xF0, 0x03, 0xFF, 0xE0, 0x07, 0x01, 0xC0, 0x1E, 0x03, 0x80, 0x38, 0x07, 0xFF, 0xE0, 0x0F, 0xFE,
    0x7F, 0x1F, 0x87, 0xFB, 0xFC, 0x63, 0xFB, 0xE0, 0x1E, 0x0E, 0x00, 0xE0, 0xE3, 0xFF, 0xFE, 0x7F,
    0xFF, 0xEF, 0x9E, 0x00, 0xE0, 0xE0, 0x0E, 0x0F, 0x00, 0xF1, 0xF8, 0xCF, 0xFF, 0xFC, 0x3F, 0x9F,
    0xC0, 0x71, 0x87, 0xB8, 0x3F, 0x01, 0xF0, 0x00, 0x00, 0x00, 0xFF, 0xEF, 0xFE, 0xE0, 0x0E, 0x00,
    0xE0, 0x0E, 0x00, 0xE0, 0x0F, 0xFC, 0xFF, 0xCE, 0x00, 0xE0, 0x0E, 0x00, 0xE0, 0x0E, 0x00, 0xE0,
    0x0F, 0xFF, 0xFF, 0xF0, 0x38, 0xC3, 0xDC, 0x1F, 0x80, 0xF8, 0x00, 0x00, 0x00, 0x1F, 0x83, 0xFE,
    0x79, 0xEF, 0x0F, 0xE0, 0x7F, 0xFF, 0xFF, 0xFE, 0x00, 0xE0, 0x0F, 0x00, 0x7C, 0x63, 0xFE, 0x1F,
    0xE0, 0x3F, 0xE0, 0x7F, 0xF8, 0x38, 0xFC, 0x00, 0x3C, 0x00, 0x1E, 0x00, 0x0E, 0x00, 0x0E, 0x00,
    0x0E, 0xFF, 0xFF, 0xFF, 0xFE, 0xE0, 0x0E, 0xF0, 0x0E, 0x70, 0x1E, 0x78, 0x1C, 0x7C, 0x7C, 0x3F,
    0xF8, 0x0F, 0xE0, 0x7F, 0x87, 0xFC, 0x63, 0xE0, 0x0F, 0x00, 0x70, 0x07, 0xFF, 0xFF, 0xFF, 0xE0,
    0x7F, 0x0F, 0x79, 0xE7, 0xFC, 0x3F, 0x80, 0x0E, 0xE0, 0x1E, 0xF0, 0x0E, 0xE0, 0x00, 0x00, 0x00,
    0x00, 0x3F, 0xE0, 0x7F, 0xF8, 0x38, 0xFC, 0x00, 0x3C, 0x00, 0x1E, 0x00, 0x0E, 0x00, 0x0E, 0x00,
    0x0E, 0xFF, 0xFF, 0xFF, 0xFE, 0xE0, 0x0E, 0xF0, 0x0E, 0x70, 0x1E, 0x78, 0x1C, 0x7C, 0x7C, 0x3F,
    0xF8, 0x0F, 0xE0, 0x39, 0xC3, 0xBC, 0x39, 0xC0, 0x00, 0x00, 0x07, 0xF8, 0x7F, 0xC6, 0x3E, 0x00,
    0xF0, 0x07, 0x00, 0x7F, 0xFF, 0xFF, 0xFE, 0x07, 0xF0, 0xF7, 0x9E, 0x7F, 0xC3, 0xF8, 0x01, 0xCE,
    0x00, 0x03, 0xDC, 0x00, 0x07, 0x38, 0x00, 0x00, 0x00, 0x00, 0x00, 0x00, 0x0F, 0x07, 0x07, 0x8F,
    0x0E, 0x1E, 0x0E, 0x1C, 0x78, 0x0E, 0x39, 0xE0, 0x1E, 0x77, 0x80, 0x1E, 0xFE, 0x00, 0x1F, 0xF8,
    0x00, 0x1F, 0xF0, 0x00, 0x7F, 0xE0, 0x01, 0xEE, 0xE0, 0x03, 0x9C, 0xE0, 0x0E, 0x39, 0xE0, 0x38,
    0x71, 0xE0, 0xF0, 0xE1, 0xC1, 0xC1, 0xC3, 0xC7, 0x83, 0x83, 0xDE, 0x07, 0x03, 0x80, 0x03, 0xB8,
    0x00, 0xF7, 0x80, 0x0E, 0xE0, 0x00, 0x00, 0x00, 0x00, 0x00, 0xF1, 0xC3, 0x8E, 0x38, 0xE0, 0xE7,
    0x38, 0x0E, 0xEE, 0x00, 0xFF, 0x80, 0x0F, 0xF0, 0x03, 0xFE, 0x00, 0xEE, 0xE0, 0x39, 0xCE, 0x0F,
    0x39, 0xE1, 0xC7, 0x1E, 0x70, 0xE1, 0xDE, 0x1C, 0x3C, 0x19, 0xC0, 0xF7, 0x81, 0x9C, 0x00, 0x00,
    0x00, 0x00, 0xFF, 0x07, 0xFF, 0x0E, 0x7C, 0x00, 0x78, 0x01, 0xE0, 0x07, 0x00, 0x7C, 0x1F, 0xE0,
    0x7F, 0xC0, 0x1F, 0x80, 0x0E, 0x00, 0x38, 0x00, 0xE0, 0x03, 0x9E, 0x7E, 0x7F, 0xF0, 0xFF, 0x80,
    0x73, 0x9D, 0xE7, 0x38, 0x00, 0x00, 0x3F, 0xCF, 0xFB, 0x9F, 0x01, 0xC0, 0xF3, 0xF8, 0xFE, 0x03,
    0xC0, 0x70, 0x1F, 0x8F, 0xFF, 0xFF, 0xC0, 0x7F, 0xFB, 0xFF, 0xC0, 0x1C, 0x01, 0xC0, 0x1C, 0x01,
    0xC0, 0x1C, 0x01, 0xFC, 0x0F, 0xF0, 0x0F, 0xC0, 0x1E, 0x00, 0x70, 0x03, 0x80, 0x1D, 0xE7, 0xFF,
    0xFE, 0x7F, 0xC0, 0x7F, 0xF7, 0xFE, 0x00, 0xE0, 0x1C, 0x03, 0x80, 0x70, 0x0F, 0x00, 0xF8, 0x0F,
    0xE0, 0x3F, 0x00, 0xF0, 0x07, 0x00, 0x70, 0x07, 0x00, 0xF7, 0x3E, 0x7F, 0xE7, 0xF8, 0x1F, 0xE0,
    0x3F, 0xC0, 0x00, 0x00, 0x00, 0x00, 0x00, 0x1C, 0x03, 0xB8, 0x0F, 0x70, 0x3E, 0xE0, 0x7D, 0xC1,
    0xFB, 0x87, 0xF7, 0x1E, 0xEE, 0x39, 0xDC, 0xE3, 0xBB, 0xC7, 0x7F, 0x0E, 0xFC, 0x1D, 0xF8, 0x3B,
    0xE0, 0x77, 0x80, 0xEF, 0x01, 0xDC, 0x03, 0x80, 0x3F, 0x87, 0xF0, 0x00, 0x00, 0x00, 0x01, 0xC1,
    0xF8, 0x7F, 0x1F, 0xE3, 0xFC, 0xFF, 0xBB, 0xF7, 0x7F, 0xCF, 0xF1, 0xFE, 0x3F, 0x87, 0xE0, 0xFC,
    0x1C, 0x1C, 0xE0, 0x3D, 0xC0, 0x73, 0x80, 0x00, 0x00, 0x00, 0x1C, 0x03, 0xB8, 0x0F, 0x70, 0x3E,
    0xE0, 0x7D, 0xC1, 0xFB, 0x87, 0xF7, 0x1E, 0xEE, 0x39, 0xDC, 0xE3, 0xBB, 0xC7, 0x7F, 0x0E, 0xFC,
    0x1D, 0xF8, 0x3B, 0xE0, 0x77, 0x80, 0xEF, 0x01, 0xDC, 0x03, 0x80, 0x3B, 0x8F, 0x78, 0xEE, 0x00,
    0x00, 0x01, 0xC1, 0xF8, 0x7F, 0x1F, 0xE3, 0xFC, 0xFF, 0xBB, 0xF7, 0x7F, 0xCF, 0xF1, 0xFE, 0x3F,
    0x87, 0xE0, 0xFC, 0x1C, 0x07, 0x38, 0x03, 0xBC, 0x01, 0xCE, 0x00, 0x00, 0x00, 0x00, 0x00, 0x3F,
    0xC0, 0x7F, 0xF0, 0x7E, 0x7C, 0x78, 0x0F, 0x38, 0x03, 0xDC, 0x01, 0xFE, 0x00, 0x7E, 0x00, 0x3F,
    0x00, 0x1F, 0x80, 0x0F, 0xE0, 0x07, 0x70, 0x07, 0xB8, 0x03, 0xDE, 0x03, 0xC7, 0xE7, 0xC1, 0xFF,
    0xC0, 0x3F, 0xC0, 0x19, 0xC1, 0xEF, 0x06, 0x70, 0x00, 0x00, 0x00, 0x0F, 0xE0, 0xFF, 0x8F, 0x3E,
    0x70, 0x77, 0x03, 0xF8, 0x0F, 0xC0, 0x7E, 0x03, 0xF0, 0x3D, 0xC1, 0xCF, 0x3E, 0x3F, 0xE0, 0xFE,
    0x00, 0x07, 0xF8, 0x0F, 0xFE, 0x0F, 0x8F, 0x8F, 0x01, 0xE7, 0x00, 0x7B, 0x80, 0x1F, 0x80, 0x0F,
    0xFF, 0xFF, 0xFF, 0xFF, 0xF0, 0x01, 0xFC, 0x00, 0xEE, 0x00, 0xF7, 0x80, 0x7B, 0xC0, 0x78, 0xFC,
    0xF8, 0x3F, 0xF8, 0x07, 0xF8, 0x00, 0x1F, 0xC1, 0xFF, 0x1F, 0x7C, 0xE0, 0xEE, 0x07, 0xFF, 0xFF,
    0xFF, 0xFC, 0x07, 0xE0, 0x7B, 0x83, 0x9E, 0x7C, 0x7F, 0xC1, 0xFC, 0x00, 0x07, 0x38, 0x03, 0xBC,
    0x01, 0xCE, 0x00, 0x00, 0x00, 0x00, 0x00, 0x3F, 0xC0, 0x7F, 0xF0, 0x7C, 0x7C, 0x78, 0x0F, 0x38,
    0x03, 0xDC, 0x00, 0xFC, 0x00, 0x7F, 0xFF, 0xFF, 0xFF, 0xFF, 0x80, 0x0F, 0xE0, 0x07, 0x70, 0x07,
    0xBC, 0x03, 0xDE, 0x03, 0xC7, 0xE7, 0xC1, 0xFF, 0xC0, 0x3F, 0xC0, 0x39, 0xC1, 0xEF, 0x0E, 0x70,
    0x00, 0x00, 0x00, 0x0F, 0xE0, 0xFF, 0x8F, 0xBE, 0x70, 0x77, 0x03, 0xFF, 0xFF, 0xFF, 0xFE, 0x03,
    0xF0, 0x3D, 0xC1, 0xCF, 0x3E, 0x3F, 0xE0, 0xFE, 0x00, 0x39, 0xC0, 0x7B, 0x80, 0xE7, 0x00, 0x00,
    0x00, 0x00, 0x0F, 0xF8, 0x3F, 0xF8, 0x38, 0xF8, 0x00, 0x78, 0x00, 0x78, 0x00, 0x70, 0x00, 0xE1,
    0xFF, 0xC3, 0xFF, 0x80, 0x07, 0x00, 0x0E, 0x00, 0x1C, 0x00, 0x78, 0x01, 0xE3, 0x8F, 0x8F, 0xFE,
    0x0F, 0xF8, 0x00, 0x73, 0x87, 0xB8, 0x73, 0x80, 0x00, 0x00, 0x07, 0xF0, 0x7F, 0xC6, 0x3C, 0x00,
    0xE0, 0x0E, 0x1F, 0xE1, 0xFF, 0x00, 0xE0, 0x0E, 0x01, 0xE6, 0x3E, 0x7F, 0xC7, 0xF0, 0x0F, 0xF0,
    0x1F, 0xE0, 0x00, 0x00, 0x00, 0x00, 0x00, 0x1E, 0x03, 0xDC, 0x07, 0x3C, 0x0E, 0x38, 0x3C, 0x78,
    0x70, 0x70, 0xE0, 0xF3, 0x80, 0xE7, 0x01, 0xFE, 0x01, 0xF8, 0x01, 0xF0, 0x03, 0xC0, 0x03, 0x80,
    0x0E, 0x02, 0x7C, 0x07, 0xF0, 0x0F, 0xC0, 0x00, 0x1F, 0xC1, 0xFC, 0x00, 0x00, 0x00, 0x00, 0x0E,
    0x07, 0xF0, 0x77, 0x07, 0x70, 0xE7, 0x8E, 0x38, 0xE3, 0x8C, 0x1D, 0xC1, 0xDC, 0x1F, 0x80, 0xF8,
    0x0F, 0x80, 0x70, 0x07, 0x00, 0x70, 0x9E, 0x0F, 0xC0, 0xF8, 0x00, 0x0E, 0x70, 0x3D, 0xE0, 0x39,
    0xC0, 0x00, 0x00, 0x00, 0x1E, 0x03, 0xDC, 0x07, 0x3C, 0x0E, 0x38, 0x3C, 0x78, 0x70, 0x70, 0xE0,
    0xF3, 0x80, 0xE7, 0x01, 0xFE, 0x01, 0xF8, 0x01, 0xF0, 0x03, 0xC0, 0x03, 0x80, 0x0E, 0x02, 0x7C,
    0x07, 0xF0, 0x0F, 0xC0, 0x00, 0x1D, 0xC3, 0xDE, 0x1D, 0xC0, 0x00, 0x00, 0x0E, 0x07, 0xF0, 0x77,
    0x07, 0x70, 0xE7, 0x8E, 0x38, 0xE3, 0x8C, 0x1D, 0xC1, 0xDC, 0x1F, 0x80, 0xF8, 0x0F, 0x80, 0x70,
    0x07, 0x00, 0x70, 0x9E, 0x0F, 0xC0, 0xF8, 0x00, 0x01, 0x98, 0x07, 0x70, 0x1D, 0xC0, 0x73, 0x00,
    0x66, 0x00, 0x00, 0x00, 0x00, 0x78, 0x0F, 0x70, 0x1C, 0xF0, 0x38, 0xE0, 0xF1, 0xE1, 0xC1, 0xC3,
    0x83, 0xCE, 0x03, 0x9C, 0x07, 0xF8, 0x07, 0xE0, 0x07, 0xC0, 0x0F, 0x00, 0x0E, 0x00, 0x38, 0x09,
    0xF0, 0x1F, 0xC0, 0x3F, 0x00, 0x07, 0x30, 0x77, 0x0E, 0xE1, 0xDC, 0x18, 0xC0, 0x00, 0x00, 0x0E,
    0x07, 0xF0, 0x77, 0x07, 0x70, 0xE7, 0x8E, 0x38, 0xE3, 0x8C, 0x1D, 0xC1, 0xDC, 0x1F, 0x80, 0xF8,
    0x0F, 0x80, 0x70, 0x07, 0x00, 0x70, 0x9E, 0x0F, 0xC0, 0xF8, 0x00, 0x1C, 0xE0, 0xEF, 0x07, 0x38,
    0x00, 0x00, 0x00, 0x70, 0x1F, 0x80, 0xFC, 0x07, 0xE0, 0x3F, 0x01, 0xF8, 0x0F, 0xC0, 0x7F, 0x03,
    0xBC, 0x3D, 0xFF, 0xE3, 0xFF, 0x00, 0x38, 0x01, 0xC0, 0x0E, 0x00, 0x70, 0x03, 0x80, 0x1C, 0x73,
    0x8F, 0x71, 0xCE, 0x00, 0x00, 0x01, 0xC1, 0xF8, 0x3F, 0x07, 0xE0, 0xFC, 0x1F, 0xC7, 0xBF, 0xF3,
    0xFE, 0x01, 0xC0, 0x38, 0x07, 0x00, 0xE0, 0x1C, 0xFF, 0xFF, 0xFF, 0x80, 0x70, 0x0E, 0x01, 0xC0,
    0x38, 0x07, 0x00, 0xE0, 0x1C, 0x03, 0x80, 0x70, 0x0E, 0x01, 0xC0, 0x38, 0x07, 0xC0, 0xF8, 0x07,
    0x00, 0xE0, 0x1C, 0x03, 0x80, 0x70, 0x00, 0xFF, 0x7F, 0xB8, 0x1C, 0x0E, 0x07, 0x03, 0x81, 0xC0,
    0xE0, 0x70, 0x38, 0x1E, 0x0F, 0x03, 0x81, 0xC0, 0xE0, 0x70, 0x00, 0x07, 0x38, 0x01, 0xDE, 0x00,
    0x73, 0x80, 0x00, 0x00, 0x00, 0x00, 0x38, 0x00, 0xFE, 0x00, 0x3F, 0x80, 0x0F, 0xE0, 0x03, 0xF8,
    0x00, 0xFE, 0x00, 0x3F, 0xFE, 0x0F, 0xFF, 0xE3, 0xF8, 0xFC, 0xFE, 0x07, 0x3F, 0x81, 0xCF, 0xE0,
    0x7B, 0xF8, 0x1C, 0xFE, 0x07, 0x3F, 0x8F, 0xCF, 0xFF, 0xE3, 0xFF, 0xE0, 0xF0, 0x0E, 0xE0, 0x3D,
    0xE0, 0x3B, 0x80, 0x00, 0x00, 0x00, 0x1C, 0x01, 0xF8, 0x03, 0xF0, 0x07, 0xE0, 0x0F, 0xC0, 0x1F,
    0xFE, 0x3F, 0xFE, 0x7E, 0x3C, 0xFC, 0x3D, 0xF8, 0x7B, 0xF1, 0xE7, 0xFF, 0xCF, 0xFF, 0x1C, 0x60,
    0x0C, 0xE0, 0x38, 0xE0, 0x71, 0xC1, 0xC1, 0xC7, 0x01, 0xCC, 0x01, 0xB8, 0x03, 0xE0, 0x3F, 0xF8,
    0x7F, 0xF0, 0x1F, 0x00, 0x77, 0x00, 0xC6, 0x03, 0x8E, 0x0E, 0x0E, 0x38, 0x0E, 0x70, 0x1F, 0xC0,
    0x1D, 0x00, 0x10, 0x00, 0x07, 0x06, 0x30, 0xE3, 0x9C, 0x1D, 0x80, 0xF8, 0x3F, 0xC3, 0xFC, 0x0F,
    0x81, 0xDC, 0x38, 0xC7, 0x0E, 0x70, 0x76, 0x02, 0x78, 0x0E, 0x78, 0x1C, 0x78, 0x38, 0x70, 0x70,
    0x71, 0xC1, 0xF3, 0x87, 0xFF, 0x1C, 0xFC, 0x38, 0xE0, 0xE1, 0xE1, 0xC1, 0xC3, 0x81, 0xC7, 0x03,
    0xCE, 0x03, 0x9C, 0x03, 0x80, 0x7F, 0x87, 0xFE, 0x00, 0x78, 0x01, 0xC0, 0x0E, 0x00, 0x70, 0x03,
    0x80, 0x1C, 0x00, 0xE0, 0x07, 0x00, 0x38, 0x01, 0xC0, 0x0E, 0x7F, 0xFF, 0xFF, 0xE0, 0x3E, 0x1F,
    0x83, 0xC0, 0xE0, 0x70, 0x38, 0x1C, 0x0E, 0x07, 0x03, 0x81, 0xC1, 0xE3, 0xFF, 0xDF, 0xCE, 0x00,
    0x7F, 0xFB, 0xFF, 0xC0, 0x38, 0x01, 0xC0, 0x0E, 0x00, 0x70, 0x03, 0x80, 0x1C, 0x00, 0xE0, 0x07,
    0x00, 0x38, 0x01, 0xC0, 0x0E, 0x00, 0x70, 0x03, 0x80, 0xFF, 0xE7, 0xFF, 0x80, 0x1E, 0x00, 0x70,
    0x03, 0x80, 0x1D, 0x80, 0xFC, 0x07, 0xE0, 0x3F, 0x01, 0xF8, 0x0F, 0xC0, 0x7E, 0x03, 0xF0, 0x1F,
    0x80, 0xE0, 0x7D, 0xF1, 0xC7, 0x1C, 0x71, 0xC7, 0x1C, 0x71, 0xC7, 0x1C, 0x71, 0xC0, 0xFF, 0xFC,
    0xF1, 0x87, 0x0E, 0x1C, 0x38, 0x70, 0xE1, 0xC3, 0x87, 0x0F, 0x0E, 0x00, 0xFF, 0xF3, 0xFF, 0xE3,
    0x03, 0xDC, 0x07, 0x70, 0x1D, 0xC0, 0x77, 0x01, 0xDC, 0x07, 0x70, 0x1D, 0xC0, 0x77, 0x01, 0xDC,
    0x07, 0x70, 0x1D, 0xC0, 0x77, 0x01, 0xC0, 0xE3, 0xF3, 0x8F, 0xEE, 0x07, 0xB8, 0x0F, 0xE0, 0x1F,
    0x80, 0x7E, 0x01, 0xF8, 0x07, 0xE0, 0x1F, 0x80, 0x77, 0x03, 0x9C, 0x0E, 0x7C, 0xF8, 0xFF, 0xC1,
    0xFC, 0x00, 0x7D, 0xF1, 0xC7, 0x1C, 0x71, 0xC7, 0x1C, 0xFF, 0x9F, 0xF8, 0x07, 0x80, 0x70, 0x0E,
    0x01, 0xC0, 0x38, 0x07, 0x00, 0xE0, 0x1C, 0x03, 0x80, 0x70, 0x0E, 0x01, 0xC0, 0x38, 0x07, 0x00,
    0xE0, 0x1C, 0x03, 0x80, 0x70, 0xFF, 0x1F, 0xF0, 0x0F, 0x00, 0xE0, 0x0E, 0x01, 0xC0, 0x38, 0x07,
    0x00, 0xE0, 0x1C, 0x03, 0x80, 0xE0, 0x3D, 0xFF, 0x3F, 0xC0, 0x00, 0x07, 0x80, 0x3C, 0x01, 0xE0,
    0x0F, 0x00, 0x7F, 0xFB, 0xFF, 0xC0, 0x0E, 0x00, 0x70, 0x07, 0x00, 0x38, 0x01, 0xC0, 0x1C, 0x00,
    0xE0, 0x07, 0x00, 0x70, 0x03, 0x80, 0x1C, 0x01, 0xC0, 0x0E, 0x00, 0xFF, 0xF9, 0xFF, 0xF8, 0xE0,
    0xF3, 0x80, 0xF7, 0x00, 0xEE, 0x01, 0xDC, 0x03, 0xB8, 0x07, 0x70, 0x0E, 0xE0, 0x1D, 0xC0, 0x3B,
    0x80, 0x77, 0x00, 0xEF, 0xFF, 0xDF, 0xFF, 0x80, 0xE3, 0xF1, 0xCF, 0xF1, 0xF8, 0xF3, 0xE0, 0xE7,
    0x81, 0xE7, 0x01, 0xCE, 0x03, 0x9C, 0x07, 0x70, 0x0E, 0xE0, 0x1D, 0xC0, 0x73, 0x80, 0xE7, 0x07,
    0xDE, 0xFF, 0x39, 0xFC, 0x00, 0xFF, 0xCE, 0x73, 0x9C, 0xE7, 0x39, 0xCE, 0x73, 0x9C, 0xE7, 0x39,
    0xCE, 0x70, 0x7C, 0xFC, 0x78, 0x70, 0xE1, 0xC3, 0x87, 0x0E, 0x1C, 0x38, 0x70, 0xFF, 0xFF, 0x80,
    0xFF, 0xF3, 0xFF, 0xE3, 0x87, 0x9C, 0x07, 0x70, 0x1D, 0xC0, 0x77, 0x01, 0xDC, 0x07, 0x70, 0x1D,
    0xC0, 0x77, 0x01, 0xDE, 0x0E, 0x3C, 0x78, 0xFF, 0xC0, 0xFE, 0x00, 0x00, 0x01, 0xC0, 0x73, 0x81,
    0xCE, 0x07, 0x38, 0x1C, 0xE0, 0x71, 0xC1, 0xC7, 0x0F, 0x1C, 0x38, 0x70, 0xE1, 0xE3, 0x83, 0x9C,
    0x0E, 0xF0, 0x3F, 0x87, 0xFC, 0x1F, 0xC0, 0x70, 0x00, 0x3F, 0xC3, 0xFF, 0x1E, 0x7D, 0xC0, 0xEE,
    0x07, 0xF0, 0x1F, 0x80, 0xFE, 0x07, 0x7C, 0x39, 0xE1, 0xC0, 0x0E, 0x00, 0x70, 0x03, 0x80, 0x1C,
    0x00, 0xE0, 0x07, 0x00, 0x38, 0x01, 0xC0, 0x0E, 0x00, 0x70, 0x1F, 0xC3, 0xFF, 0x1E, 0x3D, 0xC0,
    0xEE, 0x03, 0xF0, 0x1F, 0x80, 0xEF, 0x07, 0x7C, 0x39, 0xE1, 0xC0, 0x1E, 0x00, 0xE0, 0x1F, 0x7F,
    0xF3, 0xFE, 0x00, 0x70, 0x73, 0x83, 0x9E, 0x1C, 0x70, 0xE3, 0x87, 0x0E, 0x70, 0x73, 0x83, 0xF8,
    0x0F, 0xC0, 0x7C, 0x01, 0xC0, 0x0E, 0x00, 0x70, 0x03, 0xC0, 0x0E, 0x00, 0x70, 0x03, 0x80, 0x1E,
    0x00, 0x70, 0x03, 0x80, 0xF0, 0x77, 0x07, 0x78, 0x73, 0x87, 0x3C, 0xE1, 0xCE, 0x0F, 0xE0, 0xFC,
    0x07, 0x80, 0x38, 0x03, 0xC0, 0x1C, 0x00, 0xEF, 0xFE, 0xFF, 0xE0, 0xFF, 0xFF, 0xFF, 0xF0, 0x01,
    0xC0, 0x0E, 0x00, 0x39, 0xC0, 0xE7, 0x07, 0x1C, 0x1C, 0x70, 0x71, 0xC1, 0xC7, 0x0E, 0x1C, 0x38,
    0x70, 0xE1, 0xC7, 0x07, 0x1C, 0x1C, 0x00, 0x70, 0x01, 0xC0, 0x07, 0x00, 0x1C, 0x00, 0xFF, 0x9F,
    0xF8, 0x0F, 0x00, 0xE0, 0x1E, 0x01, 0xC0, 0x38, 0x07, 0x00, 0xE0, 0x1C, 0x03, 0x80, 0x70, 0x0E,
    0x01, 0xC0, 0x38, 0xE1, 0xC7, 0xE1, 0xC7, 0xE1, 0xC7, 0xE3, 0xC7, 0xE3, 0x87, 0xE3, 0x87, 0xEF,
    0x87, 0xFF, 0x07, 0xFE, 0x07, 0x70, 0x07, 0x70, 0x0E, 0x78, 0x1E, 0x3C, 0x3C, 0x1F, 0xF8, 0x0F,
    0xF0, 0x7F, 0xFC, 0x7F, 0xFE, 0x1C, 0x1E, 0x1C, 0x0F, 0x1C, 0x07, 0x1C, 0x07, 0x1C, 0x07, 0x1C,
    0x07, 0x1C, 0x07, 0x1C, 0x07, 0x1C, 0x07, 0x1C, 0x07, 0x1C, 0x07, 0x7C, 0x07, 0x78, 0x07, 0x73,
    0xB9, 0xDC, 0xCE, 0xE6, 0x77, 0x3B, 0x98, 0x00, 0x60, 0x00, 0x1C, 0x00, 0x03, 0xC0, 0x00, 0x78,
    0x00, 0x1F, 0x00, 0x03, 0x30, 0x00, 0xE6, 0x00, 0x18, 0xE0, 0x07, 0x0C, 0x00, 0xC1, 0xC0, 0x3F,
    0xF8, 0x1F, 0xFF, 0x81, 0xFF, 0x70, 0x30, 0x06, 0x0E, 0x00, 0xE1, 0x80, 0x0C, 0x70, 0x01, 0xCE,
    0x00, 0x1C, 0x00, 0x02, 0x00, 0x20, 0x00, 0x0E, 0x00, 0x01, 0xC0, 0x00, 0x18, 0x00, 0x00, 0x00,
    0xFF, 0x3F, 0xE3, 0x8E, 0x70, 0x66, 0x06, 0xE0, 0x6E, 0x06, 0xC0, 0xEE, 0x0E, 0xE1, 0xF7, 0x7F,
    0x7F, 0x31, 0xC2, 0x00, 0x00, 0x60, 0x07, 0x00, 0x60, 0x00, 0x20, 0x00, 0x1F, 0x00, 0x03, 0x60,
    0x00, 0x3C, 0x00, 0x06, 0x00, 0x00, 0xC0, 0x00, 0x18, 0x00, 0x07, 0x00, 0x00, 0xF0, 0x00, 0x1E,
    0x00, 0x07, 0xC0, 0x00, 0xCC, 0x00, 0x39, 0x80, 0x06, 0x38, 0x01, 0xC3, 0x00, 0x30, 0x70, 0x0F,
    0xFE, 0x07, 0xFF, 0xE0, 0x7F, 0xDC, 0x0C, 0x01, 0x83, 0x80, 0x38, 0x60, 0x03, 0x1C, 0x00, 0x73,
    0x80, 0x07, 0x00, 0x00, 0x80, 0x07, 0x80, 0xFC, 0x03, 0xC0, 0x78, 0x06, 0x00, 0x20, 0x00, 0x00,
    0xFF, 0x3F, 0xE3, 0x8E, 0x70, 0x66, 0x06, 0xE0, 0x6E, 0x06, 0xC0, 0xEE, 0x0E, 0xE1, 0xF7, 0x7F,
    0x7F, 0x31, 0xC2, 0x00, 0x1C, 0x00, 0x07, 0x80, 0x01, 0xE0, 0x00, 0x70, 0x00, 0x0F, 0x00, 0x03,
    0xF0, 0x00, 0xE7, 0x00, 0x10, 0x60, 0x00, 0x60, 0x00, 0x1C, 0x00, 0x03, 0xC0, 0x00, 0x78, 0x00,
    0x1F, 0x00, 0x03, 0x30, 0x00, 0xE6, 0x00, 0x18, 0xE0, 0x07, 0x0C, 0x00, 0xC1, 0xC0, 0x3F, 0xF8,
    0x1F, 0xFF, 0x81, 0xFF, 0x70, 0x30, 0x06, 0x0E, 0x00, 0xE1, 0x80, 0x0C, 0x70, 0x01, 0xCE, 0x00,
    0x1C, 0x00, 0x02, 0x00, 0x00, 0xC0, 0x1E, 0x07, 0xC0, 0x60, 0x0F, 0x01, 0xF8, 0x1D, 0xC3, 0x06,
    0x00, 0x00, 0x00, 0x0F, 0xF3, 0xFE, 0x38, 0xE7, 0x06, 0x60, 0x6E, 0x06, 0xE0, 0x6C, 0x0E, 0xE0,
    0xEE, 0x1F, 0x77, 0xF7, 0xF3, 0x1C, 0x20, 0x03, 0x80, 0x00, 0x78, 0x00, 0x07, 0x80, 0x00, 0x38,
    0x00, 0x0F, 0x00, 0x03, 0xF0, 0x00, 0xE7, 0x00, 0x10, 0x60, 0x00, 0x60, 0x00, 0x1C, 0x00, 0x03,
    0xC0, 0x00, 0x78, 0x00, 0x1F, 0x00, 0x03, 0x30, 0x00, 0xE6, 0x00, 0x18, 0xE0, 0x07, 0x0C, 0x00,
    0xC1, 0xC0, 0x3F, 0xF8, 0x1F, 0xFF, 0x81, 0xFF, 0x70, 0x30, 0x06, 0x0E, 0x00, 0xE1, 0x80, 0x0C,
    0x70, 0x01, 0xCE, 0x00, 0x1C, 0x00, 0x02, 0x00, 0x18, 0x01, 0xE0, 0x0F, 0x00, 0x30, 0x0F, 0x01,
    0xF8, 0x1D, 0xC3, 0x06, 0x00, 0x00, 0x00, 0x0F, 0xF3, 0xFE, 0x38, 0xE7, 0x06, 0x60, 0x6E, 0x06,
    0xE0, 0x6C, 0x0E, 0xE0, 0xEE, 0x1F, 0x77, 0xF7, 0xF3, 0x1C, 0x20, 0x00, 0x0F, 0x00, 0x01, 0xF0,
    0x00, 0x1E, 0x00, 0x37, 0x80, 0x0F, 0xE0, 0x03, 0xF8, 0x00, 0xE7, 0x00, 0x10, 0x20, 0x00, 0x60,
    0x00, 0x1C, 0x00, 0x03, 0xC0, 0x00, 0x78, 0x00, 0x1F, 0x00, 0x03, 0x30, 0x00, 0xE6, 0x00, 0x18,
    0xE0, 0x07, 0x0C, 0x00, 0xC1, 0xC0, 0x3F, 0xF8, 0x1F, 0xFF, 0x81, 0xFF, 0x70, 0x30, 0x06, 0x0E,
    0x00, 0xE1, 0x80, 0x0C, 0x70, 0x01, 0xCE, 0x00, 0x1C, 0x00, 0x02, 0x00, 0x00, 0xE0, 0x0F, 0x80,
    0x3E, 0x01, 0xE0, 0x0C, 0x07, 0xE0, 0x7E, 0x03, 0xB8, 0x30, 0x60, 0x00, 0x00, 0x00, 0x1F, 0xE3,
    0xFE, 0x1C, 0x71, 0xC1, 0x8C, 0x0C, 0xE0, 0x67, 0x03, 0x30, 0x39, 0xC1, 0xCE, 0x1F, 0x3B, 0xF9,
    0xFC, 0xC3, 0x84, 0x01, 0xC4, 0x00, 0x7F, 0x80, 0x09, 0xE0, 0x00, 0x30, 0x00, 0x0F, 0x00, 0x03,
    0xF0, 0x00, 0xE7, 0x00, 0x10, 0x60, 0x00, 0x60, 0x00, 0x1C, 0x00, 0x03, 0xC0, 0x00, 0x78, 0x00,
    0x1F, 0x00, 0x03, 0x30, 0x00, 0xE6, 0x00, 0x18, 0xE0, 0x07, 0x0C, 0x00, 0xC1, 0xC0, 0x3F, 0xF8,
    0x1F, 0xFF, 0x81, 0xFF, 0x70, 0x30, 0x06, 0x0E, 0x00, 0xE1, 0x80, 0x0C, 0x70, 0x01, 0xCE, 0x00,
    0x1C, 0x00, 0x02, 0x00, 0x0C, 0x41, 0xFC, 0x37, 0xC0, 0x10, 0x0F, 0x01, 0xF8, 0x1D, 0xC3, 0x06,
    0x00, 0x00, 0x00, 0x0F, 0xF3, 0xFE, 0x38, 0xE7, 0x06, 0x60, 0x6E, 0x06, 0xE0, 0x6C, 0x0E, 0xE0,
    0xEE, 0x1F, 0x77, 0xF7, 0xF3, 0x1C, 0x20, 0x00, 0x60, 0x00, 0x1E, 0x00, 0x07, 0xE0, 0x01, 0xCE,
    0x00, 0x20, 0xC0, 0x00, 0xC0, 0x00, 0x38, 0x00, 0x07, 0x80, 0x00, 0xF0, 0x00, 0x3E, 0x00, 0x06,
    0x60, 0x01, 0xCC, 0x00, 0x31, 0xC0, 0x0E, 0x18, 0x01, 0x83, 0x80, 0x7F, 0xF0, 0x3F, 0xFF, 0x03,
    0xFE, 0xE0, 0x60, 0x0C, 0x1C, 0x01, 0xC3, 0x00, 0x18, 0xE0, 0x03, 0x9C, 0x00, 0x38, 0x00, 0x04,
    0x00, 0x40, 0x00, 0x1C, 0x00, 0x03, 0x80, 0x00, 0x30, 0x00, 0x00, 0x00, 0xF0, 0x1F, 0x83, 0x9C,
    0x30, 0x60, 0x00, 0x00, 0x00, 0xFF, 0x3F, 0xE3, 0x8E, 0x70, 0x66, 0x06, 0xE0, 0x6E, 0x06, 0xC0,
    0xEE, 0x0E, 0xE1, 0xF7, 0x7F, 0x7F, 0x31, 0xC2, 0x00, 0x00, 0x60, 0x07, 0x00, 0x60, 0x00, 0x1C,
    0x00, 0x07, 0x80, 0x01, 0xE0, 0x01, 0x62, 0x00, 0x30, 0xC0, 0x07, 0xF8, 0x00, 0x3C, 0x00, 0x00,
    0x00, 0x00, 0x60, 0x00, 0x1C, 0x00, 0x03, 0xC0, 0x00, 0x78, 0x00, 0x1F, 0x00, 0x03, 0x30, 0x00,
    0xE6, 0x00, 0x18, 0xE0, 0x07, 0x0C, 0x00, 0xC1, 0xC0, 0x3F, 0xF8, 0x1F, 0xFF, 0x81, 0xFF, 0x70,
    0x30, 0x06, 0x0E, 0x00, 0xE1, 0x80, 0x0C, 0x70, 0x01, 0xCE, 0x00, 0x1C, 0x00, 0x02, 0x00, 0x00,
    0xC0, 0x1E, 0x07, 0xC0, 0x60, 0x00, 0x03, 0x06, 0x3C, 0xE1, 0xFC, 0x07, 0x00, 0x00, 0x0F, 0xF3,
    0xFE, 0x38, 0xE7, 0x06, 0x60, 0x6E, 0x06, 0xE0, 0x6C, 0x0E, 0xE0, 0xEE, 0x1F, 0x77, 0xF7, 0xF3,
    0x1C, 0x20, 0x03, 0x80, 0x00, 0x78, 0x00, 0x07, 0x80, 0x01, 0x1A, 0x00, 0x30, 0xC0, 0x07, 0xF8,
    0x00, 0x3C, 0x00, 0x00, 0x00, 0x00, 0x60, 0x00, 0x1C, 0x00, 0x03, 0xC0, 0x00, 0x78, 0x00, 0x1F,
    0x00, 0x03, 0x30, 0x00, 0xE6, 0x00, 0x18, 0xE0, 0x07, 0x0C, 0x00, 0xC1, 0xC0, 0x3F, 0xF8, 0x1F,
    0xFF, 0x81, 0xFF, 0x70, 0x30, 0x06, 0x0E, 0x00, 0xE1, 0x80, 0x0C, 0x70, 0x01, 0xCE, 0x00, 0x1C,
    0x00, 0x02, 0x00, 0x18, 0x01, 0xE0, 0x0F, 0x00, 0x30, 0x00, 0x03, 0x06, 0x3C, 0xE1, 0xFC, 0x07,
    0x00, 0x00, 0x0F, 0xF3, 0xFE, 0x38, 0xE7, 0x06, 0x60, 0x6E, 0x06, 0xE0, 0x6C, 0x0E, 0xE0, 0xEE,
    0x1F, 0x77, 0xF7, 0xF3, 0x1C, 0x20, 0x00, 0xF0, 0x00, 0x1F, 0x00, 0x01, 0xE0, 0x00, 0x38, 0x00,
    0x36, 0xC0, 0x07, 0xF8, 0x00, 0x7E, 0x00, 0x01, 0x00, 0x00, 0x60, 0x00, 0x1C, 0x00, 0x03, 0xC0,
    0x00, 0x78, 0x00, 0x1F, 0x00, 0x03, 0x30, 0x00, 0xE6, 0x00, 0x18, 0xE0, 0x07, 0x0C, 0x00, 0xC1,
    0xC0, 0x3F, 0xF8, 0x1F, 0xFF, 0x81, 0xFF, 0x70, 0x30, 0x06, 0x0E, 0x00, 0xE1, 0x80, 0x0C, 0x70,
    0x01, 0xCE, 0x00, 0x1C, 0x00, 0x02, 0x00, 0x07, 0x00, 0xF8, 0x07, 0xC0, 0x78, 0x06, 0x03, 0x66,
    0x3C, 0xE1, 0xFC, 0x07, 0x00, 0x00, 0x0F, 0xF3, 0xFE, 0x38, 0xE7, 0x06, 0x60, 0x6E, 0x06, 0xE0,
    0x6C, 0x0E, 0xE0, 0xEE, 0x1F, 0x77, 0xF7, 0xF3, 0x1C, 0x20, 0x01, 0xC4, 0x00, 0x7F, 0x80, 0x0D,
    0xE0, 0x01, 0x02, 0x00, 0x30, 0xC0, 0x07, 0xF8, 0x00, 0x3C, 0x00, 0x00, 0x00, 0x00, 0x60, 0x00,
    0x1C, 0x00, 0x03, 0xC0, 0x00, 0x78, 0x00, 0x1F, 0x00, 0x03, 0x30, 0x00, 0xE6, 0x00, 0x18, 0xE0,
    0x07, 0x0C, 0x00, 0xC1, 0xC0, 0x3F, 0xF8, 0x1F, 0xFF, 0x81, 0xFF, 0x70, 0x30, 0x06, 0x0E, 0x00,
    0xE1, 0x80, 0x0C, 0x70, 0x01, 0xCE, 0x00, 0x1C, 0x00, 0x02, 0x00, 0x1E, 0x61, 0xFC, 0x33, 0xC0,
    0x00, 0x30, 0x63, 0xCE, 0x1F, 0xC0, 0x70, 0x00, 0x00, 0xFF, 0x3F, 0xE3, 0x8E, 0x70, 0x66, 0x06,
    0xE0, 0x6E, 0x06, 0xC0, 0xEE, 0x0E, 0xE1, 0xF7, 0x7F, 0x7F, 0x31, 0xC2, 0x02, 0x04, 0x00, 0x61,
    0x80, 0x0F, 0xF0, 0x00, 0x78, 0x00, 0x00, 0x00, 0x00, 0xC0, 0x00, 0x38, 0x00, 0x07, 0x80, 0x00,
    0xF0, 0x00, 0x3E, 0x00, 0x06, 0x60, 0x01, 0xCC, 0x00, 0x31, 0xC0, 0x0E, 0x18, 0x01, 0x83, 0x80,
    0x7F, 0xF0, 0x3F, 0xFF, 0x03, 0xFE, 0xE0, 0x60, 0x0C, 0x1C, 0x01, 0xC3, 0x00, 0x18, 0xE0, 0x03,
    0x9C, 0x00, 0x38, 0x00, 0x04, 0x00, 0x40, 0x00, 0x1C, 0x00, 0x03, 0x80, 0x00, 0x30, 0x00, 0x30,
    0x63, 0xCE, 0x1F, 0xC0, 0x70, 0x00, 0x00, 0xFF, 0x3F, 0xE3, 0x8E, 0x70, 0x66, 0x06, 0xE0, 0x6E,
    0x06, 0xC0, 0xEE, 0x0E, 0xE1, 0xF7, 0x7F, 0x7F, 0x31, 0xC2, 0x00, 0x00, 0x60, 0x07, 0x00, 0x60,
    0x7F, 0xF9, 0xFF, 0xE7, 0xC0, 0x1C, 0x00, 0x70, 0x01, 0xC0, 0x07, 0x00, 0x1F, 0xF8, 0x7F, 0xF1,
    0xFC, 0x07, 0x00, 0x1C, 0x00, 0x70, 0x01, 0xC0, 0x07, 0x00, 0x1C, 0x00, 0x7F, 0xFD, 0xFF, 0xF3,
    0x00, 0x00, 0x00, 0x03, 0x80, 0x0E, 0x00, 0x10, 0x00, 0x00, 0x00, 0xFC, 0x1F, 0xE3, 0x86, 0x70,
    0x66, 0x0E, 0xFF, 0xEF, 0xF8, 0xE0, 0x0E, 0x02, 0x60, 0x67, 0xBE, 0x3F, 0x81, 0xE0, 0x04, 0x00,
    0xE0, 0x0E, 0x00, 0x60, 0x01, 0x80, 0x0F, 0x00, 0x2E, 0x00, 0xF0, 0x03, 0x00, 0x0C, 0x07, 0xFF,
    0x9F, 0xFE, 0x7C, 0x01, 0xC0, 0x07, 0x00, 0x1C, 0x00, 0x70, 0x01, 0xFF, 0x87, 0xFF, 0x1F, 0xC0,
    0x70, 0x01, 0xC0, 0x07, 0x00, 0x1C, 0x00, 0x70, 0x01, 0xC0, 0x07, 0xFF, 0xDF, 0xFF, 0x30, 0x00,
    0x07, 0x80, 0xF8, 0x07, 0x80, 0x78, 0x06, 0x00, 0x00, 0x00, 0x00, 0xFC, 0x1F, 0xE3, 0x86, 0x70,
    0x66, 0x0E, 0xFF, 0xEF, 0xF8, 0xE0, 0x0E, 0x02, 0x60, 0x67, 0xBE, 0x3F, 0x81, 0xE0, 0x1C, 0x41,
    0xFE, 0x0C, 0xF0, 0x00, 0x07, 0xFF, 0x7F, 0xFB, 0xF0, 0x1C, 0x00, 0xE0, 0x07, 0x00, 0x38, 0x01,
    0xFF, 0xCF, 0xFE, 0x7F, 0x03, 0x80, 0x1C, 0x00, 0xE0, 0x07, 0x00, 0x38, 0x01, 0xC0, 0x0F, 0xFF,
    0xFF, 0xFD, 0x80, 0x00, 0x1C, 0x43, 0xFC, 0x37, 0xC2, 0x10, 0x00, 0x00, 0x00, 0x0F, 0xC1, 0xFE,
    0x38, 0x67, 0x06, 0x60, 0xEF, 0xFE, 0xFF, 0x8E, 0x00, 0xE0, 0x26, 0x06, 0x7B, 0xE3, 0xF8, 0x1E,
    0x00, 0x00, 0x60, 0x07, 0xC0, 0x3C, 0x00, 0xC0, 0x07, 0x80, 0x3F, 0x01, 0xCE, 0x06, 0x08, 0x7F,
    0xF9, 0xFF, 0xE7, 0xC0, 0x1C, 0x00, 0x70, 0x01, 0xC0, 0x07, 0x00, 0x1F, 0xF8, 0x7F, 0xF1, 0xFC,
    0x07, 0x00, 0x1C, 0x00, 0x70, 0x01, 0xC0, 0x07, 0x00, 0x1C, 0x00, 0x7F, 0xFD, 0xFF, 0xF3, 0x00,
    0x00, 0x00, 0xC0, 0x3C, 0x07, 0x80, 0x60, 0x0F, 0x01, 0xF8, 0x39, 0xC3, 0x0C, 0x00, 0x00, 0x00,
    0x0F, 0xC1, 0xFE, 0x38, 0x67, 0x06, 0x60, 0xEF, 0xFE, 0xFF, 0x8E, 0x00, 0xE0, 0x26, 0x06, 0x7B,
    0xE3, 0xF8, 0x1E, 0x00, 0x0C, 0x00, 0x78, 0x00, 0xF8, 0x00, 0xE0, 0x07, 0x80, 0x3F, 0x01, 0xCE,
    0x06, 0x0C, 0x7F, 0xF9, 0xFF, 0xE7, 0xC0, 0x1C, 0x00, 0x70, 0x01, 0xC0, 0x07, 0x00, 0x1F, 0xF8,
    0x7F, 0xF1, 0xFC, 0x07, 0x00, 0x1C, 0x00, 0x70, 0x01, 0xC0, 0x07, 0x00, 0x1C, 0x00, 0x7F, 0xFD,
    0xFF, 0xF3, 0x00, 0x00, 0x18, 0x03, 0xC0, 0x1F, 0x00, 0x30, 0x0F, 0x01, 0xF8, 0x39, 0xC3, 0x0C,
    0x00, 0x00, 0x00, 0x0F, 0xC1, 0xFE, 0x38, 0x67, 0x06, 0x60, 0xEF, 0xFE, 0xFF, 0x8E, 0x00, 0xE0,
    0x26, 0x06, 0x7B, 0xE3, 0xF8, 0x1E, 0x00, 0x00, 0x78, 0x01, 0xF0, 0x03, 0xC0, 0xCE, 0x07, 0xB0,
    0x3F, 0x81, 0xCE, 0x06, 0x08, 0x7F, 0xF9, 0xFF, 0xE7, 0xC0, 0x1C, 0x00, 0x70, 0x01, 0xC0, 0x07,
    0x00, 0x1F, 0xF8, 0x7F, 0xF1, 0xFC, 0x07, 0x00, 0x1C, 0x00, 0x70, 0x01, 0xC0, 0x07, 0x00, 0x1C,
    0x00, 0x7F, 0xFD, 0xFF, 0xF3, 0x00, 0x00, 0x00, 0xE0, 0x1F, 0x00, 0xF0, 0x0F, 0x00, 0xC0, 0xFC,
    0x1F, 0x83, 0x9C, 0x30, 0xC0, 0x00, 0x00, 0x00, 0xFC, 0x1F, 0xE3, 0x86, 0x70, 0x66, 0x0E, 0xFF,
    0xEF, 0xF8, 0xE0, 0x0E, 0x02, 0x60, 0x67, 0xBE, 0x3F, 0x81, 0xE0, 0x0E, 0x20, 0x7F, 0x81, 0xBC,
    0x00, 0xC0, 0x07, 0x80, 0x3F, 0x01, 0xCE, 0x06, 0x08, 0x7F, 0xF9, 0xFF, 0xE7, 0xC0, 0x1C, 0x00,
    0x70, 0x01, 0xC0, 0x07, 0x00, 0x1F, 0xF8, 0x7F, 0xF1, 0xFC, 0x07, 0x00, 0x1C, 0x00, 0x70, 0x01,
    0xC0, 0x07, 0x00, 0x1C, 0x00, 0x7F, 0xFD, 0xFF, 0xF3, 0x00, 0x00, 0x1C, 0x43, 0xFC, 0x37, 0x82,
    0x10, 0x0F, 0x01, 0xF8, 0x39, 0xC3, 0x0C, 0x00, 0x00, 0x00, 0x0F, 0xC1, 0xFE, 0x38, 0x67, 0x06,
    0x60, 0xEF, 0xFE, 0xFF, 0x8E, 0x00, 0xE0, 0x26, 0x06, 0x7B, 0xE3, 0xF8, 0x1E, 0x00, 0x03, 0x00,
    0x1E, 0x00, 0xFC, 0x07, 0x38, 0x18, 0x21, 0xFF, 0xE7, 0xFF, 0x9F, 0x00, 0x70, 0x01, 0xC0, 0x07,
    0x00, 0x1C, 0x00, 0x7F, 0xE1, 0xFF, 0xC7, 0xF0, 0x1C, 0x00, 0x70, 0x01, 0xC0, 0x07, 0x00, 0x1C,
    0x00, 0x70, 0x01, 0xFF, 0xF7, 0xFF, 0xCC, 0x00, 0x00, 0x00, 0x0E, 0x00, 0x38, 0x00, 0x40, 0x00,
    0x00, 0xF0, 0x1F, 0x83, 0x9C, 0x30, 0xC0, 0x00, 0x00, 0x00, 0xFC, 0x1F, 0xE3, 0x86, 0x70, 0x66,
    0x0E, 0xFF, 0xEF, 0xF8, 0xE0, 0x0E, 0x02, 0x60, 0x67, 0xBE, 0x3F, 0x81, 0xE0, 0x04, 0x00, 0xE0,
    0x0E, 0x00, 0x60, 0x27, 0xF6, 0xF6, 0x31, 0x9C, 0xE7, 0x39, 0xCE, 0x73, 0x9C, 0xE7, 0x39, 0xCE,
    0x73, 0x8C, 0x20, 0x7B, 0xF3, 0xDE, 0x60, 0x80, 0x18, 0x71, 0xC7, 0x1C, 0x71, 0xC7, 0x1C, 0x71,
    0xC7, 0x08, 0x6E, 0xEE, 0xEE, 0xEE, 0xEE, 0xEE, 0xEE, 0xEE, 0xE6, 0x24, 0xEE, 0x60, 0xDF, 0xA0,
    0x37, 0xFF, 0xFF, 0xFF, 0xFD, 0x0F, 0xF0, 0x03, 0xF0, 0x0F, 0xFE, 0x0F, 0x87, 0x87, 0x01, 0xC7,
    0x00, 0x73, 0x00, 0x1B, 0x80, 0x0F, 0xC0, 0x07, 0xE0, 0x03, 0xE0, 0x01, 0xF0, 0x00, 0xFC, 0x00,
    0x6E, 0x00, 0x33, 0x00, 0x39, 0xC0, 0x18, 0x70, 0x3C, 0x3F, 0xFC, 0x0F, 0xFC, 0x00, 0xF8, 0x00,
    0x00, 0x00, 0x1C, 0x00, 0x0E, 0x00, 0x02, 0x00, 0x02, 0x01, 0xFC, 0x3F, 0xE7, 0x06, 0x70, 0x7E,
    0x07, 0xE0, 0x3C, 0x03, 0xE0, 0x7E, 0x07, 0x60, 0xE7, 0xBC, 0x3F, 0x80, 0xF0, 0x00, 0x00, 0xE0,
    0x07, 0x00, 0x60, 0x00, 0x40, 0x00, 0xF8, 0x00, 0x6C, 0x00, 0x1E, 0x00, 0x0C, 0x00, 0x06, 0x00,
    0x0F, 0xC0, 0x3F, 0xF8, 0x3E, 0x1E, 0x1C, 0x07, 0x1C, 0x01, 0xCC, 0x00, 0x6E, 0x00, 0x3F, 0x00,
    0x1F, 0x80, 0x0F, 0x80, 0x07, 0xC0, 0x03, 0xF0, 0x01, 0xB8, 0x00, 0xCC, 0x00, 0xE7, 0x00, 0x61,
    0xC0, 0xF0, 0xFF, 0xF0, 0x3F, 0xF0, 0x03, 0xE0, 0x00, 0x07, 0x80, 0xFC, 0x03, 0xC0, 0x78, 0x06,
    0x00, 0x20, 0x02, 0x01, 0xFC, 0x3F, 0xE7, 0x06, 0x70, 0x7E, 0x07, 0xE0, 0x3C, 0x03, 0xE0, 0x7E,
    0x07, 0x60, 0xE7, 0xBC, 0x3F, 0x80, 0xF0, 0x00, 0x30, 0x00, 0x3C, 0x00, 0x7C, 0x00, 0x30, 0x00,
    0x1E, 0x00, 0x1F, 0x80, 0x1C, 0xE0, 0x18, 0x30, 0x03, 0xF0, 0x0F, 0xFE, 0x0F, 0x87, 0x87, 0x01,
    0xC7, 0x00, 0x73, 0x00, 0x1B, 0x80, 0x0F, 0xC0, 0x07, 0xE0, 0x03, 0xE0, 0x01, 0xF0, 0x00, 0xFC,
    0x00, 0x6E, 0x00, 0x33, 0x00, 0x39, 0xC0, 0x18, 0x70, 0x3C, 0x3F, 0xFC, 0x0F, 0xFC, 0x00, 0xF8,
    0x00, 0x00, 0xE0, 0x1E, 0x03, 0xC0, 0x60, 0x07, 0x00, 0xF8, 0x1D, 0xC3, 0x06, 0x00, 0x00, 0x20,
    0x1F, 0xC3, 0xFE, 0x70, 0x67, 0x07, 0xE0, 0x7E, 0x03, 0xC0, 0x3E, 0x07, 0xE0, 0x76, 0x0E, 0x7B,
    0xC3, 0xF8, 0x0F, 0x00, 0x06, 0x00, 0x07, 0xC0, 0x00, 0xF0, 0x00, 0x18, 0x00, 0x1E, 0x00, 0x1F,
    0x80, 0x1C, 0xE0, 0x18, 0x30, 0x03, 0xF0, 0x0F, 0xFE, 0x0F, 0x87, 0x87, 0x01, 0xC7, 0x00, 0x73,
    0x00, 0x1B, 0x80, 0x0F, 0xC0, 0x07, 0xE0, 0x03, 0xE0, 0x01, 0xF0, 0x00, 0xFC, 0x00, 0x6E, 0x00,
    0x33, 0x00, 0x39, 0xC0, 0x18, 0x70, 0x3C, 0x3F, 0xFC, 0x0F, 0xFC, 0x00, 0xF8, 0x00, 0x1C, 0x01,
    0xE0, 0x0F, 0x00, 0x38, 0x07, 0x00, 0xF8, 0x1D, 0xC3, 0x06, 0x00, 0x00, 0x20, 0x1F, 0xC3, 0xFE,
    0x70, 0x67, 0x07, 0xE0, 0x7E, 0x03, 0xC0, 0x3E, 0x07, 0xE0, 0x76, 0x0E, 0x7B, 0xC3, 0xF8, 0x0F,
    0x00, 0x00, 0x1E, 0x00, 0x1F, 0x00, 0x07, 0x80, 0x13, 0xC0, 0x1F, 0x80, 0x1F, 0xC0, 0x1C, 0xE0,
    0x18, 0x30, 0x03, 0xF0, 0x0F, 0xFE, 0x0F, 0x87, 0x87, 0x01, 0xC7, 0x00, 0x73, 0x00, 0x1B, 0x80,
    0x0F, 0xC0, 0x07, 0xE0, 0x03, 0xE0, 0x01, 0xF0, 0x00, 0xFC, 0x00, 0x6E, 0x00, 0x33, 0x00, 0x39,
    0xC0, 0x18, 0x70, 0x3C, 0x3F, 0xFC, 0x0F, 0xFC, 0x00, 0xF8, 0x00, 0x00, 0xF0, 0x07, 0xC0, 0x1E,
    0x01, 0xE0, 0x0C, 0x03, 0xE0, 0x3E, 0x03, 0xB8, 0x30, 0x60, 0x00, 0x00, 0x80, 0x3F, 0x83, 0xFE,
    0x38, 0x31, 0xC1, 0xDC, 0x0E, 0xE0, 0x36, 0x01, 0xB8, 0x1D, 0xC0, 0xE6, 0x0E, 0x3D, 0xE0, 0xFE,
    0x01, 0xE0, 0x03, 0x98, 0x03, 0xF8, 0x03, 0x3C, 0x00, 0x10, 0x00, 0x1E, 0x00, 0x1F, 0x80, 0x1C,
    0xE0, 0x18, 0x30, 0x03, 0xF0, 0x0F, 0xFE, 0x0F, 0x87, 0x87, 0x01, 0xC7, 0x00, 0x73, 0x00, 0x1B,
    0x80, 0x0F, 0xC0, 0x07, 0xE0, 0x03, 0xE0, 0x01, 0xF0, 0x00, 0xFC, 0x00, 0x6E, 0x00, 0x33, 0x00,
    0x39, 0xC0, 0x18, 0x70, 0x3C, 0x3F, 0xFC, 0x0F, 0xFC, 0x00, 0xF8, 0x00, 0x0C, 0x21, 0xFE, 0x13,
    0xC1, 0x18, 0x07, 0x00, 0xF8, 0x1D, 0xC3, 0x06, 0x00, 0x00, 0x20, 0x1F, 0xC3, 0xFE, 0x70, 0x67,
    0x07, 0xE0, 0x7E, 0x03, 0xC0, 0x3E, 0x07, 0xE0, 0x76, 0x0E, 0x7B, 0xC3, 0xF8, 0x0F, 0x00, 0x00,
    0x80, 0x00, 0xF0, 0x00, 0xFC, 0x00, 0xE7, 0x00, 0xC1, 0x80, 0x1F, 0x80, 0x7F, 0xF0, 0x7C, 0x3C,
    0x38, 0x0E, 0x38, 0x03, 0x98, 0x00, 0xDC, 0x00, 0x7E, 0x00, 0x3F, 0x00, 0x1F, 0x00, 0x0F, 0x80,
    0x07, 0xE0, 0x03, 0x70, 0x01, 0x98, 0x01, 0xCE, 0x00, 0xC3, 0x81, 0xE1, 0xFF, 0xE0, 0x7F, 0xE0,
    0x07, 0xC0, 0x00, 0x00, 0x00, 0xE0, 0x00, 0x70, 0x00, 0x10, 0x00, 0x00, 0x00, 0x70, 0x0F, 0x81,
    0xDC, 0x30, 0x60, 0x00, 0x02, 0x01, 0xFC, 0x3F, 0xE7, 0x06, 0x70, 0x7E, 0x07, 0xE0, 0x3C, 0x03,
    0xE0, 0x7E, 0x07, 0x60, 0xE7, 0xBC, 0x3F, 0x80, 0xF0, 0x00, 0x00, 0xE0, 0x07, 0x00, 0x60, 0x00,
    0xE0, 0x00, 0x7C, 0x00, 0x3C, 0x00, 0x08, 0x04, 0x03, 0xF3, 0x87, 0xFF, 0x63, 0xE1, 0xFC, 0xE0,
    0x3E, 0x70, 0x07, 0x98, 0x00, 0xCE, 0x00, 0x3B, 0x80, 0x0E, 0xE0, 0x03, 0xB0, 0x00, 0xEC, 0x00,
    0x3B, 0x80, 0x0C, 0xE0, 0x03, 0x18, 0x01, 0xC7, 0x00, 0x60, 0xE0, 0x78, 0x3F, 0xFC, 0x07, 0xFE,
    0x00, 0x3E, 0x00, 0x03, 0x80, 0x1E, 0x00, 0xF0, 0x06, 0x00, 0x00, 0x10, 0x08, 0xE1, 0xFD, 0x8F,
    0xFE, 0x70, 0x79, 0xC1, 0xCE, 0x07, 0x38, 0x0C, 0xC0, 0x33, 0x81, 0xCE, 0x07, 0x18, 0x38, 0x7B,
    0xC0, 0xFE, 0x00, 0xF0, 0x00, 0x03, 0x80, 0x01, 0xF0, 0x00, 0x1E, 0x00, 0x00, 0x84, 0x03, 0xF3,
    0x87, 0xFF, 0x63, 0xE1, 0xFC, 0xE0, 0x3E, 0x70, 0x07, 0x98, 0x00, 0xCE, 0x00, 0x3B, 0x80, 0x0E,
    0xE0, 0x03, 0xB0, 0x00, 0xEC, 0x00, 0x3B, 0x80, 0x0C, 0xE0, 0x03, 0x18, 0x01, 0xC7, 0x00, 0x60,
    0xE0, 0x78, 0x3F, 0xFC, 0x07, 0xFE, 0x00, 0x3E, 0x00, 0x0C, 0x00, 0x7C, 0x00, 0x78, 0x00, 0x60,
    0x00, 0x10, 0x08, 0xE1, 0xFD, 0x8F, 0xFE, 0x70, 0x79, 0xC1, 0xCE, 0x07, 0x38, 0x0C, 0xC0, 0x33,
    0x81, 0xCE, 0x07, 0x18, 0x38, 0x7B, 0xC0, 0xFE, 0x00, 0xF0, 0x00, 0x00, 0xC0, 0x00, 0x78, 0x00,
    0x17, 0x00, 0x07, 0x80, 0x01, 0x80, 0x00, 0x60, 0x40, 0x3F, 0x38, 0x7F, 0xF6, 0x3E, 0x1F, 0xCE,
    0x03, 0xE7, 0x00, 0x79, 0x80, 0x0C, 0xE0, 0x03, 0xB8, 0x00, 0xEE, 0x00, 0x3B, 0x00, 0x0E, 0xC0,
    0x03, 0xB8, 0x00, 0xCE, 0x00, 0x31, 0x80, 0x1C, 0x70, 0x06, 0x0E, 0x07, 0x83, 0xFF, 0xC0, 0x7F,
    0xE0, 0x03, 0xE0, 0x00, 0x07, 0x80, 0x3F, 0x00, 0x3C, 0x01, 0xE0, 0x06, 0x00, 0x08, 0x40, 0x23,
    0x87, 0xF6, 0x3F, 0xF9, 0xC1, 0xE7, 0x07, 0x38, 0x1C, 0xE0, 0x33, 0x00, 0xCE, 0x07, 0x38, 0x1C,
    0x60, 0xE1, 0xEF, 0x03, 0xF8, 0x03, 0xC0, 0x03, 0x98, 0x01, 0xFE, 0x00, 0x4F, 0x00, 0x00, 0x04,
    0x03, 0xF3, 0x87, 0xFF, 0x63, 0xE1, 0xFC, 0xE0, 0x3E, 0x70, 0x07, 0x98, 0x00, 0xCE, 0x00, 0x3B,
    0x80, 0x0E, 0xE0, 0x03, 0xB0, 0x00, 0xEC, 0x00, 0x3B, 0x80, 0x0C, 0xE0, 0x03, 0x18, 0x01, 0xC7,
    0x00, 0x60, 0xE0, 0x78, 0x3F, 0xFC, 0x07, 0xFE, 0x00, 0x3E, 0x00, 0x0C, 0x60, 0x7F, 0x03, 0x7C,
    0x00, 0x40, 0x00, 0x10, 0x08, 0xE1, 0xFD, 0x8F, 0xFE, 0x70, 0x79, 0xC1, 0xCE, 0x07, 0x38, 0x0C,
    0xC0, 0x33, 0x81, 0xCE, 0x07, 0x18, 0x38, 0x7B, 0xC0, 0xFE, 0x00, 0xF0, 0x00, 0x00, 0x01, 0x00,
    0xFC, 0xE1, 0xFF, 0xD8, 0xF8, 0x7F, 0x38, 0x0F, 0x9C, 0x01, 0xE6, 0x00, 0x33, 0x80, 0x0E, 0xE0,
    0x03, 0xB8, 0x00, 0xEC, 0x00, 0x3B, 0x00, 0x0E, 0xE0, 0x03, 0x38, 0x00, 0xC6, 0x00, 0x71, 0xC0,
    0x18, 0x38, 0x1E, 0x0F, 0xFF, 0x01, 0xFF, 0x80, 0x0F, 0x80, 0x00, 0x00, 0x00, 0x38, 0x00, 0x0E,
    0x00, 0x03, 0x00, 0x00, 0x10, 0x08, 0xE1, 0xFD, 0x8F, 0xFE, 0x70, 0x79, 0xC1, 0xCE, 0x07, 0x38,
    0x0C, 0xC0, 0x33, 0x81, 0xCE, 0x07, 0x18, 0x38, 0x7B, 0xC0, 0xFE, 0x00, 0xF0, 0x00, 0x80, 0x07,
    0x00, 0x1C, 0x00, 0x30, 0x00, 0xE0, 0x1B, 0x80, 0x7E, 0x01, 0xF8, 0x07, 0xE0, 0x1F, 0x80, 0x7E,
    0x01, 0xF8, 0x07, 0xE0, 0x1F, 0x80, 0x7E, 0x01, 0xF8, 0x07, 0xE0, 0x1B, 0x80, 0x6E, 0x03, 0x9C,
    0x1E, 0x7F, 0xF0, 0xFF, 0x80, 0xF8, 0x00, 0x80, 0x07, 0x00, 0x1C, 0x00, 0x30, 0x00, 0x00, 0x0C,
    0x0E, 0xC0, 0xEC, 0x0E, 0xC0, 0xEC, 0x0E, 0xC0, 0xEC, 0x0E, 0xC0, 0xEC, 0x1E, 0xE3, 0xEF, 0xF6,
    0x7E, 0x63, 0xC2, 0x04, 0x00, 0xE0, 0x0E, 0x00, 0x60, 0x01, 0x00, 0x1F, 0x00, 0x6C, 0x00, 0xF0,
    0x03, 0x00, 0x0C, 0x0E, 0x01, 0xB8, 0x07, 0xE0, 0x1F, 0x80, 0x7E, 0x01, 0xF8, 0x07, 0xE0, 0x1F,
    0x80, 0x7E, 0x01, 0xF8, 0x07, 0xE0, 0x1F, 0x80, 0x7E, 0x01, 0xB8, 0x06, 0xE0, 0x39, 0xC1, 0xE7,
    0xFF, 0x0F, 0xF8, 0x0F, 0x80, 0x0F, 0x01, 0xF8, 0x07, 0x80, 0xF0, 0x0C, 0x00, 0x40, 0x00, 0x0C,
    0x0E, 0xC0, 0xEC, 0x0E, 0xC0, 0xEC, 0x0E, 0xC0, 0xEC, 0x0E, 0xC0, 0xEC, 0x1E, 0xE3, 0xEF, 0xF6,
    0x7E, 0x63, 0xC2, 0x01, 0xC0, 0x03, 0xC0, 0x0F, 0x07, 0x0C, 0x07, 0xE0, 0x1F, 0xE0, 0x1F, 0xE0,
    0x1E, 0xE0, 0x1C, 0xE0, 0x1C, 0xE0, 0x1C, 0xE0, 0x1C, 0xE0, 0x1C, 0xE0, 0x1C, 0xE0, 0x1C, 0xE0,
    0x1C, 0xE0, 0x1C, 0xE0, 0x18, 0xE0, 0x18, 0xE0, 0x38, 0x70, 0x78, 0x7F, 0xF0, 0x3F, 0xE0, 0x0F,
    0x80, 0x03, 0x00, 0x3E, 0x01, 0xE0, 0x06, 0x04, 0x00, 0x38, 0x00, 0x6C, 0x0F, 0xF0, 0x3E, 0xC0,
    0xFB, 0x03, 0x8C, 0x0E, 0x30, 0x38, 0xC0, 0xE3, 0x03, 0x8C, 0x1E, 0x38, 0xF8, 0xFF, 0x61, 0xF9,
    0x83, 0xC2, 0x00, 0x0E, 0x00, 0x0F, 0x00, 0x03, 0xC7, 0x00, 0xC7, 0xE0, 0x1F, 0xE0, 0x1F, 0xE0,
    0x1E, 0xE0, 0x1C, 0xE0, 0x1C, 0xE0, 0x1C, 0xE0, 0x1C, 0xE0, 0x1C, 0xE0, 0x1C, 0xE0, 0x1C, 0xE0,
    0x1C, 0xE0, 0x1C, 0xE0, 0x18, 0xE0, 0x18, 0xE0, 0x38, 0x70, 0x78, 0x7F, 0xF0, 0x3F, 0xE0, 0x0F,
    0x80, 0x18, 0x00, 0xF8, 0x00, 0xF0, 0x00, 0xC4, 0x00, 0x38, 0x00, 0x6C, 0x0F, 0xF0, 0x3E, 0xC0,
    0xFB, 0x03, 0x8C, 0x0E, 0x30, 0x38, 0xC0, 0xE3, 0x03, 0x8C, 0x1E, 0x38, 0xF8, 0xFF, 0x61, 0xF9,
    0x83, 0xC2, 0x00, 0x01, 0x00, 0x07, 0xC0, 0x06, 0xC0, 0x03, 0xC0, 0x03, 0x07, 0x03, 0x07, 0xE0,
    0x1F, 0xE0, 0x1F, 0xE0, 0x1E, 0xE0, 0x1C, 0xE0, 0x1C, 0xE0, 0x1C, 0xE0, 0x1C, 0xE0, 0x1C, 0xE0,
    0x1C, 0xE0, 0x1C, 0xE0, 0x1C, 0xE0, 0x1C, 0xE0, 0x18, 0xE0, 0x18, 0xE0, 0x38, 0x70, 0x78, 0x7F,
    0xF0, 0x3F, 0xE0, 0x0F, 0x80, 0x0F, 0x00, 0x7E, 0x00, 0x78, 0x03, 0xC0, 0x0C, 0x10, 0x10, 0xE0,
    0x01, 0xB0, 0x3F, 0xC0, 0xFB, 0x03, 0xEC, 0x0E, 0x30, 0x38, 0xC0, 0xE3, 0x03, 0x8C, 0x0E, 0x30,
    0x78, 0xE3, 0xE3, 0xFD, 0x87, 0xE6, 0x0F, 0x08, 0x0E, 0x20, 0x1F, 0xE0, 0x1B, 0xC7, 0x00, 0x07,
    0xE0, 0x1F, 0xE0, 0x1F, 0xE0, 0x1E, 0xE0, 0x1C, 0xE0, 0x1C, 0xE0, 0x1C, 0xE0, 0x1C, 0xE0, 0x1C,
    0xE0, 0x1C, 0xE0, 0x1C, 0xE0, 0x1C, 0xE0, 0x1C, 0xE0, 0x18, 0xE0, 0x18, 0xE0, 0x38, 0x70, 0x78,
    0x7F, 0xF0, 0x3F, 0xE0, 0x0F, 0x80, 0x18, 0x80, 0xFE, 0x06, 0xF8, 0x00, 0x84, 0x00, 0x38, 0x00,
    0x6C, 0x0F, 0xF0, 0x3E, 0xC0, 0xFB, 0x03, 0x8C, 0x0E, 0x30, 0x38, 0xC0, 0xE3, 0x03, 0x8C, 0x1E,
    0x38, 0xF8, 0xFF, 0x61, 0xF9, 0x83, 0xC2, 0x00, 0x00, 0x00, 0x00, 0x07, 0x00, 0x07, 0xE0, 0x1F,
    0xE0, 0x1F, 0xE0, 0x1E, 0xE0, 0x1C, 0xE0, 0x1C, 0xE0, 0x1C, 0xE0, 0x1C, 0xE0, 0x1C, 0xE0, 0x1C,
    0xE0, 0x1C, 0xE0, 0x1C, 0xE0, 0x1C, 0xE0, 0x18, 0xE0, 0x18, 0xE0, 0x38, 0x70, 0x78, 0x7F, 0xF0,
    0x3F, 0xE0, 0x0F, 0x80, 0x02, 0x00, 0x07, 0x00, 0x07, 0x00, 0x03, 0x00, 0x00, 0x10, 0x00, 0xE0,
    0x01, 0xB0, 0x3F, 0xC0, 0xFB, 0x03, 0xEC, 0x0E, 0x30, 0x38, 0xC0, 0xE3, 0x03, 0x8C, 0x0E, 0x30,
    0x78, 0xE3, 0xE3, 0xFD, 0x87, 0xE6, 0x0F, 0x08, 0x04, 0x00, 0x38, 0x00, 0xE0, 0x01, 0x80, 0x06,
    0x00, 0x1E, 0x00, 0x1C, 0x00, 0x1C, 0x00, 0x18, 0x00, 0x00, 0x00, 0x00, 0x78, 0x0F, 0x70, 0x1C,
    0xF0, 0x78, 0xE0, 0xE1, 0xE3, 0xC1, 0xEF, 0x01, 0xDC, 0x03, 0xF8, 0x03, 0xE0, 0x03, 0x80, 0x07,
    0x00, 0x0E, 0x00, 0x1C, 0x00, 0x38, 0x00, 0x70, 0x00, 0xE0, 0x01, 0xC0, 0x0C, 0x01, 0xE0, 0x0E,
    0x00, 0x70, 0x03, 0x00, 0x00, 0x00, 0x00, 0x00, 0xE0, 0x7F, 0x07, 0x70, 0x77, 0x0E, 0x78, 0xE3,
    0x8E, 0x38, 0xC1, 0xDC, 0x1D, 0xC1, 0xF8, 0x0F, 0x80, 0xF8, 0x07, 0x00, 0x70, 0x07, 0x09, 0xE0,
    0xFC, 0x0F, 0x80, 0xE0, 0x0F, 0xC0, 0x1D, 0xC0, 0x71, 0x81, 0xC3, 0x83, 0x03, 0x8E, 0x03, 0x38,
    0x07, 0x70, 0x07, 0xC0, 0x0F, 0x00, 0x0E, 0x00, 0x1C, 0x00, 0x38, 0x00, 0x70, 0x00, 0xE0, 0x01,
    0xC0, 0x03, 0x80, 0x07, 0x00, 0x04, 0x00, 0x08, 0x00, 0x38, 0x00, 0x70, 0x00, 0x60, 0x00, 0x00,
    0x0E, 0x03, 0x70, 0x77, 0x07, 0x30, 0x63, 0x8E, 0x18, 0xC1, 0xDC, 0x0D, 0x80, 0xF8, 0x0F, 0x00,
    0x70, 0x06, 0x00, 0xE0, 0x0C, 0x0F, 0xCE, 0xF8, 0xE0, 0x0C, 0x01, 0x80, 0x07, 0xC0, 0x09, 0x80,
    0x1F, 0x00, 0x38, 0x00, 0x20, 0x38, 0x03, 0xF0, 0x07, 0x70, 0x1C, 0x60, 0x70, 0xE0, 0xC0, 0xE3,
    0x80, 0xCE, 0x01, 0xDC, 0x01, 0xF0, 0x03, 0xC0, 0x03, 0x80, 0x07, 0x00, 0x0E, 0x00, 0x1C, 0x00,
    0x38, 0x00, 0x70, 0x00, 0xE0, 0x01, 0xC0, 0x01, 0x00, 0x07, 0x80, 0x7C, 0x03, 0xC0, 0x78, 0x07,
    0x00, 0x20, 0x00, 0x0E, 0x03, 0x70, 0x77, 0x07, 0x30, 0x63, 0x8E, 0x18, 0xC1, 0xDC, 0x0D, 0x80,
    0xF8, 0x0F, 0x00, 0x70, 0x06, 0x00, 0xE0, 0x0C, 0x0F, 0xC0, 0xF8, 0x00, 0x00, 0x07, 0x30, 0x1F,
    0xE0, 0x27, 0x80, 0x00, 0x0E, 0x00, 0xFC, 0x01, 0xDC, 0x07, 0x18, 0x1C, 0x38, 0x30, 0x38, 0xE0,
    0x33, 0x80, 0x77, 0x00, 0x7C, 0x00, 0xF0, 0x00, 0xE0, 0x01, 0xC0, 0x03, 0x80, 0x07, 0x00, 0x0E,
    0x00, 0x1C, 0x00, 0x38, 0x00, 0x70, 0x00, 0x40, 0x00, 0x0C, 0x61, 0xFE, 0x33, 0xC0, 0x18, 0x00,
    0x00, 0x00, 0xE0, 0x37, 0x07, 0x70, 0x73, 0x06, 0x38, 0xE1, 0x8C, 0x1D, 0xC0, 0xD8, 0x0F, 0x80,
    0xF0, 0x07, 0x00, 0x60, 0x0E, 0x00, 0xC0, 0xFC, 0x0F, 0x80, 0x00, 0x00, 0xFF, 0xFF, 0xFF, 0xFF,
    0xFC, 0x87, 0x37, 0x8C, 0x7B, 0xF3, 0x0C, 0x30, 0xC3, 0x0C, 0x30, 0xC3, 0x0C, 0x30, 0xC3, 0x00,
    0x00, 0x30, 0x37, 0xEC, 0xDB, 0x30, 0x60, 0xC1, 0x83, 0x06, 0x0C, 0x18, 0x30, 0x60, 0xC1, 0x83,
    0x06, 0x00, 0x00, 0x61, 0x83, 0xF6, 0x66, 0xC1, 0x83, 0x06, 0x0C, 0x18, 0x30, 0x60, 0xC1, 0x83,
    0x06, 0x0C, 0x18, 0x30, 0xFF, 0xFF, 0x00, 0x7F, 0xFF, 0xC0, 0x7F, 0xFF, 0xFF, 0xF7, 0xFF, 0xC0,
    0x7F, 0xFD, 0xFF, 0xF0, 0x7F, 0xFF, 0xFF, 0xDF, 0xFF, 0xFF, 0xF0, 0x7F, 0xFF, 0xFF, 0xDF, 0xFF,
    0xFF, 0xF0, 0x45, 0x8F, 0x1E, 0x3C, 0x78, 0xF1, 0xE3, 0xC7, 0x8F, 0x1E, 0x3C, 0x78, 0xF1, 0xE3,
    0xC7, 0x8F, 0x1E, 0x3C, 0x78, 0xF1, 0xE3, 0xC7, 0x8D, 0x10, 0x33, 0x9D, 0xEE, 0x70, 0x7B, 0xDC,
    0xE7, 0x30, 0x7B, 0xDC, 0xE7, 0x30, 0x67, 0xF6, 0x73, 0x33, 0xB9, 0xDD, 0xDE, 0xEE, 0x77, 0x38,
    0x7B, 0xBD, 0xDC, 0xEE, 0x77, 0x73, 0x38, 0x7B, 0xBD, 0xDC, 0xEE, 0x77, 0x73, 0x38, 0x49, 0xFB,
    0xF6, 0xC6, 0xC4, 0xC0, 0x06, 0x00, 0xC0, 0x18, 0x03, 0x00, 0x60, 0xFF, 0xDF, 0xF8, 0x30, 0x06,
    0x00, 0xC0, 0x18, 0x03, 0x00, 0x60, 0x0C, 0x01, 0x80, 0x30, 0x06, 0x00, 0xC0, 0x18, 0x03, 0x00,
    0x60, 0x06, 0x00, 0xC0, 0x18, 0x03, 0x00, 0x60, 0xFF, 0xDF, 0xF8, 0x30, 0x06, 0x00, 0xC0, 0x18,
    0x03, 0x07, 0xFE, 0xFF, 0xC1, 0x80, 0x30, 0x06, 0x00, 0xC0, 0x18, 0x03, 0x00, 0x60, 0x7D, 0xFF,
    0xFF, 0xFF, 0xEF, 0x80, 0x60, 0x07, 0x38, 0x03, 0x9C, 0x00, 0xC0, 0xF0, 0x70, 0x77, 0x87, 0x83,
    0xFC, 0x1C, 0x1C, 0x07, 0x77, 0x00, 0x3E, 0x07, 0x00, 0x03, 0xF8, 0x70, 0x00, 0x3D, 0xC3, 0x80,
    0x01, 0xC6, 0x38, 0x00, 0x0E, 0x3B, 0xC0, 0x00, 0x71, 0xDC, 0x00, 0x03, 0x8D, 0xC0, 0x00, 0x1E,
    0xEE, 0xF8, 0x7C, 0x7F, 0xEF, 0xE7, 0xF1, 0xF7, 0xF7, 0x3B, 0x80, 0x77, 0x1B, 0x8E, 0x07, 0xB8,
    0xFC, 0x70, 0x39, 0xC7, 0xE3, 0x83, 0x8E, 0x37, 0x1C, 0x1C, 0x7B, 0x9D, 0xC1, 0xC1, 0xFC, 0xFE,
    0x0E, 0x07, 0xC3, 0xE0, 0x00, 0x00, 0x00, 0xF0, 0xC0, 0x01, 0xF3, 0x80, 0x06, 0x66, 0x00, 0x0C,
    0xDC, 0x00, 0x19, 0xB0, 0x00, 0x33, 0xE0, 0x00, 0x77, 0x80, 0x00, 0x7F, 0x00, 0x00, 0x7C, 0x00,
    0x00, 0x3A, 0x08, 0x20, 0x7F, 0x79, 0xE1, 0xF6, 0xDB, 0xE3, 0x6F, 0xBE, 0xCF, 0xDE, 0x79, 0x9B,
    0xBC, 0xF3, 0x73, 0x7D, 0xE6, 0xC6, 0xDB, 0x6F, 0x8F, 0xBE, 0xF2, 0x0E, 0x38, 0xC0, 0x31, 0xCC,
    0xE7, 0x31, 0x80, 0x32, 0x37, 0x76, 0x7E, 0x6C, 0xEC, 0x4C, 0x36, 0x46, 0xFD, 0xDB, 0xBF, 0x66,
    0xDD, 0xDB, 0x13, 0x60, 0x67, 0x18, 0xE7, 0x18, 0xC0, 0x4C, 0xEC, 0x6E, 0x7E, 0x76, 0x37, 0x32,
    0x6D, 0x9D, 0xB9, 0xBF, 0x3F, 0x67, 0x6C, 0x6F, 0xCC, 0x98, 0x0C, 0x38, 0xF1, 0xC7, 0x8E, 0x1E,
    0x1C, 0x3C, 0x38, 0x30, 0xC3, 0x87, 0x1E, 0x38, 0xF3, 0x9E, 0x73, 0x8C, 0x00, 0x00, 0x80, 0x30,
    0xE0, 0xBC, 0x70, 0xEE, 0x18, 0xE3, 0x80, 0xE0, 0xE0, 0xE0, 0x38, 0xE1, 0xCF, 0xE6, 0xE3, 0xE3,
    0xF0, 0xE1, 0xD0, 0xF8, 0x40, 0xEE, 0x00, 0xE3, 0x80, 0xE0, 0xE0, 0xE7, 0x3C, 0xE3, 0x8E, 0xE1,
    0xC3, 0x00, 0x00, 0x00, 0xE0, 0x6E, 0x06, 0xE0, 0x6E, 0x06, 0xE0, 0x6E, 0x06, 0xE0, 0x6E, 0x06,
    0xE0, 0x6E, 0x06, 0xE0, 0x6E, 0x06, 0xE0, 0x66, 0x06, 0x00, 0x0C, 0x06, 0xE0, 0xEE, 0x0E, 0x40,
    0x00, 0x0C, 0x00, 0xE0, 0x0F, 0x83, 0xFE, 0x7E, 0xEE, 0xE6, 0xEC, 0x6C, 0xCE, 0x0D, 0xC0, 0xF8,
    0x0F, 0x00, 0xE0, 0x0C, 0x00, 0xC0, 0x0E, 0x00, 0x00, 0x0C, 0x00, 0xE0, 0x0E, 0x00, 0x40, 0x00,
    0x03, 0xFF, 0xF7, 0xFF, 0xC0, 0xC0, 0x00, 0x1F, 0x00, 0x01, 0x9F, 0x00, 0x7C, 0x3F, 0xFF, 0x80,
    0x7F, 0xF0, 0x00, 0x7E, 0x00, 0x00, 0xC0, 0x00, 0x18, 0x00, 0x1B, 0x70, 0x03, 0xFE, 0x00, 0x7F,
    0x00, 0x03, 0xC0, 0x00, 0xFC, 0x00, 0x1D, 0x80, 0x00, 0x00, 0x00, 0x00, 0x00, 0x60, 0x18, 0x0C,
    0x03, 0x0D, 0xBB, 0x6F, 0xFF, 0x7F, 0xFF, 0x8F, 0xE1, 0xE0, 0x78, 0x7E, 0x1F, 0x8E, 0xC3, 0xB0,
    0x80, 0x20, 0x00, 0x00, 0x38, 0x03, 0x80, 0x1C, 0x01, 0xC0, 0x0E, 0x00, 0xE0, 0x0E, 0x00, 0x70,
    0x07, 0x00, 0x38, 0x03, 0x80, 0x1C, 0x01, 0xC0, 0x1C, 0x00, 0xE0, 0x0E, 0x00, 0x70, 0x00, 0x0F,
    0xC7, 0xE1, 0xFF, 0xFF, 0x9E, 0x1F, 0x0D, 0xC0, 0xE0, 0x7E, 0x07, 0x03, 0xA0, 0x30, 0x18, 0x03,
    0x81, 0xC0, 0x38, 0x1C, 0x03, 0x81, 0xC0, 0x38, 0x1C, 0x03, 0x81, 0xC0, 0x1C, 0x0E, 0x00, 0xE0,
    0x70, 0x07, 0x03, 0x80, 0x00, 0x00, 0x01, 0x80, 0xC0, 0x0E, 0x07, 0x00, 0x70, 0x38, 0x01, 0x00,
    0x80, 0x0F, 0xC7, 0x3F, 0xE7, 0x78, 0x77, 0x70, 0x77, 0xE0, 0x77, 0x40, 0x77, 0x00, 0xE7, 0x01,
    0xC7, 0x03, 0x87, 0x07, 0x07, 0x06, 0x07, 0x0E, 0x07, 0x0E, 0x07, 0x06, 0x03, 0x00, 0x00, 0x06,
    0x06, 0x0E, 0x07, 0x0E, 0x07, 0x00, 0x02, 0xE0, 0xFC, 0xE3, 0xFE, 0xE7, 0x86, 0xEE, 0x07, 0xEE,
    0x07, 0xE4, 0x06, 0xE0, 0x0E, 0xE0, 0x1C, 0xE0, 0x38, 0xE0, 0x70, 0xE0, 0xE0, 0xC0, 0xE0, 0xC0,
    0xE0, 0xC0, 0xE0, 0x00, 0x00, 0xC0, 0xC0, 0xE0, 0xE0, 0xE0, 0xE0, 0x40, 0x40, 0x18, 0x0C, 0x36,
    0xFF, 0xFF, 0xE1, 0xE1, 0xF8, 0xEC, 0x20, 0x00, 0x06, 0x03, 0x0D, 0xBF, 0xFF, 0xF8, 0x78, 0x7E,
    0x3B, 0x08, 0x00, 0xE3, 0x71, 0xF8, 0xC0, 0xE0, 0x60, 0x70, 0x30, 0x38, 0x18, 0x1C, 0x0C, 0x06,
    0x07, 0x03, 0x03, 0x9D, 0x8F, 0xC7, 0x00, 0xFF, 0x80, 0x00, 0x00, 0x0F, 0xF8, 0xFF, 0x80, 0x00,
    0xFF, 0x80, 0x00, 0xFF, 0x80, 0x3E, 0x3F, 0x9D, 0xDC, 0x6E, 0x3F, 0x1F, 0x8C, 0xEE, 0x7F, 0x1F,
    0x00, 0xD9, 0x6D, 0xB6, 0xD8, 0x07, 0x07, 0x87, 0xC7, 0xE7, 0x73, 0x3B, 0xFF, 0xFF, 0x07, 0x03,
    0x80, 0x7E, 0xFD, 0x87, 0xEF, 0xE3, 0xC1, 0xE7, 0xFF, 0xF8, 0x0F, 0x1F, 0x9F, 0x0F, 0xC7, 0xF3,
    0xB9, 0x8E, 0xEE, 0x7F, 0x1F, 0x00, 0x7F, 0x3F, 0x81, 0xC1, 0xC0, 0xE0, 0xE0, 0x70, 0x30, 0x38,
    0x1C, 0x00, 0x3E, 0x3F, 0x9D, 0xCE, 0xE7, 0xE3, 0xF9, 0x8D, 0xEE, 0x7F, 0x1F, 0x00, 0x3E, 0x3F,
    0x9D, 0xDC, 0x67, 0xF1, 0xF8, 0x1C, 0x3E, 0x7E, 0x3C, 0x00, 0x18, 0x18, 0xFE, 0xFE, 0x18, 0x18,
    0x18, 0x7F, 0xFC, 0xFE, 0xFE, 0x7C, 0xFE, 0x7E, 0x36, 0x6C, 0xCC, 0xCC, 0xCC, 0x66, 0x30, 0xCC,
    0x66, 0x67, 0x33, 0x76, 0x6C, 0xC0, 0xFD, 0xFB, 0xB6, 0x6C, 0xD9, 0xB3, 0x00, 0x3E, 0x3F, 0x9D,
    0xDC, 0x6E, 0x3F, 0x1F, 0x8C, 0xEE, 0x7F, 0x1F, 0x00, 0x3B, 0xFF, 0xF1, 0x8C, 0x63, 0x18, 0xC0,
    0x7E, 0x7F, 0x67, 0x07, 0x0E, 0x1C, 0x38, 0x70, 0x7F, 0x7F, 0x7E, 0x7E, 0x6F, 0x3E, 0x3E, 0x0F,
    0x07, 0x67, 0x7F, 0x7E, 0x07, 0x07, 0x87, 0xC7, 0xE7, 0x73, 0x3B, 0xFF, 0xFF, 0x07, 0x03, 0x80,
    0x7E, 0xFD, 0x87, 0xEF, 0xE3, 0xC1, 0xE7, 0xFF, 0xF8, 0x0F, 0x1F, 0x9F, 0x0F, 0xC7, 0xF3, 0xB9,
    0x8E, 0xEE, 0x7F, 0x1F, 0x00, 0x7F, 0x3F, 0x81, 0xC1, 0xC0, 0xE0, 0xE0, 0x70, 0x30, 0x38, 0x1C,
    0x00, 0x3E, 0x3F, 0x9D, 0xCE, 0xE7, 0xE3, 0xF9, 0x8D, 0xEE, 0x7F, 0x1F, 0x00, 0x3E, 0x3F, 0x9D,
    0xDC, 0x67, 0xF1, 0xF8, 0x1C, 0x3E, 0x7E, 0x3C, 0x00, 0x18, 0x18, 0x18, 0xFE, 0x7E, 0x18, 0x18,
    0x01, 0xFD, 0xF8, 0x7E, 0xFE, 0x00, 0xFE, 0xFE, 0x27, 0x6E, 0xCC, 0xCC, 0xCC, 0xE6, 0x30, 0x8C,
    0x66, 0x67, 0x33, 0x76, 0x6E, 0xC0, 0x1E, 0x3E, 0x66, 0x66, 0xEE, 0x7E, 0x7E, 0x00, 0x1C, 0x7D,
    0xDB, 0xF7, 0xAF, 0xCF, 0x08, 0x3C, 0x7E, 0x66, 0x66, 0x66, 0x7E, 0x7C, 0x00, 0x66, 0xDC, 0xF1,
    0xC3, 0xCF, 0x99, 0x80, 0x79, 0xFB, 0x33, 0xEF, 0xDF, 0xBE, 0x10, 0xC3, 0x0C, 0x3E, 0xFF, 0xBC,
    0xF3, 0xCF, 0x30, 0x00, 0xC1, 0x83, 0x06, 0x6F, 0xDE, 0x3C, 0x7C, 0xDD, 0x98, 0x00, 0xCC, 0xCC,
    0xCC, 0xCC, 0xEE, 0x40, 0xFF, 0xBF, 0xEC, 0xCF, 0x33, 0xCC, 0xF3, 0x3C, 0xCC, 0x00, 0xFD, 0xFB,
    0xBE, 0x7C, 0xF9, 0xF1, 0x80, 0xF9, 0xFB, 0xB6, 0x7C, 0xDF, 0xBE, 0x60, 0xC0, 0x00, 0x7B, 0xEE,
    0xBE, 0x1F, 0xFF, 0x80, 0x30, 0x61, 0xFB, 0xF3, 0x06, 0x0C, 0x1B, 0x3C, 0x10, 0x07, 0x80, 0x1F,
    0xE0, 0x3C, 0xE0, 0x30, 0x20, 0x60, 0x00, 0x60, 0x00, 0xE3, 0xFE, 0xE3, 0xFE, 0xE3, 0x00, 0xE3,
    0x00, 0x63, 0x00, 0x7B, 0x18, 0x3F, 0xFC, 0x0F, 0xFC, 0x03, 0x00, 0x03, 0x00, 0x03, 0x00, 0x03,
    0x00, 0x03, 0xFF, 0x03, 0xFE, 0x00, 0x08, 0x00, 0xCC, 0x00, 0xCC, 0x03, 0xFC, 0x0F, 0xFC, 0x1F,
    0x9E, 0x39, 0xBE, 0x33, 0xB0, 0x73, 0x30, 0x63, 0x70, 0xE7, 0x60, 0xE6, 0x60, 0xE6, 0x60, 0xC6,
    0xC0, 0xCC, 0xC0, 0xEC, 0xC0, 0xED, 0xC3, 0x7D, 0x87, 0x79, 0x8E, 0x3F, 0xFC, 0x3F, 0xF8, 0x37,
    0xC0, 0x37, 0x00, 0x32, 0x00, 0x03, 0xF8, 0x0F, 0xFC, 0x1E, 0x1E, 0x38, 0x06, 0x30, 0x00, 0x70,
    0x00, 0x60, 0x00, 0xE1, 0xBE, 0xE1, 0xFF, 0xE1, 0xE3, 0xC1, 0xC0, 0xE1, 0xC0, 0xE1, 0x80, 0xE1,
    0x83, 0x71, 0x87, 0x79, 0x8E, 0x3F, 0xFC, 0x1F, 0xF8, 0x07, 0xC0, 0x3F, 0xFC, 0xFF, 0xF3, 0xF0,
    0x0E, 0x00, 0x38, 0x00, 0xE0, 0x03, 0x80, 0x0F, 0xFE, 0x3F, 0xF8, 0xE0, 0x03, 0x80, 0x0E, 0x00,
    0xFF, 0xC3, 0xFF, 0x03, 0x80, 0x0E, 0x00, 0x38, 0x00, 0xE0, 0x00, 0x00, 0x00, 0x01, 0xF8, 0x03,
    0xFF, 0x01, 0xC3, 0x81, 0xC0, 0xC0, 0xE0, 0x00, 0x60, 0x01, 0xFF, 0xE0, 0xFF, 0xF0, 0x0E, 0x00,
    0x07, 0x00, 0x1F, 0xFE, 0x0F, 0xFF, 0x00, 0xE0, 0x00, 0x70, 0x00, 0x30, 0x00, 0x18, 0x00, 0x3F,
    0xF3, 0xBF, 0xFF, 0xD8, 0x0F, 0x80, 0x00, 0x10, 0x00, 0x0C, 0x00, 0x0E, 0x00, 0x06, 0x00, 0x03,
    0x07, 0xFB, 0xF3, 0xFF, 0xFD, 0xE3, 0xC6, 0xE1, 0xC3, 0xF0, 0xE1, 0xF8, 0x70, 0xFC, 0x38, 0x7E,
    0x1C, 0x3F, 0x1E, 0x1F, 0x8F, 0x0F, 0xC7, 0x87, 0xE7, 0xC3, 0xA3, 0x40, 0x83, 0x80, 0x01, 0x80,
    0x00, 0x40, 0x00, 0x38, 0x03, 0x07, 0x80, 0x60, 0xF0, 0x0C, 0x1F, 0x01, 0x83, 0xE0, 0x30, 0x7E,
    0x06, 0x3F, 0xFF, 0xFF, 0xFF, 0xFF, 0x39, 0xC3, 0x07, 0x1C, 0x63, 0xFF, 0xFF, 0xFF, 0xFF, 0xF3,
    0x83, 0xB0, 0x70, 0x76, 0x0E, 0x07, 0xC1, 0xC0, 0x78, 0x38, 0x0F, 0x07, 0x00, 0xE0, 0x40, 0x08,
    0x00, 0x3F, 0xE0, 0x03, 0xFF, 0xE0, 0x07, 0x03, 0x9C, 0x1C, 0x07, 0x70, 0x70, 0x1D, 0xC1, 0xC0,
    0x77, 0x47, 0x03, 0xFF, 0x9C, 0x1F, 0xFE, 0x7F, 0xF1, 0xC1, 0xFF, 0x07, 0x07, 0x00, 0x1C, 0x1C,
    0x00, 0x70, 0x70, 0x01, 0xC1, 0xC0, 0x07, 0x07, 0x00, 0x1C, 0x1C, 0x00, 0x71, 0x70, 0x01, 0xFD,
    0xC0, 0x03, 0xE2, 0x00, 0x06, 0x00, 0x3F, 0xC0, 0x00, 0x7F, 0xF8, 0x00, 0x1C, 0x1E, 0x00, 0x0E,
    0x07, 0x00, 0x07, 0x01, 0x80, 0x03, 0x81, 0xC0, 0x01, 0xC0, 0xE1, 0xFC, 0xE1, 0xE1, 0xFE, 0x7F,
    0xE1, 0xC1, 0x3F, 0xC0, 0xE0, 0x1F, 0x80, 0x3C, 0x0E, 0xE0, 0x1F, 0xC7, 0x38, 0x01, 0xF3, 0x8E,
    0x00, 0x1D, 0xC3, 0x80, 0x06, 0xE0, 0xE3, 0x03, 0x70, 0x39, 0xE7, 0xB8, 0x0F, 0x7F, 0x88, 0x01,
    0x8F, 0x00, 0x60, 0x10, 0x06, 0x70, 0x38, 0x0E, 0x70, 0x3C, 0x0E, 0x30, 0x3C, 0x0C, 0x38, 0x3C,
    0x1C, 0x38, 0x7E, 0x1C, 0x7F, 0xFF, 0xFE, 0x7F, 0xFF, 0xFE, 0x1C, 0xE6, 0x38, 0x1C, 0xE7, 0x30,
    0x7F, 0xFF, 0xFE, 0xFF, 0xFF, 0xFE, 0x0F, 0xC3, 0x60, 0x0F, 0x83, 0xE0, 0x07, 0x83, 0xE0, 0x07,
    0x81, 0xE0, 0x07, 0x81, 0xC0, 0x03, 0x01, 0xC0, 0x03, 0x00, 0xC0, 0xFF, 0xC7, 0xFF, 0xE7, 0xE0,
    0xE7, 0xE0, 0x67, 0xE6, 0x67, 0xE6, 0x67, 0xE6, 0x67, 0xE6, 0x67, 0xE6, 0x67, 0xE6, 0x67, 0xE6,
    0x67, 0xE6, 0x07, 0xE6, 0x1F, 0xE7, 0xFE, 0xE7, 0xFC, 0x00, 0x30, 0x00, 0xC0, 0x3F, 0xC0, 0xFF,
    0x00, 0x38, 0x00, 0xC0, 0x7F, 0x07, 0xFC, 0x1C, 0x30, 0xE0, 0xC3, 0x03, 0x1C, 0x0C, 0x70, 0x31,
    0x81, 0xC7, 0x07, 0x9C, 0x3E, 0x3B, 0xF8, 0xFE, 0x60, 0xE0, 0x00, 0x00, 0x7F, 0xFF, 0xFF, 0xF0,
    0x00, 0x00, 0x07, 0xF8, 0x7F, 0x87, 0xCC, 0x38, 0x03, 0x80, 0x7F, 0xF3, 0xFF, 0x87, 0x00, 0x38,
    0x07, 0xFE, 0x3F, 0xF0, 0x70, 0x03, 0xC0, 0x0E, 0x00, 0x7C, 0x61, 0xFF, 0x07, 0xF8, 0x30, 0x0C,
    0x38, 0x1C, 0x38, 0x38, 0x38, 0x70, 0x38, 0xE0, 0x39, 0xC0, 0x3F, 0x80, 0x7F, 0xF8, 0xFF, 0xF8,
    0x3F, 0x00, 0x3B, 0x80, 0x39, 0xC0, 0x38, 0xE0, 0x38, 0x70, 0x38, 0x38, 0x38, 0x1C, 0x38, 0x1E,
    0x38, 0x0F, 0x10, 0x00, 0xFF, 0xFF, 0xFF, 0xC1, 0xC0, 0x0E, 0x00, 0x70, 0x03, 0xF0, 0x1F, 0x83,
    0xF0, 0x7F, 0x03, 0xF8, 0x01, 0xF8, 0x0F, 0xC1, 0xF8, 0x3F, 0x81, 0xFC, 0x00, 0xE0, 0x07, 0x00,
    0x7F, 0x00, 0x00, 0x7F, 0xE0, 0x00, 0x18, 0x78, 0x00, 0x0C, 0x0E, 0x00, 0x06, 0x07, 0x00, 0x03,
    0x01, 0x80, 0x01, 0x80, 0xE3, 0xF0, 0xC0, 0x73, 0xFC, 0x60, 0x3B, 0x87, 0x30, 0x1D, 0x81, 0x98,
    0x0F, 0xC0, 0xEC, 0x06, 0xE0, 0x76, 0x03, 0x70, 0x3B, 0x03, 0xB8, 0x1D, 0x83, 0x9C, 0x0E, 0xC3,
    0xCE, 0x0E, 0x7F, 0xC7, 0xFF, 0x7F, 0x83, 0xFF, 0x1C, 0x01, 0xDE, 0x00, 0x00, 0xE0, 0x00, 0x00,
    0x60, 0x00, 0x00, 0x30, 0x00, 0x00, 0x18, 0x00, 0x00, 0x00, 0x07, 0xE0, 0x3F, 0xC0, 0xE7, 0x03,
    0x9C, 0x0E, 0x70, 0x19, 0x80, 0x7E, 0x01, 0xF8, 0x03, 0xC0, 0x0F, 0x00, 0x3C, 0x08, 0x60, 0x73,
    0xC3, 0xCF, 0x0F, 0xBC, 0x37, 0xF9, 0xDE, 0xE6, 0x39, 0x98, 0xC6, 0x00, 0x1C, 0x00, 0x70, 0x0F,
    0xC0, 0x3E, 0x00, 0x60, 0x1F, 0xF0, 0x7F, 0xF8, 0x38, 0x3C, 0xFF, 0xFF, 0xFF, 0xFF, 0x38, 0x0E,
    0xFF, 0xFF, 0xFF, 0xFF, 0x38, 0x3C, 0x3F, 0xF8, 0x3F, 0xE0, 0x38, 0x00, 0x38, 0x00, 0x38, 0x00,
    0x38, 0x00, 0x38, 0x00, 0x38, 0x00, 0x38, 0x00, 0x10, 0x00, 0x00, 0x80, 0x00, 0xE0, 0x00, 0xFE,
    0x01, 0xFF, 0x81, 0xFC, 0xE1, 0xCE, 0x30, 0xE7, 0x00, 0xE3, 0x80, 0x61, 0xC0, 0x70, 0xE0, 0x38,
    0x73, 0x9C, 0x3F, 0xEE, 0x1F, 0xF7, 0x0E, 0x1B, 0x87, 0x0D, 0xC3, 0x8E, 0x61, 0xC7, 0x38, 0xEF,
    0x8F, 0xFF, 0xC3, 0xFE, 0x60, 0x3C, 0x00, 0x0E, 0x00, 0x07, 0x00, 0x00, 0x00, 0x00, 0x60, 0x00,
    0x1C, 0x00, 0x03, 0xC0, 0x00, 0x78, 0x00, 0x1F, 0x00, 0x03, 0x30, 0x1F, 0xFF, 0xFB, 0xFF, 0xFF,
    0x07, 0x0C, 0x00, 0xC1, 0xC1, 0xFF, 0xFF, 0x3F, 0xFF, 0xF1, 0xC0, 0x30, 0x30, 0x06, 0x0E, 0x00,
    0xE1, 0x80, 0x0C, 0x70, 0x01, 0xCE, 0x00, 0x1C, 0x00, 0x02, 0x00, 0x1F, 0xC0, 0x7F, 0xC1, 0x8F,
    0x00, 0x1C, 0x00, 0x71, 0xFF, 0xF7, 0xFF, 0xC0, 0xF8, 0x07, 0xC0, 0x7C, 0x07, 0xFF, 0xDF, 0xFF,
    0x38, 0x00, 0xE0, 0x03, 0xC7, 0x0F, 0xFE, 0x0F, 0xF0, 0x00, 0x80, 0x01, 0xC0, 0x03, 0xF8, 0x0F,
    0xFC, 0x1F, 0xDE, 0x39, 0xC6, 0x31, 0xC0, 0x71, 0xC0, 0x61, 0xC0, 0xE1, 0xC0, 0xE1, 0xC0, 0xE1,
    0xC0, 0xC1, 0xC0, 0xE1, 0xC0, 0xE1, 0xC0, 0xE1, 0xC3, 0x71, 0xC7, 0x79, 0xCE, 0x3F, 0xFC, 0x1F,
    0xF8, 0x07, 0xC0, 0x01, 0xC0, 0x01, 0xC0, 0x00, 0x00, 0x00, 0x00, 0x31, 0xC0, 0x63, 0x80, 0xC7,
    0x01, 0x8E, 0x9F, 0xFF, 0xBF, 0xFF, 0x0C, 0x70, 0x18, 0xE0, 0x31, 0xC0, 0x63, 0x80, 0xC7, 0x01,
    0x8E, 0x03, 0x1C, 0x06, 0x39, 0x8C, 0x7F, 0x18, 0x7C, 0x10, 0x60, 0x0F, 0xE0, 0x7F, 0xC3, 0xC7,
    0x9C, 0x06, 0x70, 0x01, 0xC0, 0x07, 0x80, 0x0F, 0xC0, 0x0F, 0xE0, 0x07, 0xC0, 0x03, 0xBF, 0x87,
    0xFE, 0x1F, 0x6C, 0x7D, 0xB1, 0xFE, 0xCE, 0xFF, 0xFB, 0xFF, 0xCD, 0xF8, 0x36, 0xC0, 0x1F, 0xFD,
    0xFF, 0xFB, 0xFC, 0x00, 0x00, 0x00, 0x00, 0xDF, 0xFF, 0xBF, 0xFF, 0x01, 0x80, 0x03, 0x00, 0x06,
    0x00, 0x0C, 0x00, 0x18, 0x00, 0x30, 0x00, 0x60, 0x00, 0xC0, 0x01, 0x80, 0x03, 0x00, 0x07, 0x00,
    0x04, 0x00, 0xFF, 0xFF, 0xFF, 0xC0, 0xF0, 0x03, 0x8F, 0xFF, 0x7F, 0xF8, 0x07, 0x00, 0xF8, 0xFF,
    0x87, 0xF0, 0x1E, 0x00, 0x78, 0x01, 0xC0, 0x07, 0x00, 0x3C, 0x00, 0xF0, 0x03, 0xC0, 0x0C, 0x00,
    0x38, 0x00, 0x30, 0x00, 0x60, 0x00, 0xCE, 0x01, 0xFC, 0x1F, 0xE0, 0x7E, 0x00, 0x4C, 0x66, 0x1F,
    0xCC, 0xFF, 0x1F, 0xF0, 0x77, 0xC0, 0xE1, 0x83, 0x83, 0x0F, 0x06, 0x3C, 0x1F, 0xF0, 0x1F, 0x80,
    0x18, 0x00, 0x7C, 0x00, 0x0F, 0xC0, 0x03, 0x98, 0x00, 0x73, 0x00, 0x07, 0xFF, 0xC0, 0xFF, 0xFF,
    0x07, 0xFF, 0xF0, 0x30, 0x07, 0x06, 0x00, 0x60, 0xCD, 0x8C, 0x1F, 0xF9, 0x83, 0xFF, 0xF0, 0x73,
    0x1C, 0x1E, 0x00, 0x07, 0xC0, 0x00, 0xDC, 0x00, 0x01, 0xFF, 0x80, 0x1F, 0xF0, 0x00, 0x60, 0x00,
    0x03, 0x80, 0x07, 0x00, 0x0E, 0x00, 0x1C, 0x00, 0x38, 0x01, 0xFE, 0x0F, 0xFE, 0x3D, 0xDE, 0x73,
    0x8D, 0xC7, 0x1F, 0x8E, 0x3F, 0x1C, 0x7E, 0x38, 0xFC, 0x71, 0xF8, 0xE3, 0xF1, 0xC7, 0xE3, 0x8F,
    0xC0, 0x1D, 0x00, 0x10, 0x3F, 0xE3, 0xFF, 0xE7, 0x03, 0x9C, 0x07, 0x70, 0x1D, 0xC0, 0x77, 0x03,
    0x9C, 0x1E, 0x7F, 0xF1, 0xFF, 0x07, 0x00, 0x1C, 0x00, 0xFF, 0x83, 0xFE, 0x07, 0x00, 0x1C, 0x00,
    0x70, 0x01, 0xC0, 0x02, 0x00, 0x00, 0x00, 0x00, 0x00, 0xDC, 0x00, 0x6E, 0x00, 0x3F, 0x80, 0x7F,
    0xE0, 0x7D, 0xF8, 0x76, 0xE8, 0x73, 0x70, 0x31, 0xB8, 0x38, 0xDC, 0x1C, 0x6E, 0x0E, 0x37, 0x06,
    0x19, 0x03, 0x00, 0x01, 0xC0, 0x00, 0xE0, 0x00, 0x30, 0x00, 0x1C, 0x00, 0x07, 0x80, 0x1F, 0xFF,
    0xF7, 0xFF, 0xF8, 0x00, 0x00, 0x1C, 0xC0, 0x73, 0x07, 0xFC, 0x3F, 0xFC, 0x70, 0x79, 0xC0, 0xE7,
    0x03, 0x9C, 0x0E, 0x70, 0x71, 0xFF, 0x87, 0xFF, 0x1F, 0x3E, 0x70, 0x1D, 0xC0, 0x37, 0x00, 0xDC,
    0x03, 0x70, 0x1D, 0xC0, 0xF7, 0x3F, 0xBF, 0xF8, 0x3E, 0xC0, 0x73, 0x01, 0xCC, 0x00, 0x00, 0x00,
    0x00, 0xFC, 0x3F, 0xC3, 0x80, 0x70, 0x06, 0x00, 0xE0, 0x0E, 0x00, 0xE0, 0x0E, 0x00, 0x60, 0x07,
    0x9E, 0x3F, 0xE0, 0xF8, 0xFF, 0xFF, 0xFF, 0x00, 0x00, 0x00, 0x0E, 0x00, 0x00, 0x73, 0x00, 0x03,
    0x98, 0x00, 0x1C, 0xC0, 0x00, 0xE6, 0x00, 0x07, 0x30, 0x00, 0x39, 0x80, 0x01, 0xCC, 0x00, 0x0E,
    0x67, 0x80, 0x77, 0xFC, 0x03, 0xFF, 0x83, 0xFF, 0xC0, 0x3F, 0xE6, 0x01, 0xC7, 0x37, 0xC0, 0x39,
    0xFE, 0x01, 0xCF, 0x80, 0xFC, 0x00, 0x3F, 0xE0, 0x0D, 0xF0, 0x07, 0xE0, 0x00, 0xFF, 0x00, 0x07,
    0x00, 0x02, 0x00, 0x00, 0x1C, 0x00, 0x00, 0x78, 0x00, 0x03, 0xC0, 0x00, 0x0F, 0xFF, 0xFF, 0xFF,
    0xFF, 0xFF, 0xCF, 0x00, 0x00, 0x07, 0x00, 0x00, 0x06, 0x00, 0x00, 0x00, 0x00, 0x00, 0x02, 0x00,
    0x00, 0x1C, 0x00, 0x00, 0x78, 0x00, 0x03, 0xC0, 0x00, 0x0F, 0xFF, 0xFF, 0xFF, 0xFF, 0xFF, 0xCF,
    0x00, 0x00, 0x07, 0x00, 0x00, 0x06, 0x00, 0x00, 0x00, 0x00, 0x00, 0x08, 0x0E, 0x07, 0x07, 0xC7,
    0xF3, 0xFB, 0xFF, 0xBB, 0x1C, 0x0E, 0x07, 0x03, 0x81, 0xC0, 0xE0, 0x70, 0x38, 0x1C, 0x0E, 0x07,
    0x03, 0x81, 0xC0, 0xE0, 0x20, 0x00, 0x00, 0x80, 0x00, 0x01, 0xC0, 0x00, 0x03, 0xC0, 0x00, 0x01,
    0xEF, 0xFF, 0xFF, 0xFF, 0xFF, 0xFF, 0xC0, 0x00, 0x1E, 0x00, 0x00, 0x70, 0x00, 0x00, 0xC0, 0x00,
    0x00, 0x00, 0x08, 0x0E, 0x07, 0x03, 0x81, 0xC0, 0xE0, 0x70, 0x38, 0x1C, 0x0E, 0x07, 0x03, 0x81,
    0xC0, 0xE0, 0x70, 0x38, 0xDD, 0xFF, 0xDF, 0xC7, 0xC3, 0xE0, 0xE0, 0x20, 0x02, 0x00, 0x80, 0x0E,
    0x03, 0x80, 0x78, 0x03, 0xC1, 0xE0, 0x03, 0xC7, 0xFF, 0xFF, 0xCF, 0xFF, 0xFF, 0x8F, 0x00, 0x1E,
    0x07, 0x80, 0x70, 0x07, 0x01, 0xC0, 0x00, 0x00, 0x00, 0x08, 0x0E, 0x07, 0x07, 0xC7, 0xF3, 0xFF,
    0x76, 0x38, 0x1C, 0x0E, 0x07, 0x03, 0x81, 0xC0, 0xE0, 0x71, 0xBB, 0xFF, 0xBF, 0x8F, 0x87, 0xC1,
    0xC0, 0xE0, 0xF8, 0x00, 0x1F, 0xE0, 0x07, 0xF0, 0x01, 0xF0, 0x00, 0x6E, 0x00, 0x1D, 0xC0, 0x03,
    0x38, 0x00, 0xC7, 0x00, 0x00, 0xE0, 0x00, 0x1C, 0x00, 0x03, 0x80, 0x00, 0x70, 0x00, 0x0E, 0x00,
    0x01, 0xC0, 0x00, 0x38, 0x00, 0x06, 0x00, 0x00, 0x80, 0x00, 0x00, 0x00, 0x01, 0xE0, 0x07, 0xF8,
    0x01, 0xFE, 0x00, 0x0F, 0x80, 0x07, 0x60, 0x03, 0xB0, 0x01, 0xCC, 0x00, 0xE3, 0x00, 0x70, 0x00,
    0x38, 0x00, 0x1C, 0x00, 0x0E, 0x00, 0x07, 0x00, 0x03, 0x80, 0x01, 0xC0, 0x00, 0x60, 0x00, 0x10,
    0x00, 0x00, 0x60, 0x00, 0x1C, 0x00, 0x03, 0x80, 0x00, 0x70, 0x00, 0x0E, 0x00, 0x01, 0xC0, 0x00,
    0x38, 0x00, 0x07, 0x00, 0x00, 0xE0, 0x00, 0x1C, 0xC0, 0x03, 0xB8, 0x00, 0x76, 0x00, 0x0F, 0x80,
    0x01, 0xE0, 0x07, 0xF8, 0x00, 0xFF, 0x00, 0x01, 0x80, 0x00, 0x01, 0x80, 0x01, 0xC0, 0x01, 0xC0,
    0x01, 0xC0, 0x01, 0xC0, 0x01, 0xC0, 0x01, 0xC0, 0x01, 0xC0, 0x01, 0xC0, 0x31, 0xC0, 0x19, 0xC0,
    0x0D, 0xC0, 0x07, 0xC0, 0x07, 0xC0, 0x03, 0xFC, 0x01, 0xFE, 0x00, 0xC0, 0x00, 0x00, 0x00, 0x3F,
    0x80, 0x00, 0x7F, 0xE0, 0x01, 0xE0, 0xF0, 0x03, 0x80, 0x38, 0x07, 0x00, 0x1C, 0x06, 0x00, 0x0E,
    0x0E, 0x00, 0x06, 0x0C, 0x00, 0x06, 0x6D, 0x80, 0x06, 0x7F, 0x80, 0x07, 0x3F, 0x00, 0x03, 0x1E,
    0x00, 0x00, 0x1E, 0x00, 0x00, 0x0C, 0x00, 0x00, 0x00, 0x00, 0x00, 0x01, 0xFC, 0x00, 0x07, 0xFE,
    0x00, 0x0F, 0x07, 0x80, 0x1C, 0x01, 0xC0, 0x38, 0x00, 0xC0, 0x70, 0x00, 0x60, 0x60, 0x00, 0x70,
    0x60, 0x00, 0x30, 0x60, 0x01, 0xB6, 0xE0, 0x01, 0xFE, 0xE0, 0x00, 0xFC, 0x00, 0x00, 0x78, 0x00,
    0x00, 0x78, 0x00, 0x00, 0x30, 0x00, 0x00, 0x00, 0x03, 0xFF, 0xFF, 0xFF, 0xFF, 0xFF, 0xFF, 0xFE,
    0x00, 0x00, 0x03, 0xE0, 0x00, 0x0F, 0xF0, 0x00, 0x7F, 0x00, 0x03, 0xE0, 0x00, 0x1B, 0x80, 0x00,
    0xEE, 0x00, 0x03, 0x38, 0x00, 0x18, 0xE0, 0x00, 0x03, 0x80, 0x00, 0x0E, 0x00, 0x00, 0x38, 0x00,
    0x00, 0xE0, 0x00, 0x03, 0x80, 0x00, 0x0E, 0x00, 0x00, 0x38, 0x00, 0x00, 0xC0, 0x00, 0x02, 0x00,
    0x00, 0x00, 0x00, 0xC3, 0x80, 0x01, 0x8F, 0x00, 0x03, 0x78, 0x00, 0x07, 0xFF, 0xFF, 0xEF, 0xFF,
    0xFF, 0xDF, 0xC0, 0x00, 0x33, 0xE0, 0x00, 0xE1, 0xC0, 0x00, 0x81, 0x84, 0x08, 0x00, 0x1C, 0x30,
    0x00, 0x3E, 0x60, 0x00, 0x1E, 0xDF, 0xFF, 0xFF, 0xBF, 0xFF, 0xFF, 0x00, 0x00, 0xF6, 0x00, 0x07,
    0x8C, 0x00, 0x0E, 0x18, 0x00, 0x08, 0x10, 0x00, 0x00, 0x80, 0x00, 0x03, 0x80, 0x00, 0x03, 0xC0,
    0x00, 0x03, 0xEF, 0xFF, 0xFF, 0xFF, 0xFF, 0xFF, 0xC0, 0x00, 0x1F, 0x00, 0x00, 0x78, 0x00, 0x01,
    0xE0, 0x04, 0x01, 0x00, 0x3C, 0x00, 0x00, 0xF0, 0x00, 0x07, 0xC0, 0x00, 0x1F, 0xFF, 0xFF, 0xFF,
    0xFF, 0xFF, 0xBE, 0x00, 0x00, 0x1E, 0x00, 0x00, 0x0E, 0x00, 0x00, 0x08, 0x00, 0x00, 0x0C, 0x06,
    0x03, 0xC0, 0xC0, 0x78, 0x18, 0x1F, 0x83, 0x03, 0xF8, 0x60, 0xFF, 0x0C, 0x3B, 0x71, 0x82, 0x64,
    0x30, 0x0C, 0x06, 0x01, 0x80, 0xC0, 0x30, 0x18, 0x06, 0x03, 0x00, 0xC0, 0x60, 0x18, 0x0C, 0x03,
    0x01, 0x80, 0x61, 0x32, 0x0C, 0x76, 0xE1, 0x87, 0xF8, 0x30, 0xFE, 0x06, 0x0F, 0xC0, 0xC0, 0xF0,
    0x18, 0x1E, 0x03, 0x01, 0x80, 0x02, 0x00, 0x00, 0x0E, 0x00, 0x00, 0x78, 0x00, 0x03, 0xE0, 0x00,
    0x0F, 0xFF, 0xFF, 0xFF, 0xFF, 0xFF, 0xDF, 0x00, 0x00, 0x0F, 0x00, 0x00, 0x0F, 0x00, 0x00, 0x04,
    0x01, 0x00, 0x00, 0x07, 0x80, 0x00, 0x07, 0x80, 0x00, 0x07, 0xDF, 0xFF, 0xFF, 0xFF, 0xFF, 0xFF,
    0x80, 0x00, 0x3E, 0x00, 0x00, 0xF0, 0x00, 0x03, 0x80, 0x00, 0x02, 0x00, 0x02, 0x00, 0x00, 0x0E,
    0x00, 0x00, 0x38, 0x00, 0x01, 0xE0, 0x00, 0x0F, 0xFF, 0xFF, 0xFF, 0xFF, 0xFF, 0xC0, 0x00, 0x00,
    0x00, 0x00, 0x00, 0x00, 0x00, 0x00, 0x00, 0x00, 0x00, 0x00, 0x00, 0x00, 0x00, 0x00, 0x00, 0x00,
    0x00, 0x1F, 0xFF, 0xFF, 0xFF, 0xFF, 0xFF, 0x80, 0x00, 0x3C, 0x00, 0x00, 0xE0, 0x00, 0x03, 0x80,
    0x00, 0x00, 0x00, 0x00, 0x00, 0x80, 0x00, 0x03, 0x80, 0x00, 0x03, 0x80, 0x00, 0x03, 0xCF, 0xFF,
    0xFF, 0xFF, 0xFF, 0xFF, 0xC0, 0x00, 0x00, 0x00, 0x00, 0x00, 0x00, 0x00, 0x00, 0x00, 0x00, 0x00,
    0x00, 0x00, 0x00, 0x00, 0x00, 0x00, 0x00, 0x00, 0x1F, 0xFF, 0xFF, 0xFF, 0xFF, 0xFF, 0x9E, 0x00,
    0x00, 0x0E, 0x00, 0x00, 0x0E, 0x00, 0x00, 0x00, 0x00, 0x00, 0x00, 0x80, 0xC0, 0x03, 0x01, 0x80,
    0x0E, 0x03, 0x00, 0x38, 0x0E, 0x00, 0xFF, 0xFF, 0xE3, 0xFF, 0xFF, 0xCE, 0x00, 0xE0, 0x38, 0x01,
    0x80, 0xE0, 0x07, 0x01, 0xC0, 0x0E, 0x01, 0xC0, 0x18, 0x01, 0xFF, 0xFF, 0xF1, 0xFF, 0xFF, 0xE1,
    0xFF, 0xFF, 0x81, 0xC7, 0x00, 0x01, 0xCE, 0x00, 0x01, 0x98, 0x00, 0x00, 0x70, 0x00, 0x00, 0x40,
    0x00, 0x00, 0x04, 0x00, 0x03, 0x1E, 0x00, 0x0E, 0x3E, 0x00, 0x38, 0x6E, 0x00, 0xFF, 0xFE, 0x03,
    0xFF, 0xFE, 0x0E, 0x06, 0x0E, 0x38, 0x1C, 0x0E, 0xE0, 0x30, 0x0E, 0xE0, 0x60, 0x38, 0xE1, 0xC0,
    0xF0, 0xE3, 0x03, 0xC0, 0xFF, 0xFF, 0x00, 0xFF, 0xFC, 0x00, 0xF0, 0xF0, 0x00, 0xE1, 0xC0, 0x01,
    0xC3, 0x00, 0x03, 0x00, 0x00, 0x02, 0x00, 0x00, 0x00, 0x66, 0x00, 0x00, 0xCE, 0x00, 0x01, 0x8E,
    0x00, 0x07, 0x0E, 0x07, 0xFF, 0xFE, 0x0F, 0xFF, 0xFE, 0x00, 0x70, 0x0E, 0x00, 0xC0, 0x0E, 0x01,
    0x80, 0x0E, 0x07, 0x00, 0x3C, 0x0C, 0x00, 0xF3, 0xFF, 0xFF, 0xC7, 0xFF, 0xFF, 0x0F, 0xFF, 0xFC,
    0x03, 0x80, 0xF0, 0x07, 0x03, 0xC0, 0x0C, 0x07, 0x00, 0x38, 0x00, 0x00, 0x20, 0x00, 0x00, 0x00,
    0x80, 0x00, 0x03, 0x00, 0x00, 0x0E, 0x00, 0x00, 0x38, 0x00, 0x00, 0xFF, 0xFF, 0xE3, 0xFF, 0xFF,
    0xCE, 0x00, 0x00, 0x38, 0x00, 0x00, 0xE0, 0x00, 0x01, 0xC0, 0x00, 0x01, 0xC0, 0x00, 0x01, 0xFF,
    0xFF, 0xF1, 0xFF, 0xFF, 0xE1, 0xFF, 0xFF, 0x81, 0xC0, 0x00, 0x01, 0xC0, 0x00, 0x01, 0x80, 0x00,
    0x00, 0x00, 0x00, 0x00, 0x06, 0x00, 0x00, 0x0E, 0x00, 0x00, 0x0E, 0x00, 0x00, 0x0E, 0x07, 0xFF,
    0xFE, 0x0F, 0xFF, 0xFE, 0x00, 0x00, 0x0E, 0x00, 0x00, 0x0E, 0x00, 0x00, 0x0E, 0x00, 0x00, 0x3C,
    0x00, 0x00, 0xF3, 0xFF, 0xFF, 0xC7, 0xFF, 0xFF, 0x0F, 0xFF, 0xFC, 0x00, 0x00, 0xF0, 0x00, 0x03,
    0xC0, 0x00, 0x07, 0x00, 0x00, 0x00, 0x00, 0x01, 0x83, 0x00, 0x07, 0x07, 0x00, 0x1C, 0x07, 0x00,
    0x7F, 0xFF, 0x01, 0xFF, 0xFF, 0x07, 0x00, 0x07, 0x1C, 0x00, 0x07, 0x70, 0x00, 0x07, 0x70, 0x00,
    0x1C, 0x70, 0x00, 0x78, 0x70, 0x01, 0xE0, 0x7F, 0xFF, 0x80, 0x7F, 0xFE, 0x00, 0x70, 0x78, 0x00,
    0x60, 0xE0, 0x00, 0x41, 0x80, 0x00, 0x00, 0x00, 0x03, 0x00, 0x00, 0x1C, 0x00, 0x00, 0xF0, 0x00,
    0x0E, 0xC0, 0x00, 0x73, 0xFF, 0xF3, 0x8F, 0xFF, 0xDC, 0x00, 0x03, 0xE0, 0x00, 0x0D, 0xC0, 0x00,
    0x33, 0x8F, 0xFF, 0xC7, 0x3F, 0xFF, 0x0E, 0xC0, 0x00, 0x1F, 0x00, 0x00, 0x1C, 0x00, 0x00, 0x30,
    0x00, 0x00, 0x00, 0x00, 0x00, 0x80, 0x00, 0xE0, 0x00, 0xF8, 0x00, 0xEE, 0x00, 0xE3, 0x80, 0xE0,
    0xC0, 0x60, 0x30, 0x60, 0x0C, 0x7E, 0x3F, 0x3F, 0x1F, 0x81, 0x8C, 0x00, 0xC6, 0x00, 0x63, 0x00,
    0x31, 0x80, 0x18, 0xC0, 0x0C, 0x60, 0x06, 0x30, 0x03, 0x18, 0x01, 0x8C, 0x00, 0xC6, 0x00, 0x7F,
    0x00, 0x3F, 0x80, 0x00, 0x00, 0x00, 0x00, 0x30, 0x00, 0x00, 0xE0, 0x00, 0x03, 0xE0, 0x00, 0x0D,
    0xC3, 0xFF, 0xF3, 0x8F, 0xFF, 0xC7, 0x30, 0x00, 0x0E, 0xC0, 0x00, 0x0F, 0x00, 0x00, 0xEF, 0xFF,
    0xC7, 0x3F, 0xFF, 0x38, 0x00, 0x0D, 0xC0, 0x00, 0x3E, 0x00, 0x00, 0xE0, 0x00, 0x03, 0x00, 0x00,
    0x00, 0x00, 0x07, 0xF0, 0x03, 0xF8, 0x01, 0x8C, 0x00, 0xC6, 0x00, 0x63, 0x00, 0x31, 0x80, 0x18,
    0xC0, 0x0C, 0x60, 0x06, 0x30, 0x03, 0x18, 0x01, 0x8C, 0x00, 0xC6, 0x07, 0xE3, 0xF3, 0xF1, 0xF8,
    0xC0, 0x18, 0x30, 0x18, 0x1C, 0x18, 0x07, 0x1C, 0x01, 0xDC, 0x00, 0x7C, 0x00, 0x1C, 0x00, 0x04,
    0x00, 0x00, 0x80, 0x00, 0xE0, 0x00, 0xF8, 0x00, 0xEE, 0x00, 0xE3, 0x80, 0xE0, 0xC0, 0x60, 0x30,
    0x60, 0x0C, 0x7E, 0x3F, 0x3F, 0x1F, 0x81, 0x8C, 0x00, 0xC6, 0x00, 0x63, 0x00, 0x3F, 0x80, 0x1F,
    0xC0, 0x00, 0x00, 0x07, 0xF0, 0x03, 0xF8, 0x01, 0x8C, 0x00, 0xC6, 0x00, 0x7F, 0x00, 0x3F, 0x80,
    0x0C, 0x06, 0x01, 0x81, 0xE0, 0x30, 0x3C, 0x06, 0x0F, 0xC0, 0xC3, 0xF8, 0x18, 0x7F, 0x83, 0x1D,
    0xB8, 0x61, 0x32, 0x0C, 0x06, 0x01, 0x80, 0xC0, 0x30, 0x18, 0x06, 0x03, 0x00, 0xC0, 0x60, 0x18,
    0x0C, 0x03, 0x01, 0x82, 0x64, 0x30, 0xED, 0xC6, 0x0F, 0xF0, 0xC0, 0xFE, 0x18, 0x1F, 0x83, 0x01,
    0xE0, 0x60, 0x3C, 0x0C, 0x03, 0x01, 0x80, 0xC0, 0x00, 0x78, 0x00, 0x0F, 0x80, 0x03, 0x30, 0x00,
    0x67, 0x00, 0x18, 0x7F, 0xFF, 0x07, 0xFF, 0xC0, 0xE0, 0x38, 0x0C, 0x06, 0x01, 0x80, 0xC0, 0x18,
    0x30, 0x03, 0x8E, 0x00, 0x31, 0x80, 0x07, 0x70, 0x00, 0x6C, 0x00, 0x0F, 0x80, 0x00, 0xE0, 0x00,
    0x1C, 0x00, 0x01, 0x00, 0x00, 0x00, 0x0F, 0xC7, 0xF9, 0x87, 0x60, 0xD8, 0x36, 0x01, 0x80, 0x60,
    0x18, 0x06, 0x01, 0x80, 0x60, 0x18, 0x06, 0x0D, 0x87, 0x71, 0xCF, 0xE1, 0xF0, 0x7F, 0x83, 0xFE,
    0x18, 0xF8, 0x01, 0xE0, 0x07, 0x00, 0x38, 0x01, 0xC3, 0xFF, 0x3F, 0xFB, 0xE7, 0xFC, 0x1F, 0xC0,
    0xFE, 0x07, 0x70, 0x3B, 0x81, 0xDC, 0x1C, 0xFB, 0xE3, 0xFE, 0x0F, 0xE0, 0x7F, 0xFD, 0xFF, 0xFC,
    0x00, 0x18, 0x00, 0x30, 0x00, 0x60, 0x00, 0xC0, 0x01, 0x80, 0x03, 0xFF, 0xFE, 0xFF, 0xFC, 0x00,
    0x18, 0x00, 0x30, 0x00, 0x60, 0x00, 0xC0, 0x01, 0xBF, 0xFF, 0xFF, 0xFE, 0xFF, 0xF8, 0x00, 0x20,
    0x00, 0x60, 0x01, 0xC3, 0xFF, 0xEF, 0xFF, 0xE0, 0x1C, 0xC0, 0x31, 0x80, 0x63, 0x00, 0xC6, 0x03,
    0x0C, 0x06, 0x1F, 0xFF, 0xF7, 0xFF, 0xE0, 0x60, 0xC0, 0xC1, 0x83, 0x83, 0x06, 0x06, 0x0C, 0x0D,
    0xFF, 0xFF, 0xFF, 0xF7, 0xFF, 0xC1, 0x80, 0x07, 0x00, 0x00, 0x00, 0x03, 0xF8, 0x01, 0xFF, 0xDC,
    0x78, 0x3F, 0x1C, 0x01, 0xC7, 0x00, 0x7C, 0xC0, 0x1D, 0xB0, 0x07, 0x3E, 0x01, 0xC3, 0xC0, 0x70,
    0x78, 0x1C, 0x0F, 0x07, 0x01, 0xE1, 0xC0, 0x3C, 0x70, 0x07, 0xDC, 0x01, 0xDF, 0x00, 0x31, 0xC0,
    0x0C, 0x7C, 0x07, 0x9F, 0xFF, 0xC1, 0x1F, 0xF0, 0x00, 0x20, 0x00, 0x03, 0xC0, 0x01, 0xE0, 0x01,
    0xF8, 0x00, 0xFC, 0x00, 0x67, 0x00, 0x73, 0x80, 0x38, 0xE0, 0x38, 0x70, 0x1C, 0x38, 0x1C, 0x0E,
    0x0E, 0x07, 0x07, 0x03, 0xC7, 0x00, 0xE3, 0x80, 0x71, 0xC0, 0x3D, 0xFF, 0xFE, 0xFF, 0xFF, 0x00,
    0x7F, 0xFF, 0x3F, 0xFF, 0xDC, 0x00, 0xCE, 0x00, 0x63, 0x80, 0x61, 0xC0, 0x30, 0x70, 0x30, 0x38,
    0x18, 0x0E, 0x18, 0x07, 0x0C, 0x01, 0x8C, 0x00, 0xE6, 0x00, 0x33, 0x00, 0x1F, 0x00, 0x0F, 0x80,
    0x03, 0x80, 0x01, 0xC0, 0x00, 0x40, 0x00, 0x07, 0xFF, 0x8F, 0xFF, 0xCF, 0xFF, 0xCE, 0x00, 0x0E,
    0x00, 0x07, 0x00, 0x03, 0x00, 0x01, 0xFF, 0xFF, 0xFF, 0xFF, 0xE0, 0x00, 0x38, 0x00, 0x0C, 0x00,
    0x07, 0x80, 0x01, 0xFF, 0xFC, 0x7F, 0xFE, 0x03, 0xFE, 0x00, 0x00, 0x00, 0x0E, 0x00, 0x07, 0x00,
    0xFF, 0xF1, 0xFF, 0xF9, 0xFF, 0xF9, 0xC0, 0xC1, 0xC0, 0xE0, 0xE0, 0x60, 0x60, 0x30, 0x3F, 0xFF,
    0xFF, 0xFF, 0xFC, 0x0C, 0x07, 0x0E, 0x01, 0x86, 0x00, 0xF3, 0x00, 0x3F, 0xFF, 0x8F, 0xFF, 0xC0,
    0xFF, 0xC0, 0xE0, 0x00, 0x60, 0x00, 0x10, 0x00, 0x00, 0x00, 0xFC, 0x3F, 0xE7, 0x87, 0x70, 0x36,
    0x00, 0xFF, 0xCF, 0xFC, 0xFF, 0x86, 0x00, 0x70, 0x17, 0x83, 0x3F, 0xE1, 0xFC, 0x00, 0x00, 0x7F,
    0xF0, 0x7F, 0xFE, 0x1F, 0xFF, 0x80, 0x00, 0xE0, 0x00, 0x38, 0x00, 0x1C, 0x00, 0x07, 0xFF, 0xFF,
    0xFF, 0xFF, 0x80, 0x00, 0xC0, 0x00, 0xE0, 0x00, 0x60, 0x00, 0x73, 0xFF, 0xF3, 0xFF, 0xF0, 0xFF,
    0x80, 0x00, 0x00, 0x00, 0x18, 0x00, 0x0C, 0x0F, 0xFE, 0x0F, 0xFF, 0xC3, 0xFF, 0xF0, 0x03, 0x9C,
    0x01, 0xC7, 0x00, 0xC3, 0x80, 0xE0, 0xFF, 0xFF, 0xFF, 0xFF, 0xF0, 0x38, 0x18, 0x18, 0x1C, 0x0C,
    0x0C, 0x0E, 0x0E, 0x7F, 0xFE, 0x7F, 0xFE, 0x1F, 0xF0, 0x01, 0x80, 0x00, 0xC0, 0x00, 0x40, 0x00,
    0x00, 0x03, 0xF8, 0x7F, 0xC6, 0x0E, 0x40, 0x70, 0x07, 0x1F, 0xF1, 0xFF, 0x1F, 0xF0, 0x07, 0x40,
    0x7E, 0x0E, 0x7F, 0xC3, 0xF8, 0x00, 0x00, 0xFF, 0xFF, 0xFF, 0xFE, 0x03, 0xF8, 0x0F, 0xE0, 0x3F,
    0x80, 0xFE, 0x03, 0xF8, 0x0F, 0xE0, 0x3F, 0x80, 0xFE, 0x03, 0xF8, 0x0F, 0xE0, 0x3F, 0x80, 0xFE,
    0x03, 0xF8, 0x0F, 0xE0, 0x3F, 0x80, 0xFE, 0x03, 0xF8, 0x0F, 0xFF, 0xFF, 0xFF, 0xDC, 0x00, 0x70,
    0x03, 0xC0, 0x0E, 0x00, 0x38, 0x01, 0xE0, 0x07, 0x80, 0x1C, 0x01, 0xE0, 0x1E, 0x00, 0xE0, 0x0F,
    0x00, 0xF0, 0x07, 0x00, 0x78, 0x03, 0x80, 0x3F, 0xFF, 0xFF, 0xF0, 0xFF, 0xFF, 0xFF, 0xFF, 0xFF,
    0xFF, 0xFF, 0xC0, 0x00, 0x00, 0x00, 0x00, 0x1C, 0x00, 0x0E, 0x00, 0x07, 0x00, 0x03, 0x80, 0x01,
    0xC0, 0x7F, 0xFF, 0xFF, 0xFF, 0xE0, 0x38, 0x00, 0x1C, 0x00, 0x0E, 0x00, 0x07, 0x00, 0x03, 0x80,
    0x00, 0x80, 0x00, 0x00, 0x38, 0x03, 0x80, 0x1C, 0x01, 0xC0, 0x0E, 0x00, 0xE0, 0x0E, 0x00, 0x70,
    0x07, 0x00, 0x38, 0x03, 0x80, 0x1C, 0x01, 0xC0, 0x1C, 0x00, 0xE0, 0x0E, 0x00, 0x70, 0x00, 0xC0,
    0x60, 0x38, 0x0C, 0x06, 0x03, 0x80, 0xC0, 0x60, 0x18, 0x0C, 0x07, 0x01, 0x80, 0xC0, 0x70, 0x18,
    0x0C, 0x07, 0x01, 0x80, 0xE0, 0x30, 0x00, 0xFF, 0xF0, 0x00, 0x0E, 0x00, 0x18, 0x00, 0x70, 0x00,
    0xE0, 0x01, 0x80, 0x07, 0x00, 0x0E, 0x00, 0x1C, 0x00, 0x30, 0x00, 0xE1, 0xE1, 0xC7, 0xC3, 0x0F,
    0xCE, 0x03, 0x9C, 0x03, 0xB8, 0x07, 0x60, 0x07, 0xC0, 0x0F, 0x80, 0x1E, 0x00, 0x1C, 0x00, 0x00,
    0x02, 0x0F, 0x87, 0x0F, 0xC7, 0x0C, 0xCE, 0x03, 0xCE, 0x07, 0x8C, 0x07, 0xDC, 0x00, 0xDC, 0x18,
    0xD8, 0x1F, 0xF8, 0x0F, 0xB0, 0x18, 0x70, 0x38, 0x70, 0x3C, 0x60, 0x3C, 0xE0, 0x7E, 0xC0, 0x6E,
    0xC0, 0xE7, 0xC0, 0xE7, 0x80, 0x07, 0x80, 0x03, 0x80, 0x00, 0x02, 0x03, 0x07, 0x07, 0x07, 0x07,
    0x8E, 0x0F, 0x8E, 0x1D, 0x8C, 0x19, 0x9C, 0x3F, 0xDC, 0x3F, 0xD8, 0x01, 0xB8, 0x01, 0xB0, 0x18,
    0x70, 0x38, 0x70, 0x3C, 0x60, 0x3C, 0xE0, 0x7E, 0xC0, 0x6E, 0xC0, 0xE7, 0xC0, 0xE7, 0x80, 0x07,
    0x80, 0x03, 0x80, 0x06, 0x01, 0xC0, 0xFC, 0x7F, 0x8F, 0xF7, 0xFC, 0xE1, 0xF0, 0x6E, 0x07, 0x00,
    0x70, 0x38, 0x03, 0x01, 0xC0, 0x18, 0x1E, 0x00, 0xE1, 0xD8, 0x23, 0xFC, 0xFF, 0x0F, 0xC3, 0xF0,
    0x3C, 0xF9, 0xFF, 0xF7, 0x7D, 0xF8, 0xE3, 0x77, 0xDD, 0xFF, 0xF3, 0xEF, 0x80, 0xC0, 0x01, 0x80,
    0x03, 0x00, 0x06, 0x00, 0x0C, 0x00, 0x18, 0x00, 0x30, 0x00, 0x60, 0x00, 0xC0, 0x01, 0x80, 0x03,
    0x00, 0x06, 0x00, 0x0C, 0x00, 0x18, 0x00, 0x30, 0x00, 0x7F, 0xFE, 0xFF, 0xFC, 0x00, 0x02, 0x00,
    0x01, 0xC0, 0x00, 0xE0, 0x00, 0x70, 0x00, 0x38, 0x00, 0x1C, 0x00, 0x0E, 0x00, 0x03, 0x80, 0x01,
    0xC0, 0x00, 0xE0, 0x00, 0x70, 0x00, 0x38, 0x00, 0x1C, 0x00, 0x0E, 0x00, 0x07, 0x00, 0x03, 0xFF,
    0xFF, 0xFF, 0xFF, 0xC0, 0x5F, 0xFF, 0xFF, 0xFF, 0xFF, 0xFF, 0xFF, 0xFF, 0xFF, 0xFD, 0x00, 0x04,
    0x01, 0xC0, 0x38, 0x07, 0x00, 0xE0, 0x1C, 0x03, 0x80, 0x70, 0x0E, 0x41, 0xDC, 0x3F, 0x07, 0xC0,
    0xF0, 0x1C, 0x07, 0x81, 0xF0, 0x7E, 0x1D, 0xC3, 0x38, 0x07, 0x00, 0xE0, 0x1C, 0x03, 0x80, 0x70,
    0x0E, 0x01, 0xC0, 0x10, 0x00, 0x01, 0x00, 0x01, 0x86, 0x01, 0x86, 0x03, 0x86, 0x03, 0x0C, 0x03,
    0x0C, 0x07, 0x0C, 0x06, 0x1C, 0x06, 0x18, 0x0E, 0x18, 0x0C, 0x38, 0x0C, 0x30, 0x0C, 0x30, 0x18,
    0x30, 0x18, 0x60, 0x18, 0x60, 0x38, 0x60, 0x30, 0xE0, 0x30, 0xC0, 0x70, 0xC0, 0x61, 0xC0, 0x61,
    0x80, 0xE1, 0x80, 0x41, 0x80, 0x01, 0x00, 0x01, 0x86, 0x01, 0x86, 0x03, 0x86, 0x03, 0x0C, 0x03,
    0x0C, 0x07, 0x0C, 0x06, 0x1C, 0x06, 0x18, 0x0E, 0x18, 0x0C, 0x38, 0xFF, 0xFF, 0xFF, 0xFF, 0x1C,
    0x30, 0x18, 0x60, 0x18, 0x60, 0x38, 0x60, 0x30, 0xE0, 0x30, 0xC0, 0x70, 0xC0, 0x61, 0xC0, 0x61,
    0x80, 0xE1, 0x80, 0x41, 0x80, 0x00, 0x40, 0x00, 0x1C, 0x00, 0x03, 0x80, 0x00, 0xF8, 0x00, 0x3B,
    0x80, 0x06, 0x30, 0x01, 0xC7, 0x00, 0x30, 0x60, 0x0E, 0x0E, 0x01, 0x80, 0xC0, 0x70, 0x1C, 0x0C,
    0x01, 0xC3, 0x00, 0x18, 0xE0, 0x03, 0x98, 0x00, 0x37, 0x00, 0x07, 0xC0, 0x00, 0x60, 0xC0, 0x00,
    0x7C, 0x00, 0x1D, 0x80, 0x03, 0x38, 0x00, 0xE3, 0x00, 0x18, 0x30, 0x06, 0x07, 0x01, 0xC0, 0x60,
    0x30, 0x0E, 0x0E, 0x00, 0xC1, 0x80, 0x1C, 0x70, 0x01, 0x8C, 0x00, 0x1B, 0x80, 0x03, 0xE0, 0x00,
    0x38, 0x00, 0x07, 0x00, 0x00, 0x40, 0x00, 0x01, 0x00, 0x3F, 0xC0, 0xFF, 0xE3, 0xC1, 0xE6, 0x00,
    0xDC, 0x01, 0xF0, 0x01, 0xE0, 0x03, 0xC0, 0x07, 0x80, 0x0F, 0x00, 0x1E, 0x00, 0x3C, 0x00, 0x78,
    0x00, 0xF0, 0x01, 0xE0, 0x03, 0xC0, 0x07, 0x80, 0x0C, 0x00, 0x00, 0xC0, 0x07, 0x80, 0x0F, 0x00,
    0x1E, 0x00, 0x3C, 0x00, 0x78, 0x00, 0xF0, 0x01, 0xE0, 0x03, 0xC0, 0x07, 0x80, 0x0F, 0x00, 0x1E,
    0x00, 0x3E, 0x00, 0xEC, 0x01, 0xDC, 0x07, 0x1F, 0xFC, 0x1F, 0xF0, 0x07, 0x80, 0x07, 0x83, 0xE0,
    0xF0, 0x78, 0x1C, 0x07, 0x01, 0xC0, 0x70, 0x1C, 0x07, 0x01, 0xC0, 0x70, 0x1C, 0x07, 0x01, 0xC0,
    0x70, 0x1C, 0x07, 0x01, 0xC0, 0x70, 0x1C, 0x1F, 0x0F, 0x83, 0xC0, 0x03, 0x87, 0x03, 0xE7, 0xC1,
    0xB7, 0x60, 0xC3, 0x00, 0xE1, 0x80, 0x70, 0xC0, 0x38, 0x60, 0x1C, 0x30, 0x0E, 0x18, 0x07, 0x0C,
    0x03, 0x86, 0x01, 0xC3, 0x00, 0xE1, 0x80, 0x70, 0xC0, 0x30, 0x60, 0x18, 0x30, 0x0C, 0x18, 0x06,
    0x0C, 0x03, 0x06, 0x0F, 0xBF, 0x07, 0x9F, 0x00, 0x83, 0x00, 0x03, 0x8E, 0x18, 0x0F, 0xBE, 0x7C,
    0x3B, 0x6D, 0xD0, 0x60, 0xC3, 0x00, 0xC3, 0x86, 0x01, 0x87, 0x0C, 0x03, 0x0E, 0x18, 0x06, 0x1C,
    0x30, 0x0C, 0x38, 0x60, 0x18, 0x70, 0xC0, 0x30, 0xE1, 0x80, 0x61, 0xC3, 0x00, 0xC3, 0x86, 0x01,
    0x87, 0x0C, 0x03, 0x0E, 0x18, 0x06, 0x18, 0x30, 0x0C, 0x30, 0x60, 0x18, 0x61, 0xC0, 0x30, 0xC3,
    0x87, 0xEF, 0xBE, 0x0F, 0x9E, 0x7C, 0x06, 0x08, 0x20, 0x00, 0x03, 0x80, 0xF8, 0x1B, 0x03, 0x00,
    0xE0, 0x1C, 0x0F, 0xE3, 0xFE, 0x6E, 0xD9, 0xCF, 0x39, 0xE7, 0x3E, 0xEE, 0xFF, 0x8F, 0xE0, 0xF8,
    0x0C, 0x01, 0x80, 0x30, 0x3E, 0x07, 0xC0, 0x20, 0x00, 0x03, 0x87, 0x03, 0xE7, 0xC1, 0xB7, 0x60,
    0xC3, 0x00, 0xE1, 0x80, 0x70, 0xC0, 0xFF, 0xF8, 0xFF, 0xFE, 0x6E, 0x1B, 0xE7, 0x0C, 0xF3, 0x86,
    0x79, 0xC3, 0x36, 0xE1, 0x9B, 0xF0, 0xDC, 0xFF, 0xFC, 0x3F, 0xF8, 0x0C, 0x18, 0x06, 0x0C, 0x03,
    0x06, 0x0F, 0xBF, 0x07, 0x8F, 0x00, 0x83, 0x00, 0x03, 0x8E, 0x18, 0x0F, 0xBE, 0x7C, 0x3B, 0x6D,
    0xD0, 0x60, 0xC3, 0x00, 0xC3, 0x86, 0x01, 0x87, 0x0C, 0x0F, 0xFF, 0xFE, 0x3F, 0xFF, 0xFE, 0xEC,
    0x38, 0x6F, 0x98, 0x70, 0xCF, 0x30, 0xE1, 0x9E, 0x61, 0xC3, 0x3C, 0xC3, 0x86, 0x6D, 0x87, 0x0D,
    0xDF, 0xFF, 0xFF, 0x0F, 0xFF, 0xFC, 0x0C, 0x30, 0x60, 0x18, 0x60, 0xC0, 0x30, 0xC3, 0x87, 0xEF,
    0xBE, 0x0F, 0x9E, 0x7C, 0x06, 0x08, 0x20, 0x00, 0x01, 0xC0, 0x00, 0xE0, 0x00, 0x70, 0x00, 0x00,
    0x00, 0x00, 0x00, 0x00, 0x00, 0x00, 0x00, 0x00, 0x00, 0x00, 0x00, 0x00, 0x00, 0x00, 0x00, 0x00,
    0x00, 0x0E, 0x00, 0x37, 0x00, 0x1F, 0x80, 0x0E, 0x40, 0x03, 0x70, 0x01, 0xF8, 0x00, 0xE8, 0x00,
    0x20, 0x00, 0x00, 0x00, 0x00, 0x00, 0x00, 0x00, 0x00, 0x00, 0x00, 0x00, 0x00, 0x00, 0x00, 0x00,
    0x00, 0x00, 0x18, 0x00, 0x0E, 0x00, 0x07, 0x00, 0x00, 0x00, 0xFF, 0x80, 0x00, 0x00, 0x0F, 0xF8,
    0x60, 0x07, 0x38, 0x03, 0x98, 0x00, 0xC0, 0x00, 0x00, 0x00, 0x00, 0x00, 0x00, 0x00, 0x00, 0x00,
    0x00, 0x00, 0x00, 0x00, 0x00, 0x00, 0x00, 0x00, 0x00, 0x06, 0x00, 0x23, 0x80, 0x39, 0xC0, 0x1C,
    0xC0, 0x06, 0x3E, 0x1B, 0xFD, 0xF0, 0xFD, 0x03, 0xC0, 0x06, 0x01, 0xC0, 0xF8, 0x7F, 0x0F, 0xC7,
    0xFC, 0xE0, 0x38, 0x7E, 0x03, 0x81, 0xF0, 0x18, 0x0F, 0x01, 0xC0, 0xFC, 0x1C, 0x06, 0xE1, 0xC0,
    0x73, 0xFC, 0x1F, 0x0F, 0xC1, 0xE0, 0x1C, 0x02, 0x01, 0xFC, 0x3E, 0x1F, 0xF0, 0x39, 0xC3, 0xC0,
    0xEC, 0x0E, 0x03, 0xE0, 0x38, 0x1F, 0x80, 0xC0, 0x6C, 0x07, 0x07, 0x78, 0x1C, 0x39, 0xF8, 0x7F,
    0x83, 0xC1, 0xF8, 0xFF, 0xFF, 0xDF, 0xFF, 0xFD, 0x00, 0x00, 0x00, 0x00, 0x00, 0xE0, 0x00, 0x7F,
    0x80, 0x3F, 0xFF, 0xF6, 0x03, 0xFE, 0x00, 0x0F, 0x00, 0x1F, 0x00, 0x0F, 0xFC, 0x0F, 0xCF, 0xFF,
    0x00, 0x3F, 0xC0, 0x00, 0x00, 0x00, 0x00, 0x1F, 0xFF, 0xF7, 0xFF, 0xFF, 0x7F, 0xFF, 0xC0, 0x3F,
    0x80, 0x0F, 0xFC, 0x1F, 0x87, 0xFF, 0x00, 0x1F, 0xC0, 0x00, 0x00, 0x00, 0x00, 0x1F, 0xFF, 0xF3,
    0xFF, 0xFE, 0x00, 0x00, 0x00, 0x00, 0x01, 0xFF, 0xFF, 0x3F, 0xFF, 0xE0, 0x7C, 0x3F, 0xF7, 0xEF,
    0xFC, 0x3E, 0x00, 0x00, 0x00, 0x7C, 0x3F, 0xF7, 0xEF, 0xFC, 0x3E, 0x3F, 0x80, 0x0F, 0xFC, 0x1F,
    0x87, 0xFF, 0x00, 0x1F, 0xC1, 0xF0, 0x00, 0xFF, 0xC0, 0xFC, 0xFF, 0xF0, 0x03, 0xFC, 0x1E, 0x00,
    0x0F, 0xF8, 0x0B, 0xFF, 0xFF, 0x00, 0x3F, 0xC0, 0x00, 0xE0, 0x0F, 0x03, 0xC0, 0xF8, 0x7F, 0x9F,
    0x07, 0x9C, 0xE0, 0x30, 0x7E, 0x03, 0x81, 0xE0, 0x38, 0x0F, 0x01, 0x80, 0xFC, 0x1C, 0x06, 0x73,
    0xC0, 0xF3, 0xFC, 0x1F, 0x0F, 0x81, 0xE0, 0x00, 0x00, 0x00, 0x00, 0x04, 0x1F, 0xFF, 0xF0, 0xFF,
    0xFF, 0x80, 0x00, 0x00, 0x3F, 0xFF, 0xE1, 0xFF, 0xFF, 0x07, 0x80, 0x00, 0x01, 0x80, 0x00, 0xE0,
    0x00, 0x70, 0x00, 0x00, 0x00, 0x00, 0x07, 0xFF, 0xFF, 0xFF, 0xFE, 0x00, 0x00, 0x00, 0x00, 0x00,
    0x00, 0x3F, 0xFF, 0xFF, 0xFF, 0xF0, 0x00, 0x00, 0x00, 0x00, 0x07, 0x00, 0x03, 0x80, 0x00, 0xC0,
    0x00, 0x0C, 0x00, 0x0F, 0x00, 0x03, 0x80, 0x00, 0x00, 0x00, 0x00, 0x07, 0xFF, 0xFF, 0xFF, 0xFE,
    0x00, 0x00, 0x00, 0x00, 0x00, 0x00, 0x3F, 0xFF, 0xFF, 0xFF, 0xF0, 0x00, 0x00, 0x00, 0x00, 0x00,
    0xE0, 0x00, 0x78, 0x00, 0x18, 0x00, 0x00, 0x18, 0x00, 0x1E, 0x00, 0x07, 0x00, 0x00, 0x00, 0x00,
    0x07, 0xFF, 0xFF, 0xFF, 0xFE, 0x00, 0x00, 0x00, 0x00, 0x00, 0x00, 0x3F, 0xFF, 0xFF, 0xFF, 0xF0,
    0x00, 0x00, 0x00, 0x00, 0x70, 0x00, 0x3C, 0x00, 0x0C, 0x00, 0x00, 0x00, 0x80, 0x00, 0xE0, 0x00,
    0xF8, 0x00, 0x6C, 0x00, 0x77, 0x00, 0x71, 0xC0, 0x3F, 0xE0, 0x3F, 0xF8, 0x0F, 0xF8, 0x00, 0x00,
    0x00, 0x07, 0xFF, 0xFF, 0xFF, 0xFF, 0xF8, 0x00, 0x00, 0x00, 0x00, 0x00, 0x00, 0xFF, 0xFF, 0xFF,
    0xFF, 0xC0, 0x00, 0xC0, 0x1C, 0x01, 0xCF, 0xFF, 0xFF, 0xF0, 0x70, 0x07, 0x00, 0xE0, 0xFF, 0xFF,
    0xFF, 0x38, 0x03, 0x80, 0x30, 0x00, 0x00, 0x7F, 0xFF, 0xFF, 0xFF, 0xFF, 0xE0, 0x00, 0x00, 0x00,
    0x07, 0xFF, 0xFF, 0xFF, 0xFE, 0x00, 0x00, 0x00, 0x00, 0x7F, 0xFF, 0xFF, 0xFF, 0xE0, 0x00, 0x18,
    0x00, 0x0C, 0x00, 0x0E, 0x1F, 0xFF, 0xFF, 0xFF, 0xF8, 0x03, 0x00, 0x03, 0x81, 0xFF, 0xFF, 0xFF,
    0xFF, 0x81, 0xC0, 0x00, 0xE0, 0x1F, 0xFF, 0xFF, 0xFF, 0xFF, 0xF0, 0x00, 0x30, 0x00, 0x18, 0x00,
    0x00, 0x00, 0x00, 0x00, 0x70, 0x1F, 0x0F, 0xE3, 0xF8, 0xFC, 0x0F, 0x00, 0xFC, 0x03, 0xF8, 0x0F,
    0xE0, 0x1F, 0x00, 0x70, 0x00, 0x00, 0x0F, 0xFF, 0xFF, 0xF0, 0xE0, 0x0F, 0x80, 0x7F, 0x00, 0xFC,
    0x03, 0xF0, 0x0F, 0x03, 0xF0, 0xFC, 0x7F, 0x0F, 0x80, 0xE0, 0x00, 0x00, 0x00, 0x0F, 0xFF, 0xFF,
    0xF0, 0x00, 0x03, 0x00, 0x0F, 0x80, 0x3F, 0x80, 0xFE, 0x03, 0xF8, 0x03, 0xE0, 0x01, 0xF8, 0x00,
    0x3F, 0x80, 0x03, 0xF8, 0x00, 0x3F, 0x80, 0x03, 0xC0, 0x00, 0x60, 0x00, 0x17, 0xFF, 0xFF, 0xFF,
    0xFE, 0x00, 0x00, 0xFF, 0xFF, 0xFF, 0xFF, 0xDE, 0x00, 0x00, 0x60, 0x00, 0x3E, 0x00, 0x0F, 0xE0,
    0x00, 0xFE, 0x00, 0x0F, 0xE0, 0x00, 0x78, 0x00, 0xFC, 0x03, 0xF8, 0x0F, 0xE0, 0x3F, 0x80, 0x1E,
    0x00, 0x0C, 0x00, 0x00, 0x00, 0x17, 0xFF, 0xFF, 0xFF, 0xFE, 0x00, 0x00, 0xFF, 0xFF, 0xFF, 0xFF,
    0xDE, 0x00, 0x00, 0x00, 0x03, 0x00, 0x0F, 0x80, 0x3F, 0x80, 0xFE, 0x03, 0xF8, 0x03, 0xE0, 0x01,
    0xF8, 0x00, 0x3F, 0x80, 0x03, 0xF8, 0x00, 0x3F, 0x80, 0x03, 0xC0, 0x0C, 0x60, 0x06, 0x17, 0xFF,
    0xFF, 0xFF, 0xFE, 0x03, 0x80, 0xFF, 0xFF, 0xFF, 0xFF, 0xDE, 0xC0, 0x00, 0x60, 0x00, 0x60, 0x00,
    0x3E, 0x00, 0x0F, 0xE0, 0x00, 0xFE, 0x00, 0x0F, 0xE0, 0x00, 0x78, 0x00, 0xFC, 0x03, 0xF8, 0x0F,
    0xE0, 0x3F, 0x80, 0x1E, 0x00, 0x0C, 0x0C, 0x00, 0x06, 0x17, 0xFF, 0xFF, 0xFF, 0xFE, 0x03, 0x80,
    0xFF, 0xFF, 0xFF, 0xFF, 0xDE, 0xC0, 0x00, 0x60, 0x00, 0x00, 0x30, 0x60, 0x0E, 0x1C, 0x03, 0xC7,
    0x00, 0xE3, 0xC0, 0x78, 0xF0, 0x1C, 0x78, 0x0F, 0x1E, 0x03, 0xC7, 0x00, 0xE3, 0xC0, 0x1C, 0x78,
    0x01, 0xE7, 0x80, 0x1E, 0x3C, 0x00, 0xE3, 0xC0, 0x0F, 0x1E, 0x00, 0x71, 0xE0, 0x07, 0x8E, 0x00,
    0x70, 0xE0, 0x06, 0x0C, 0xC1, 0x80, 0x0E, 0x1C, 0x00, 0x71, 0xE0, 0x03, 0xC7, 0x80, 0x1E, 0x3C,
    0x00, 0x78, 0xE0, 0x03, 0xC7, 0x80, 0x0F, 0x3C, 0x00, 0x78, 0xE0, 0x07, 0x8E, 0x00, 0xF1, 0xC0,
    0x3C, 0x78, 0x07, 0x8E, 0x00, 0xE3, 0xC0, 0x3C, 0x78, 0x07, 0x9E, 0x00, 0xE1, 0xC0, 0x0C, 0x18,
    0x00, 0x01, 0x00, 0x07, 0x00, 0x0E, 0x00, 0x1C, 0x00, 0x38, 0x00, 0x70, 0x80, 0xE7, 0x01, 0xFE,
    0x03, 0xF0, 0x07, 0x80, 0x3E, 0x01, 0xFC, 0x0F, 0xB8, 0x1C, 0x70, 0x3C, 0xE0, 0x1F, 0xC0, 0x1F,
    0x80, 0x0F, 0x80, 0x0F, 0x80, 0x1F, 0xC0, 0x3B, 0xC0, 0x71, 0x80, 0xE0, 0x01, 0xC0, 0x03, 0x80,
    0x07, 0x00, 0x04, 0x00, 0x01, 0x00, 0x07, 0x00, 0x0E, 0x00, 0x1C, 0x00, 0x38, 0x18, 0x70, 0x38,
    0xE0, 0x3D, 0xC0, 0x3F, 0x80, 0x1F, 0x00, 0x0F, 0x00, 0x1F, 0x80, 0x3F, 0xC0, 0x73, 0xC0, 0xEF,
    0x81, 0xFC, 0x03, 0xE0, 0x0F, 0x80, 0x7E, 0x01, 0xFC, 0x0F, 0x38, 0x1C, 0x70, 0x00, 0xE0, 0x01,
    0xC0, 0x03, 0x80, 0x07, 0x00, 0x04, 0x00, 0x00, 0x03, 0x00, 0x0F, 0x80, 0x1F, 0x80, 0x7E, 0x03,
    0xF8, 0x03, 0xE0, 0x01, 0xE0, 0x00, 0x7F, 0x00, 0x07, 0xF0, 0x00, 0x7F, 0x00, 0x07, 0xC0, 0x00,
    0x60, 0x00, 0x00, 0xE0, 0x01, 0xFE, 0x05, 0xFF, 0xFE, 0x40, 0xFF, 0x00, 0x0E, 0x00, 0x60, 0x00,
    0x3C, 0x00, 0x1F, 0xC0, 0x01, 0xFC, 0x00, 0x1F, 0xC0, 0x01, 0xF8, 0x00, 0x7C, 0x01, 0xFC, 0x07,
    0xF0, 0x1F, 0xC0, 0x1F, 0x00, 0x0C, 0x00, 0x00, 0x00, 0x00, 0xE0, 0x01, 0xFE, 0x05, 0xFF, 0xFE,
    0x40, 0xFF, 0x00, 0x0E, 0x00, 0x00, 0x06, 0x00, 0x3C, 0x03, 0xF0, 0x3F, 0x87, 0xF8, 0x1F, 0x00,
    0x3E, 0x00, 0x3F, 0x80, 0x0F, 0xE1, 0xC3, 0xFB, 0xF0, 0xF9, 0xFC, 0x30, 0x7F, 0x00, 0x1F, 0xC0,
    0x07, 0x80, 0x3F, 0x07, 0xF0, 0x7F, 0x03, 0xF0, 0x07, 0x00, 0x00, 0x00, 0x00, 0xC0, 0x01, 0xF0,
    0x01, 0xF8, 0x00, 0x7F, 0x00, 0x1F, 0xC0, 0x07, 0xC0, 0x0F, 0x80, 0xFE, 0x0F, 0xE2, 0xFE, 0x1F,
    0xE1, 0xFE, 0x1F, 0xC1, 0xFC, 0x1F, 0xC0, 0x3C, 0x00, 0x7F, 0x00, 0x1F, 0xC0, 0x07, 0xF0, 0x01,
    0xF8, 0x00, 0x70, 0x00, 0x20, 0x03, 0xFF, 0xC7, 0xFF, 0xF3, 0xFF, 0xF8, 0xE0, 0x00, 0x70, 0x00,
    0x18, 0x00, 0x06, 0x00, 0x03, 0x80, 0x00, 0xE0, 0x00, 0x18, 0x00, 0x06, 0x00, 0x01, 0xC0, 0x00,
    0x38, 0x00, 0x07, 0xFF, 0xF0, 0xFF, 0xFC, 0x00, 0x00, 0x7F, 0xF8, 0x0F, 0xFF, 0xC0, 0xFF, 0xFE,
    0x00, 0x01, 0xC0, 0x00, 0x1C, 0x00, 0x01, 0x80, 0x00, 0x30, 0x00, 0x07, 0x00, 0x00, 0xE0, 0x00,
    0x18, 0x00, 0x03, 0x00, 0x00, 0xE0, 0x00, 0x38, 0xFF, 0xFE, 0x1F, 0xFF, 0x80, 0x00, 0x00, 0x00,
    0x00, 0x00, 0x03, 0x80, 0x00, 0xE0, 0x0F, 0xFF, 0x1F, 0xFF, 0xCF, 0xFF, 0xE3, 0x81, 0x81, 0xC0,
    0xE0, 0x60, 0x30, 0x18, 0x0C, 0x0E, 0x07, 0x03, 0x81, 0x80, 0x60, 0x60, 0x18, 0x38, 0x07, 0x0C,
    0x00, 0xE3, 0x00, 0x1F, 0xFF, 0xC3, 0xFF, 0xF0, 0x18, 0x00, 0x0E, 0x00, 0x03, 0x00, 0x00, 0x40,
    0x00, 0x00, 0x00, 0x00, 0x01, 0x80, 0x00, 0x30, 0x3F, 0xFE, 0x07, 0xFF, 0xE0, 0x7F, 0xFF, 0x00,
    0x0E, 0xE0, 0x01, 0x8E, 0x00, 0x70, 0xC0, 0x0E, 0x18, 0x01, 0x83, 0x80, 0x70, 0x70, 0x0E, 0x0C,
    0x01, 0x81, 0x80, 0x70, 0x70, 0x0E, 0x1C, 0x7F, 0xFF, 0x0F, 0xFF, 0xC0, 0x0E, 0x00, 0x01, 0x80,
    0x00, 0x70, 0x00, 0x04, 0x00, 0x00, 0x0F, 0xFF, 0xC7, 0xFF, 0xF9, 0xE0, 0x00, 0x38, 0x00, 0x0E,
    0x00, 0x01, 0xC0, 0x00, 0x38, 0x00, 0x07, 0x00, 0x00, 0x60, 0x00, 0x0E, 0x00, 0x00, 0xE0, 0x00,
    0x1F, 0xFF, 0xE0, 0xFF, 0xFC, 0x00, 0x00, 0x00, 0x00, 0x00, 0x00, 0x00, 0x7F, 0xFF, 0xCF, 0xFF,
    0xF8, 0x7F, 0xFE, 0x0F, 0xFF, 0xF0, 0x00, 0x0E, 0x00, 0x00, 0xE0, 0x00, 0x0C, 0x00, 0x01, 0xC0,
    0x00, 0x38, 0x00, 0x07, 0x00, 0x00, 0xC0, 0x00, 0x38, 0x00, 0x0E, 0x3F, 0xFF, 0x87, 0xFF, 0xE0,
    0x00, 0x00, 0x00, 0x00, 0x00, 0x00, 0x00, 0x7F, 0xFF, 0xCF, 0xFF, 0xF8, 0x00, 0x08, 0x00, 0x03,
    0x80, 0x00, 0x70, 0x07, 0xFF, 0xE3, 0xFF, 0xFC, 0xF0, 0x70, 0x1C, 0x0C, 0x07, 0x01, 0x80, 0xE0,
    0x70, 0x1C, 0x0C, 0x03, 0x81, 0x80, 0x30, 0x30, 0x07, 0x0C, 0x00, 0x71, 0x80, 0x0F, 0xFF, 0xF0,
    0x7F, 0xFE, 0x01, 0x80, 0x00, 0x30, 0x00, 0x0E, 0x00, 0x3F, 0xFF, 0xE7, 0xFF, 0xFC, 0x0E, 0x00,
    0x01, 0x80, 0x00, 0x10, 0x00, 0x00, 0x18, 0x00, 0x03, 0x00, 0x00, 0x60, 0x7F, 0xFF, 0x0F, 0xFF,
    0xF0, 0x00, 0x67, 0x00, 0x0C, 0x70, 0x03, 0x86, 0x00, 0x60, 0xC0, 0x0C, 0x18, 0x03, 0x83, 0x00,
    0x60, 0x60, 0x0C, 0x1C, 0x01, 0x8F, 0x3F, 0xFF, 0xC7, 0xFF, 0xE0, 0x01, 0x80, 0x00, 0x70, 0x00,
    0x0C, 0x00, 0x7F, 0xFF, 0xEF, 0xFF, 0xF8, 0x0C, 0x00, 0x01, 0x80, 0x00, 0x00, 0x00, 0x0F, 0xFF,
    0xC7, 0xFF, 0xF9, 0xE0, 0x00, 0x38, 0x00, 0x0E, 0x00, 0x01, 0xC0, 0x00, 0x38, 0x00, 0x07, 0x00,
    0x00, 0x60, 0x00, 0x0E, 0x00, 0x00, 0xE0, 0x00, 0x1F, 0xFF, 0xE0, 0xFF, 0xFC, 0x00, 0x40, 0x00,
    0x1C, 0x00, 0x03, 0x00, 0x7F, 0xFF, 0xCF, 0xFF, 0xF8, 0x03, 0x00, 0x00, 0x60, 0x00, 0x7F, 0xFE,
    0x0F, 0xFF, 0xF0, 0x00, 0x0E, 0x00, 0x00, 0xE0, 0x00, 0x0C, 0x00, 0x01, 0xC0, 0x00, 0x38, 0x00,
    0x07, 0x00, 0x00, 0xC0, 0x00, 0x38, 0x00, 0x0E, 0x3F, 0xFF, 0x87, 0xFF, 0xE0, 0x00, 0xC0, 0x00,
    0x18, 0x00, 0x07, 0x00, 0x7F, 0xFF, 0xCF, 0xFF, 0xF8, 0x07, 0x00, 0x00, 0xE0, 0x00, 0x03, 0xF8,
    0x01, 0xFF, 0xC0, 0x79, 0x3C, 0x1C, 0x71, 0xC7, 0x0E, 0x1C, 0xC1, 0xC1, 0xB0, 0x38, 0x1E, 0x07,
    0x03, 0xC0, 0xE0, 0x7F, 0xFF, 0xFF, 0xFF, 0xFF, 0xE0, 0x70, 0x3C, 0x0E, 0x07, 0xC1, 0xC1, 0xD8,
    0x38, 0x31, 0x87, 0x0C, 0x3C, 0xE7, 0x81, 0xFF, 0xC0, 0x1F, 0xF0, 0x00, 0x20, 0x00, 0x03, 0xF8,
    0x01, 0xFF, 0xC0, 0x78, 0x3C, 0x1C, 0x01, 0xC7, 0x00, 0x1C, 0xC0, 0x01, 0xB0, 0x00, 0x1E, 0x00,
    0x03, 0xC0, 0x00, 0x7F, 0xFF, 0xFF, 0xFF, 0xFF, 0xE0, 0x00, 0x3C, 0x00, 0x07, 0xC0, 0x01, 0xD8,
    0x00, 0x31, 0x80, 0x0C, 0x3C, 0x07, 0x81, 0xFF, 0xC0, 0x1F, 0xF0, 0x00, 0x20, 0x00, 0x03, 0xF8,
    0x01, 0xFF, 0xC0, 0x78, 0x3C, 0x1C, 0x01, 0xC7, 0xC0, 0x7C, 0xDC, 0x1D, 0xB1, 0xC7, 0x1E, 0x1D,
    0xC3, 0xC1, 0xF0, 0x78, 0x1C, 0x0F, 0x07, 0xC1, 0xE1, 0xDC, 0x3C, 0x71, 0xC7, 0xDC, 0x1D, 0xDB,
    0x01, 0xB1, 0x80, 0x0C, 0x3C, 0x07, 0x81, 0xFF, 0xC0, 0x1F, 0xF0, 0x00, 0x20, 0x00, 0x03, 0xF8,
    0x01, 0xFF, 0xC0, 0x78, 0x3C, 0x1C, 0x01, 0xC7, 0x00, 0x7C, 0xC0, 0x1D, 0xB0, 0x07, 0x1E, 0x01,
    0xC3, 0xC0, 0x70, 0x78, 0x1C, 0x0F, 0x07, 0x01, 0xE1, 0xC0, 0x3C, 0x70, 0x07, 0xDC, 0x01, 0xDB,
    0x00, 0x31, 0xC0, 0x0C, 0x3C, 0x07, 0x81, 0xFF, 0xC0, 0x1F, 0xF0, 0x00, 0x20, 0x00, 0x00, 0x00,
    0x00, 0x03, 0xFE, 0x00, 0x1F, 0xFF, 0x00, 0x78, 0x0F, 0x01, 0xC0, 0x07, 0x07, 0x00, 0x07, 0x0C,
    0x00, 0x06, 0x30, 0x00, 0x06, 0x60, 0x00, 0x0C, 0xC0, 0xF8, 0x1B, 0x01, 0xF0, 0x1E, 0x07, 0xF0,
    0x3C, 0x0F, 0xE0, 0x7C, 0x0F, 0x81, 0xD8, 0x0E, 0x03, 0x30, 0x00, 0x06, 0x70, 0x00, 0x1C, 0x60,
    0x00, 0x30, 0x60, 0x00, 0xC0, 0xF0, 0x07, 0x80, 0x78, 0x3E, 0x00, 0x7F, 0xF0, 0x00, 0x3F, 0x80,
    0x00, 0x01, 0xFC, 0x00, 0x3F, 0xF8, 0x03, 0x80, 0xE0, 0x38, 0x03, 0x83, 0x00, 0x06, 0x38, 0x00,
    0x39, 0x80, 0x00, 0xD9, 0xFF, 0xF3, 0xCF, 0xFF, 0x9E, 0x00, 0x00, 0xF0, 0x00, 0x07, 0x80, 0x00,
    0x3C, 0xFF, 0xF9, 0xE7, 0xFF, 0xCD, 0x80, 0x00, 0xCE, 0x00, 0x0E, 0x30, 0x00, 0x60, 0xE0, 0x0E,
    0x03, 0x80, 0xE0, 0x0F, 0xFE, 0x00, 0x1F, 0xC0, 0x00, 0x03, 0xF8, 0x01, 0xFF, 0xC0, 0x78, 0x3C,
    0x1C, 0x01, 0xC7, 0x00, 0x1C, 0xC0, 0x01, 0xB0, 0x00, 0x1E, 0x00, 0x03, 0xC0, 0x00, 0x7F, 0xFF,
    0xFF, 0xFF, 0xFF, 0xE0, 0x00, 0x3C, 0x00, 0x07, 0xC0, 0x01, 0xD8, 0x00, 0x31, 0x80, 0x0C, 0x3C,
    0x07, 0x81, 0xFF, 0xC0, 0x1F, 0xF0, 0x00, 0x70, 0x00, 0x7F, 0xFF, 0xFD, 0xFF, 0xFF, 0xFF, 0x00,
    0x40, 0x1E, 0x00, 0x80, 0x3C, 0x01, 0x00, 0x78, 0x02, 0x00, 0xF0, 0x04, 0x01, 0xE0, 0x08, 0x03,
    0xC0, 0x10, 0x07, 0x80, 0x20, 0x0F, 0x00, 0x40, 0x1F, 0xFF, 0xFF, 0xFF, 0xFF, 0xFF, 0xF8, 0x02,
    0x00, 0xF0, 0x04, 0x01, 0xE0, 0x08, 0x03, 0xC0, 0x10, 0x07, 0x80, 0x20, 0x0F, 0x00, 0x40, 0x1E,
    0x00, 0x80, 0x3C, 0x01, 0x00, 0x7F, 0xFF, 0xFF, 0xFF, 0xFF, 0xFF, 0x80, 0xFF, 0xFF, 0xFF, 0xFF,
    0xFF, 0xFF, 0x80, 0x00, 0x3F, 0x00, 0x00, 0x7E, 0x00, 0x00, 0xFC, 0xE0, 0x39, 0xF8, 0xE0, 0xE3,
    0xF0, 0xE3, 0x87, 0xE0, 0xEE, 0x0F, 0xC0, 0xF8, 0x1F, 0x80, 0xE0, 0x3F, 0x03, 0xE0, 0x7E, 0x0E,
    0xE0, 0xFC, 0x38, 0xE1, 0xF8, 0xE0, 0xE3, 0xF3, 0x80, 0xE7, 0xE6, 0x00, 0xCF, 0xC0, 0x00, 0x1F,
    0x80, 0x00, 0x3F, 0x00, 0x00, 0x7F, 0xFF, 0xFF, 0xFF, 0xFF, 0xFF, 0xC0, 0xC0, 0x00, 0x70, 0x00,
    0x30, 0x00, 0x18, 0x00, 0x0C, 0x00, 0x06, 0x00, 0x03, 0x00, 0x01, 0x80, 0x02, 0xFF, 0xFF, 0xFF,
    0xFF, 0xF0, 0x00, 0x18, 0x00, 0x0C, 0x00, 0x06, 0x00, 0x03, 0x00, 0x01, 0x80, 0x00, 0xC0, 0x00,
    0x00, 0x00, 0x01, 0x80, 0x00, 0xC0, 0x00, 0x60, 0x00, 0x30, 0x00, 0x18, 0x00, 0x0C, 0x00, 0x06,
    0xFF, 0xFF, 0xFF, 0xFF, 0xFF, 0xFF, 0xC0, 0x00, 0x60, 0x00, 0x30, 0x00, 0x18, 0x00, 0x0C, 0x00,
    0x06, 0x00, 0x03, 0x00, 0x01, 0x80, 0xFF, 0xFF, 0xFF, 0xFF, 0xDE, 0x70, 0x00, 0x38, 0x00, 0x1C,
    0x00, 0x0E, 0x00, 0x07, 0x00, 0x03, 0x80, 0x01, 0xC0, 0x00, 0xE0, 0x00, 0x70, 0x00, 0x38, 0x00,
    0x1C, 0x00, 0x0E, 0x00, 0x07, 0x00, 0x03, 0x80, 0x00, 0xC0, 0x00, 0x01, 0x80, 0x00, 0xE0, 0x00,
    0x70, 0x00, 0x38, 0x00, 0x1C, 0x00, 0x0E, 0x00, 0x07, 0x00, 0x03, 0x80, 0x01, 0xC0, 0x00, 0xE0,
    0x00, 0x70, 0x00, 0x38, 0x00, 0x1C, 0x00, 0x0E, 0x00, 0x07, 0x01, 0xFF, 0xFF, 0xFF, 0xFF, 0x80,
    0x00, 0x00, 0x00, 0x00, 0xE0, 0x00, 0x78, 0x00, 0x3E, 0x00, 0x1F, 0x80, 0x07, 0xE0, 0x03, 0xB8,
    0x01, 0xCE, 0x00, 0xE3, 0x80, 0x70, 0xE0, 0x38, 0x38, 0x1C, 0x0E, 0x0E, 0x03, 0x8F, 0x00, 0xE7,
    0x80, 0x3B, 0xFF, 0xFE, 0xFF, 0xFF, 0x80, 0x00, 0x00, 0x00, 0x10, 0x00, 0x00, 0x70, 0x00, 0x00,
    0xE0, 0x00, 0x03, 0xE0, 0x00, 0x06, 0xC0, 0x00, 0x1D, 0xC0, 0x00, 0x71, 0xC0, 0x00, 0xE3, 0x80,
    0x03, 0x83, 0x80, 0x07, 0x07, 0x00, 0x1C, 0x07, 0x00, 0x30, 0x06, 0x00, 0xE0, 0x0E, 0x01, 0x80,
    0x0E, 0x07, 0x00, 0x1C, 0x1C, 0x00, 0x1C, 0x38, 0x00, 0x38, 0xE0, 0x00, 0x39, 0xC0, 0x00, 0x37,
    0x00, 0x00, 0x74, 0x00, 0x00, 0x40, 0x40, 0x00, 0x05, 0xC0, 0x00, 0x1D, 0xC0, 0x00, 0x73, 0x80,
    0x00, 0xE3, 0x80, 0x03, 0x87, 0x00, 0x07, 0x07, 0x00, 0x1C, 0x06, 0x00, 0x38, 0x0E, 0x00, 0xE0,
    0x0E, 0x01, 0x80, 0x1C, 0x07, 0x00, 0x1C, 0x1C, 0x00, 0x38, 0x38, 0x00, 0x38, 0xE0, 0x00, 0x31,
    0xC0, 0x00, 0x77, 0x00, 0x00, 0x7C, 0x00, 0x00, 0xF8, 0x00, 0x00, 0xE0, 0x00, 0x01, 0xC0, 0x00,
    0x01, 0x00, 0x00, 0x07, 0xF8, 0x01, 0xFF, 0xC0, 0x7E, 0xFC, 0x1E, 0x03, 0xC7, 0x00, 0x1C, 0xE0,
    0x03, 0xB8, 0x00, 0x37, 0x00, 0x07, 0xE0, 0x00, 0xFC, 0x00, 0x1F, 0x80, 0x03, 0xF0, 0x00, 0x7E,
    0x00, 0x0F, 0xC0, 0x01, 0xF8, 0x00, 0x3F, 0x00, 0x07, 0xE0, 0x00, 0xFC, 0x00, 0x1F, 0x80, 0x03,
    0xF0, 0x00, 0x7E, 0x00, 0x0C, 0x60, 0x00, 0xDC, 0x00, 0x1F, 0x80, 0x03, 0xF0, 0x00, 0x7E, 0x00,
    0x0F, 0xC0, 0x01, 0xF8, 0x00, 0x3F, 0x00, 0x07, 0xE0, 0x00, 0xFC, 0x00, 0x1F, 0x80, 0x03, 0xF0,
    0x00, 0x7E, 0x00, 0x0F, 0xC0, 0x01, 0xD8, 0x00, 0x3B, 0x80, 0x06, 0x70, 0x01, 0xC7, 0x00, 0x70,
    0xF8, 0x3E, 0x07, 0xFF, 0x80, 0x7F, 0xC0, 0x00, 0xC0, 0x00, 0x10, 0x71, 0xB6, 0x3E, 0xCF, 0x0C,
    0x00, 0x77, 0xBF, 0xF7, 0x80, 0x00, 0x07, 0x00, 0x1F, 0x81, 0xFF, 0x0F, 0xF8, 0x07, 0xC0, 0x03,
    0xFE, 0x00, 0x0F, 0xF0, 0x00, 0x7E, 0x00, 0x07, 0x7F, 0xFF, 0xFF, 0xFF, 0xEF, 0x80, 0x07, 0xFC,
    0x00, 0x3F, 0xE0, 0x01, 0xFC, 0x00, 0x7E, 0x07, 0xFC, 0x3F, 0xE0, 0x1F, 0x00, 0x08, 0x00, 0x00,
    0x70, 0x00, 0x3F, 0x80, 0x07, 0xFC, 0x00, 0x3F, 0xE0, 0x00, 0xF0, 0x0F, 0xF8, 0x7F, 0xC0, 0xFC,
    0x00, 0x70, 0x00, 0x7F, 0xFF, 0xFF, 0xFF, 0xE0, 0x01, 0xE0, 0x1F, 0xF0, 0xFF, 0x81, 0xFC, 0x00,
    0xFC, 0x00, 0x1F, 0xF0, 0x00, 0x7F, 0x80, 0x07, 0xC0, 0x00, 0x20, 0xFF, 0x80, 0x00, 0xFF, 0x80,
    0x00, 0xFF, 0x80, 0x60, 0x70, 0x73, 0x83, 0x83, 0x9C, 0x1C, 0x0C, 0x00, 0x00, 0x30, 0x00, 0x03,
    0x80, 0x00, 0x1C, 0x00, 0x00, 0x00, 0x00, 0x00, 0x00, 0x00, 0x00, 0x00, 0x00, 0x00, 0x00, 0x00,
    0x00, 0x70, 0x00, 0x03, 0x80, 0x00, 0x1C, 0x00, 0x00, 0x00, 0x00, 0x00, 0x00, 0x00, 0x00, 0x00,
    0x00, 0x00, 0x00, 0x00, 0x00, 0x70, 0x00, 0x03, 0x80, 0x00, 0x1C, 0x00, 0x00, 0x60, 0x00, 0x03,
    0x80, 0x00, 0x1C, 0x00, 0x00, 0x00, 0x00, 0x00, 0x00, 0x00, 0x00, 0x00, 0x00, 0x00, 0x00, 0x00,
    0x00, 0x00, 0x00, 0x70, 0x00, 0x03, 0x80, 0x00, 0x1C, 0x00, 0x00, 0x00, 0x00, 0x00, 0x00, 0x00,
    0x00, 0x00, 0x00, 0x00, 0x00, 0x00, 0x00, 0x00, 0x00, 0x70, 0x00, 0x03, 0x80, 0x00, 0x0C, 0x1C,
    0x7E, 0x67, 0x63, 0x63, 0x7F, 0x3E, 0x08, 0x0B, 0xFF, 0xF0, 0xC3, 0x0C, 0x30, 0xC3, 0x0C, 0x30,
    0xC3, 0x0C, 0x30, 0xC3, 0x00, 0x00, 0x30, 0xC3, 0x0C, 0x30, 0xC3, 0x0C, 0x30, 0xC3, 0x0C, 0x30,
    0xC3, 0xFF, 0xF0, 0x00, 0x07, 0xFD, 0xFF, 0xFF, 0xFD, 0xFF, 0xFF, 0xC0, 0x00, 0x00, 0x00, 0x00,
    0x60, 0x00, 0x00, 0xE0, 0x00, 0x01, 0xC0, 0x00, 0x03, 0x80, 0x00, 0x07, 0x00, 0x00, 0x0E, 0x00,
    0x00, 0x1C, 0x00, 0x00, 0x38, 0x00, 0x00, 0x7F, 0xE0, 0x00, 0x7F, 0xE0, 0x00, 0xC0, 0x00, 0x01,
    0x80, 0x00, 0x03, 0x00, 0x00, 0x06, 0x00, 0x00, 0x0C, 0x00, 0x00, 0x18, 0x00, 0x00, 0x30, 0x00,
    0x00, 0x60, 0x00, 0x07, 0xFF, 0xFF, 0xFF, 0xFF, 0xF7, 0xFF, 0xF0, 0x00, 0x00, 0x00, 0x18, 0xFF,
    0xFF, 0xF9, 0xFF, 0xFF, 0xF1, 0xF1, 0x80, 0x00, 0x03, 0x00, 0x00, 0x06, 0x00, 0x00, 0x0C, 0x00,
    0x00, 0x1E, 0x00, 0x00, 0x3F, 0x00, 0x00, 0x6F, 0x80, 0x00, 0xC7, 0x80, 0x01, 0x87, 0x00, 0x03,
    0x06, 0x00, 0x06, 0x00, 0x00, 0x0C, 0x00, 0x00, 0x18, 0x00, 0x00, 0x30, 0x00, 0x00, 0x60, 0x00,
    0x00, 0xC0, 0x00, 0x01, 0x80, 0x00, 0x03, 0x00, 0x00, 0x02, 0x00, 0x00, 0x00, 0x00, 0x19, 0xFF,
    0xFF, 0xF7, 0xFF, 0xFF, 0x86, 0x07, 0x00, 0x00, 0x1C, 0x00, 0x01, 0xE0, 0x00, 0x07, 0x00, 0x00,
    0x1C, 0x00, 0x00, 0xF6, 0x00, 0x07, 0xDE, 0x00, 0x3B, 0x3C, 0x01, 0xCC, 0x7C, 0x0E, 0x30, 0x78,
    0xF0, 0xC0, 0xF7, 0x03, 0x01, 0xF8, 0x0C, 0x00, 0x00, 0x30, 0x00, 0x00, 0xC0, 0x00, 0x03, 0x00,
    0x00, 0x0C, 0x00, 0x00, 0x30, 0x00, 0x00, 0x40, 0x00, 0x00, 0x20, 0x00, 0x00, 0x60, 0x00, 0x00,
    0xC0, 0x00, 0x03, 0x80, 0x00, 0x1F, 0xFF, 0x03, 0xFF, 0xFE, 0x03, 0xF8, 0x00, 0x00, 0x70, 0x00,
    0x00, 0xC0, 0xFC, 0xFF, 0xFF, 0xFD, 0xFF, 0xFF, 0xE0, 0x0C, 0x00, 0x00, 0x18, 0x00, 0x00, 0x77,
    0xF8, 0x00, 0xFF, 0xF8, 0x01, 0xFC, 0xE0, 0x00, 0x03, 0x80, 0x01, 0x0E, 0x00, 0x03, 0x9C, 0x00,
    0x03, 0xF0, 0x00, 0x03, 0xC0, 0x00, 0x01, 0xE0, 0x00, 0x01, 0xC0, 0x00, 0x01, 0x80, 0x00, 0x00,
    0xC0, 0x00, 0x07, 0x80, 0x00, 0xFF, 0x00, 0x3F, 0xF0, 0x01, 0xFF, 0x80, 0x00, 0x07, 0x00, 0x00,
    0x0E, 0xF0, 0x07, 0xFF, 0xF0, 0x07, 0xFF, 0x00, 0x00, 0x70, 0x00, 0x00, 0xE0, 0x37, 0xFF, 0xFF,
    0xFF, 0xFF, 0xFF, 0xC6, 0x0E, 0x00, 0x00, 0x38, 0x80, 0x00, 0x61, 0x80, 0x01, 0xC3, 0x80, 0x07,
    0x03, 0x80, 0x1C, 0x3F, 0x80, 0xFF, 0xFF, 0x81, 0xFF, 0x83, 0x83, 0x80, 0x07, 0x00, 0x00, 0x00,
    0x00, 0x00, 0x03, 0xF9, 0xFF, 0xFF, 0xF7, 0xFF, 0xFC, 0x00, 0x30, 0xC0, 0x00, 0xC3, 0x00, 0x03,
    0x0C, 0x07, 0xFF, 0xFF, 0x8F, 0xFF, 0xFE, 0x31, 0xC6, 0x18, 0xC7, 0x18, 0x63, 0x1E, 0x71, 0x8C,
    0x7D, 0xE6, 0x33, 0xBD, 0xD8, 0xCC, 0xF3, 0xE3, 0x71, 0xC5, 0x8D, 0x86, 0x06, 0x3C, 0x30, 0x18,
    0xE0, 0x80, 0x63, 0x00, 0x1D, 0x8C, 0x00, 0x3E, 0x30, 0x00, 0x78, 0x40, 0x00, 0x40, 0x00, 0x08,
    0x00, 0x00, 0x0E, 0x00, 0x00, 0x07, 0x00, 0x00, 0x07, 0x80, 0x00, 0x03, 0xE0, 0x00, 0x03, 0xB8,
    0x00, 0x03, 0x8E, 0x00, 0x03, 0x83, 0x80, 0x03, 0xD8, 0xE0, 0x03, 0xCE, 0x3C, 0x03, 0x87, 0x0F,
    0x03, 0x83, 0x83, 0xE3, 0x81, 0xC0, 0x7B, 0x80, 0xE0, 0x19, 0x00, 0x70, 0x00, 0x00, 0x38, 0x00,
    0x00, 0x1C, 0x00, 0x00, 0x0E, 0x00, 0x00, 0x07, 0x00, 0x00, 0x03, 0x80, 0x00, 0x01, 0xC0, 0x00,
    0x00, 0xE0, 0x00, 0x00, 0x70, 0x00, 0x00, 0x10, 0x00, 0x00, 0xC0, 0x00, 0x1C, 0x00, 0x03, 0x80,
    0x00, 0x70, 0x00, 0x0E, 0x00, 0x01, 0xC7, 0xBF, 0xFF, 0xFF, 0xFF, 0xFF, 0x60, 0xE0, 0xEC, 0x1C,
    0x1D, 0x83, 0x83, 0x30, 0x70, 0x66, 0x0E, 0x0C, 0xFF, 0xFF, 0xDF, 0xFF, 0xF3, 0x07, 0x00, 0x00,
    0xE0, 0x00, 0x1C, 0x00, 0x03, 0x80, 0x00, 0x70, 0x00, 0x0E, 0x00, 0x01, 0xC0, 0x00, 0x38, 0x00,
    0x06, 0x00, 0x00, 0xC0, 0x00, 0x1C, 0x00, 0x03, 0x80, 0x00, 0x71, 0xC7, 0xFF, 0xFC, 0xFF, 0xFB,
    0x8C, 0x38, 0x61, 0x87, 0x3C, 0x3F, 0xFF, 0x87, 0xFF, 0xC0, 0x43, 0x80, 0x00, 0x7F, 0xFF, 0xFF,
    0xFF, 0xFF, 0xC1, 0xD8, 0x38, 0x3B, 0x07, 0x1E, 0x7F, 0xFF, 0xEF, 0xFF, 0xE1, 0x83, 0x80, 0x00,
    0x70, 0x00, 0x0E, 0x00, 0x01, 0xC0, 0x00, 0x38, 0x00, 0x06, 0x00, 0x00, 0x00, 0x00, 0x01, 0xC0,
    0x03, 0x0E, 0x00, 0x1E, 0x70, 0x00, 0x3B, 0x80, 0x00, 0xFC, 0x00, 0x02, 0xE0, 0xC3, 0xFF, 0xFF,
    0x1F, 0xFF, 0xF8, 0x03, 0x81, 0xC0, 0x1C, 0x0E, 0x00, 0xF8, 0x70, 0x0F, 0xE3, 0x80, 0x77, 0x9C,
    0x07, 0x1E, 0xC0, 0x38, 0x76, 0x03, 0x80, 0x30, 0x38, 0x03, 0x81, 0x86, 0x1C, 0x1C, 0x3C, 0xE1,
    0x80, 0xFE, 0x38, 0x01, 0xF3, 0x80, 0x07, 0x80, 0x00, 0x00, 0x00, 0x80, 0x00, 0x03, 0xC0, 0x00,
    0x03, 0xE0, 0x00, 0x01, 0xF0, 0x00, 0x00, 0xE0, 0x00, 0x00, 0x1C, 0x0F, 0xFF, 0xFC, 0x0F, 0xFF,
    0xF8, 0x00, 0x38, 0x00, 0x00, 0x70, 0x00, 0x00, 0xE0, 0x00, 0x01, 0xC0, 0x00, 0x03, 0xFE, 0x01,
    0xFF, 0xFC, 0x01, 0xFF, 0x80, 0x00, 0x1C, 0x00, 0x00, 0x38, 0x00, 0x00, 0x70, 0x00, 0x00, 0xE0,
    0x00, 0x01, 0xC1, 0xEF, 0xFF, 0xFF, 0xFF, 0xFF, 0xFF, 0xC0, 0x00, 0x00, 0x00, 0x00, 0x40, 0x00,
    0x00, 0xE0, 0xC0, 0x08, 0x70, 0xE0, 0x0C, 0x38, 0xE0, 0x0E, 0x1C, 0xC0, 0x06, 0x09, 0xC0, 0x07,
    0x01, 0x80, 0x03, 0x03, 0x80, 0x03, 0x83, 0x00, 0x01, 0xC7, 0x00, 0x00, 0xEE, 0x00, 0x00, 0x7E,
    0x00, 0x00, 0x7C, 0x00, 0x00, 0x38, 0x00, 0x00, 0x7C, 0x00, 0x00, 0xEF, 0x00, 0x01, 0xC7, 0x80,
    0x07, 0x83, 0xC0, 0x0F, 0x00, 0xF0, 0x3C, 0x00, 0x7E, 0x70, 0x00, 0x1E, 0xC0, 0x00, 0x04, 0x00,
    0x00, 0x00, 0x06, 0x00, 0x00, 0x38, 0x60, 0x01, 0xC3, 0x80, 0x0E, 0x0E, 0x00, 0xFF, 0xB8, 0x7F,
    0xFE, 0xC3, 0xFC, 0x60, 0x00, 0xE3, 0x00, 0x07, 0x18, 0x00, 0x38, 0xC0, 0x01, 0xFF, 0xEF, 0xFF,
    0xFF, 0xFF, 0xFE, 0x1C, 0x03, 0x80, 0xE0, 0x1C, 0x06, 0x00, 0xE0, 0x30, 0x07, 0x11, 0x80, 0x38,
    0xFC, 0x01, 0xC3, 0xE0, 0x0E, 0x0E, 0x00, 0x70, 0x00, 0x03, 0x80, 0x00, 0x08, 0x00, 0x00, 0x7F,
    0xC0, 0x3F, 0xFF, 0xC0, 0x3F, 0xF8, 0x00, 0x00, 0x00, 0x00, 0x00, 0x00, 0x00, 0x00, 0x00, 0x00,
    0x00, 0x00, 0x00, 0x00, 0x00, 0x00, 0x00, 0x00, 0x00, 0x00, 0x00, 0x00, 0x00, 0x00, 0x00, 0x00,
    0xEF, 0xFF, 0xFF, 0xFF, 0xFF, 0xFF, 0xDE, 0x00, 0x00, 0x00, 0x00, 0x00, 0x00, 0x00, 0x38, 0x00,
    0x00, 0x38, 0x00, 0x00, 0x38, 0x00, 0x00, 0x3F, 0xF8, 0x3F, 0xFF, 0xFC, 0x3F, 0xFF, 0x00, 0x01,
    0x87, 0x00, 0x01, 0xC3, 0x80, 0x03, 0x81, 0xE0, 0x07, 0x02, 0xF0, 0x0F, 0x83, 0x70, 0x19, 0x87,
    0x30, 0x31, 0xC6, 0x00, 0x00, 0xEE, 0x00, 0x00, 0x7C, 0x00, 0x00, 0x38, 0x00, 0x00, 0x7E, 0x00,
    0x00, 0xEF, 0x00, 0x03, 0xC3, 0xC0, 0x0F, 0x01, 0xF8, 0x3E, 0x00, 0x7E, 0xF0, 0x00, 0x1E, 0x00,
    0x00, 0x00, 0x00, 0x08, 0x00, 0x00, 0x0E, 0x00, 0x00, 0x07, 0x00, 0x00, 0x07, 0x80, 0x00, 0x03,
    0xE0, 0x00, 0x03, 0xB8, 0x00, 0x03, 0x8E, 0x00, 0x03, 0x83, 0x80, 0x03, 0x80, 0xF0, 0x03, 0xBC,
    0x3C, 0x03, 0x9F, 0x87, 0x83, 0x81, 0xF1, 0xE3, 0x80, 0x30, 0x7B, 0x00, 0x00, 0x08, 0x1F, 0xFF,
    0xC0, 0x07, 0xFF, 0xE0, 0x00, 0x00, 0xE0, 0x00, 0x00, 0x70, 0x00, 0x00, 0x70, 0x00, 0x00, 0x70,
    0x00, 0x00, 0x70, 0x00, 0x00, 0x70, 0x00, 0x00, 0x78, 0x00, 0x00, 0x18, 0x00, 0x00, 0x00, 0x00,
    0x00, 0x03, 0x80, 0x07, 0x03, 0x80, 0x07, 0x03, 0x80, 0x07, 0x03, 0x80, 0x07, 0x03, 0x80, 0x07,
    0x03, 0x80, 0x07, 0x03, 0x80, 0x06, 0x03, 0x00, 0x06, 0x03, 0x80, 0x07, 0x07, 0x80, 0x0F, 0x87,
    0x80, 0x0F, 0x87, 0xC0, 0x0D, 0xC6, 0xC0, 0x1C, 0xEE, 0x60, 0x18, 0x6C, 0x60, 0x38, 0x7C, 0x30,
    0x30, 0x18, 0x38, 0x60, 0x30, 0x18, 0x60, 0x70, 0x1C, 0xC0, 0xE0, 0x0E, 0x01, 0xC0, 0x07, 0x01,
    0x00, 0x02, 0x01, 0x83, 0x80, 0x03, 0x81, 0x80, 0x03, 0x81, 0x80, 0x03, 0x01, 0x80, 0x07, 0x21,
    0x80, 0x06, 0x31, 0x9C, 0x0E, 0x31, 0xFC, 0x0E, 0x33, 0xFC, 0x1E, 0x3F, 0xCC, 0x3E, 0x7F, 0x8C,
    0x37, 0xF1, 0x8C, 0x6F, 0xF1, 0x8C, 0x4E, 0x31, 0x8C, 0x0E, 0x31, 0xDC, 0x0E, 0x31, 0xF9, 0x0E,
    0x33, 0xB9, 0x0E, 0x31, 0x93, 0x0E, 0x30, 0x03, 0x0E, 0x30, 0x03, 0x0E, 0x3F, 0xFF, 0x0E, 0x1F,
    0xFF, 0x0E, 0x07, 0xF0, 0x00, 0x00, 0x00, 0x00, 0x00, 0x20, 0x30, 0x00, 0x60, 0x70, 0x00, 0xC0,
    0xE6, 0x03, 0x81, 0xCE, 0x07, 0x03, 0x8E, 0x0E, 0x07, 0x0E, 0x18, 0x0E, 0x0E, 0x70, 0x1C, 0x08,
    0xE0, 0x38, 0x01, 0x80, 0x70, 0x07, 0x00, 0xE3, 0x0C, 0x01, 0xCE, 0x38, 0x03, 0xF8, 0xF8, 0x07,
    0xC1, 0xF8, 0x0F, 0x07, 0x38, 0x7C, 0x1C, 0x38, 0xF0, 0x70, 0x38, 0x83, 0x80, 0x78, 0x0E, 0x00,
    0x60, 0x00, 0x00, 0x00, 0x00, 0x01, 0x00, 0x00, 0xC0, 0xC0, 0x00, 0x70, 0x60, 0x00, 0x33, 0x30,
    0x00, 0x39, 0xD8, 0x00, 0x18, 0xCC, 0x00, 0x1C, 0xEF, 0xF0, 0x0C, 0x7F, 0xF8, 0x0E, 0x3F, 0x80,
    0x0F, 0x30, 0xC0, 0x07, 0x98, 0x60, 0x06, 0xD8, 0x30, 0x06, 0x60, 0x3F, 0xF2, 0x3F, 0xFF, 0xFC,
    0x1B, 0xFF, 0xC0, 0x0C, 0x03, 0x00, 0x06, 0x01, 0x80, 0x03, 0x00, 0xC0, 0x01, 0x80, 0x60, 0x00,
    0xC0, 0x30, 0x00, 0x60, 0x18, 0x00, 0x30, 0x0C, 0x00, 0x18, 0x06, 0x00, 0x00, 0x03, 0x00, 0x00,
    0x02, 0x00, 0x00, 0xC1, 0x80, 0x00, 0xE0, 0xC0, 0x00, 0x70, 0x60, 0x00, 0x30, 0x30, 0x00, 0x38,
    0x18, 0x00, 0x18, 0x0C, 0x00, 0x1D, 0xFF, 0xFC, 0x0E, 0xFF, 0xFC, 0x0F, 0x03, 0xE0, 0x0F, 0x83,
    0xF0, 0x07, 0xC1, 0xFC, 0x06, 0xE1, 0xF7, 0x02, 0x70, 0xD9, 0xC0, 0x38, 0xEC, 0x60, 0x1C, 0xE6,
    0x38, 0x0E, 0x63, 0x0E, 0x07, 0x61, 0x83, 0x83, 0xE0, 0xC0, 0xC1, 0xE0, 0x60, 0x00, 0xE0, 0x30,
    0x00, 0x70, 0x18, 0x00, 0x38, 0x0C, 0x00, 0x00, 0x06, 0x00, 0x00, 0x08, 0x00, 0x00, 0x0E, 0x00,
    0x00, 0x07, 0x00, 0x00, 0x07, 0x80, 0x00, 0x07, 0xE0, 0x00, 0x07, 0x3C, 0x00, 0x07, 0x8F, 0x00,
    0x07, 0x81, 0xC0, 0x07, 0x00, 0x78, 0x07, 0xFF, 0xDF, 0x07, 0x7F, 0xF3, 0xEE, 0x00, 0x00, 0xEE,
    0x00, 0x00, 0x00, 0xFF, 0xFF, 0xE0, 0x7F, 0xFF, 0xF0, 0x18, 0xE2, 0x00, 0x00, 0x63, 0x80, 0x00,
    0x70, 0xC0, 0x00, 0x70, 0x70, 0x00, 0x30, 0xFC, 0x00, 0xFF, 0xFF, 0x00, 0x7F, 0xE1, 0xC0, 0x18,
    0x00, 0xE0, 0x00, 0x00, 0x20, 0x00, 0x00, 0x00, 0x00, 0xC1, 0xC0, 0x00, 0x70, 0xE0, 0x00, 0x30,
    0x60, 0x00, 0x38, 0x30, 0x00, 0x19, 0xFF, 0xE0, 0x1C, 0xFF, 0xF0, 0x1C, 0x0C, 0x00, 0x0E, 0x06,
    0x00, 0x0F, 0x0F, 0xFF, 0x87, 0xFF, 0xFF, 0xE6, 0xDF, 0x80, 0x06, 0x61, 0xC0, 0x02, 0x30, 0xE1,
    0xC0, 0x18, 0x7F, 0xF0, 0x0C, 0x3F, 0xF8, 0x06, 0x00, 0x38, 0x03, 0x02, 0x38, 0x01, 0x83, 0xB8,
    0x00, 0xC0, 0xF8, 0x00, 0x60, 0x3C, 0x00, 0x30, 0x0F, 0x00, 0x18, 0x01, 0x80, 0x0C, 0x00, 0x40,
    0x01, 0x83, 0x00, 0x00, 0xE1, 0x80, 0x00, 0x60, 0xC0, 0x00, 0x70, 0x60, 0x00, 0x30, 0x30, 0x00,
    0x38, 0x1F, 0xE0, 0x1B, 0xFF, 0xF8, 0x1C, 0xFF, 0xC0, 0x1E, 0x10, 0x70, 0x0F, 0x1C, 0x38, 0x0D,
    0x86, 0x1C, 0x0C, 0xC3, 0x0E, 0x0C, 0x61, 0xC6, 0x00, 0x30, 0x63, 0x00, 0x18, 0x33, 0x80, 0x0C,
    0x1D, 0x80, 0x06, 0x0E, 0xC0, 0x03, 0x03, 0x60, 0x01, 0x80, 0x63, 0xC0, 0xFF, 0xFF, 0xF0, 0xFF,
    0xFF, 0xF0, 0x70, 0x00, 0x00, 0x18, 0x00, 0x00, 0x00, 0x0C, 0x00, 0x01, 0x8E, 0x00, 0x01, 0x87,
    0x00, 0x03, 0x83, 0xC0, 0x03, 0x81, 0xC0, 0x07, 0x00, 0xC0, 0x07, 0xFF, 0xFC, 0x0E, 0xFF, 0xFC,
    0x0E, 0x03, 0x80, 0x1E, 0x03, 0x80, 0x3E, 0x03, 0x80, 0x36, 0x03, 0x80, 0x6E, 0x03, 0x98, 0x4E,
    0x7F, 0xFC, 0x0E, 0x3F, 0xF8, 0x0E, 0x03, 0x80, 0x0E, 0x03, 0x80, 0x0E, 0x03, 0x80, 0x0E, 0x03,
    0x80, 0x0E, 0x03, 0x80, 0x0F, 0xFF, 0xFF, 0x0F, 0xFF, 0xFF, 0x0E, 0x00, 0x00, 0x00, 0x00, 0x00,
    0x00, 0x00, 0x00, 0x00, 0xC1, 0x80, 0x00, 0xE0, 0xC0, 0x00, 0x70, 0x60, 0x00, 0x30, 0x30, 0x00,
    0x38, 0x18, 0x00, 0x18, 0x7F, 0xF8, 0x1D, 0xFF, 0xFC, 0x0E, 0x77, 0x80, 0x0F, 0x03, 0xE0, 0x0F,
    0x83, 0xF8, 0x06, 0xC1, 0xEC, 0x06, 0x61, 0xF7, 0x02, 0x30, 0xD9, 0xC0, 0x18, 0xCC, 0x70, 0x1C,
    0xE6, 0x1C, 0x0E, 0x63, 0xF7, 0x07, 0x6F, 0xFB, 0xC3, 0xE7, 0xE0, 0xE1, 0xE0, 0x60, 0x00, 0xE0,
    0x30, 0x00, 0x70, 0x18, 0x00, 0x38, 0x0C, 0x00, 0x00, 0x02, 0x00, 0x00, 0x08, 0x00, 0x00, 0x0E,
    0x00, 0x00, 0x07, 0x00, 0x00, 0x07, 0xC0, 0x00, 0x07, 0x70, 0x00, 0x07, 0x1C, 0x00, 0x07, 0x87,
    0x00, 0x07, 0x81, 0xC0, 0x07, 0xFF, 0xF8, 0x07, 0x7F, 0xDF, 0x07, 0x07, 0x07, 0xC6, 0x03, 0x80,
    0xF6, 0x07, 0xFF, 0x80, 0x7F, 0xFF, 0xC0, 0x3F, 0xF0, 0x00, 0x03, 0x3B, 0x00, 0x01, 0x9D, 0xC0,
    0x01, 0xCE, 0x70, 0x01, 0xC7, 0x1C, 0x01, 0xC3, 0x87, 0x01, 0xD9, 0xC1, 0xC1, 0x87, 0xE0, 0x40,
    0x01, 0xF0, 0x00, 0x00, 0x30, 0x00, 0x00, 0x06, 0x00, 0x00, 0xC3, 0x80, 0x00, 0x71, 0xC0, 0x00,
    0x31, 0xC0, 0x00, 0x38, 0xE0, 0x00, 0x18, 0x6F, 0xF8, 0x1C, 0x7F, 0xFC, 0x0C, 0x3F, 0x00, 0x0E,
    0x3B, 0x00, 0x07, 0x19, 0x80, 0x07, 0x98, 0xFF, 0x07, 0xD8, 0x7F, 0x87, 0x6C, 0x30, 0x03, 0x30,
    0x18, 0x00, 0x18, 0x0C, 0x10, 0x0C, 0x07, 0xFC, 0x06, 0x03, 0xFE, 0x03, 0x01, 0x80, 0x01, 0x80,
    0xC0, 0x00, 0xC0, 0x60, 0x00, 0x60, 0x30, 0x00, 0x30, 0x18, 0x00, 0x18, 0x0C, 0x00, 0x00, 0x02,
    0x00, 0x00, 0x00, 0x00, 0x00, 0x8E, 0x00, 0x01, 0xCE, 0x00, 0x01, 0xCE, 0x00, 0x03, 0x8C, 0x00,
    0x03, 0x1D, 0xFE, 0x07, 0x1F, 0xFE, 0x06, 0x3F, 0x8E, 0x0E, 0x31, 0x8C, 0x0E, 0x61, 0x8C, 0x1E,
    0xC1, 0x98, 0x36, 0x91, 0x90, 0x66, 0x19, 0xB8, 0x46, 0x39, 0x9C, 0x06, 0x31, 0x9C, 0x06, 0x71,
    0x8E, 0x06, 0x61, 0x87, 0x06, 0xC1, 0x87, 0x06, 0xC1, 0x83, 0x07, 0x91, 0x80, 0x06, 0x1D, 0x80,
    0x06, 0x0F, 0x80, 0x06, 0x07, 0x80, 0x00, 0x01, 0x00, 0x00, 0x00, 0x00, 0x00, 0xC1, 0x80, 0x00,
    0xE0, 0xC0, 0x00, 0x70, 0x60, 0x00, 0x35, 0xFF, 0xC0, 0x3B, 0xFF, 0xE0, 0x18, 0xCC, 0x00, 0x1C,
    0x06, 0x30, 0x0E, 0x7F, 0xFC, 0x0F, 0x3F, 0xEE, 0x0F, 0x98, 0xC6, 0x07, 0xCC, 0x63, 0x06, 0xE7,
    0xFF, 0x82, 0x73, 0xFF, 0xC0, 0x38, 0xDC, 0x00, 0x1D, 0xEE, 0x00, 0x0E, 0xFE, 0x00, 0x07, 0x07,
    0x00, 0x03, 0x83, 0xE0, 0x01, 0xC3, 0xBC, 0x00, 0xE3, 0x8F, 0xC0, 0x77, 0x01, 0xF8, 0x3E, 0x00,
    0x1C, 0x00, 0x00, 0x00, 0x03, 0x00, 0x60, 0x03, 0x98, 0x70, 0x03, 0x98, 0x60, 0x03, 0x18, 0x60,
    0x07, 0x1C, 0x60, 0x06, 0x1C, 0x64, 0x0E, 0xFF, 0xFE, 0x0C, 0xFF, 0xFC, 0x1C, 0x1C, 0x60, 0x3C,
    0x1C, 0x60, 0x3C, 0x1C, 0x60, 0x6C, 0x1C, 0x60, 0x4C, 0x3F, 0xFF, 0x0D, 0xFF, 0xFF, 0x0C, 0xFC,
    0x00, 0x0C, 0x0C, 0x60, 0x0C, 0x1C, 0x70, 0x0C, 0x18, 0x38, 0x0C, 0x38, 0x1C, 0x0C, 0x70, 0x1C,
    0x0C, 0xE0, 0x0E, 0x0C, 0x80, 0x04, 0x00, 0x00, 0x00, 0x00, 0x00, 0x00, 0x03, 0x00, 0x06, 0x03,
    0x00, 0x06, 0x07, 0xFF, 0x06, 0x06, 0xFF, 0x86, 0x06, 0xC3, 0xE6, 0x0C, 0xDB, 0x36, 0x0C, 0xDB,
    0x36, 0x1C, 0xDB, 0x36, 0x1C, 0xDB, 0x36, 0x3C, 0xDB, 0x36, 0x3C, 0xDB, 0x36, 0x6C, 0xDB, 0x36,
    0x4C, 0xDB, 0x36, 0x0C, 0xDB, 0x36, 0x0C, 0xDB, 0x36, 0x0C, 0xFB, 0x76, 0x0C, 0x36, 0x36, 0x0C,
    0x37, 0x06, 0x0C, 0x63, 0x86, 0x0C, 0xE1, 0xF6, 0x0D, 0xC1, 0xBE, 0x0F, 0x00, 0x0E, 0x04, 0x00,
    0x06, 0x03, 0x00, 0x00, 0x01, 0xC0, 0x7C, 0x00, 0xDF, 0xFF, 0x00, 0xEF, 0xF8, 0x00, 0x60, 0x38,
    0x00, 0x33, 0xFF, 0xE0, 0x31, 0xFF, 0xF0, 0x38, 0xC7, 0x18, 0x1C, 0x7F, 0xFC, 0x1E, 0x3F, 0xFE,
    0x0F, 0x18, 0xC7, 0x0D, 0x8C, 0x7F, 0x8C, 0xC7, 0xFF, 0xC0, 0x63, 0xF8, 0x00, 0x33, 0x8C, 0x00,
    0x19, 0xFE, 0x00, 0x0C, 0x1E, 0x00, 0x06, 0x07, 0xC0, 0x03, 0x07, 0xF8, 0x01, 0x87, 0x1F, 0x00,
    0xCF, 0x03, 0xF8, 0x7E, 0x00, 0x3C, 0x10, 0x00, 0x00, 0x03, 0x00, 0x00, 0x01, 0xFF, 0xF8, 0x00,
    0xEF, 0xFE, 0x00, 0x66, 0x07, 0x00, 0x73, 0x03, 0x00, 0x31, 0x81, 0x80, 0x38, 0xC7, 0xC0, 0x3C,
    0x7F, 0xE0, 0x1E, 0x3F, 0x00, 0x1F, 0x09, 0x80, 0x0F, 0x80, 0xC1, 0x0D, 0xDF, 0xFF, 0xC4, 0xEF,
    0xFF, 0xE0, 0x70, 0x7E, 0x00, 0x38, 0x3F, 0xC0, 0x1C, 0x3E, 0x70, 0x0E, 0x3B, 0x1C, 0x07, 0x39,
    0x87, 0x83, 0xB0, 0xC1, 0xE1, 0xF0, 0x60, 0x60, 0xE0, 0x30, 0x00, 0x70, 0x18, 0x00, 0x00, 0x04,
    0x00, 0x00, 0x00, 0x00, 0x01, 0x86, 0x00, 0x01, 0x8F, 0x80, 0x03, 0x83, 0xE0, 0x03, 0x00, 0xE0,
    0x07, 0x0F, 0xFF, 0x06, 0xFF, 0xFF, 0x0E, 0xFF, 0x00, 0x0E, 0x00, 0x10, 0x1E, 0x3F, 0xF8, 0x3E,
    0x3F, 0xF8, 0x36, 0x00, 0x00, 0x66, 0x3F, 0xF8, 0xC6, 0x3F, 0xF8, 0x06, 0x00, 0x00, 0x06, 0x3F,
    0xF8, 0x06, 0x3F, 0xF8, 0x06, 0x3E, 0x18, 0x06, 0x18, 0x18, 0x06, 0x18, 0x18, 0x0E, 0x1F, 0xF8,
    0x0E, 0x1F, 0xF8, 0x0E, 0x18, 0x00, 0x04, 0x00, 0x00, 0x00, 0x00, 0x00, 0x01, 0x81, 0xC0, 0x00,
    0xE0, 0xE0, 0x00, 0x60, 0x7F, 0x00, 0x70, 0x7F, 0x80, 0x30, 0x71, 0xC0, 0x38, 0x3D, 0xC0, 0x1B,
    0xB7, 0xC0, 0x1D, 0xF1, 0xE0, 0x0E, 0xE1, 0xFC, 0x0F, 0x71, 0xDF, 0x8D, 0xBB, 0xCD, 0xF6, 0xDF,
    0x9E, 0x36, 0x6E, 0x1F, 0x80, 0x37, 0x3C, 0xC0, 0x1B, 0xB9, 0xE0, 0x0D, 0xC1, 0xEC, 0x06, 0xE3,
    0xCF, 0x03, 0x77, 0x8F, 0x01, 0x80, 0x1E, 0x00, 0xC0, 0x3E, 0x00, 0x60, 0x7C, 0x00, 0x30, 0xF0,
    0x00, 0x08, 0x40, 0x00, 0x00, 0x00, 0x00, 0x04, 0x00, 0x18, 0x1C, 0x00, 0x38, 0x3F, 0xF8, 0x70,
    0x7F, 0xF0, 0xE1, 0xC6, 0x0D, 0xC3, 0x1F, 0x1B, 0x86, 0x37, 0x37, 0x1C, 0xEE, 0x6E, 0x3B, 0xFE,
    0xDC, 0xF7, 0xCD, 0xB9, 0xE1, 0xCB, 0x76, 0xC3, 0x86, 0xE9, 0x87, 0x4D, 0xC3, 0x7F, 0xDB, 0x86,
    0x7E, 0x37, 0x0C, 0x38, 0x6E, 0x18, 0x72, 0xDC, 0x30, 0xFC, 0x38, 0x7F, 0xE0, 0x70, 0xFF, 0x0E,
    0xE3, 0xB0, 0x0F, 0xC3, 0x00, 0x07, 0x80, 0x00, 0x06, 0x03, 0x00, 0x00, 0x01, 0x83, 0xFF, 0x80,
    0xF1, 0xFF, 0xC0, 0xF8, 0x0C, 0x00, 0x6C, 0x06, 0x00, 0x76, 0x1F, 0xF0, 0x33, 0x0F, 0xF8, 0x39,
    0x96, 0x0C, 0x1C, 0xFF, 0x66, 0x1E, 0x7D, 0xBB, 0x0F, 0x30, 0xDD, 0x8D, 0x98, 0x6E, 0xC4, 0xCC,
    0x37, 0x60, 0x66, 0x3B, 0x30, 0x33, 0x3D, 0xB8, 0x19, 0xB6, 0xDC, 0x0C, 0xF1, 0x66, 0x06, 0xF0,
    0x7C, 0x03, 0x70, 0x37, 0x01, 0x80, 0x39, 0xC0, 0xC0, 0x38, 0x70, 0x60, 0x70, 0x18, 0x00, 0x30,
    0x00, 0x00, 0x00, 0x00, 0x06, 0x0E, 0x00, 0x0E, 0x1E, 0x00, 0x1C, 0x0E, 0x00, 0x30, 0x0C, 0x00,
    0xEF, 0xFF, 0x81, 0x9F, 0xFF, 0x07, 0x38, 0x0E, 0x1E, 0x71, 0xF8, 0x3C, 0xFF, 0xF8, 0xF9, 0xF8,
    0x01, 0xF3, 0x83, 0xE6, 0xE7, 0xFF, 0xE9, 0xCF, 0xFC, 0xC3, 0x9E, 0xD9, 0x87, 0x3D, 0xBF, 0x0E,
    0xDF, 0xFE, 0x1D, 0xBF, 0xCC, 0x3B, 0x6D, 0x98, 0x7C, 0xDB, 0x30, 0xF9, 0xB7, 0x61, 0xE3, 0x6F,
    0xC3, 0x86, 0x03, 0x80, 0x00, 0x00, 0x03, 0x00, 0xC0, 0x01, 0x80, 0x60, 0x01, 0xE0, 0x31, 0x00,
    0xF8, 0x1A, 0xC0, 0xEE, 0xFF, 0xE0, 0x63, 0xBF, 0xE0, 0x70, 0xC3, 0x70, 0x38, 0x01, 0xFE, 0x1F,
    0xFF, 0xFF, 0x9F, 0xF7, 0xFF, 0x1B, 0x18, 0x38, 0x0D, 0x9C, 0x38, 0x0C, 0xCE, 0x3F, 0xC0, 0x67,
    0x7F, 0xE0, 0x33, 0xFC, 0x30, 0x19, 0xD7, 0xF8, 0x0C, 0xFB, 0xFC, 0x06, 0x79, 0x86, 0x03, 0x3C,
    0xC7, 0x01, 0xBC, 0x7F, 0x81, 0xCC, 0x3F, 0xC0, 0xE0, 0x18, 0x00, 0x00, 0x0C, 0x00, 0x00, 0x00,
    0x00, 0x00, 0x60, 0x00, 0x00, 0xC0, 0x00, 0x01, 0x81, 0x83, 0xFF, 0xFF, 0x87, 0xFF, 0xFE, 0x00,
    0x38, 0x00, 0x00, 0x73, 0x00, 0x01, 0xC7, 0x00, 0x07, 0x07, 0x00, 0x0C, 0x1F, 0x00, 0xFF, 0xFF,
    0x01, 0xFF, 0xC7, 0x00, 0x19, 0x86, 0x00, 0x73, 0x00, 0x00, 0xE6, 0x00, 0x01, 0x8C, 0x06, 0x07,
    0x18, 0x0C, 0x1C, 0x30, 0x18, 0x70, 0x60, 0x31, 0xC0, 0xF1, 0xEF, 0x01, 0xFF, 0xF8, 0x01, 0xFE,
    0x00, 0x00, 0x00, 0x00, 0x00, 0x1C, 0x00, 0x01, 0x9C, 0x00, 0x01, 0xDC, 0x00, 0x01, 0x9C, 0x00,
    0x01, 0x9F, 0xE0, 0x03, 0xFF, 0xF0, 0x03, 0xFF, 0x00, 0x06, 0x1C, 0x00, 0x06, 0x1C, 0x00, 0x0C,
    0x1C, 0x0C, 0x3F, 0xFF, 0xFE, 0x3F, 0xFF, 0xFC, 0x08, 0x67, 0x00, 0x00, 0xE7, 0x00, 0x00, 0xC6,
    0x02, 0x01, 0xC6, 0x03, 0x01, 0xC6, 0x03, 0x03, 0x86, 0x07, 0x07, 0x06, 0x06, 0x0E, 0x07, 0xFE,
    0x3C, 0x03, 0xFE, 0x70, 0x01, 0xF8, 0x00, 0x00, 0x00, 0x00, 0x30, 0x00, 0x00, 0x70, 0x00, 0x00,
    0xE1, 0x00, 0x41, 0xC7, 0x00, 0xC3, 0x8E, 0x01, 0xC7, 0x38, 0x01, 0xCE, 0x60, 0x01, 0xDD, 0x80,
    0x01, 0xBE, 0x00, 0x07, 0xFF, 0xF1, 0xFF, 0xFF, 0xE1, 0xFE, 0x60, 0x00, 0x0C, 0xC0, 0x00, 0x39,
    0x80, 0x00, 0x63, 0x01, 0x01, 0xC6, 0x02, 0x03, 0x0C, 0x04, 0x0E, 0x18, 0x18, 0x38, 0x30, 0x30,
    0xE0, 0x7F, 0xE7, 0x00, 0xFF, 0xDC, 0x00, 0x7E, 0x00, 0x00, 0xC0, 0x00, 0x00, 0xE0, 0x00, 0x00,
    0x60, 0x00, 0x00, 0x70, 0x00, 0x00, 0x30, 0x00, 0x00, 0x30, 0x00, 0x00, 0x38, 0x00, 0x00, 0x38,
    0x00, 0x00, 0x7C, 0x00, 0x00, 0x7C, 0x00, 0x00, 0xEE, 0x00, 0x00, 0xE7, 0x00, 0x01, 0xC7, 0x00,
    0x01, 0x83, 0x80, 0x03, 0x81, 0xC0, 0x07, 0x01, 0xE0, 0x0E, 0x00, 0xF0, 0x1C, 0x00, 0x78, 0x38,
    0x00, 0x3C, 0x70, 0x00, 0x1E, 0xE0, 0x00, 0x0F, 0xC0, 0x00, 0x07, 0x00, 0x08, 0x00, 0x00, 0x0E,
    0x00, 0x00, 0x07, 0x00, 0x00, 0x07, 0x80, 0x00, 0x07, 0xE0, 0x00, 0x03, 0xB8, 0x00, 0x03, 0x8E,
    0x00, 0x03, 0x83, 0xC0, 0x03, 0x80, 0xF0, 0x03, 0x80, 0x3E, 0x03, 0xFF, 0xF7, 0xC3, 0xBF, 0xF9,
    0xF7, 0x01, 0xC0, 0x32, 0x00, 0xE0, 0x00, 0x00, 0x71, 0x00, 0x0F, 0xFF, 0xC0, 0x03, 0xFF, 0xE0,
    0x00, 0x0E, 0x00, 0x00, 0x07, 0x00, 0x00, 0x03, 0x80, 0x01, 0xFF, 0xFF, 0xE0, 0xFF, 0xFF, 0xF0,
    0x00, 0x00, 0x00, 0x00, 0x00, 0x00, 0x03, 0x03, 0x80, 0x03, 0x83, 0x80, 0x01, 0x83, 0x00, 0x01,
    0xC7, 0x00, 0x00, 0xCE, 0x00, 0x00, 0xFF, 0xE0, 0x1F, 0xFF, 0xF0, 0x1F, 0xFC, 0x00, 0x00, 0x30,
    0x00, 0x00, 0x30, 0x00, 0x00, 0x31, 0xF8, 0x7F, 0xFF, 0xF8, 0x3F, 0xFF, 0xF8, 0x00, 0x78, 0x00,
    0x00, 0x7C, 0x00, 0x00, 0xEE, 0x00, 0x01, 0xC7, 0x00, 0x03, 0x83, 0x80, 0x07, 0x01, 0xE0, 0x0E,
    0x00, 0xF8, 0x3C, 0x00, 0x3E, 0xF0, 0x00, 0x0E, 0x00, 0x00, 0x00, 0x00, 0x03, 0x00, 0x06, 0x07,
    0x00, 0x0E, 0x0E, 0x00, 0x1C, 0x1C, 0x00, 0x3F, 0xFF, 0x07, 0xFF, 0xFE, 0x07, 0xF8, 0xC0, 0x01,
    0xC1, 0x80, 0x03, 0xFF, 0x00, 0x07, 0xFE, 0x00, 0x0E, 0x0C, 0x00, 0x1D, 0xF8, 0x00, 0x1F, 0xF0,
    0x00, 0x3E, 0x60, 0x00, 0x60, 0xC0, 0x4F, 0xFF, 0xFF, 0xFF, 0xFF, 0xFE, 0xFF, 0x04, 0x00, 0x07,
    0x1C, 0x00, 0x1E, 0x1E, 0x00, 0x78, 0x1E, 0x01, 0xC0, 0x1E, 0x07, 0x00, 0x1C, 0x18, 0x00, 0x00,
    0x00, 0x04, 0x00, 0x00, 0xE7, 0x00, 0x00, 0x67, 0x00, 0x00, 0x67, 0x00, 0x00, 0x67, 0x00, 0x0F,
    0xFF, 0xF0, 0x0F, 0xFF, 0xF8, 0x0F, 0xE7, 0x30, 0x0E, 0x67, 0x30, 0x06, 0x67, 0x30, 0x07, 0xFF,
    0xF0, 0x07, 0xFF, 0xF0, 0x06, 0x66, 0x30, 0x06, 0x66, 0x30, 0x06, 0x66, 0x30, 0x7F, 0xFF, 0xFF,
    0x7F, 0xFF, 0xFF, 0x00, 0xC3, 0x00, 0x00, 0xC3, 0x80, 0x01, 0xC1, 0xE0, 0x03, 0x80, 0xF0, 0x0F,
    0x00, 0x78, 0x3C, 0x00, 0x18, 0x00, 0x00, 0x00, 0x00, 0x00, 0x00, 0x1C, 0x00, 0x03, 0x80, 0x00,
    0x70, 0x00, 0x0E, 0x01, 0x81, 0xFF, 0xBF, 0xFF, 0xFF, 0xFF, 0x87, 0xE0, 0xC0, 0xFC, 0x18, 0x1F,
    0x87, 0x83, 0xF0, 0xF8, 0x7E, 0x3B, 0x8F, 0xC6, 0x39, 0xF9, 0xC3, 0xBF, 0x70, 0x3F, 0xFC, 0x03,
    0xFF, 0x00, 0x1F, 0x80, 0x03, 0xF0, 0x0C, 0x7E, 0x00, 0xFF, 0xC0, 0x0F, 0xF8, 0x00, 0x7A, 0x00,
    0x00, 0x00, 0x00, 0x00, 0x07, 0xFF, 0xF0, 0x3F, 0xFF, 0xF0, 0x1C, 0x30, 0x00, 0x00, 0x30, 0x00,
    0x0F, 0xFF, 0xE0, 0x0F, 0xFF, 0xE0, 0x0E, 0x30, 0xE0, 0x0C, 0x30, 0xE0, 0x0F, 0xFF, 0xE0, 0x0F,
    0xFF, 0xE0, 0x0E, 0x30, 0xE0, 0x0C, 0x30, 0xE0, 0x0C, 0x37, 0xFE, 0xFF, 0xFF, 0xFE, 0xFF, 0xFE,
    0xE0, 0x0C, 0x00, 0xE0, 0x0C, 0x00, 0xE0, 0x0C, 0x00, 0xE0, 0x0C, 0x06, 0xE0, 0x0C, 0x07, 0xE0,
    0x0C, 0x01, 0xE0, 0x04, 0x00, 0x00, 0x00, 0x00, 0x00, 0x30, 0x03, 0xE1, 0xFF, 0xFF, 0xC7, 0xFF,
    0xFE, 0x1B, 0x00, 0x30, 0xEE, 0x01, 0xC3, 0x38, 0x1E, 0x0C, 0xFF, 0xF0, 0x03, 0xFF, 0x80, 0x1C,
    0x00, 0x00, 0x63, 0xFE, 0x01, 0xFF, 0xFC, 0x07, 0xF8, 0x70, 0x00, 0x01, 0x80, 0x01, 0xE6, 0x3F,
    0xFF, 0xD8, 0x7F, 0xFC, 0xE0, 0x00, 0x03, 0x80, 0x02, 0x0C, 0x00, 0x0E, 0x30, 0x00, 0x1F, 0xC0,
    0x00, 0x1E, 0x00, 0x00, 0x30, 0x00, 0x00, 0x18, 0x00, 0x00, 0x1C, 0xC0, 0x00, 0x38, 0xC0, 0x70,
    0x38, 0xC0, 0x38, 0x71, 0x80, 0x1C, 0x7F, 0xFC, 0x0E, 0xFF, 0xFC, 0x0D, 0xE3, 0x80, 0x01, 0xE3,
    0x80, 0x03, 0x7F, 0xF8, 0x06, 0x7F, 0xF8, 0x03, 0x63, 0x80, 0x06, 0x63, 0x80, 0x0E, 0x7F, 0xF8,
    0x1C, 0x7F, 0xFC, 0x18, 0x7B, 0x80, 0x78, 0x63, 0x80, 0xF0, 0x63, 0x80, 0x60, 0x7F, 0xFE, 0x00,
    0x7F, 0xFE, 0x00, 0x60, 0x00, 0x00, 0x60, 0x00, 0x00, 0x60, 0x00, 0x00, 0x04, 0x00, 0x00, 0x06,
    0x00, 0x00, 0x06, 0x00, 0x01, 0xFF, 0xF8, 0x61, 0xFF, 0xF8, 0x70, 0x0C, 0x00, 0x38, 0xFF, 0xF0,
    0x1C, 0xFF, 0xE0, 0x0C, 0x18, 0x00, 0x03, 0xFF, 0xFC, 0x03, 0xFF, 0xFC, 0x02, 0x70, 0x60, 0x06,
    0x67, 0xF0, 0x0C, 0xFF, 0xFC, 0x0D, 0x96, 0x0E, 0x1F, 0x06, 0x0F, 0x3F, 0xFF, 0xFF, 0x30, 0xFF,
    0xF8, 0x70, 0x0F, 0x80, 0xE0, 0x19, 0xC0, 0x40, 0x70, 0xF0, 0x00, 0xE0, 0x7C, 0x03, 0x80, 0x1C,
    0x00, 0x00, 0x00, 0x07, 0xFF, 0x00, 0x07, 0xFF, 0x00, 0x07, 0x03, 0x00, 0x07, 0x03, 0x00, 0x07,
    0x03, 0x00, 0x07, 0x03, 0x00, 0x07, 0x03, 0x00, 0x07, 0x03, 0x00, 0x06, 0x03, 0x00, 0x06, 0x03,
    0x00, 0x06, 0x03, 0x00, 0x06, 0x03, 0x00, 0x0E, 0x03, 0x02, 0x0E, 0x03, 0x03, 0x0C, 0x03, 0x03,
    0x1C, 0x03, 0x03, 0x18, 0x03, 0x07, 0x38, 0x03, 0x0F, 0x70, 0x03, 0xFE, 0xE0, 0x01, 0xFC, 0x80,
    0x00, 0x00, 0x00, 0x00, 0x00, 0x18, 0x00, 0x03, 0x80, 0x00, 0x70, 0x00, 0x0E, 0x18, 0xE1, 0xC3,
    0x0C, 0x38, 0x61, 0x87, 0x0C, 0x30, 0xE1, 0x86, 0x1C, 0x30, 0xFF, 0xFE, 0x3F, 0xFF, 0xC3, 0xFE,
    0x18, 0x01, 0xC1, 0x38, 0x38, 0x3F, 0x07, 0x07, 0xE0, 0xC0, 0xFC, 0x18, 0x1F, 0x83, 0x03, 0xF0,
    0x7F, 0xFF, 0xFF, 0xFF, 0xFF, 0xFD, 0xD0, 0x00, 0x38, 0x00, 0x02, 0x00, 0x0E, 0x00, 0x00, 0x63,
    0x80, 0x00, 0x38, 0xC0, 0x00, 0x1C, 0x70, 0x00, 0x1C, 0x1C, 0x00, 0x0C, 0x07, 0x00, 0x0E, 0x03,
    0xC0, 0x0E, 0x00, 0xF0, 0x06, 0x00, 0x3C, 0x06, 0x00, 0x0F, 0x07, 0xFF, 0xFB, 0xC6, 0x7F, 0xFC,
    0xF6, 0x03, 0x0E, 0x00, 0x03, 0x87, 0x00, 0x01, 0x83, 0x80, 0x01, 0xC1, 0x80, 0x01, 0xC0, 0xC0,
    0x01, 0xC0, 0x60, 0x01, 0xCE, 0x70, 0x01, 0xC3, 0xF8, 0x01, 0xC0, 0xF8, 0x01, 0x80, 0x3C, 0x00,
    0x00, 0x00, 0x00, 0x0C, 0x00, 0x00, 0x1C, 0x00, 0x00, 0x38, 0x1F, 0xF0, 0x71, 0xFF, 0xF0, 0xE1,
    0xF8, 0xE1, 0xC0, 0x31, 0xC3, 0x9C, 0x63, 0xBF, 0xF8, 0xC7, 0x7F, 0xC3, 0x8E, 0x1C, 0x07, 0x1C,
    0x38, 0x0C, 0x30, 0x70, 0x18, 0x60, 0xE0, 0x70, 0xC1, 0xCC, 0xC1, 0x83, 0xF3, 0x83, 0x07, 0xC6,
    0x06, 0x3F, 0x1C, 0x1C, 0x78, 0x77, 0x38, 0x40, 0xC7, 0xE0, 0x03, 0x07, 0xC0, 0x0C, 0x07, 0x80,
    0x00, 0x00, 0x00, 0x00, 0x00, 0x00, 0x00, 0x00, 0x60, 0x07, 0x81, 0x9F, 0xFF, 0x06, 0x7F, 0xE0,
    0x18, 0x1C, 0x1C, 0x60, 0x60, 0x31, 0x83, 0x80, 0xC6, 0x0F, 0xF3, 0x18, 0x7F, 0xCC, 0x61, 0x87,
    0x31, 0x8F, 0x18, 0xC6, 0x3E, 0xE3, 0x19, 0x9F, 0x0C, 0x6C, 0x7C, 0x31, 0x80, 0xE0, 0xC6, 0x03,
    0x83, 0x18, 0x1C, 0x0C, 0x60, 0xE0, 0x01, 0x87, 0x00, 0x06, 0x38, 0x01, 0x99, 0xC0, 0x03, 0xEC,
    0x00, 0x07, 0x80, 0x00, 0x0E, 0x00, 0x00, 0x10, 0x06, 0x00, 0x60, 0x38, 0x01, 0xC0, 0xE0, 0x07,
    0x07, 0xC0, 0x1C, 0x1B, 0x86, 0x70, 0xE7, 0x19, 0xC3, 0x0E, 0x67, 0x18, 0x1D, 0x9C, 0xFF, 0xA6,
    0x77, 0xFE, 0x19, 0xDB, 0x18, 0x67, 0xCC, 0x61, 0x9C, 0x31, 0x86, 0x70, 0xC6, 0x19, 0xC3, 0x79,
    0x67, 0x0D, 0xED, 0x9C, 0x31, 0x36, 0x70, 0xC0, 0xC1, 0xC3, 0x07, 0x07, 0x0F, 0xFD, 0xDC, 0x1F,
    0xE3, 0xF0, 0x00, 0x07, 0xC0, 0x00, 0x06, 0x00, 0x00, 0x18, 0x00, 0x00, 0x73, 0x2F, 0xC1, 0xCF,
    0xFF, 0x07, 0x1F, 0x6C, 0x1C, 0x6D, 0xB3, 0x71, 0xB6, 0xCD, 0xC6, 0xDB, 0x37, 0x1B, 0x6C, 0xDC,
    0x6D, 0xBB, 0x7F, 0xFF, 0xFD, 0xFF, 0xFF, 0xB7, 0x3B, 0x6C, 0xDC, 0xED, 0xB3, 0x73, 0x3E, 0xCD,
    0xCC, 0xFB, 0x37, 0x33, 0xCC, 0xDC, 0xCF, 0x33, 0x73, 0x3C, 0xC1, 0xDE, 0xF3, 0x07, 0x6F, 0xFC,
    0xDD, 0x1E, 0xF1, 0xF4, 0x39, 0xC3, 0xC0, 0x00, 0x06, 0x00, 0x00, 0x10, 0x00, 0x00, 0x70, 0x01,
    0x01, 0xDF, 0xFE, 0x07, 0x7F, 0xF8, 0x1C, 0x18, 0x0C, 0x70, 0xEC, 0x31, 0xC3, 0x38, 0xC7, 0x1C,
    0x73, 0x1D, 0xFF, 0xCC, 0x77, 0xFB, 0xB1, 0xC9, 0xC6, 0xC7, 0x03, 0x03, 0x1C, 0x0C, 0x0C, 0x77,
    0xFF, 0x31, 0xCF, 0xFC, 0xC7, 0x03, 0x03, 0x1C, 0x0C, 0x2C, 0x70, 0x3F, 0x81, 0xC3, 0xF8, 0x07,
    0xFF, 0x01, 0xDF, 0xE0, 0x03, 0xF0, 0x00, 0x07, 0x80, 0x00, 0x06, 0x00, 0x00, 0x10, 0x06, 0x00,
    0x70, 0x18, 0x01, 0xC3, 0x60, 0x07, 0x0D, 0x80, 0x1C, 0x7F, 0xF6, 0x71, 0xFF, 0xD9, 0xCC, 0x60,
    0x67, 0x61, 0x85, 0x9F, 0xFF, 0xFE, 0x77, 0xFF, 0xD9, 0xC0, 0x60, 0x77, 0x31, 0xF9, 0xDC, 0xFF,
    0xF7, 0x73, 0xF8, 0xDD, 0xCE, 0x63, 0x77, 0x39, 0x8D, 0xDC, 0xE6, 0x36, 0x71, 0x9F, 0xC1, 0xCE,
    0x6F, 0x07, 0x19, 0x99, 0xDC, 0x06, 0x03, 0xF0, 0x18, 0x07, 0xC0, 0x00, 0x06, 0x00, 0x00, 0x08,
    0x00, 0x00, 0x18, 0x7F, 0xF8, 0x38, 0xFF, 0xF0, 0x71, 0xC0, 0xC0, 0xE3, 0x81, 0x99, 0xC7, 0xFF,
    0x33, 0x8F, 0xFF, 0x67, 0x1C, 0x60, 0xCE, 0x30, 0xC1, 0x9C, 0x71, 0x83, 0x38, 0xFF, 0xF6, 0x71,
    0xFF, 0xEC, 0xE3, 0xEC, 0xD9, 0xC7, 0xD9, 0xB3, 0x9F, 0xB3, 0x67, 0x33, 0x66, 0xCE, 0x66, 0xFD,
    0x9C, 0xDD, 0xB8, 0x3B, 0x1B, 0x20, 0x76, 0x06, 0x0E, 0xF8, 0x0C, 0x0F, 0xE0, 0x18, 0x0F, 0x00,
    0x00, 0x06, 0x00, 0x01, 0x00, 0x06, 0x03, 0x00, 0x0E, 0x0E, 0x00, 0x0E, 0x38, 0x00, 0x0E, 0x60,
    0xCF, 0xFF, 0xFF, 0xDF, 0xFF, 0xFF, 0x18, 0x00, 0x18, 0x10, 0xE0, 0x30, 0x3F, 0xE4, 0x70, 0x7F,
    0xCC, 0xE0, 0xC3, 0x99, 0xC1, 0xFF, 0x33, 0x83, 0xFE, 0x67, 0x06, 0x1C, 0xCE, 0x0C, 0x39, 0x9C,
    0x1F, 0xF3, 0x38, 0x3F, 0xE6, 0x70, 0x60, 0xCC, 0xE0, 0xC1, 0x81, 0xC1, 0xB3, 0x3B, 0x83, 0x3E,
    0x3F, 0x06, 0x3C, 0x1C, 0x00, 0x00, 0x18, 0x00, 0x08, 0x0C, 0x00, 0x78, 0x1C, 0x07, 0xE0, 0x38,
    0x7F, 0x00, 0x71, 0xDC, 0x00, 0xE7, 0xFF, 0xF9, 0xCF, 0xFF, 0xF3, 0x82, 0xF8, 0x67, 0x07, 0xF6,
    0xCE, 0x7F, 0xFD, 0x9C, 0xFF, 0xF3, 0x38, 0x3F, 0x86, 0x70, 0x7F, 0xEC, 0xEF, 0xBB, 0xF9, 0xDE,
    0xFA, 0x33, 0x83, 0xF8, 0x67, 0x07, 0xF8, 0xCE, 0x1B, 0xB9, 0x9C, 0x67, 0x38, 0x39, 0x8E, 0x20,
    0x76, 0x1C, 0x06, 0xE0, 0x38, 0x07, 0xC0, 0x70, 0x07, 0x80, 0x40, 0x06, 0x02, 0x01, 0x80, 0x0F,
    0x07, 0x00, 0x0F, 0x1C, 0x00, 0x0E, 0xFF, 0xFF, 0xFF, 0xFF, 0xEF, 0xFE, 0x08, 0x07, 0xF8, 0x18,
    0x07, 0xFB, 0x30, 0x0F, 0xF6, 0x60, 0x3F, 0xEC, 0xC0, 0x7F, 0xD9, 0x80, 0xFF, 0xB3, 0x01, 0xC7,
    0x26, 0x03, 0xBE, 0x7C, 0x07, 0x38, 0x78, 0x00, 0x07, 0xF0, 0x1F, 0xFF, 0xF0, 0x1F, 0xFC, 0xE0,
    0x03, 0x81, 0x80, 0x1E, 0x03, 0x00, 0x71, 0xCE, 0x03, 0xC1, 0xFC, 0x1E, 0x00, 0xF0, 0x00, 0x00,
    0x40, 0x00, 0x00, 0x10, 0x00, 0x00, 0x60, 0x3F, 0xC1, 0xBF, 0xFF, 0x06, 0x7F, 0x00, 0x18, 0x03,
    0x8E, 0x63, 0xFF, 0x19, 0x87, 0xDC, 0x66, 0x18, 0x61, 0x98, 0x7F, 0xC6, 0x61, 0xFE, 0x19, 0x82,
    0x00, 0x66, 0x7F, 0xF9, 0x99, 0xFF, 0xF6, 0x66, 0x31, 0x99, 0x9C, 0xDE, 0x66, 0x7F, 0xF9, 0x99,
    0xFE, 0x66, 0x67, 0x31, 0x81, 0x8C, 0xFE, 0x06, 0x3F, 0xF9, 0xD8, 0xFF, 0x83, 0xE3, 0x00, 0x07,
    0x80, 0x00, 0x06, 0x00, 0x03, 0x80, 0x00, 0x0E, 0x00, 0x00, 0x38, 0x00, 0x00, 0xE0, 0x00, 0x03,
    0x81, 0xFF, 0x0E, 0x07, 0xFE, 0x3F, 0x83, 0x9F, 0xFF, 0x0E, 0x3F, 0xFC, 0x38, 0x0C, 0x70, 0xE0,
    0x71, 0xC3, 0x81, 0x87, 0x0E, 0x26, 0x18, 0x3F, 0xB8, 0x60, 0xF8, 0xC1, 0x8F, 0x87, 0x06, 0xF8,
    0x18, 0x1B, 0x80, 0xE0, 0x60, 0x07, 0x73, 0x80, 0x38, 0xFE, 0x01, 0xC1, 0xF0, 0x0E, 0x01, 0xC0,
    0x00, 0x02, 0x00, 0x00, 0x00, 0x00, 0x06, 0x00, 0x00, 0x0E, 0x00, 0x00, 0x1C, 0x00, 0x00, 0x38,
    0x00, 0x00, 0x70, 0x00, 0x00, 0xE4, 0xFF, 0x9F, 0xFD, 0xFF, 0x3F, 0xFB, 0x86, 0x06, 0x37, 0x1C,
    0x0C, 0x6E, 0x38, 0x18, 0xDC, 0x70, 0x73, 0xB8, 0xE0, 0xC7, 0x71, 0xC1, 0x8E, 0xE3, 0x87, 0x1D,
    0xC7, 0x0C, 0x31, 0x8E, 0x18, 0x63, 0x18, 0x60, 0xC6, 0x30, 0xF1, 0x8F, 0xF3, 0x3F, 0x1F, 0xEC,
    0x3E, 0x30, 0x10, 0x38, 0x00, 0x00, 0x00, 0x00, 0x00, 0x00, 0x60, 0x00, 0x00, 0xE0, 0x00, 0x00,
    0xFF, 0xC0, 0x01, 0xFF, 0xC0, 0x03, 0x83, 0x80, 0x07, 0xC7, 0x00, 0x1C, 0xFE, 0x00, 0x38, 0x3C,
    0x00, 0x00, 0x7F, 0x00, 0x01, 0xE7, 0xC0, 0x0F, 0xB1, 0xFC, 0x3E, 0x38, 0x7E, 0xF0, 0x38, 0x0E,
    0x0F, 0xFF, 0xE0, 0x0F, 0xFF, 0xE0, 0x00, 0x60, 0xC0, 0x00, 0xE0, 0xC0, 0x01, 0xC0, 0xC0, 0x03,
    0xB1, 0xC0, 0x07, 0x3D, 0xC0, 0x1E, 0x0F, 0x80, 0x78, 0x07, 0x80, 0x00, 0x00, 0x00, 0x00, 0x01,
    0xC0, 0x00, 0x03, 0x00, 0x7E, 0x0C, 0x0F, 0xF8, 0x30, 0x1F, 0x01, 0xC0, 0x00, 0x07, 0x00, 0x00,
    0xFF, 0xC0, 0x17, 0xFF, 0xFF, 0xEF, 0xCD, 0xFF, 0x86, 0x30, 0xC0, 0x18, 0xC3, 0x60, 0x67, 0x1D,
    0x83, 0x9C, 0x63, 0x0C, 0x71, 0x8C, 0x31, 0xCE, 0xF9, 0xC6, 0x3F, 0xE6, 0x1B, 0xF9, 0xF8, 0x67,
    0x06, 0xF1, 0x80, 0x06, 0x7E, 0x00, 0x30, 0xF8, 0x01, 0x81, 0xC0, 0x00, 0x00, 0x00, 0x30, 0x00,
    0x03, 0x00, 0x00, 0x70, 0x00, 0x06, 0x00, 0x00, 0xE0, 0x7E, 0x0F, 0xFF, 0xF1, 0xFF, 0xF7, 0x39,
    0xCE, 0x73, 0x1C, 0xE7, 0x61, 0x8C, 0x7C, 0x39, 0xC7, 0x87, 0x1C, 0x70, 0x61, 0x87, 0x0E, 0x38,
    0x61, 0xC3, 0x06, 0x38, 0x70, 0x63, 0x0E, 0x06, 0x00, 0xC0, 0x60, 0x18, 0x0E, 0x03, 0x1E, 0xE0,
    0x60, 0xFC, 0x04, 0x03, 0xC0, 0x00, 0x08, 0xC3, 0xFF, 0xE7, 0xFF, 0xFF, 0x3F, 0xC4, 0x01, 0xC3,
    0x30, 0x0E, 0x19, 0x80, 0x70, 0xCC, 0x03, 0x86, 0x60, 0x1C, 0x73, 0x00, 0xE3, 0x98, 0x07, 0x18,
    0xC0, 0x38, 0xC6, 0x01, 0xCC, 0x3F, 0xCE, 0xE0, 0xFE, 0x76, 0x00, 0x03, 0xE0, 0x00, 0x1C, 0x00,
    0x06, 0xFF, 0xFF, 0xFF, 0xFF, 0xFF, 0xB8, 0x00, 0x00, 0x80, 0x00, 0x00, 0x80, 0x3F, 0x8F, 0xFF,
    0xFC, 0xFF, 0xF0, 0x0C, 0x00, 0xC0, 0xC0, 0x0E, 0x0C, 0xC0, 0xC0, 0xCF, 0x1C, 0x0C, 0x79, 0x80,
    0xC1, 0xF8, 0x0C, 0x0F, 0x00, 0xC0, 0x70, 0x0C, 0x0F, 0x80, 0xC1, 0xDC, 0x0C, 0x38, 0xE0, 0xC7,
    0x07, 0x0C, 0xE0, 0x30, 0xDC, 0x01, 0x0D, 0x00, 0xFE, 0xFF, 0xFF, 0xEF, 0xFF, 0xFC, 0xC0, 0x00,
    0x04, 0x00, 0x00, 0x01, 0x00, 0x00, 0x60, 0x00, 0x18, 0x00, 0x06, 0x00, 0x01, 0x80, 0x00, 0x60,
    0x00, 0x1F, 0xFC, 0x07, 0xFF, 0x01, 0xC0, 0x00, 0x60, 0x00, 0x18, 0x00, 0x06, 0x00, 0xC1, 0xFF,
    0x3F, 0xFF, 0xE7, 0xFF, 0xB9, 0x80, 0x0E, 0x60, 0x03, 0x18, 0x00, 0xC6, 0x00, 0x31, 0x80, 0x0C,
    0x7F, 0xFF, 0x1F, 0xFF, 0xC7, 0x00, 0x00, 0x80, 0x00, 0x00, 0x60, 0x00, 0x00, 0xE0, 0x00, 0x00,
    0xC0, 0x00, 0x01, 0x80, 0x00, 0x03, 0xFC, 0x00, 0x07, 0xF8, 0x00, 0x0C, 0x00, 0x00, 0x18, 0x00,
    0x00, 0x30, 0x00, 0x0F, 0xFF, 0xFF, 0xFF, 0xFF, 0xF3, 0xF9, 0x80, 0x00, 0x03, 0x00, 0x00, 0x07,
    0xC0, 0x00, 0x0F, 0xC0, 0x00, 0x19, 0xE0, 0x00, 0x31, 0xE0, 0x00, 0x61, 0xC0, 0x00, 0xC0, 0x00,
    0x01, 0x80, 0x00, 0x03, 0x00, 0x00, 0x06, 0x00, 0x00, 0x1C, 0x00, 0x00, 0x18, 0x00, 0x33, 0xE4,
    0x00, 0xFF, 0xDF, 0xF3, 0xC6, 0x7F, 0xCC, 0x19, 0x87, 0x37, 0xE6, 0x1C, 0xFF, 0x98, 0x73, 0x86,
    0x61, 0xCC, 0x19, 0x87, 0x30, 0x66, 0x1C, 0xFF, 0x98, 0x73, 0xFC, 0x61, 0x8C, 0x41, 0x86, 0x31,
    0x87, 0x98, 0xC7, 0x1B, 0xE3, 0x1E, 0x67, 0x8D, 0xF9, 0x8E, 0x3F, 0x76, 0x03, 0xF0, 0xD8, 0x0F,
    0x02, 0x60, 0x00, 0x01, 0x80, 0x00, 0x06, 0x00, 0x00, 0x18, 0x00, 0x00, 0x00, 0x78, 0x7F, 0xFF,
    0xF1, 0xFF, 0xFF, 0x07, 0x03, 0x80, 0x1C, 0x0E, 0x00, 0x74, 0x77, 0x81, 0xDF, 0xFF, 0x07, 0x7F,
    0xFC, 0x1D, 0x80, 0x70, 0x77, 0xFF, 0xC1, 0x9F, 0xFF, 0x06, 0x70, 0x18, 0x19, 0xFF, 0xF0, 0x67,
    0xFF, 0xC3, 0x8C, 0xE0, 0x0C, 0x33, 0xB8, 0x31, 0xCE, 0x70, 0xC7, 0x38, 0xE6, 0x38, 0xE1, 0xD9,
    0xDB, 0x87, 0xCC, 0x7E, 0x02, 0x00, 0x78, 0x00, 0x00, 0xC0, 0x00, 0x00, 0x20, 0x00, 0x08, 0x66,
    0x00, 0x18, 0xCE, 0x00, 0x33, 0x8E, 0x00, 0xE7, 0x0E, 0x01, 0x8C, 0x0C, 0x07, 0x18, 0xFE, 0x1F,
    0xFF, 0xFE, 0x3F, 0xFF, 0x80, 0x01, 0x80, 0x00, 0x07, 0x00, 0x00, 0x0F, 0xFF, 0x00, 0x3F, 0xFE,
    0x00, 0x78, 0x38, 0x01, 0xF0, 0xE0, 0x07, 0x33, 0x80, 0x0C, 0x7E, 0x00, 0x30, 0x7C, 0x00, 0xC0,
    0xFC, 0x03, 0x07, 0xBE, 0x04, 0x3E, 0x1F, 0x01, 0xF0, 0x0F, 0xCF, 0x00, 0x07, 0x80, 0x00, 0x00,
    0x00, 0x08, 0x00, 0x3F, 0xFE, 0x00, 0x0F, 0xFF, 0x00, 0x01, 0x8E, 0x1F, 0x80, 0xC7, 0xFF, 0xC0,
    0x7F, 0xBF, 0xE0, 0x3F, 0xC8, 0x70, 0x18, 0xEE, 0x30, 0x0C, 0x73, 0x18, 0x07, 0xF9, 0xDC, 0x03,
    0xFC, 0x6C, 0x01, 0x8E, 0x3E, 0x00, 0xC7, 0x0E, 0x00, 0x6F, 0x87, 0x80, 0x3F, 0xC3, 0xC0, 0xFE,
    0xE3, 0x70, 0x78, 0x73, 0x9C, 0x00, 0x3B, 0x87, 0x80, 0x1F, 0x81, 0xE0, 0x0F, 0x00, 0x60, 0x07,
    0x00, 0x00, 0x01, 0x00, 0x00, 0xFF, 0xFF, 0x7F, 0xFF, 0x9E, 0x00, 0xCC, 0x00, 0x66, 0x00, 0x33,
    0x00, 0x19, 0x80, 0x0C, 0xC0, 0x06, 0x60, 0x07, 0x30, 0x03, 0x9C, 0x01, 0xCE, 0x1F, 0xE7, 0xFF,
    0xF3, 0xFF, 0xF1, 0xC0, 0x00, 0x40, 0x00, 0x00, 0x3F, 0xFB, 0xFF, 0xFF, 0xFF, 0xFF, 0xD8, 0x00,
    0x00, 0x60, 0x00, 0x01, 0x80, 0x61, 0x86, 0x01, 0xFF, 0x18, 0x07, 0xFC, 0x60, 0x0C, 0x31, 0x80,
    0x30, 0xC6, 0x00, 0xC7, 0x18, 0x03, 0xFC, 0x60, 0x0F, 0xF1, 0x80, 0x30, 0x06, 0x00, 0x00, 0x18,
    0x00, 0x00, 0x60, 0x00, 0x21, 0x80, 0x00, 0xF6, 0x00, 0x01, 0xF8, 0x00, 0x01, 0xE0, 0x00, 0x01,
    0x80, 0x00, 0x1C, 0x00, 0x00, 0x1C, 0x00, 0x00, 0x1C, 0x00, 0x00, 0x18, 0x00, 0x00, 0x38, 0x00,
    0x00, 0x7F, 0xFE, 0x3F, 0xFF, 0xFF, 0x3F, 0xF8, 0x00, 0x00, 0x60, 0x00, 0x00, 0xE0, 0x00, 0x01,
    0xC0, 0x00, 0x01, 0xDF, 0xF0, 0x03, 0xFF, 0xF0, 0x07, 0xFF, 0x70, 0x0F, 0xC0, 0x70, 0x1D, 0xC0,
    0x70, 0x38, 0xC0, 0x70, 0x60, 0xC0, 0x60, 0x40, 0xFF, 0xE0, 0x00, 0xFF, 0xF0, 0x00, 0xFE, 0x00,
    0x00, 0xC0, 0x00, 0x07, 0xFF, 0xC0, 0x0F, 0xFF, 0x80, 0x0C, 0x06, 0x00, 0x18, 0x0C, 0x00, 0x31,
    0xF8, 0x00, 0x7F, 0xF0, 0x00, 0xFE, 0x00, 0x00, 0x80, 0x02, 0xFF, 0xFF, 0xFF, 0xFF, 0xFF, 0xFD,
    0x86, 0x00, 0x00, 0x0C, 0x00, 0x00, 0x3F, 0xFC, 0x00, 0x7F, 0xF8, 0x00, 0x00, 0x70, 0x00, 0x00,
    0xC0, 0x00, 0x01, 0x80, 0x01, 0x87, 0x00, 0x03, 0xCC, 0x00, 0x01, 0xF8, 0x00, 0x01, 0xF0, 0x00,
    0x00, 0xC0, 0x00, 0xC0, 0x7F, 0xDF, 0xFF, 0xFD, 0xFF, 0xC3, 0x30, 0x00, 0x66, 0x00, 0xCC, 0xDF,
    0xFD, 0x99, 0xFF, 0x33, 0x00, 0x06, 0x64, 0x38, 0xCC, 0xFF, 0x9D, 0x9F, 0xF3, 0xB3, 0x86, 0x76,
    0x70, 0xCE, 0xCF, 0xF9, 0xD9, 0xFF, 0x3B, 0x18, 0x07, 0x60, 0x00, 0xEC, 0x01, 0x1D, 0x80, 0x3F,
    0xF0, 0x03, 0xF6, 0x00, 0x1C, 0x00, 0x00, 0x80, 0x00, 0x00, 0x00, 0x00, 0x70, 0x00, 0x01, 0xC0,
    0x00, 0x0E, 0x00, 0x00, 0x7F, 0xF0, 0x03, 0xFF, 0xC0, 0x1C, 0x0E, 0x00, 0xE0, 0x70, 0x07, 0xC3,
    0xC0, 0x33, 0x9E, 0x01, 0x87, 0xF0, 0x00, 0x0F, 0x00, 0x00, 0x78, 0x00, 0x07, 0xC0, 0x00, 0x3F,
    0xFF, 0x83, 0xFF, 0xFE, 0x3C, 0xC0, 0x19, 0x83, 0x00, 0xE0, 0x0C, 0x03, 0x80, 0x30, 0x0E, 0x00,
    0xFF, 0xF8, 0x03, 0xFF, 0xE0, 0x0E, 0x00, 0x00, 0x10, 0x00, 0x00, 0x00, 0x00, 0x00, 0x00, 0xE0,
    0x00, 0x03, 0xE0, 0x00, 0x1F, 0xC0, 0x07, 0xFE, 0x00, 0x07, 0xE0, 0x00, 0x07, 0x00, 0x00, 0x06,
    0x00, 0x00, 0x06, 0x7F, 0xFE, 0x07, 0xFF, 0xFE, 0x07, 0xF8, 0x00, 0x06, 0x00, 0x00, 0x06, 0x00,
    0x00, 0x06, 0x80, 0xF0, 0x0E, 0xFF, 0xF8, 0x0E, 0xFF, 0xF0, 0x0C, 0xC0, 0x30, 0x1C, 0xC0, 0x30,
    0x18, 0xC0, 0x30, 0x38, 0xE0, 0x70, 0x30, 0xFF, 0xF0, 0x60, 0xFF, 0xF0, 0x40, 0xE0, 0x00, 0x00,
    0x40, 0x00, 0x00, 0xC0, 0x00, 0x18, 0x00, 0x07, 0x00, 0x00, 0xE0, 0x00, 0x38, 0x01, 0x06, 0x7F,
    0xFF, 0xFF, 0xFF, 0xFF, 0xC7, 0xE0, 0x00, 0xFC, 0x00, 0x1F, 0x9F, 0xE3, 0xF3, 0xFE, 0x7E, 0x61,
    0xCF, 0xCC, 0x31, 0xF9, 0xC6, 0x3F, 0x38, 0xC7, 0xE7, 0xFC, 0xFC, 0xFF, 0x1F, 0x88, 0x03, 0xF0,
    0x04, 0x7E, 0x00, 0xFF, 0xC0, 0x0F, 0xF8, 0x00, 0x7A, 0x00, 0x02, 0x00, 0x03, 0xF8, 0x7F, 0xFF,
    0xF8, 0xFF, 0xFF, 0x00, 0x01, 0xE0, 0x00, 0x07, 0x80, 0x00, 0x1E, 0xC0, 0x00, 0x7D, 0xF0, 0x03,
    0xD9, 0xF8, 0x0F, 0x30, 0x78, 0x78, 0x60, 0x7B, 0xC0, 0xC0, 0x34, 0x01, 0x80, 0x00, 0x7F, 0xFC,
    0x00, 0xFF, 0xF8, 0x01, 0xF8, 0x30, 0x03, 0x00, 0x60, 0x06, 0x01, 0xC0, 0x0C, 0x03, 0x80, 0x1F,
    0xFF, 0x00, 0x3F, 0xFE, 0x00, 0x70, 0x00, 0x00, 0x40, 0x00, 0x00, 0x00, 0x60, 0x00, 0x03, 0x80,
    0x00, 0x0F, 0x00, 0x00, 0x38, 0x00, 0x80, 0x7E, 0x07, 0xFF, 0xF8, 0x3F, 0xFF, 0xC1, 0xC0, 0x0E,
    0x0C, 0x00, 0x60, 0x60, 0x1F, 0x03, 0xFF, 0xFC, 0x1F, 0xFF, 0xC0, 0xC0, 0x00, 0x06, 0x00, 0x00,
    0x37, 0xFF, 0xE3, 0xBF, 0xFF, 0x19, 0xC0, 0x18, 0xCE, 0x01, 0xCE, 0x30, 0x0E, 0x61, 0x80, 0x77,
    0x0F, 0xFF, 0xB0, 0x7F, 0xFF, 0x03, 0x00, 0x00, 0x08, 0x00, 0x00, 0x00, 0x00, 0x00, 0x70, 0x00,
    0x00, 0xE0, 0x00, 0x19, 0xC0, 0x00, 0x3B, 0x80, 0x00, 0x67, 0x38, 0x01, 0xFF, 0xF8, 0x03, 0xFF,
    0xE0, 0x0C, 0x38, 0x00, 0x18, 0x70, 0x00, 0x60, 0xE0, 0x13, 0xFF, 0xFF, 0xFF, 0xFF, 0xFF, 0xCE,
    0x00, 0x00, 0x00, 0x00, 0x20, 0x03, 0xFF, 0xF0, 0x07, 0xFF, 0xC0, 0x0E, 0x01, 0x80, 0x1C, 0x03,
    0x00, 0x38, 0x06, 0x00, 0x3F, 0xFC, 0x00, 0x7F, 0xF8, 0x00, 0xC0, 0x00, 0x01, 0x80, 0x00, 0x00,
    0x18, 0x00, 0x00, 0x38, 0x00, 0x00, 0x38, 0x00, 0x00, 0x7C, 0x00, 0x00, 0xEE, 0x00, 0x01, 0xC7,
    0x00, 0x03, 0xC3, 0xC0, 0x07, 0x83, 0xE0, 0x0F, 0xFF, 0xF8, 0x1D, 0xFF, 0x3E, 0x38, 0x00, 0x0F,
    0xF8, 0x0F, 0xF6, 0x9F, 0xEF, 0xF0, 0x1F, 0xEC, 0x30, 0x0C, 0xEC, 0x30, 0x0C, 0xEC, 0x30, 0x0C,
    0xCC, 0x70, 0x0F, 0xEF, 0xF0, 0x0F, 0xCD, 0xE0, 0x0C, 0x0C, 0xE0, 0x00, 0x0C, 0x00, 0x00, 0x0C,
    0x00, 0x00, 0x0C, 0x00, 0x00, 0x0C, 0x00, 0x00, 0x06, 0x00, 0x00, 0x07, 0x00, 0x00, 0x07, 0x00,
    0x00, 0x07, 0x00, 0x00, 0x0F, 0x80, 0xFF, 0x0F, 0xC0, 0x7F, 0x1C, 0xE0, 0x67, 0x18, 0x70, 0x66,
    0x38, 0x78, 0x66, 0x30, 0x3C, 0x66, 0x7F, 0xFE, 0x66, 0xFF, 0xEF, 0x7F, 0xC0, 0x07, 0x7F, 0x80,
    0x00, 0x60, 0x7F, 0xF8, 0x60, 0x7F, 0xF8, 0x00, 0x70, 0x38, 0x00, 0x70, 0x38, 0x00, 0x30, 0x38,
    0x00, 0x30, 0x30, 0x00, 0x3F, 0xF8, 0x00, 0x3F, 0xF8, 0x00, 0x30, 0x00, 0x00, 0x10, 0x00, 0x00,
    0x10, 0xE1, 0xFE, 0x7F, 0x87, 0xFD, 0xF6, 0x0C, 0x66, 0x18, 0x31, 0x98, 0xE0, 0xFE, 0x7F, 0x83,
    0xFF, 0xF8, 0x0C, 0x1F, 0xE0, 0x00, 0x6F, 0xE1, 0xFF, 0xFF, 0xC3, 0xFF, 0x80, 0x00, 0x77, 0x00,
    0x07, 0x8F, 0x80, 0x7C, 0x0F, 0xEF, 0xC1, 0x0F, 0xBF, 0xF7, 0xFC, 0x3F, 0xDF, 0xF0, 0xC7, 0x61,
    0x83, 0x1D, 0xC6, 0x0C, 0x67, 0xF8, 0x3F, 0xDF, 0xF0, 0xFE, 0x70, 0x00, 0x00, 0x00, 0x00, 0x00,
    0x00, 0x03, 0xFF, 0xFF, 0x9F, 0xFF, 0xFC, 0xF0, 0x00, 0x66, 0x00, 0x03, 0x31, 0x8E, 0x19, 0x8F,
    0xF8, 0xCC, 0x7F, 0xC6, 0x73, 0x8E, 0x33, 0x9C, 0x71, 0x9C, 0xE3, 0x1C, 0xE3, 0xFC, 0xE7, 0x1F,
    0xE7, 0x38, 0xC0, 0x39, 0xC0, 0x01, 0xCE, 0x00, 0xFE, 0x7F, 0xFF, 0xF3, 0xFF, 0xFF, 0x9C, 0x00,
    0x00, 0x60, 0x00, 0x00, 0x00, 0x00, 0x0F, 0xFF, 0xFE, 0xFF, 0xFF, 0xEF, 0x0C, 0x06, 0xE0, 0xE0,
    0x6E, 0x0E, 0x06, 0xE0, 0xE0, 0x6E, 0x0F, 0xF6, 0xFF, 0xFF, 0x6E, 0xFC, 0x06, 0xE1, 0xC0, 0x6E,
    0x1F, 0x06, 0xE1, 0xF8, 0x6E, 0x31, 0xC6, 0xE7, 0x0E, 0x6E, 0xE0, 0x76, 0xFC, 0x03, 0x6F, 0x00,
    0x06, 0xE7, 0xFF, 0xEF, 0xFF, 0xFF, 0xFF, 0xFE, 0x0E, 0x00, 0x00, 0x40, 0x00, 0x00, 0xC0, 0xFF,
    0xF7, 0xFF, 0xFF, 0x9F, 0xF8, 0x0C, 0xC0, 0xC0, 0x66, 0x06, 0x33, 0x37, 0xFF, 0x99, 0x9F, 0xF0,
    0xCC, 0x0C, 0x46, 0x67, 0xFF, 0x33, 0x3F, 0xF1, 0x98, 0x18, 0x0C, 0xFF, 0xFF, 0x67, 0xFF, 0xFB,
    0x30, 0x30, 0xD9, 0x81, 0xB6, 0xCC, 0x0D, 0xF6, 0x60, 0x63, 0xB3, 0x03, 0x09, 0x98, 0x18, 0x0C,
    0xDF, 0xFF, 0xE7, 0xFF, 0xFF, 0xBF, 0xE0, 0x01, 0x80, 0x00, 0x00, 0xC3, 0xFF, 0xCF, 0xFF, 0xFE,
    0xFF, 0xC0, 0xEE, 0x0C, 0x0E, 0xE0, 0xC0, 0xEE, 0x0C, 0x2E, 0xFF, 0xFF, 0xEF, 0xFF, 0xEE, 0xE0,
    0xC0, 0xEE, 0x0C, 0x0E, 0xE7, 0xFC, 0xEE, 0x7F, 0xCE, 0xE6, 0x18, 0xEE, 0x61, 0x8E, 0xE7, 0xF8,
    0xEE, 0x7F, 0x8E, 0xE3, 0x00, 0xEE, 0x00, 0x0E, 0xFF, 0xFF, 0xEF, 0xFF, 0xFE, 0xE0, 0x00, 0x04,
    0x00, 0x00, 0x00, 0x07, 0xCF, 0xFF, 0xFE, 0xFF, 0xFC, 0x6C, 0x1C, 0x06, 0xC1, 0x80, 0x6C, 0x3F,
    0xC6, 0xC3, 0xF8, 0x6C, 0x7B, 0x86, 0xCD, 0xF0, 0x6D, 0x8E, 0x06, 0xE1, 0xF8, 0x6E, 0x3B, 0xE6,
    0xEF, 0xCF, 0xEF, 0xDF, 0x3E, 0xF0, 0x70, 0x6E, 0x3C, 0x06, 0xE1, 0xF0, 0x6E, 0x07, 0x86, 0xE0,
    0x18, 0x6F, 0xFF, 0xFE, 0xFF, 0xFF, 0xEE, 0x00, 0x00, 0x40, 0x00, 0x00, 0x00, 0x10, 0x00, 0x00,
    0x18, 0x00, 0x00, 0x18, 0x00, 0x00, 0x38, 0x00, 0x00, 0x30, 0x08, 0x1F, 0xFF, 0xFE, 0x1F, 0xFF,
    0xFC, 0x0E, 0xE3, 0x00, 0x00, 0xC3, 0x00, 0x07, 0xC3, 0x00, 0x03, 0x83, 0x00, 0x03, 0x03, 0x00,
    0x07, 0x07, 0xF8, 0x0F, 0x7F, 0xF8, 0x1F, 0x3F, 0x00, 0x3B, 0x03, 0x00, 0x73, 0x03, 0x00, 0x43,
    0x03, 0x00, 0x03, 0x03, 0x00, 0x03, 0x0F, 0xFE, 0x07, 0xFF, 0xFF, 0x07, 0xFF, 0xC0, 0x07, 0x00,
    0x00, 0x02, 0x00, 0x00, 0x00, 0x01, 0x80, 0x06, 0x00, 0xC0, 0x01, 0x80, 0x60, 0x00, 0xC0, 0x30,
    0x00, 0x61, 0x18, 0x00, 0x30, 0xCC, 0x60, 0x18, 0x67, 0xF8, 0x5F, 0xB3, 0xF8, 0x7F, 0xDF, 0xCC,
    0x1F, 0x1F, 0xC6, 0x01, 0xBE, 0x63, 0x00, 0xCB, 0x31, 0x80, 0x61, 0x98, 0xC0, 0x32, 0xCF, 0x60,
    0x1F, 0x67, 0xF4, 0x1F, 0x33, 0x73, 0x7E, 0x19, 0x91, 0xBC, 0x0C, 0x00, 0x88, 0x06, 0x00, 0xC0,
    0x03, 0xFF, 0xE0, 0x00, 0xFF, 0xF0, 0x00, 0x1F, 0xC0, 0x00, 0x00, 0x00, 0x00, 0x03, 0x80, 0x1C,
    0x01, 0x80, 0x0C, 0x01, 0x80, 0x0C, 0x01, 0x80, 0x0C, 0x01, 0x80, 0x0C, 0x01, 0x80, 0x0C, 0x21,
    0x80, 0x7F, 0xB1, 0x80, 0x7F, 0xB1, 0xF8, 0x3C, 0x31, 0xFC, 0x0C, 0x31, 0xC0, 0x0C, 0x31, 0x80,
    0x0C, 0x33, 0x80, 0x0C, 0xF3, 0x80, 0x0F, 0xB3, 0x80, 0x1F, 0x33, 0x80, 0xFC, 0x33, 0x80, 0xF8,
    0x33, 0x80, 0x60, 0x33, 0x80, 0x03, 0xFF, 0xFE, 0x03, 0xFF, 0xFE, 0x00, 0x00, 0x00, 0x00, 0x06,
    0x00, 0x30, 0x1C, 0x00, 0x70, 0x38, 0x00, 0x60, 0x60, 0x00, 0xC1, 0xC0, 0x01, 0x83, 0xFF, 0x83,
    0x0F, 0xFF, 0x2F, 0x98, 0x0E, 0xFF, 0xE0, 0x1C, 0xF8, 0xF8, 0x38, 0x33, 0x7C, 0x70, 0x60, 0x3C,
    0xE0, 0xC0, 0x17, 0x81, 0x80, 0x3B, 0x03, 0xE1, 0xE6, 0x0F, 0x9F, 0x0C, 0xFC, 0x7C, 0x19, 0xF0,
    0x60, 0x31, 0x80, 0x08, 0xE0, 0x00, 0x1D, 0xC0, 0x00, 0x1F, 0x00, 0x00, 0x1E, 0x00, 0x00, 0x08,
    0x00, 0x00, 0x00, 0x00, 0x60, 0x00, 0x00, 0xE0, 0x00, 0x00, 0xFF, 0xC0, 0x01, 0xFF, 0xC0, 0x03,
    0x83, 0x80, 0x07, 0xC7, 0x00, 0x1C, 0xFE, 0x00, 0x38, 0x3C, 0x00, 0x00, 0x7F, 0x00, 0x01, 0xE7,
    0xC0, 0x0F, 0x81, 0xFC, 0x3E, 0x00, 0x7E, 0xFF, 0xFF, 0xEE, 0x0F, 0xFF, 0xE0, 0x06, 0x18, 0x60,
    0x06, 0x3F, 0xE0, 0x07, 0xFF, 0xE0, 0x07, 0xF8, 0x60, 0x06, 0x18, 0xE0, 0x07, 0xFF, 0xE0, 0x07,
    0xFF, 0xE0, 0x06, 0x00, 0x00, 0x06, 0x00, 0x00, 0x01, 0x80, 0x00, 0x01, 0x80, 0x00, 0x03, 0x80,
    0x40, 0x03, 0xFF, 0xF0, 0x07, 0xFF, 0xE0, 0x06, 0x03, 0x80, 0x0F, 0xFF, 0xC0, 0x1F, 0xFE, 0xC0,
    0x37, 0xFF, 0xC0, 0x07, 0xFF, 0xC0, 0x07, 0x01, 0xC0, 0x07, 0xFF, 0xC0, 0x07, 0xFF, 0xC0, 0x03,
    0xE0, 0x00, 0x01, 0xFF, 0x80, 0x03, 0xFF, 0xC0, 0x07, 0x87, 0x80, 0x0F, 0xEF, 0x00, 0x38, 0x7C,
    0x00, 0x20, 0x7E, 0x00, 0x03, 0xEF, 0xE0, 0x1F, 0x81, 0xFE, 0xFC, 0x00, 0x7E, 0x40, 0x00, 0x04,
    0x00, 0x02, 0x00, 0x06, 0x06, 0x00, 0x0C, 0x0C, 0x00, 0x18, 0x18, 0x00, 0x70, 0x30, 0x00, 0xFE,
    0x60, 0x03, 0xFE, 0xC0, 0x07, 0x99, 0x80, 0x1C, 0x73, 0x80, 0x30, 0xE7, 0xC0, 0xF1, 0x8F, 0xC1,
    0xF7, 0x19, 0xE6, 0x7C, 0x31, 0xE8, 0x78, 0x61, 0xC0, 0x60, 0xC1, 0x01, 0xC1, 0x80, 0x07, 0x03,
    0x00, 0x1C, 0x06, 0x00, 0x30, 0x0C, 0x00, 0xC0, 0x18, 0x03, 0x00, 0x30, 0x0C, 0x00, 0x60, 0x30,
    0x00, 0xC0, 0x00, 0x01, 0x80, 0x00, 0x38, 0x00, 0x00, 0x0C, 0x00, 0x00, 0x06, 0x00, 0x00, 0x03,
    0x00, 0x00, 0x01, 0x80, 0x00, 0x00, 0xC0, 0x00, 0x00, 0x60, 0x00, 0x07, 0xFF, 0xFC, 0x3F, 0xFF,
    0xFE, 0x0F, 0xFE, 0x00, 0x00, 0x0F, 0x00, 0x00, 0x0F, 0xC0, 0x00, 0x07, 0x70, 0x00, 0x07, 0x18,
    0x00, 0x03, 0x8E, 0x00, 0x03, 0x83, 0x80, 0x03, 0x80, 0xE0, 0x03, 0x80, 0x38, 0x03, 0x80, 0x0F,
    0x03, 0x80, 0x03, 0xC3, 0x80, 0x00, 0xF3, 0x00, 0x00, 0x18, 0x00, 0x00, 0xE0, 0x1F, 0xFF, 0xF0,
    0x1F, 0xFF, 0xE0, 0x00, 0x38, 0x00, 0x00, 0x38, 0x00, 0x00, 0x38, 0x00, 0x00, 0x30, 0x00, 0x00,
    0x30, 0xF8, 0x3F, 0xFF, 0xFC, 0x3F, 0xFF, 0xE0, 0x00, 0x7C, 0x00, 0x00, 0x6C, 0x00, 0x00, 0xEE,
    0x00, 0x00, 0xC7, 0x00, 0x01, 0xC3, 0x80, 0x03, 0x81, 0xC0, 0x07, 0x00, 0xE0, 0x0E, 0x00, 0x78,
    0x3C, 0x00, 0x3E, 0x70, 0x00, 0x1F, 0xC0, 0x00, 0x06, 0x00, 0x20, 0x00, 0x00, 0x38, 0x00, 0x00,
    0x38, 0x00, 0x03, 0x38, 0x00, 0x03, 0xB8, 0x00, 0x03, 0x38, 0x00, 0x07, 0x3F, 0xC0, 0x07, 0xFF,
    0xE0, 0x0F, 0xFC, 0x00, 0x0C, 0x30, 0x00, 0x18, 0x30, 0x00, 0x30, 0x30, 0x30, 0x7F, 0xFF, 0xF8,
    0x7F, 0xFF, 0xF8, 0x00, 0x78, 0x00, 0x00, 0x7C, 0x00, 0x00, 0xEE, 0x00, 0x01, 0xC7, 0x00, 0x03,
    0x83, 0x80, 0x07, 0x01, 0xE0, 0x0E, 0x00, 0xF8, 0x3C, 0x00, 0x3E, 0xF0, 0x00, 0x0E, 0x00, 0x00,
    0x00, 0x00, 0x20, 0x00, 0x00, 0x38, 0x00, 0x00, 0x38, 0x00, 0x00, 0x38, 0x00, 0x00, 0x38, 0x60,
    0x1F, 0xFF, 0xF0, 0x1F, 0xFF, 0xE0, 0x04, 0x39, 0xC0, 0x06, 0x39, 0xC0, 0x07, 0x31, 0x80, 0x03,
    0xB3, 0x80, 0x01, 0xB3, 0x00, 0x01, 0xFF, 0xFE, 0x7F, 0xFF, 0xFE, 0x7F, 0xF8, 0x00, 0x00, 0x7C,
    0x00, 0x00, 0xEE, 0x00, 0x01, 0xC7, 0x00, 0x03, 0x83, 0x80, 0x07, 0x01, 0xE0, 0x0E, 0x00, 0xF8,
    0x3C, 0x00, 0x3E, 0xF0, 0x00, 0x0E, 0x00, 0x00, 0x00, 0x00, 0x00, 0x00, 0x06, 0x00, 0x00, 0x0E,
    0x00, 0x00, 0x18, 0x00, 0x00, 0x30, 0x00, 0x00, 0x66, 0x00, 0x00, 0xCE, 0xFF, 0x83, 0xBF, 0xFF,
    0x7F, 0xFB, 0x8E, 0xFF, 0x67, 0x1C, 0x18, 0xCE, 0x38, 0x71, 0x9C, 0x70, 0xC7, 0x38, 0xC1, 0x8C,
    0x71, 0x83, 0x98, 0xE3, 0x03, 0xE1, 0xC6, 0x03, 0xC3, 0x8C, 0x03, 0x83, 0xFC, 0x0F, 0x87, 0xF8,
    0x33, 0x8C, 0x00, 0xC3, 0x98, 0x07, 0x02, 0x00, 0x1C, 0x00, 0x00, 0x00, 0x04, 0x00, 0xC0, 0x07,
    0x00, 0xC0, 0x06, 0x01, 0xC0, 0x06, 0x01, 0xC0, 0x06, 0x01, 0x80, 0x06, 0xC3, 0xB0, 0x0E, 0xE3,
    0x18, 0x0F, 0xF7, 0x1C, 0x7F, 0xE6, 0x7E, 0x7C, 0xFF, 0xFE, 0x0C, 0xDF, 0xC7, 0x1D, 0xC0, 0x03,
    0x19, 0xC0, 0x00, 0x1D, 0x8F, 0xFC, 0x0F, 0x8F, 0xFC, 0x07, 0x0C, 0x0C, 0x07, 0x8C, 0x0C, 0x0F,
    0xCE, 0x0C, 0x1C, 0xEE, 0x0C, 0x18, 0x6F, 0xFC, 0x70, 0x0F, 0xFC, 0x40, 0x0E, 0x00, 0x00, 0x04,
    0x00, 0x00, 0x30, 0x00, 0x00, 0x70, 0x00, 0x00, 0xE0, 0x00, 0xC1, 0xCF, 0xE1, 0xFF, 0xFF, 0xC3,
    0xFF, 0xF3, 0x8E, 0x00, 0x06, 0x18, 0x03, 0xD8, 0x77, 0xFF, 0xF0, 0xC7, 0xFF, 0x00, 0x00, 0x1C,
    0x00, 0x01, 0xF0, 0x00, 0x03, 0xC0, 0x00, 0x07, 0x07, 0xBF, 0xFF, 0xFF, 0xBF, 0xFF, 0xFE, 0x00,
    0x18, 0x00, 0x00, 0x30, 0x00, 0x00, 0x70, 0x00, 0x10, 0xE0, 0x00, 0x39, 0x80, 0x00, 0x3F, 0x00,
    0x00, 0x1E, 0x00, 0x00, 0x08, 0x00, 0x00, 0x10, 0x00, 0x00, 0x1C, 0x00, 0x00, 0x18, 0x00, 0x00,
    0x38, 0x00, 0x07, 0xFF, 0xFC, 0x1F, 0xFF, 0xFC, 0x0E, 0x60, 0x00, 0x00, 0xE0, 0x00, 0x00, 0xFF,
    0xF8, 0x07, 0xDF, 0xF0, 0x03, 0x80, 0x60, 0x07, 0x03, 0xE0, 0x0F, 0x03, 0xC0, 0x1F, 0x01, 0x80,
    0x3B, 0xFF, 0xFF, 0x73, 0xFF, 0xFF, 0x43, 0x01, 0xC0, 0x03, 0x01, 0xC0, 0x03, 0x01, 0xC0, 0x03,
    0x01, 0xC0, 0x03, 0x19, 0xC0, 0x07, 0x0F, 0xC0, 0x07, 0x07, 0x80, 0x02, 0x01, 0x80, 0x00, 0x00,
    0x00, 0x03, 0x80, 0x00, 0x1C, 0x00, 0x00, 0xE0, 0x03, 0x87, 0x1F, 0x1F, 0xFF, 0xFC, 0xFF, 0xFF,
    0xEE, 0x00, 0x06, 0x66, 0x00, 0x67, 0x30, 0x02, 0x31, 0x80, 0xC0, 0x0C, 0x0E, 0x00, 0x60, 0xF0,
    0x03, 0x1E, 0x00, 0x1F, 0xE0, 0x00, 0xF8, 0x01, 0x07, 0x00, 0x18, 0x30, 0x00, 0xC1, 0x80, 0x06,
    0x0C, 0x00, 0x70, 0x7F, 0xFF, 0x81, 0xFF, 0xF8, 0x07, 0xFF, 0x00, 0x00, 0x00, 0x00, 0x00, 0x70,
    0x00, 0x00, 0xE0, 0x00, 0x41, 0xC0, 0x01, 0xDF, 0xFF, 0xC3, 0xFF, 0xFF, 0x87, 0xF8, 0x06, 0x1C,
    0x38, 0x18, 0x30, 0x70, 0x30, 0x60, 0xC0, 0x00, 0x03, 0x80, 0x37, 0xFF, 0xFF, 0xFF, 0xFF, 0xFF,
    0xC4, 0x30, 0x60, 0x00, 0xE1, 0xC0, 0x01, 0x87, 0x00, 0x03, 0xCE, 0x00, 0x03, 0xF8, 0x00, 0x01,
    0xF8, 0x00, 0x07, 0xFC, 0x00, 0x3C, 0x3E, 0x03, 0xF0, 0x1E, 0x1F, 0x00, 0x1E, 0x00, 0x00, 0x08,
    0x00, 0x00, 0x00, 0x00, 0x70, 0x00, 0x00, 0xE0, 0x00, 0x61, 0xC0, 0x01, 0xDF, 0xFF, 0xC3, 0xFF,
    0xFF, 0x87, 0x80, 0x06, 0x1C, 0x00, 0x18, 0x33, 0xFF, 0xA0, 0x67, 0xFF, 0x00, 0x00, 0x00, 0x00,
    0x00, 0x01, 0x83, 0xFF, 0xFF, 0x87, 0xFF, 0xFE, 0x00, 0x33, 0x00, 0x00, 0x66, 0x00, 0x01, 0xCC,
    0x06, 0x03, 0x18, 0x0C, 0x0E, 0x30, 0x18, 0x38, 0x60, 0x30, 0xE0, 0xE1, 0xE7, 0x01, 0xFF, 0xDC,
    0x00, 0xFE, 0x00, 0x00, 0x00, 0x00, 0x00, 0x70, 0x00, 0x00, 0xE0, 0x00, 0x41, 0xC0, 0x01, 0xDF,
    0xFF, 0xC3, 0xFF, 0xFF, 0x87, 0xF0, 0x06, 0x1C, 0x00, 0x18, 0x30, 0x00, 0x20, 0x6F, 0xFF, 0x80,
    0x1F, 0xFF, 0x00, 0x01, 0xC0, 0x00, 0x23, 0x80, 0x00, 0x67, 0x10, 0x01, 0xCF, 0xF0, 0x03, 0x9F,
    0xE0, 0x06, 0x38, 0x00, 0x1E, 0x70, 0x00, 0x3F, 0xE0, 0x00, 0xC7, 0xE0, 0x03, 0x03, 0xFE, 0x0E,
    0x00, 0xFF, 0xD0, 0x00, 0x1F, 0x00, 0x00, 0x00, 0x00, 0x30, 0x00, 0x00, 0x70, 0x00, 0x60, 0xE0,
    0x20, 0xFF, 0xFF, 0xE3, 0xFF, 0xFF, 0xC6, 0x70, 0xE3, 0x1C, 0x61, 0xE6, 0x3F, 0xFF, 0xF8, 0x6F,
    0xFF, 0x80, 0x03, 0x88, 0x00, 0x37, 0xFE, 0x00, 0x3F, 0xFE, 0x00, 0x60, 0x0C, 0x00, 0xC6, 0x38,
    0x01, 0x8C, 0x70, 0x03, 0x18, 0xE0, 0x06, 0x7D, 0x84, 0x0C, 0xDB, 0x0C, 0x1B, 0xB0, 0x18, 0x1E,
    0x60, 0x30, 0x78, 0xE1, 0xE3, 0xC1, 0xFF, 0x9E, 0x01, 0xFE, 0x00, 0x00, 0x00, 0x00, 0x30, 0x00,
    0x00, 0xE0, 0x00, 0x83, 0x80, 0x06, 0x0F, 0xFF, 0x1F, 0xFF, 0xFC, 0xFF, 0x80, 0x63, 0x0E, 0x33,
    0x1C, 0x1C, 0xD8, 0x3D, 0xBF, 0x70, 0x76, 0x38, 0xE1, 0x99, 0xDB, 0xCE, 0x3E, 0x37, 0x30, 0xF0,
    0xE0, 0x0F, 0xFF, 0x80, 0xF1, 0xFE, 0x1F, 0x0E, 0x00, 0x6C, 0x38, 0x60, 0x30, 0xE1, 0x80, 0xC3,
    0x86, 0x03, 0x0E, 0x18, 0x0F, 0xFF, 0xE0, 0x3F, 0xFF, 0x80, 0xE0, 0x06, 0x00, 0x00, 0x18, 0x00,
    0x00, 0x30, 0x00, 0x00, 0x18, 0x00, 0x00, 0x0C, 0x07, 0xFC, 0x06, 0x03, 0xFE, 0x03, 0x00, 0x07,
    0x01, 0x80, 0x23, 0x8F, 0xFC, 0x39, 0xBF, 0xFF, 0x0C, 0xCF, 0xF0, 0x07, 0xE0, 0x18, 0x01, 0xE3,
    0x8C, 0x00, 0x70, 0xC6, 0x00, 0x3C, 0x73, 0x00, 0x1E, 0x1D, 0x80, 0x1B, 0x8E, 0xC0, 0x1C, 0xE0,
    0x60, 0x0C, 0x30, 0x30, 0x0C, 0x18, 0x18, 0x0C, 0x00, 0x8C, 0x0E, 0x00, 0x7E, 0x06, 0x00, 0x1F,
    0x00, 0x00, 0x03, 0x80, 0x00, 0x00, 0x00, 0x02, 0x00, 0x60, 0x03, 0x00, 0x30, 0x03, 0x00, 0x30,
    0x03, 0x00, 0x30, 0x2F, 0xE0, 0x30, 0x3F, 0xF0, 0x30, 0x1B, 0x00, 0x3E, 0x03, 0x0F, 0xFF, 0x03,
    0xFF, 0xFC, 0xFF, 0xF8, 0x30, 0x7F, 0x8E, 0x30, 0x03, 0x06, 0x30, 0x03, 0x07, 0x30, 0x3F, 0xE3,
    0xB0, 0x3F, 0xF3, 0xB0, 0x13, 0x00, 0x30, 0x03, 0x00, 0x30, 0x03, 0x18, 0x30, 0x07, 0xF2, 0x30,
    0xFF, 0xC3, 0xF0, 0xFC, 0x01, 0xF0, 0x00, 0x00, 0x70, 0x00, 0x00, 0x00, 0x01, 0x00, 0x00, 0x01,
    0xC0, 0x18, 0x00, 0xE0, 0x06, 0x00, 0x60, 0x03, 0x01, 0xFE, 0x01, 0x80, 0xFF, 0x00, 0xC0, 0x71,
    0x80, 0x60, 0x3F, 0xDF, 0xFF, 0x1F, 0xEF, 0xFF, 0x8E, 0x33, 0x0C, 0x07, 0xFE, 0x86, 0x03, 0xFF,
    0xE3, 0x01, 0xC7, 0xB9, 0x80, 0xFF, 0x8C, 0xC1, 0xFF, 0x87, 0x60, 0xF9, 0xC1, 0xB0, 0x03, 0xE0,
    0x18, 0x03, 0xB0, 0x0C, 0x03, 0x98, 0x06, 0x03, 0x8C, 0x03, 0x07, 0x36, 0x1D, 0x86, 0x1F, 0x07,
    0xC0, 0x03, 0x81, 0xE0, 0x00, 0xC0, 0x20, 0x00, 0x00, 0x00, 0x01, 0x80, 0xE0, 0x00, 0x60, 0x70,
    0x00, 0x30, 0x7F, 0xC0, 0x18, 0x7F, 0xE1, 0x8C, 0x78, 0x70, 0xC6, 0x78, 0xF0, 0x73, 0x6E, 0xF0,
    0x19, 0x83, 0xE0, 0x0E, 0xC1, 0xE0, 0x03, 0x63, 0xCC, 0x00, 0xB7, 0x86, 0x00, 0x3F, 0x03, 0xF0,
    0x3F, 0xFF, 0xFC, 0x3E, 0xFF, 0xF0, 0x3F, 0x18, 0x60, 0x7B, 0x8E, 0x30, 0x39, 0xC3, 0x98, 0x08,
    0xE0, 0xCC, 0x00, 0x70, 0x06, 0x00, 0x38, 0x33, 0x00, 0x1C, 0x0F, 0x80, 0x0E, 0x03, 0xC0, 0x02,
    0x00, 0x60, 0x00, 0x38, 0x00, 0x00, 0x18, 0x00, 0x00, 0x18, 0x00, 0x00, 0x18, 0x00, 0x00, 0x18,
    0x00, 0x04, 0x18, 0x00, 0x06, 0x18, 0xC0, 0x07, 0x18, 0xE0, 0x0E, 0x18, 0x70, 0x0E, 0x18, 0x70,
    0x0C, 0x18, 0x38, 0x1C, 0x18, 0x1C, 0x18, 0x18, 0x1C, 0x30, 0x18, 0x0E, 0x70, 0x18, 0x0E, 0x60,
    0x18, 0x06, 0xC0, 0x18, 0x00, 0x00, 0x18, 0x00, 0x03, 0x98, 0x00, 0x01, 0xF8, 0x00, 0x00, 0xF8,
    0x00, 0x00, 0x38, 0x00, 0x06, 0x01, 0x80, 0x07, 0x01, 0x80, 0x07, 0x01, 0xE0, 0x07, 0xF1, 0xF0,
    0xFF, 0xF9, 0xB8, 0xFF, 0xC1, 0x98, 0x00, 0x01, 0x88, 0x3F, 0xFF, 0xFC, 0x3F, 0xFF, 0xFC, 0x30,
    0x63, 0x80, 0x30, 0x63, 0xC0, 0x3F, 0xE3, 0xC0, 0x3F, 0xE3, 0xC0, 0x13, 0x03, 0xC0, 0x1B, 0xC7,
    0xC0, 0x3B, 0x66, 0xC2, 0x33, 0x7E, 0xC3, 0x73, 0x3C, 0xC3, 0x73, 0x1C, 0xC7, 0xDF, 0x18, 0xE6,
    0x0F, 0x30, 0xFE, 0x07, 0x60, 0x7C, 0x00, 0x00, 0x00, 0x00, 0x00, 0x20, 0x03, 0xFF, 0xF8, 0x00,
    0xFF, 0xFC, 0x00, 0x60, 0x06, 0x00, 0x30, 0x07, 0x00, 0x18, 0x03, 0x80, 0x0F, 0xFF, 0xC0, 0x07,
    0xFF, 0xE0, 0x07, 0xEE, 0x00, 0x03, 0x83, 0x80, 0x01, 0x80, 0xE0, 0x01, 0xC0, 0x38, 0x00, 0xC7,
    0x0F, 0x00, 0xE3, 0xE3, 0xC0, 0x60, 0x7C, 0xF8, 0x60, 0x0E, 0x1F, 0x60, 0x00, 0x07, 0xA0, 0x70,
    0x00, 0x00, 0x3E, 0x00, 0x00, 0x07, 0xC0, 0x00, 0x00, 0xF8, 0x00, 0x00, 0x1C, 0x00, 0x00, 0x06,
    0x00, 0x04, 0x03, 0xF0, 0x1F, 0xFF, 0xE0, 0x1F, 0xFF, 0xC0, 0x30, 0x03, 0x80, 0x60, 0x07, 0x00,
    0xFF, 0xFE, 0x01, 0xFF, 0xFC, 0x03, 0xC0, 0x00, 0x0E, 0x00, 0x3C, 0x1F, 0xFF, 0xF8, 0x3F, 0xFF,
    0xF0, 0x60, 0x00, 0x60, 0xD9, 0xF0, 0xC1, 0xBF, 0xF1, 0x87, 0x7F, 0xC3, 0x0C, 0xE1, 0x8E, 0x18,
    0xC3, 0x1C, 0x71, 0xFE, 0x38, 0xC3, 0xFE, 0x63, 0x06, 0x18, 0xC6, 0x00, 0x1F, 0x98, 0x00, 0x1F,
    0x00, 0x00, 0x1C, 0x00, 0x00, 0x00, 0x00, 0x7F, 0xFF, 0xC0, 0xFF, 0xFF, 0x03, 0x00, 0x18, 0x0C,
    0x00, 0x60, 0x3F, 0xFF, 0xC0, 0xFF, 0xFF, 0x03, 0xC3, 0x00, 0x0C, 0x0C, 0x00, 0x30, 0x30, 0x01,
    0xFF, 0xFF, 0x87, 0xFF, 0xFE, 0x18, 0x0C, 0x00, 0x60, 0x30, 0x01, 0xB1, 0xFE, 0x0E, 0x7F, 0xF8,
    0x31, 0xF8, 0x60, 0xC6, 0x01, 0x86, 0x18, 0x06, 0x18, 0x7F, 0xF8, 0xC1, 0xFF, 0xE2, 0x06, 0x00,
    0x00, 0x08, 0x00, 0x00, 0x04, 0x03, 0xF0, 0x0F, 0xFF, 0xF8, 0x07, 0xFF, 0x38, 0x06, 0x00, 0x38,
    0x07, 0xFF, 0xF8, 0x07, 0xFF, 0xF8, 0x0E, 0x60, 0xC0, 0x0E, 0x30, 0xC0, 0x0E, 0x39, 0x80, 0x0E,
    0x1B, 0xF8, 0x0F, 0xFF, 0xF8, 0x0D, 0xFF, 0xC0, 0x0C, 0x39, 0xC0, 0x0C, 0x39, 0xC4, 0x1F, 0xFF,
    0xFF, 0x1F, 0xFF, 0xFE, 0x18, 0x31, 0xC0, 0x38, 0x71, 0xC0, 0x30, 0x61, 0xC0, 0x30, 0xE1, 0xC0,
    0x61, 0xC1, 0xC0, 0x43, 0x01, 0xC0, 0x00, 0x00, 0x80, 0x00, 0x00, 0xE0, 0x07, 0xFF, 0xF8, 0x03,
    0xFF, 0xFC, 0x01, 0xC0, 0x06, 0x00, 0xE1, 0xFF, 0x00, 0x7F, 0xFF, 0x80, 0x3F, 0xEC, 0x00, 0x1C,
    0x63, 0x00, 0x0E, 0x33, 0xF0, 0x07, 0xFF, 0xFC, 0x03, 0x7F, 0xE0, 0x01, 0x86, 0x30, 0x00, 0xC3,
    0xFF, 0xE0, 0x7F, 0xFF, 0xF0, 0x7F, 0xF0, 0xC0, 0x31, 0x9C, 0xE0, 0x18, 0xC7, 0xE0, 0x18, 0x61,
    0xE0, 0x0C, 0x31, 0xF8, 0x04, 0x1F, 0x8F, 0x86, 0x7F, 0x03, 0xF2, 0x3E, 0x00, 0x78, 0x00, 0x00,
    0x00, 0x00, 0x20, 0x00, 0x01, 0x80, 0x03, 0x0C, 0x18, 0x1C, 0x60, 0xC0, 0xC3, 0x06, 0x07, 0xFF,
    0xF0, 0x3F, 0xFF, 0x80, 0x80, 0x0C, 0x1B, 0xCF, 0xF0, 0xFF, 0x7F, 0xC7, 0x3B, 0x0C, 0x31, 0xD9,
    0xE1, 0xFE, 0xFF, 0x0F, 0xF7, 0xD8, 0x63, 0xB0, 0xC3, 0xFD, 0xFE, 0x3F, 0xEF, 0xF1, 0xC7, 0x61,
    0x8C, 0x3F, 0x0C, 0x6D, 0xF2, 0x66, 0x7F, 0x9F, 0x61, 0xF8, 0x7A, 0x03, 0xC1, 0xC0, 0x00, 0x00,
    0x00, 0x30, 0x00, 0x00, 0x38, 0x60, 0x0C, 0x38, 0x30, 0x0C, 0x38, 0x30, 0x0C, 0x39, 0xF0, 0x0F,
    0xFF, 0xF0, 0x0F, 0xFE, 0x70, 0x00, 0xC3, 0x20, 0x18, 0xC3, 0x00, 0x18, 0xC7, 0x38, 0x1F, 0xFF,
    0xFC, 0xFF, 0xFF, 0xFC, 0x78, 0xCD, 0x98, 0x18, 0xCD, 0xF0, 0x18, 0xD9, 0xA0, 0x1F, 0xD1, 0x80,
    0x1F, 0xC3, 0xC0, 0x18, 0xC3, 0xE0, 0x18, 0xC7, 0x70, 0x1F, 0xC6, 0x38, 0x1F, 0xFC, 0x3C, 0x18,
    0x38, 0x1F, 0x08, 0x70, 0x07, 0x00, 0x00, 0x00, 0x00, 0x00, 0x00, 0x00, 0xC0, 0x00, 0x07, 0x00,
    0x00, 0x1C, 0x00, 0x00, 0x60, 0x00, 0x01, 0x80, 0x00, 0xFF, 0xFF, 0x8F, 0xFF, 0xFE, 0x1E, 0xC0,
    0x00, 0x07, 0x00, 0x00, 0x18, 0x00, 0x00, 0x60, 0x00, 0x03, 0xFF, 0xE0, 0x1F, 0xFF, 0x80, 0x60,
    0xC0, 0x03, 0x83, 0x00, 0x1C, 0x0C, 0x00, 0xE0, 0x30, 0x07, 0x00, 0xC0, 0x38, 0x03, 0x02, 0x8F,
    0xFF, 0xFC, 0x1F, 0xFF, 0xF0, 0x00, 0x03, 0x07, 0xFF, 0xFC, 0x1F, 0xFF, 0xE0, 0x00, 0x07, 0x00,
    0x00, 0x38, 0x18, 0x01, 0xC0, 0xC0, 0x0C, 0x06, 0x00, 0x60, 0x3F, 0xFF, 0x81, 0xFF, 0xFC, 0x0F,
    0x80, 0x00, 0x60, 0x00, 0x03, 0x00, 0x00, 0x98, 0x00, 0x04, 0xC0, 0x00, 0x66, 0x00, 0x03, 0x30,
    0x00, 0x19, 0x80, 0x01, 0xCF, 0xFF, 0xFE, 0x7F, 0xFF, 0xE0, 0x7F, 0xE0, 0x00, 0x00, 0x30, 0x00,
    0x00, 0x38, 0x00, 0x00, 0x30, 0x00, 0x00, 0x30, 0x00, 0x00, 0x7F, 0xFE, 0x3F, 0xFF, 0xFE, 0x3F,
    0xEC, 0x00, 0x00, 0xCE, 0x00, 0x01, 0x8E, 0x00, 0x03, 0x8E, 0x00, 0x07, 0xFF, 0xF8, 0x07, 0xFF,
    0xF8, 0x0F, 0x8E, 0x18, 0x1D, 0x8E, 0x18, 0x31, 0x8E, 0x38, 0x61, 0x8E, 0x38, 0x41, 0x8E, 0x38,
    0x01, 0x8F, 0xF8, 0x01, 0x8E, 0xF8, 0x01, 0x8E, 0x30, 0x00, 0x0E, 0x00, 0x00, 0x0E, 0x00, 0x00,
    0x0E, 0x00, 0x00, 0x06, 0x00, 0x00, 0x00, 0x80, 0x01, 0x00, 0xC0, 0x03, 0xE3, 0xC0, 0x01, 0xFF,
    0x80, 0x00, 0x3F, 0x00, 0x00, 0x7F, 0xC0, 0x03, 0xE1, 0xE0, 0x0F, 0x30, 0x66, 0x2F, 0xFF, 0xFF,
    0x3F, 0xFF, 0xFE, 0x1E, 0xEC, 0x00, 0x01, 0xCC, 0x00, 0x01, 0x8F, 0xF0, 0x03, 0xFF, 0xF8, 0x0F,
    0xFE, 0x38, 0x1F, 0x8C, 0x30, 0x3B, 0x8C, 0x30, 0x73, 0x8C, 0x30, 0xC3, 0x8D, 0xF0, 0x03, 0x8C,
    0xF0, 0x01, 0x8C, 0x30, 0x00, 0x0C, 0x00, 0x00, 0x0C, 0x00, 0x00, 0x0C, 0x00, 0x00, 0x20, 0x80,
    0x1C, 0x61, 0x80, 0x18, 0xC3, 0x00, 0x31, 0x87, 0xC7, 0xFF, 0xFF, 0x87, 0xFF, 0xF8, 0x01, 0xCC,
    0x60, 0x01, 0x98, 0xC0, 0x33, 0x3F, 0xFC, 0x7F, 0xFF, 0xF9, 0xFF, 0xFC, 0x73, 0x01, 0x80, 0xC6,
    0x03, 0x83, 0x1D, 0xFF, 0xF8, 0x01, 0xFF, 0xF8, 0x03, 0x1C, 0x60, 0x06, 0x38, 0xC0, 0x0C, 0x71,
    0x80, 0x18, 0xFB, 0x00, 0x31, 0xDE, 0x00, 0x63, 0x9C, 0x00, 0x07, 0x00, 0x00, 0x0E, 0x00, 0x00,
    0x08, 0x00, 0x00, 0x30, 0x00, 0x08, 0x71, 0x80, 0x1C, 0xE7, 0x00, 0x1D, 0xDC, 0x03, 0x1B, 0x71,
    0xC7, 0xFF, 0xFF, 0xCF, 0xFF, 0xFF, 0x38, 0x00, 0x0C, 0x73, 0xFF, 0xB0, 0xC7, 0xFF, 0x41, 0x8C,
    0x0C, 0x00, 0x1F, 0xF8, 0x00, 0x3F, 0xF8, 0x00, 0x36, 0x00, 0x02, 0x0F, 0xF0, 0x07, 0xFF, 0xF0,
    0x0F, 0xFE, 0x60, 0x18, 0x60, 0xC0, 0x30, 0xC1, 0x80, 0x71, 0x9F, 0x00, 0xE3, 0x1E, 0x00, 0x86,
    0x08, 0x00, 0x0C, 0x00, 0x00, 0x18, 0x00, 0x18, 0x00, 0x00, 0xC0, 0x1F, 0xC6, 0x3F, 0xFE, 0x30,
    0xFE, 0x01, 0x82, 0x06, 0x7F, 0x9F, 0xFB, 0xFE, 0xFF, 0x9B, 0x76, 0x0C, 0xDB, 0xBF, 0xE6, 0xDD,
    0xFF, 0x36, 0xE6, 0x01, 0xB7, 0x8F, 0xFD, 0xFF, 0xFF, 0xEF, 0xFD, 0x8F, 0x6D, 0x8C, 0x63, 0x0F,
    0xFF, 0x18, 0x7F, 0xF8, 0xC3, 0x18, 0xC6, 0x18, 0xCE, 0x30, 0xFF, 0xF1, 0x87, 0xFF, 0x8C, 0x30,
    0x00, 0x20, 0x00, 0x00, 0x00, 0x81, 0x80, 0x00, 0x60, 0xC0, 0x00, 0x39, 0xFF, 0x07, 0xFF, 0xFF,
    0xC1, 0xFF, 0x30, 0x00, 0x1F, 0xFF, 0x00, 0x0F, 0xFF, 0x80, 0x06, 0x0F, 0xC0, 0x03, 0xFF, 0xE0,
    0x01, 0xF0, 0x60, 0x00, 0xFF, 0xF8, 0x00, 0x7F, 0xF8, 0x00, 0x07, 0xFF, 0xE1, 0xFF, 0xFF, 0xF0,
    0x7F, 0x63, 0x80, 0x0F, 0x18, 0xF0, 0x0F, 0xFF, 0xFE, 0x1E, 0xFF, 0xB7, 0xDC, 0x63, 0x18, 0xE0,
    0x31, 0xEC, 0x00, 0x18, 0xFE, 0x00, 0x0C, 0xE7, 0x00, 0x00, 0x70, 0x00, 0x00, 0x18, 0x00, 0x00,
    0x00, 0x10, 0x0F, 0xFF, 0xF8, 0x0F, 0xFF, 0xF8, 0x00, 0x1C, 0x20, 0x00, 0x1C, 0x70, 0x06, 0x1C,
    0x70, 0x07, 0x1C, 0x60, 0x03, 0x9C, 0xC0, 0x01, 0xDD, 0xC0, 0x01, 0xDD, 0x80, 0x00, 0xDF, 0x00,
    0x00, 0x1F, 0xFF, 0x7F, 0xFF, 0xFF, 0x7F, 0xFF, 0x80, 0x00, 0x18, 0x00, 0x00, 0x18, 0x00, 0x00,
    0x18, 0x00, 0x00, 0x18, 0x00, 0x00, 0x18, 0x00, 0x00, 0x18, 0x00, 0x00, 0x18, 0x00, 0x00, 0x18,
    0x00, 0x00, 0x18, 0x00, 0x00, 0x00, 0x00, 0x06, 0x07, 0x00, 0x0E, 0x0E, 0x00, 0x0E, 0x38, 0x00,
    0x1C, 0x60, 0x00, 0x1D, 0x80, 0x07, 0xFF, 0xFE, 0x0F, 0xFF, 0xFC, 0x09, 0xC7, 0x00, 0x03, 0x8E,
    0x00, 0x07, 0x1C, 0x00, 0x0E, 0x38, 0x00, 0x7F, 0xFF, 0xFF, 0xFF, 0xFF, 0xDF, 0xF9, 0xC0, 0x00,
    0xC3, 0x80, 0x03, 0x87, 0x00, 0x06, 0x0E, 0x00, 0x1C, 0x1C, 0x00, 0x70, 0x38, 0x00, 0xC0, 0x70,
    0x07, 0x00, 0xE0, 0x0C, 0x01, 0xC0, 0x00, 0x01, 0x80, 0x00, 0x00, 0x00, 0x00, 0x30, 0x00, 0x00,
    0x60, 0x00, 0x00, 0xC0, 0x01, 0x81, 0xFF, 0x83, 0xFF, 0xFF, 0x87, 0xFF, 0x00, 0x0E, 0x00, 0x00,
    0x1C, 0x18, 0x00, 0x38, 0x30, 0x60, 0x70, 0x70, 0xE0, 0xF8, 0x61, 0xC1, 0xB8, 0xE3, 0x03, 0x39,
    0xCE, 0x06, 0x31, 0x9C, 0x0C, 0x73, 0x30, 0x38, 0xE0, 0xE0, 0x60, 0xC3, 0x80, 0xC0, 0x06, 0x03,
    0x80, 0x1C, 0x66, 0xFF, 0xFF, 0xF9, 0xFF, 0xFF, 0xF0, 0x00, 0x00, 0x00, 0x00, 0x0C, 0x00, 0x00,
    0x06, 0x00, 0x00, 0x03, 0x00, 0x00, 0x01, 0x8F, 0x00, 0xFF, 0xFF, 0xC0, 0x7F, 0xFF, 0x00, 0x38,
    0x03, 0x80, 0x1C, 0x0F, 0xC0, 0x0E, 0xFF, 0x80, 0x07, 0x7F, 0x80, 0x03, 0x30, 0xC0, 0x01, 0x98,
    0x60, 0x00, 0xCC, 0x33, 0x80, 0x67, 0xFF, 0xE0, 0x33, 0xFF, 0xC0, 0x39, 0x83, 0x00, 0x18, 0xC1,
    0xC0, 0x0C, 0x64, 0x60, 0x8E, 0x3F, 0xB8, 0x46, 0x1E, 0xEE, 0x23, 0x7E, 0x3B, 0xB3, 0x3C, 0x0E,
    0xF9, 0x08, 0x02, 0x3C, 0x00, 0x00, 0x0C, 0x00, 0x0C, 0x00, 0x00, 0x0C, 0x00, 0x00, 0x0C, 0x00,
    0x0C, 0x0F, 0xFC, 0x0F, 0xFF, 0xFE, 0x0F, 0xFF, 0xC0, 0x0E, 0x70, 0xC0, 0x0E, 0x31, 0xFC, 0x0F,
    0xFF, 0xFC, 0x0F, 0xFF, 0xC0, 0x0C, 0x31, 0xC0, 0x0C, 0x3F, 0xC0, 0x0C, 0x3F, 0xC0, 0x0C, 0x11,
    0xE0, 0x0C, 0xFF, 0xF0, 0x1C, 0xFF, 0xE0, 0x18, 0x71, 0xC0, 0x18, 0x3B, 0xC0, 0x38, 0x1F, 0x00,
    0x30, 0x1F, 0x80, 0x30, 0x3F, 0xE0, 0x61, 0xF0, 0xFE, 0x47, 0xC0, 0x3F, 0x00, 0x00, 0x06, 0x00,
    0x06, 0x00, 0x00, 0x07, 0x00, 0x00, 0x07, 0xF0, 0x00, 0x7F, 0xF0, 0x7F, 0x3F, 0x30, 0x7E, 0x07,
    0xFC, 0x0E, 0xFF, 0xFE, 0x0C, 0xFF, 0x30, 0x1C, 0x1F, 0xF0, 0x38, 0x7F, 0xF0, 0x3F, 0x07, 0x00,
    0x3F, 0x7F, 0xF0, 0x07, 0x7F, 0xF8, 0x06, 0x07, 0x00, 0x0F, 0xFF, 0xFE, 0x7F, 0xFF, 0xFE, 0xFE,
    0x07, 0x00, 0x1F, 0xC7, 0x00, 0x39, 0xFF, 0x00, 0x30, 0x7F, 0xC0, 0x60, 0x0F, 0xFE, 0xC0, 0x00,
    0xFE, 0x80, 0x00, 0x00, 0x00, 0x1F, 0xF0, 0x7F, 0xFF, 0xF0, 0x7F, 0xFC, 0x00, 0x0E, 0x18, 0x00,
    0x1C, 0x30, 0x00, 0x38, 0x60, 0x00, 0x60, 0xC0, 0x00, 0xC1, 0x80, 0x7F, 0xFF, 0xFF, 0xFF, 0xFF,
    0xFD, 0xFE, 0x0C, 0x00, 0x0C, 0x18, 0x00, 0x18, 0x30, 0x00, 0x70, 0x60, 0x00, 0xC0, 0xC0, 0x03,
    0x81, 0x80, 0x06, 0x03, 0x00, 0x1C, 0x06, 0x00, 0x70, 0x0C, 0x01, 0xC0, 0x18, 0x06, 0x00, 0x30,
    0x00, 0x00, 0x60, 0x00, 0x00, 0x70, 0x00, 0x00, 0xD0, 0x00, 0x03, 0x70, 0x00, 0x0C, 0xE0, 0x00,
    0x39, 0xC0, 0x00, 0xE3, 0x00, 0x03, 0xFF, 0x3F, 0xFF, 0xFE, 0x7F, 0xFE, 0x00, 0x00, 0x70, 0x00,
    0x00, 0xC0, 0x09, 0xFB, 0x00, 0x3F, 0xEE, 0x00, 0x7C, 0x18, 0x00, 0x70, 0x60, 0x01, 0xC1, 0xC0,
    0x07, 0x1B, 0x04, 0x1F, 0xCE, 0x30, 0xFC, 0x18, 0xDF, 0xC0, 0x73, 0x78, 0x00, 0xEC, 0x00, 0x01,
    0xF0, 0x00, 0x03, 0x80, 0x00, 0x06, 0x00, 0x01, 0xBF, 0xE0, 0xDF, 0xF0, 0x66, 0x38, 0x30, 0x1C,
    0x18, 0x0C, 0x0F, 0xFE, 0x07, 0xFF, 0x83, 0xF0, 0x01, 0xE0, 0x00, 0xF0, 0x00, 0x7F, 0xF0, 0x3F,
    0xFC, 0x1F, 0x0E, 0x0C, 0x06, 0x06, 0x03, 0x03, 0x01, 0x81, 0x80, 0xC0, 0xD8, 0xE0, 0x6F, 0xF0,
    0x31, 0xF0, 0x18, 0x78, 0x0C, 0x00, 0x06, 0x00, 0x00, 0x00, 0x38, 0x00, 0x0E, 0x00, 0x03, 0x86,
    0x60, 0xE1, 0xDC, 0x38, 0x63, 0x8E, 0x38, 0x73, 0x9C, 0x0E, 0xEE, 0x01, 0x3A, 0x00, 0x0E, 0x39,
    0xFF, 0xFF, 0x7F, 0xFF, 0xC0, 0x00, 0x70, 0x00, 0x1C, 0x1F, 0xFF, 0x3F, 0xFF, 0xC7, 0xF0, 0x60,
    0x00, 0x18, 0x00, 0x06, 0x4F, 0xFF, 0x9F, 0xFF, 0xF3, 0xFF, 0xC0, 0x00, 0x7F, 0xC0, 0x1F, 0xFF,
    0x80, 0x1F, 0x83, 0x00, 0x00, 0x06, 0x00, 0x7F, 0xFC, 0x00, 0x7F, 0xF8, 0x00, 0x00, 0x70, 0x07,
    0xFF, 0xFF, 0x7F, 0xFF, 0xFE, 0x78, 0x30, 0x00, 0x30, 0x61, 0x80, 0x78, 0xC7, 0x00, 0x79, 0x9C,
    0x00, 0x33, 0xF0, 0x00, 0x1F, 0xC0, 0x00, 0xED, 0xC0, 0x07, 0x99, 0xC0, 0x3C, 0x31, 0xE1, 0xF0,
    0x61, 0xF1, 0xDC, 0xC0, 0xE0, 0x1F, 0x80, 0x80, 0x0F, 0x00, 0x00, 0x0C, 0x00, 0x00, 0x18, 0x00,
    0x00, 0x1C, 0x06, 0x00, 0x1C, 0x06, 0x00, 0x1C, 0x06, 0x00, 0x1C, 0x06, 0x00, 0x1E, 0x06, 0x00,
    0x7F, 0x7F, 0xF0, 0x7F, 0x7F, 0xF0, 0x7F, 0x86, 0x30, 0x7D, 0x86, 0x30, 0xFD, 0x86, 0x30, 0xDC,
    0x06, 0x70, 0xDD, 0xFF, 0xFE, 0xDD, 0xFF, 0xFE, 0x1C, 0xEF, 0x00, 0x1C, 0x0F, 0x80, 0x1C, 0x1D,
    0x80, 0x1C, 0x18, 0xC0, 0x1C, 0x38, 0xE0, 0x1C, 0x70, 0x70, 0x1C, 0xE0, 0x3C, 0x1D, 0xC0, 0x1E,
    0x1F, 0x00, 0x0F, 0x08, 0x00, 0x00, 0x01, 0x00, 0x00, 0x03, 0x00, 0x00, 0x06, 0x00, 0x00, 0x1C,
    0x0F, 0x00, 0x7F, 0xFF, 0x00, 0xFF, 0xEC, 0x03, 0xBB, 0x98, 0x0E, 0x67, 0x30, 0x39, 0xDC, 0x60,
    0x47, 0x38, 0xC0, 0x1C, 0xE3, 0x80, 0x33, 0x87, 0x00, 0x06, 0xCC, 0x00, 0x18, 0xF8, 0x00, 0x3C,
    0xF0, 0x0D, 0x9C, 0x18, 0x3B, 0x1C, 0x38, 0x66, 0x1B, 0x38, 0xCE, 0x02, 0x3B, 0x8C, 0x06, 0x3E,
    0x1E, 0x0E, 0x1C, 0x1F, 0xFC, 0x00, 0x0F, 0xF8, 0x00, 0x00, 0x38, 0x00, 0x00, 0x38, 0x00, 0x00,
    0x30, 0x00, 0x00, 0x70, 0x00, 0x00, 0x70, 0x00, 0x07, 0xFF, 0xF8, 0x3F, 0xFF, 0xF8, 0x3F, 0xCE,
    0x00, 0x03, 0x87, 0x80, 0x03, 0x73, 0xC0, 0x07, 0x79, 0xE0, 0x0E, 0x1C, 0xF8, 0x1C, 0x1C, 0x3C,
    0x30, 0x00, 0x1F, 0x60, 0x70, 0x67, 0xDB, 0x38, 0x70, 0x3B, 0x1C, 0x38, 0x33, 0x0D, 0x9C, 0x33,
    0x84, 0xCE, 0x71, 0xC0, 0xC6, 0x60, 0xF0, 0xE0, 0x60, 0x7F, 0xE0, 0x00, 0x1F, 0xE0, 0x00, 0x01,
    0x00, 0x06, 0x07, 0x00, 0x0E, 0x0E, 0x00, 0x0E, 0x38, 0x00, 0x0C, 0xE0, 0x00, 0x1B, 0x80, 0x03,
    0xFF, 0xF0, 0x07, 0xFF, 0xE0, 0x06, 0x00, 0xC0, 0x0C, 0x01, 0x80, 0x18, 0x03, 0x00, 0x30, 0x0E,
    0x00, 0x7F, 0xFC, 0x00, 0xFF, 0xF8, 0x01, 0x88, 0x00, 0x0C, 0x38, 0x38, 0x1B, 0x3C, 0x38, 0x76,
    0x3B, 0x38, 0xCE, 0x36, 0x3B, 0x8C, 0x06, 0x36, 0x1E, 0x0E, 0x0C, 0x1F, 0xFC, 0x00, 0x0F, 0xF8,
    0x00, 0x10, 0x00, 0x00, 0x18, 0x0E, 0x00, 0x18, 0x0C, 0x00, 0x18, 0x0C, 0x00, 0x18, 0x0C, 0x00,
    0x1E, 0xFF, 0xFE, 0x7E, 0xFF, 0xFC, 0x7F, 0x19, 0x00, 0x7B, 0x1B, 0x80, 0xFB, 0xB1, 0x80, 0xD9,
    0xB1, 0x98, 0xD8, 0x79, 0x98, 0xD8, 0x79, 0xB8, 0xD8, 0xCD, 0xB0, 0x19, 0x8F, 0xE0, 0x19, 0x8F,
    0xC0, 0x1B, 0x03, 0xC0, 0x18, 0x07, 0xC0, 0x18, 0x06, 0x60, 0x18, 0x0C, 0x70, 0x18, 0x38, 0x3C,
    0x18, 0x70, 0x1E, 0x18, 0xE0, 0x0E, 0x08, 0x00, 0x00, 0x00, 0x30, 0x00, 0x00, 0x70, 0x00, 0x01,
    0xC0, 0x00, 0x6F, 0xFE, 0x00, 0xFF, 0xFC, 0x01, 0xF0, 0x18, 0x01, 0x8F, 0xF0, 0x03, 0xFF, 0xE0,
    0x07, 0xE1, 0xC0, 0x0C, 0x7F, 0x80, 0x1F, 0xFE, 0x00, 0x3E, 0x0C, 0x00, 0x60, 0x18, 0x00, 0xFF,
    0xF8, 0x01, 0xFF, 0xE0, 0x0D, 0x38, 0x38, 0x1B, 0x38, 0x38, 0x76, 0x3B, 0x38, 0xCE, 0x36, 0x3B,
    0x8C, 0x06, 0x36, 0x1E, 0x0E, 0x0C, 0x1F, 0xFC, 0x00, 0x0F, 0xF8, 0x00, 0x00, 0x02, 0x00, 0x30,
    0x06, 0x00, 0x70, 0x0C, 0x00, 0xE3, 0xFF, 0xC1, 0xC7, 0xFF, 0x03, 0xC0, 0x6C, 0x1F, 0x8F, 0xFC,
    0x3F, 0x9F, 0x80, 0x7F, 0x03, 0xFE, 0xFF, 0xFF, 0xFF, 0xFD, 0xFC, 0x06, 0xE1, 0xFF, 0x8D, 0xC3,
    0xFF, 0x0B, 0x86, 0x06, 0x07, 0x0F, 0xFC, 0x0E, 0x1F, 0xF8, 0x1C, 0x30, 0x30, 0x30, 0x7F, 0xE0,
    0x60, 0xFF, 0xC0, 0xC1, 0x81, 0x81, 0x83, 0x13, 0x03, 0x06, 0x3E, 0x06, 0x0C, 0x1C, 0x04, 0x00,
    0x10, 0x00, 0x18, 0x00, 0x00, 0x1F, 0x00, 0x00, 0x1F, 0xC0, 0x00, 0x0C, 0xE0, 0x00, 0x0C, 0x60,
    0x08, 0x0F, 0xF8, 0x0F, 0xFF, 0xFC, 0x0F, 0xFF, 0x80, 0x0C, 0x06, 0x00, 0x0C, 0x06, 0x38, 0x0F,
    0xE6, 0x38, 0x0F, 0xF7, 0x30, 0x0C, 0x73, 0x70, 0x0C, 0x73, 0xE0, 0x0C, 0x61, 0xE0, 0x1C, 0x61,
    0xC0, 0x1E, 0x63, 0xC1, 0x1B, 0xE7, 0xE3, 0x39, 0xEE, 0x63, 0x30, 0xDC, 0x73, 0x30, 0x38, 0x3B,
    0x60, 0x60, 0x1F, 0x40, 0x00, 0x0E, 0x00, 0x00, 0x06, 0x00, 0x30, 0x00, 0x00, 0x76, 0x00, 0x00,
    0x6E, 0x00, 0x00, 0xCE, 0x00, 0x01, 0x8C, 0x00, 0x03, 0xFF, 0x1F, 0xFF, 0xFE, 0x1F, 0xFF, 0x80,
    0x00, 0x0C, 0x00, 0x3F, 0x98, 0x40, 0x7F, 0xB0, 0xC0, 0xE3, 0x73, 0x81, 0x8E, 0x66, 0x03, 0x1C,
    0xDC, 0x07, 0xF9, 0xF0, 0x0F, 0xC1, 0xE0, 0x00, 0x33, 0x82, 0x07, 0xEF, 0x85, 0xFE, 0x3F, 0x1B,
    0xE0, 0xE7, 0x32, 0x03, 0x87, 0x60, 0x0E, 0x07, 0xC0, 0x30, 0x07, 0x80, 0x00, 0x06, 0x00, 0x06,
    0x00, 0x00, 0xE3, 0x80, 0x00, 0x31, 0xF8, 0x00, 0x1B, 0x6E, 0x01, 0xFF, 0xF3, 0x80, 0x7F, 0x18,
    0xC0, 0x03, 0x0F, 0xF8, 0xFF, 0xFF, 0xFC, 0x3F, 0xFF, 0x80, 0x03, 0x31, 0xC4, 0x01, 0x99, 0x63,
    0x01, 0xFF, 0xF3, 0x81, 0xFF, 0x99, 0xC0, 0xE7, 0xEE, 0xC0, 0xFF, 0xF3, 0xE0, 0xD9, 0x81, 0xE0,
    0x4F, 0xFC, 0x71, 0x07, 0xFE, 0x78, 0x83, 0x30, 0x3C, 0x41, 0xFF, 0xFF, 0x60, 0xFF, 0xF9, 0xF0,
    0x60, 0x38, 0x78, 0x30, 0x10, 0x1C, 0x00, 0x00, 0x00, 0x06, 0x00, 0x00, 0x70, 0x00, 0x03, 0xC0,
    0x00, 0x1C, 0x00, 0xCF, 0xFF, 0x0F, 0xFF, 0xF0, 0xFF, 0x87, 0x0C, 0x00, 0x70, 0xC0, 0x06, 0x0C,
    0x00, 0x60, 0xFF, 0xFF, 0x0F, 0xFF, 0xF0, 0xF0, 0x00, 0x1C, 0x00, 0x01, 0xC0, 0x00, 0x18, 0x00,
    0x01, 0x80, 0x00, 0x38, 0x00, 0x03, 0x00, 0x00, 0x70, 0x00, 0x06, 0x00, 0x00, 0xC0, 0x00, 0x08,
    0x00, 0x00, 0x00, 0x00, 0x00, 0x00, 0x40, 0x18, 0x00, 0xE0, 0x78, 0x03, 0xE0, 0xF0, 0x3F, 0x8F,
    0xE0, 0x3C, 0x0F, 0x00, 0x38, 0x0C, 0x00, 0x3F, 0xEC, 0x00, 0x3F, 0xEC, 0x1E, 0x38, 0xEF, 0xFE,
    0x38, 0xEF, 0xFC, 0x38, 0xCC, 0x60, 0x3F, 0xEC, 0x60, 0x3F, 0xEC, 0x60, 0x30, 0x1C, 0x60, 0x30,
    0x18, 0x60, 0x30, 0x18, 0x60, 0x70, 0x18, 0x60, 0x60, 0x30, 0x60, 0x60, 0x30, 0x60, 0xC0, 0x60,
    0x60, 0xC0, 0xC0, 0x60, 0x80, 0x80, 0x60, 0x00, 0x00, 0x20, 0x00, 0x00, 0x00, 0x00, 0x00, 0x70,
    0x00, 0x01, 0xF8, 0x00, 0x07, 0xF8, 0x00, 0x3F, 0xC0, 0x00, 0x7C, 0xC0, 0x00, 0x00, 0x70, 0x00,
    0x00, 0x3F, 0xE0, 0x07, 0xFF, 0xF0, 0x03, 0xFF, 0x00, 0x00, 0x03, 0x00, 0x00, 0x01, 0x80, 0x00,
    0x01, 0xFF, 0xF3, 0xFF, 0xFF, 0xF9, 0xFF, 0xF8, 0x00, 0x00, 0x1C, 0x00, 0x00, 0x0E, 0x00, 0x00,
    0x07, 0x00, 0x00, 0x03, 0x80, 0x00, 0x21, 0xC0, 0x00, 0x1E, 0xE0, 0x00, 0x07, 0xE0, 0x00, 0x00,
    0xF0, 0x00, 0x00, 0x10, 0x00, 0x00, 0x00, 0x00, 0x01, 0x80, 0x00, 0x00, 0xC0, 0x00, 0x00, 0x60,
    0x00, 0x00, 0x31, 0xFF, 0xF8, 0x18, 0xFF, 0xFD, 0xFF, 0xC1, 0x80, 0xFF, 0xE0, 0xC0, 0x33, 0x00,
    0x60, 0x01, 0x80, 0x30, 0x00, 0xC4, 0x18, 0x00, 0x7E, 0x0C, 0x00, 0x3C, 0x06, 0x00, 0xFC, 0x03,
    0x01, 0xFC, 0x01, 0x80, 0xE6, 0x00, 0xC0, 0x03, 0x00, 0x60, 0x01, 0x80, 0x30, 0x00, 0xC0, 0x18,
    0x02, 0x60, 0x8C, 0x01, 0xF0, 0x7E, 0x00, 0x78, 0x1F, 0x00, 0x1C, 0x03, 0x80, 0x00, 0x00, 0x00,
    0x06, 0x00, 0xC0, 0x07, 0x00, 0xC0, 0x07, 0x00, 0xC0, 0x07, 0x00, 0xC0, 0x07, 0x1F, 0xFE, 0x07,
    0x5F, 0xFE, 0x7F, 0xFC, 0x00, 0x3F, 0xDC, 0x00, 0x07, 0x1C, 0x00, 0x07, 0x18, 0x00, 0x07, 0x78,
    0x00, 0x07, 0xD8, 0x00, 0x07, 0x98, 0x00, 0x7E, 0x18, 0x00, 0x7E, 0x38, 0x00, 0x26, 0x30, 0x00,
    0x06, 0x30, 0x00, 0x06, 0x30, 0x00, 0x26, 0x60, 0x00, 0x3E, 0x60, 0x00, 0x1E, 0xC0, 0x00, 0x0E,
    0x80, 0x00, 0x00, 0x00, 0x00, 0x07, 0x00, 0x00, 0x07, 0x00, 0x00, 0x07, 0x00, 0x00, 0x07, 0x17,
    0xFE, 0x07, 0x1F, 0xFE, 0x0F, 0xEE, 0x06, 0x7F, 0xE0, 0x06, 0x3F, 0x00, 0x06, 0x07, 0x00, 0x06,
    0x07, 0x20, 0x06, 0x07, 0xFF, 0xFE, 0x07, 0x8F, 0xFE, 0x1F, 0x00, 0x06, 0x7F, 0x00, 0x06, 0x77,
    0x00, 0x0E, 0x07, 0x00, 0x0E, 0x07, 0x00, 0x0E, 0x07, 0x00, 0x0E, 0x37, 0x3F, 0xFE, 0x1F, 0x3F,
    0xFC, 0x1F, 0x00, 0x00, 0x0E, 0x00, 0x00, 0x00, 0x0C, 0x00, 0x03, 0x87, 0x00, 0x00, 0xC1, 0xB0,
    0x00, 0x60, 0xDC, 0x00, 0x30, 0x67, 0x00, 0x18, 0x31, 0xC0, 0x0F, 0x98, 0x40, 0xFF, 0xEE, 0xFC,
    0x3F, 0x9F, 0xFE, 0x01, 0xBF, 0xE8, 0x00, 0xCC, 0xC6, 0x00, 0x6C, 0x67, 0x00, 0x3C, 0x3B, 0x80,
    0x7C, 0x0F, 0x81, 0xFC, 0x07, 0x80, 0xF6, 0x03, 0x80, 0x03, 0x03, 0xC1, 0x01, 0x87, 0xF0, 0x80,
    0xC7, 0x1C, 0xC6, 0x67, 0x0F, 0x61, 0xF0, 0x03, 0xF0, 0x78, 0x00, 0xF8, 0x1C, 0x00, 0x3C, 0x06,
    0x03, 0x80, 0x03, 0x01, 0xC0, 0x01, 0x80, 0x60, 0x00, 0xC0, 0x30, 0x00, 0x60, 0xFF, 0xF0, 0x3F,
    0xFF, 0xF9, 0xFF, 0xF0, 0x00, 0x7E, 0x00, 0x00, 0x06, 0x0F, 0xE0, 0x03, 0x07, 0xF8, 0x01, 0xB3,
    0xFC, 0x00, 0xF1, 0x8E, 0x00, 0xF0, 0xC7, 0x03, 0xF0, 0x63, 0x81, 0xF8, 0x31, 0xC4, 0x4C, 0x38,
    0xE3, 0x06, 0x1C, 0x71, 0x83, 0x0C, 0x30, 0xC9, 0x8E, 0x18, 0xE7, 0xCE, 0x0F, 0xE1, 0xEE, 0x07,
    0xF0, 0x7E, 0x00, 0xF0, 0x00, 0x00, 0x00, 0x06, 0x00, 0x00, 0x03, 0x8D, 0xF8, 0x01, 0xC7, 0xFE,
    0x00, 0xE3, 0xF7, 0x00, 0x71, 0x83, 0x80, 0x38, 0xC1, 0xC1, 0xFF, 0xE6, 0xC0, 0x7F, 0xF3, 0xE0,
    0x06, 0x18, 0x70, 0x03, 0x0D, 0xFC, 0x01, 0x9F, 0xFE, 0x00, 0xFB, 0xFF, 0x00, 0x79, 0xE3, 0x83,
    0xF0, 0xD9, 0x81, 0xF8, 0x6E, 0xC0, 0xCC, 0x33, 0xE0, 0x06, 0x18, 0xE0, 0x03, 0x0C, 0x78, 0x09,
    0x86, 0x7E, 0x07, 0xC3, 0x73, 0xC1, 0xE1, 0xE0, 0xF0, 0x70, 0xE0, 0x18, 0x00, 0x20, 0x00, 0x06,
    0x00, 0x00, 0x03, 0x9F, 0xFC, 0x01, 0xCF, 0xFF, 0x00, 0xE1, 0x87, 0x00, 0x70, 0xE3, 0x00, 0x3E,
    0x3B, 0x81, 0xFF, 0x8F, 0x80, 0x7E, 0x07, 0xC0, 0x07, 0x07, 0xF8, 0x03, 0xAF, 0xDF, 0x81, 0xFE,
    0x73, 0xE0, 0xF0, 0x38, 0x03, 0xF1, 0xFF, 0xC3, 0xF8, 0xFF, 0xE1, 0xDC, 0x07, 0x00, 0x0E, 0x03,
    0xFC, 0x06, 0x3F, 0xFF, 0x03, 0x1F, 0xFE, 0x09, 0x80, 0x70, 0x07, 0xC0, 0x38, 0x01, 0xF0, 0x1C,
    0x00, 0x70, 0x0E, 0x00, 0x00, 0x02, 0x00, 0x00, 0x01, 0x80, 0x03, 0x00, 0xE0, 0x01, 0xC0, 0x70,
    0x00, 0xE0, 0x38, 0x00, 0x70, 0x3F, 0xC0, 0x38, 0xFF, 0xE0, 0x1F, 0x3F, 0x00, 0xFF, 0xC3, 0x80,
    0x3F, 0x01, 0xDF, 0x03, 0xBF, 0xFF, 0xC1, 0xDF, 0xFE, 0x00, 0xE8, 0x06, 0x00, 0x7C, 0x03, 0x20,
    0x7B, 0xFF, 0xF9, 0xFC, 0xFF, 0xF8, 0xFE, 0x18, 0x60, 0x27, 0x0E, 0x30, 0x03, 0x83, 0x98, 0x01,
    0xC0, 0xCC, 0x04, 0xE0, 0x06, 0x03, 0xF0, 0x23, 0x00, 0xF0, 0x1F, 0x80, 0x38, 0x03, 0xC0, 0x00,
    0x00, 0xE0, 0x06, 0x01, 0x80, 0x03, 0x00, 0xC0, 0x01, 0x80, 0x60, 0x00, 0xC3, 0x37, 0xC0, 0x61,
    0xFF, 0xE0, 0x3D, 0xFF, 0x31, 0xFF, 0xCC, 0x30, 0x7E, 0xE6, 0x18, 0x06, 0x63, 0x18, 0x03, 0x23,
    0x80, 0x01, 0xE1, 0xFF, 0xC0, 0xFF, 0xFF, 0xE0, 0xE7, 0xE3, 0x03, 0xF0, 0x63, 0x81, 0xF8, 0x71,
    0x80, 0x4C, 0x3D, 0xC0, 0x06, 0x0F, 0xC0, 0x03, 0x01, 0xF0, 0x09, 0x81, 0xFC, 0x06, 0xC1, 0xC7,
    0x81, 0xE3, 0xC1, 0xE0, 0x77, 0x80, 0x70, 0x00, 0x00, 0x00, 0x0C, 0x06, 0x00, 0x03, 0x03, 0x80,
    0x01, 0x83, 0x80, 0x00, 0xC1, 0xFE, 0x00, 0x61, 0xFF, 0x00, 0x3C, 0xC7, 0x01, 0xFF, 0xC7, 0x00,
    0x7C, 0xFF, 0xF8, 0x06, 0xDF, 0xFC, 0x03, 0x0C, 0xCC, 0x01, 0xE6, 0x66, 0x00, 0xE3, 0x33, 0x00,
    0xE1, 0x99, 0x81, 0xF7, 0xFF, 0xF9, 0xFB, 0xFF, 0xFC, 0x5C, 0x07, 0x80, 0x0E, 0x07, 0xE0, 0x07,
    0x07, 0x38, 0x03, 0x87, 0x0E, 0x07, 0xC7, 0x03, 0xC3, 0xE7, 0x00, 0xF8, 0xFE, 0x00, 0x1C, 0x00,
    0x00, 0x00, 0x06, 0x00, 0x00, 0x06, 0x1F, 0xFE, 0x06, 0x1F, 0xFE, 0x06, 0x18, 0x0E, 0x06, 0x18,
    0x0C, 0x06, 0xDF, 0xFC, 0x7F, 0xFF, 0xFE, 0x3F, 0x98, 0xE0, 0x06, 0x18, 0x60, 0x06, 0x18, 0x60,
    0x06, 0xFF, 0xFF, 0x07, 0xBF, 0xFF, 0x1F, 0x38, 0x60, 0x7E, 0x30, 0x60, 0x76, 0x36, 0x7C, 0x06,
    0x37, 0xFE, 0x06, 0x67, 0x0E, 0x06, 0x67, 0x0C, 0x26, 0x67, 0x0C, 0x3E, 0xC3, 0xFC, 0x1E, 0x83,
    0xFC, 0x0E, 0x83, 0x00, 0x00, 0x00, 0x00, 0x0E, 0x03, 0x80, 0x03, 0x00, 0xC0, 0x01, 0x80, 0x60,
    0x00, 0xC7, 0xFF, 0x80, 0x63, 0xFF, 0xC0, 0x3E, 0xE3, 0x81, 0xFF, 0x39, 0xC0, 0x7F, 0x0C, 0xC0,
    0x06, 0x07, 0xE6, 0x03, 0x3F, 0xFF, 0x81, 0xFF, 0xFF, 0x80, 0xF0, 0x70, 0x00, 0xE0, 0x30, 0x23,
    0xF7, 0xFF, 0xF9, 0xFB, 0xFF, 0xF8, 0x4C, 0x1C, 0xC0, 0x06, 0x0E, 0xE0, 0x03, 0x07, 0xE0, 0x09,
    0x80, 0xF8, 0x07, 0xC0, 0xFF, 0x01, 0xE1, 0xE3, 0xE0, 0x77, 0xC0, 0x70, 0x02, 0x00, 0x00, 0x0E,
    0x00, 0x30, 0x06, 0x0C, 0x38, 0x06, 0x0E, 0x30, 0x06, 0x06, 0x30, 0x06, 0x07, 0xFF, 0x07, 0xFF,
    0xFF, 0x7F, 0xFF, 0x60, 0x3F, 0x86, 0x60, 0x06, 0x06, 0x40, 0x06, 0x20, 0xFC, 0x06, 0xFF, 0xFE,
    0x07, 0xBF, 0x8E, 0x0F, 0x31, 0x8E, 0x7E, 0x31, 0x8C, 0x7E, 0x3F, 0xFC, 0x26, 0x3F, 0xFC, 0x06,
    0x39, 0x8C, 0x06, 0x19, 0x8C, 0x26, 0x19, 0x8C, 0x3E, 0x1F, 0xFC, 0x1E, 0x1F, 0xFC, 0x0E, 0x18,
    0x00, 0x06, 0x00, 0x00, 0x03, 0x0F, 0xFC, 0x01, 0x87, 0xFE, 0x00, 0xC3, 0x07, 0x00, 0x61, 0xFF,
    0x80, 0x3E, 0xFF, 0x81, 0xFF, 0x60, 0xC0, 0x7E, 0x3F, 0xF0, 0x06, 0x1F, 0xE0, 0x03, 0x60, 0x0F,
    0x01, 0xFF, 0xFF, 0xC0, 0xEF, 0xFF, 0x01, 0xE1, 0x18, 0x03, 0xF0, 0xCC, 0x41, 0xD8, 0x67, 0xF0,
    0x0C, 0x73, 0xF8, 0x06, 0x39, 0x80, 0x03, 0x1F, 0xC0, 0x09, 0x99, 0xF0, 0x07, 0xDC, 0x3F, 0x81,
    0xEC, 0x07, 0xF8, 0x7C, 0x00, 0x38, 0x00, 0x00, 0x00, 0x0E, 0x00, 0x18, 0x06, 0x00, 0x78, 0x06,
    0x01, 0xF8, 0x06, 0x0F, 0xC0, 0x06, 0x3F, 0x80, 0x1F, 0x81, 0x80, 0x7F, 0xC1, 0xFF, 0x3E, 0xFF,
    0xFF, 0x06, 0x7F, 0xC0, 0x06, 0x07, 0x80, 0x07, 0x8F, 0xDC, 0x07, 0x7F, 0xFE, 0x1E, 0x79, 0xBE,
    0x7E, 0x31, 0x8E, 0x7E, 0x31, 0xBE, 0x0E, 0x3F, 0xFE, 0x0E, 0x3F, 0xBE, 0x0E, 0x31, 0x8C, 0x2E,
    0x31, 0x8C, 0x3E, 0x3F, 0xFC, 0x1E, 0x3F, 0xFE, 0x0C, 0x30, 0x00, 0x00, 0x00, 0x00, 0x00, 0x01,
    0x00, 0x03, 0x00, 0xC0, 0x01, 0x81, 0xE0, 0x00, 0xC7, 0xFF, 0xC0, 0x67, 0xDF, 0xE0, 0x31, 0x8C,
    0x70, 0x1E, 0xFF, 0xF8, 0xFF, 0xFF, 0xF8, 0x3F, 0x31, 0x8C, 0x03, 0x18, 0xFE, 0x01, 0x9F, 0xFF,
    0x80, 0xFF, 0xF0, 0x00, 0x78, 0x18, 0x00, 0xF1, 0xFF, 0xE1, 0xF8, 0xFF, 0xF0, 0xEC, 0x18, 0x70,
    0x06, 0x0E, 0x70, 0x03, 0x03, 0xF0, 0x01, 0x80, 0xF0, 0x04, 0xC0, 0xFE, 0x03, 0xE0, 0xF7, 0xC0,
    0xF1, 0xE0, 0xFC, 0x3B, 0xC0, 0x1E, 0x00, 0x00, 0x00, 0x0E, 0x00, 0x00, 0x03, 0x07, 0xF8, 0x01,
    0x83, 0xFC, 0x00, 0xC1, 0x8E, 0x00, 0x60, 0xFE, 0x00, 0x3C, 0x7F, 0x81, 0xFF, 0x32, 0x00, 0x7E,
    0xFF, 0xFC, 0x06, 0x7F, 0xFE, 0x03, 0x3B, 0xE7, 0x01, 0xFF, 0xFF, 0x80, 0xF7, 0xFF, 0xC0, 0xE3,
    0x1C, 0x01, 0xF0, 0x7F, 0xF1, 0xF9, 0xFF, 0xFC, 0x4C, 0x7F, 0xC0, 0x06, 0x0F, 0xF0, 0x03, 0x0E,
    0xDE, 0x09, 0x8E, 0x63, 0xC7, 0xDC, 0x30, 0xF1, 0xF8, 0x18, 0x10, 0x70, 0x0C, 0x00, 0x00, 0x02,
    0x00, 0x00, 0x00, 0x00, 0x00, 0xE0, 0xC0, 0x00, 0x70, 0xE0, 0x02, 0x38, 0x70, 0x01, 0x9C, 0x30,
    0x00, 0xCE, 0x38, 0x00, 0x67, 0x1F, 0xF8, 0x33, 0x8F, 0xFE, 0x19, 0xCF, 0xF8, 0x0C, 0xE7, 0x1C,
    0x06, 0x77, 0x8E, 0x03, 0x3B, 0x66, 0x01, 0x9F, 0x37, 0x00, 0xCF, 0x0F, 0x00, 0x6F, 0x07, 0x80,
    0x3F, 0x81, 0x80, 0x7D, 0xC1, 0xE0, 0x3C, 0xE1, 0xF8, 0x08, 0x71, 0xCE, 0x00, 0x39, 0xC3, 0x80,
    0x1D, 0xC0, 0xF0, 0x0F, 0xC0, 0x3C, 0x07, 0x80, 0x0C, 0x00, 0x00, 0x00, 0x00, 0x00, 0x00, 0x00,
    0x00, 0xC0, 0x01, 0xC0, 0x70, 0x00, 0x60, 0x30, 0x00, 0x30, 0x38, 0x00, 0x18, 0x18, 0x01, 0xFF,
    0xEC, 0x38, 0xFF, 0xFF, 0xFE, 0x06, 0x07, 0xF8, 0x07, 0x07, 0x8C, 0x03, 0xFB, 0xCE, 0x01, 0xFF,
    0x66, 0x00, 0xCF, 0x1F, 0x00, 0x67, 0x0F, 0x80, 0x73, 0x03, 0x80, 0x31, 0x81, 0xC0, 0x18, 0xC1,
    0xF0, 0x18, 0x60, 0xDC, 0x0E, 0x70, 0xCF, 0x0D, 0xB8, 0xE3, 0xC4, 0x78, 0xE0, 0xF2, 0x1C, 0xC0,
    0x3C, 0x04, 0xC0, 0x0E, 0x06, 0x03, 0x00, 0x07, 0x03, 0x80, 0x07, 0x03, 0x80, 0x07, 0x73, 0x00,
    0x7F, 0xFB, 0x00, 0x7F, 0xE7, 0xFE, 0x0D, 0x87, 0xFE, 0x1D, 0xC6, 0x38, 0x18, 0xEE, 0x30, 0x30,
    0xFF, 0x30, 0x70, 0xFB, 0x70, 0x79, 0xDB, 0x60, 0x1D, 0xD1, 0xE0, 0x0F, 0x81, 0xE0, 0x07, 0x00,
    0xC0, 0x07, 0x01, 0xE0, 0x0F, 0x83, 0xF0, 0x0D, 0xC3, 0x30, 0x18, 0xC6, 0x38, 0x30, 0xEC, 0x1E,
    0xE0, 0x18, 0x0F, 0xC0, 0x30, 0x07, 0x00, 0x00, 0x00, 0x02, 0x01, 0x80, 0x03, 0x21, 0x80, 0x33,
    0x71, 0x80, 0x3B, 0x63, 0x80, 0x1F, 0xC3, 0x80, 0x0F, 0xFB, 0x0C, 0x7F, 0xFB, 0xFE, 0x3F, 0x87,
    0xF8, 0x0F, 0xE7, 0x38, 0x3B, 0x77, 0x30, 0x73, 0x3F, 0x30, 0x47, 0x0D, 0xF0, 0x06, 0x69, 0xE0,
    0xFF, 0xF9, 0xE0, 0xFF, 0xC0, 0xC0, 0x7C, 0xC1, 0xE0, 0x1D, 0xC1, 0xF0, 0x1F, 0x83, 0xB0, 0x07,
    0xC7, 0x38, 0x0F, 0xE6, 0x1C, 0x3C, 0x6C, 0x0E, 0xF0, 0x18, 0x07, 0x00, 0x00, 0x00, 0x00, 0x30,
    0x00, 0x00, 0x70, 0x00, 0x00, 0xE0, 0x00, 0x01, 0xC0, 0x00, 0x03, 0xFF, 0xCF, 0xFF, 0xFF, 0xDF,
    0xFF, 0xE0, 0x01, 0x81, 0xC0, 0x03, 0x83, 0x80, 0x03, 0x0E, 0x00, 0x07, 0x18, 0x00, 0x07, 0x70,
    0x00, 0x07, 0xC0, 0x00, 0x0F, 0x80, 0x00, 0x0F, 0x00, 0x00, 0x3F, 0x00, 0x00, 0xEF, 0x00, 0x07,
    0x8F, 0x00, 0x1E, 0x07, 0x80, 0xF0, 0x07, 0xC3, 0x80, 0x03, 0xFC, 0x00, 0x03, 0xC0, 0x00, 0x00,
    0x00, 0x00, 0x00, 0x00, 0x00, 0xC0, 0x0C, 0x00, 0x60, 0x06, 0x00, 0x70, 0x43, 0x00, 0x3C, 0x31,
    0x80, 0x3F, 0x9C, 0xC0, 0x39, 0xE7, 0x60, 0x18, 0x31, 0xB0, 0x1F, 0xE6, 0x18, 0x1F, 0xFB, 0x8C,
    0x1C, 0x60, 0xE6, 0x08, 0x30, 0x3B, 0x03, 0xFF, 0x89, 0xB1, 0xFF, 0xC3, 0xFC, 0x06, 0x3F, 0xFC,
    0x1B, 0xFF, 0xF0, 0x0D, 0xB0, 0x18, 0x0C, 0xDC, 0x0C, 0x06, 0x67, 0x06, 0x06, 0x33, 0x83, 0x06,
    0xD8, 0x01, 0x80, 0x3C, 0x00, 0xC0, 0x0E, 0x00, 0x60, 0x00, 0x00, 0x30, 0x02, 0x00, 0x32, 0x0C,
    0x01, 0xCC, 0x36, 0x0F, 0x34, 0xDB, 0xF0, 0xDB, 0x6F, 0x03, 0x6F, 0xB8, 0x0C, 0xFC, 0xE0, 0x33,
    0xE3, 0x82, 0xFF, 0xFF, 0xFF, 0xFF, 0xBF, 0xEC, 0x78, 0xE6, 0x33, 0xF3, 0x98, 0xCF, 0xEC, 0x63,
    0x6D, 0xB1, 0x8D, 0xB7, 0xC6, 0x3C, 0xCB, 0x18, 0xC3, 0x0C, 0x63, 0x0C, 0x61, 0x8F, 0xFF, 0x86,
    0x3F, 0xFE, 0x18, 0xC0, 0x30, 0x61, 0x00, 0x81, 0x80, 0x00, 0x00, 0x00, 0x06, 0x00, 0x18, 0x06,
    0x00, 0x38, 0x06, 0x00, 0xF8, 0x7F, 0xEF, 0xE0, 0x7F, 0xFF, 0x80, 0x18, 0xC6, 0x00, 0x1D, 0xC6,
    0x00, 0x0D, 0x86, 0x04, 0x0F, 0xF7, 0xFE, 0xFF, 0xFF, 0xFE, 0x7F, 0x0E, 0x60, 0x07, 0x0E, 0x60,
    0x7F, 0xFE, 0x60, 0x3F, 0xEC, 0x60, 0x17, 0xCC, 0x60, 0x3F, 0xCC, 0x60, 0x37, 0xEC, 0x60, 0x77,
    0x78, 0x60, 0x67, 0x38, 0x60, 0xDF, 0x30, 0x60, 0x1F, 0x30, 0x60, 0x0E, 0x20, 0x60, 0x00, 0x00,
    0x20, 0x00, 0x30, 0x00, 0x00, 0x70, 0x00, 0x00, 0xE0, 0x00, 0x01, 0xC0, 0x00, 0x03, 0x81, 0xCF,
    0xFF, 0xFF, 0xDF, 0xFF, 0xFF, 0x1E, 0x38, 0x00, 0x00, 0x60, 0x00, 0x01, 0xC7, 0x80, 0x03, 0xFF,
    0x00, 0x07, 0xFE, 0x00, 0x0C, 0x0C, 0x00, 0x38, 0x18, 0x00, 0x60, 0x70, 0x01, 0x80, 0xE0, 0x07,
    0x01, 0xC0, 0x1C, 0x03, 0x00, 0x71, 0x8E, 0x01, 0xC3, 0xDC, 0x07, 0x01, 0xF0, 0x1C, 0x01, 0xE0,
    0x00, 0x00, 0x00, 0x00, 0x00, 0x3F, 0xF0, 0x07, 0xFF, 0xF0, 0x07, 0xF8, 0x00, 0x00, 0x18, 0x00,
    0x00, 0x18, 0x00, 0x00, 0x38, 0x00, 0x00, 0x38, 0x1C, 0x3F, 0xFF, 0xFE, 0x3F, 0xFF, 0xFC, 0x00,
    0x3E, 0x00, 0x00, 0x76, 0x00, 0x00, 0x76, 0x00, 0x00, 0x6E, 0x00, 0x00, 0xEE, 0x03, 0x01, 0xCE,
    0x03, 0x01, 0xCE, 0x03, 0x03, 0x8E, 0x03, 0x0F, 0x0E, 0x07, 0x1C, 0x0F, 0xFE, 0x78, 0x07, 0xFE,
    0xE0, 0x03, 0xF8, 0xFF, 0xFF, 0xFF, 0xFF, 0x80, 0x3F, 0x00, 0x7E, 0x00, 0xFC, 0x01, 0xF8, 0x03,
    0xF0, 0x07, 0xFF, 0xFF, 0xFF, 0xFB, 0x80, 0x33, 0x00, 0x66, 0x00, 0xCC, 0x01, 0x98, 0x03, 0x30,
    0x06, 0x7F, 0xFC, 0xFF, 0xFD, 0xF8, 0x03, 0x00, 0x00, 0x00, 0x00, 0x00, 0x01, 0xC0, 0x00, 0x01,
    0x80, 0x00, 0x03, 0x07, 0xF8, 0x06, 0x0F, 0xF0, 0x0C, 0x1C, 0x60, 0x18, 0x38, 0xFF, 0xFF, 0xF1,
    0xFF, 0xFF, 0xE3, 0x78, 0xC1, 0xFE, 0x01, 0x83, 0xFC, 0xC3, 0x07, 0x39, 0xC6, 0x0E, 0x73, 0x8C,
    0x0C, 0xE3, 0x98, 0x19, 0xC3, 0x30, 0x3F, 0x80, 0x60, 0x7F, 0x00, 0xC0, 0xC0, 0x01, 0x81, 0x80,
    0x23, 0x00, 0x00, 0x76, 0x00, 0x00, 0x7C, 0x00, 0x00, 0x78, 0x00, 0x00, 0x20, 0x00, 0x00, 0x00,
    0x00, 0x00, 0x0C, 0x00, 0x00, 0x1C, 0x00, 0x00, 0x38, 0x0F, 0xC0, 0x70, 0x1F, 0xC0, 0xE0, 0x31,
    0xBF, 0xFC, 0x63, 0x3F, 0xF8, 0xC6, 0x66, 0x31, 0x8C, 0xCC, 0x63, 0xF9, 0x98, 0xC7, 0xF3, 0x31,
    0x8E, 0x66, 0x67, 0x18, 0xFF, 0xFF, 0xF3, 0xFF, 0xFF, 0x77, 0x07, 0x80, 0xEE, 0x1D, 0x81, 0xFC,
    0x33, 0x83, 0xF8, 0xE3, 0x87, 0x03, 0x83, 0x84, 0x0E, 0x03, 0x80, 0x38, 0x03, 0xC1, 0xC0, 0x03,
    0x82, 0x00, 0x00, 0x07, 0xFF, 0xC0, 0x07, 0xFF, 0xC0, 0x07, 0x00, 0xC0, 0x07, 0xFF, 0xC0, 0x07,
    0xFF, 0xC0, 0x03, 0x01, 0xC0, 0x03, 0xFF, 0xC0, 0x03, 0xFF, 0x00, 0x03, 0x00, 0x78, 0x3F, 0xFF,
    0xFC, 0x3F, 0xFF, 0xF0, 0x02, 0x18, 0x00, 0x03, 0x18, 0xC0, 0x07, 0x1F, 0xE0, 0x07, 0x1F, 0xC0,
    0x0F, 0x18, 0x00, 0x0F, 0xF8, 0x00, 0x19, 0xFC, 0x00, 0x38, 0x3F, 0xF0, 0x70, 0x07, 0xFF, 0xC0,
    0x00, 0x3E, 0x00, 0x00, 0x00, 0x0F, 0xFF, 0xE0, 0x1F, 0xFF, 0xC0, 0x30, 0x03, 0x80, 0x61, 0xFF,
    0x00, 0xFF, 0xFE, 0x01, 0xE0, 0x18, 0x03, 0x80, 0x30, 0x03, 0xFF, 0xF0, 0x07, 0xFF, 0xC0, 0x0D,
    0x18, 0x00, 0x03, 0x38, 0x00, 0x46, 0x73, 0x01, 0xCC, 0xE7, 0x01, 0x99, 0xDC, 0x03, 0xB3, 0x30,
    0x03, 0xF6, 0xE0, 0x03, 0xED, 0x80, 0x05, 0xDA, 0x03, 0xFF, 0xFF, 0xFF, 0xFF, 0xFF, 0xF0, 0x00,
    0x00, 0x00, 0x00, 0x00, 0x00, 0x30, 0x01, 0x80, 0xFC, 0x3E, 0x1F, 0xFF, 0xE0, 0x7C, 0x1C, 0x00,
    0x78, 0x60, 0x63, 0x7D, 0xFF, 0xCF, 0xF7, 0xFE, 0x3E, 0x79, 0xC0, 0x1F, 0xC7, 0x07, 0xF3, 0x1C,
    0x3F, 0x9C, 0x70, 0xE6, 0x61, 0xC0, 0x1B, 0x02, 0x00, 0xFF, 0xFC, 0x03, 0xFF, 0xF0, 0x0C, 0x01,
    0x80, 0x3F, 0xFE, 0x00, 0xFF, 0xF8, 0x03, 0x00, 0x60, 0x0E, 0x3F, 0x80, 0x3F, 0xFE, 0x00, 0xFF,
    0xC0, 0x01, 0x00, 0x00, 0x00, 0x00, 0x40, 0x0F, 0xFF, 0xE0, 0x0F, 0xFF, 0xC0, 0x00, 0x38, 0x00,
    0x08, 0x3F, 0xC0, 0x0F, 0xFF, 0xE0, 0x0F, 0xF8, 0xE0, 0x0C, 0x38, 0xE0, 0x0F, 0xFF, 0xE0, 0x0F,
    0xFF, 0xE0, 0x0C, 0x30, 0xC0, 0x0F, 0xFF, 0xC0, 0x0F, 0xFF, 0xE0, 0x06, 0x30, 0x00, 0x1E, 0x70,
    0x00, 0x3F, 0xE0, 0x00, 0x03, 0xE0, 0x00, 0x00, 0xF8, 0x00, 0x03, 0xFF, 0x00, 0x07, 0x87, 0xF0,
    0x3E, 0x01, 0xFE, 0xF8, 0x00, 0x3E, 0x00, 0x00, 0x00, 0x00, 0x01, 0xC0, 0x1F, 0xFF, 0xC0, 0x3F,
    0xF3, 0x80, 0x3F, 0xFE, 0x00, 0x7F, 0xFC, 0x00, 0xC0, 0x38, 0x01, 0xFF, 0xF0, 0x03, 0xFC, 0x00,
    0x03, 0xFF, 0xFF, 0xFF, 0xFF, 0xFD, 0xF9, 0x80, 0x00, 0x67, 0x7F, 0x80, 0xFE, 0xFF, 0x01, 0x8C,
    0x8E, 0x03, 0x39, 0x98, 0x07, 0xF3, 0xF0, 0x0E, 0x63, 0xC0, 0x19, 0xC3, 0x80, 0x7F, 0x8F, 0xC7,
    0xFB, 0x3B, 0xC7, 0x07, 0xC1, 0xC0, 0x0E, 0x01, 0x80, 0x08, 0x00, 0x00, 0x00, 0x30, 0x00, 0x00,
    0x60, 0x00, 0x00, 0xC0, 0x00, 0x03, 0x80, 0x00, 0x07, 0xFF, 0xCF, 0xFF, 0xFF, 0x9F, 0xFF, 0x80,
    0x00, 0xE0, 0x00, 0x01, 0x87, 0x80, 0x07, 0xFF, 0x80, 0x1F, 0xFB, 0x00, 0x7C, 0x06, 0x00, 0xDF,
    0xFC, 0x03, 0x3F, 0xF8, 0x0C, 0x60, 0x30, 0x30, 0xC0, 0x60, 0xC1, 0xFF, 0xC0, 0x03, 0xFF, 0x80,
    0x06, 0x03, 0x00, 0x0C, 0x06, 0x00, 0x18, 0xEC, 0x00, 0x70, 0xF8, 0x00, 0xE0, 0xF0, 0x00, 0x00,
    0x40, 0x18, 0x0D, 0xF8, 0x0F, 0xF7, 0xFC, 0x07, 0xFB, 0xF6, 0x03, 0x9D, 0x83, 0x01, 0xCE, 0xC1,
    0x80, 0xE7, 0x6E, 0xC0, 0x7F, 0xB3, 0xE0, 0x3F, 0xD8, 0x60, 0x1C, 0xED, 0xF8, 0x0E, 0x77, 0xFE,
    0x07, 0x7B, 0xFF, 0x03, 0xFD, 0xE3, 0x01, 0xFE, 0xD9, 0x80, 0xC7, 0x6F, 0xC0, 0x63, 0xB3, 0xC0,
    0x71, 0xD8, 0xE0, 0x30, 0xEC, 0x70, 0x1B, 0x76, 0x7E, 0x18, 0xFB, 0x67, 0x8C, 0x3D, 0xE0, 0xFC,
    0x0C, 0xE0, 0x30, 0x00, 0x20, 0x00, 0x00, 0x18, 0x00, 0x00, 0x0C, 0x00, 0x00, 0x06, 0x00, 0x00,
    0x03, 0x00, 0x00, 0x01, 0x80, 0x00, 0x3F, 0xFF, 0x80, 0x1F, 0xFF, 0x80, 0x00, 0x30, 0x00, 0x00,
    0x18, 0x00, 0x00, 0x0C, 0x04, 0x0F, 0xFF, 0xFF, 0x07, 0xFF, 0xFF, 0x80, 0x07, 0xE0, 0x00, 0x03,
    0xF8, 0x00, 0x03, 0xEE, 0x00, 0x03, 0xB3, 0x80, 0x03, 0x98, 0xF0, 0x07, 0x8C, 0x3C, 0x07, 0x06,
    0x07, 0x87, 0x03, 0x01, 0xF6, 0x01, 0x80, 0x30, 0x00, 0xC0, 0x00, 0x00, 0x60, 0x00, 0x00, 0x10,
    0x00, 0x00, 0x18, 0x00, 0x00, 0x0E, 0x00, 0x00, 0x07, 0x00, 0x00, 0x03, 0x80, 0x00, 0x01, 0xC0,
    0x00, 0x00, 0xE0, 0xC0, 0x7F, 0xFF, 0xF0, 0x3F, 0xFF, 0xF8, 0x00, 0x3E, 0x00, 0x00, 0x3F, 0x80,
    0x00, 0x1F, 0xE0, 0x00, 0x1F, 0xB8, 0x00, 0x1D, 0xDC, 0x00, 0x1C, 0xE7, 0x00, 0x1C, 0x71, 0xE0,
    0x0C, 0x38, 0x78, 0x1C, 0x3F, 0xDE, 0x1D, 0xFF, 0xF3, 0xDC, 0x7F, 0x00, 0xE8, 0x03, 0x80, 0x00,
    0x01, 0xC0, 0x00, 0x00, 0xE0, 0x00, 0x00, 0x70, 0x00, 0x00, 0x10, 0x00, 0x00, 0x00, 0x00, 0x0E,
    0x00, 0x00, 0x06, 0x00, 0x00, 0x06, 0x1F, 0xC0, 0x06, 0x1F, 0xE0, 0x06, 0x18, 0xE0, 0x07, 0xD8,
    0xE0, 0xFF, 0xF8, 0xE0, 0x7E, 0x18, 0xE0, 0x0E, 0x18, 0xE0, 0x0F, 0x18, 0xE0, 0x1F, 0x98, 0xE0,
    0x1F, 0xD8, 0xE0, 0x3E, 0xD8, 0xE0, 0x3E, 0x18, 0xE0, 0x6E, 0x18, 0xE2, 0x6E, 0x38, 0xE2, 0xCE,
    0x30, 0xE2, 0x8E, 0x30, 0xE6, 0x0E, 0x60, 0xE6, 0x0E, 0x60, 0xFE, 0x0E, 0xC0, 0x7E, 0x0E, 0x80,
    0x00, 0x00, 0x00, 0x00, 0x00, 0x20, 0x00, 0x00, 0x18, 0x00, 0x00, 0x1C, 0x00, 0x00, 0x1F, 0xF8,
    0x00, 0x1F, 0xFE, 0x00, 0x1E, 0x0E, 0x00, 0x1F, 0x8E, 0x00, 0x1C, 0xFE, 0x00, 0x18, 0x3E, 0x00,
    0x00, 0x3F, 0x80, 0x00, 0x7D, 0xF8, 0x00, 0xFB, 0xBF, 0x81, 0xF0, 0xC3, 0xF7, 0xC0, 0x60, 0x38,
    0x3F, 0xFF, 0xE0, 0x1F, 0xFF, 0xE0, 0x00, 0x8C, 0x80, 0x00, 0xE6, 0xF0, 0x00, 0xE3, 0x3C, 0x00,
    0xE1, 0x8F, 0x00, 0xE8, 0xC1, 0xC0, 0xC7, 0xE0, 0x60, 0x00, 0xF0, 0x00, 0x00, 0x30, 0x00, 0x00,
    0x18, 0x00, 0x00, 0x0C, 0x00, 0x00, 0x06, 0x00, 0x00, 0x03, 0x1F, 0x01, 0xFF, 0xFF, 0x80, 0x7F,
    0xFF, 0x00, 0x08, 0x61, 0x80, 0x0E, 0x31, 0xC0, 0x03, 0x99, 0xC0, 0x00, 0xEC, 0xC0, 0x00, 0x36,
    0xC0, 0x00, 0x1F, 0xFF, 0xC3, 0xFF, 0xFF, 0xE0, 0xFF, 0xF0, 0x00, 0x01, 0xFC, 0x00, 0x01, 0xF7,
    0x00, 0x01, 0xD9, 0xC0, 0x01, 0xCC, 0x78, 0x01, 0xC6, 0x1E, 0x01, 0xC3, 0x03, 0xC3, 0x81, 0x80,
    0xF3, 0x80, 0xC0, 0x18, 0x00, 0x60, 0x00, 0x00, 0x30, 0x00, 0x06, 0x00, 0x00, 0x07, 0x00, 0xE0,
    0x07, 0x06, 0x60, 0x06, 0x07, 0x60, 0x06, 0x06, 0x70, 0x06, 0x06, 0x30, 0x7F, 0xEE, 0x38, 0x7F,
    0xEC, 0x18, 0x06, 0x0C, 0x1C, 0x0E, 0x18, 0x0E, 0x0F, 0x99, 0xC6, 0x1F, 0xB1, 0xC7, 0x1F, 0xE1,
    0x83, 0x3E, 0xC3, 0x80, 0x36, 0x43, 0x30, 0x66, 0x07, 0x30, 0x66, 0x06, 0x18, 0xC6, 0x0E, 0x1C,
    0x06, 0x0C, 0xFC, 0x06, 0x7F, 0xFE, 0x06, 0x3F, 0x86, 0x06, 0x00, 0x06, 0x02, 0x00, 0x00, 0x00,
    0x00, 0x00, 0x0C, 0x00, 0x30, 0x06, 0x00, 0x78, 0x06, 0x01, 0xF0, 0x06, 0x3F, 0xC0, 0x06, 0x1E,
    0x00, 0x06, 0x18, 0x00, 0x1F, 0xD8, 0x00, 0xFF, 0xF8, 0x1E, 0x7E, 0x1F, 0xFE, 0x0E, 0x1F, 0xFC,
    0x1F, 0x18, 0xE0, 0x1F, 0x98, 0xE0, 0x3F, 0xF8, 0xE0, 0x36, 0xF8, 0xE0, 0x66, 0x30, 0xE0, 0x66,
    0x30, 0xE0, 0xC6, 0x30, 0xE0, 0x86, 0x60, 0xE0, 0x06, 0x60, 0xE0, 0x06, 0xC0, 0xE0, 0x0E, 0x80,
    0xE0, 0x0E, 0x00, 0xE0, 0x04, 0x00, 0x40, 0x00, 0x00, 0x00, 0x1F, 0xFF, 0xE0, 0x0F, 0xFF, 0xE0,
    0x0C, 0x30, 0x60, 0x0C, 0x3F, 0xE0, 0x0F, 0xFF, 0xE0, 0x0F, 0xF8, 0xC0, 0x0C, 0x30, 0xC0, 0x0F,
    0xFF, 0xE0, 0x0F, 0xFF, 0xE0, 0x0F, 0x30, 0x00, 0x00, 0x30, 0xFC, 0xFF, 0xFF, 0xFE, 0x7F, 0xFF,
    0xE0, 0x00, 0xFE, 0x00, 0x01, 0xF7, 0x80, 0x07, 0xB3, 0xE0, 0x0E, 0x30, 0xF8, 0x3C, 0x30, 0x3E,
    0xF0, 0x30, 0x1E, 0xC0, 0x30, 0x00, 0x00, 0x30, 0x00, 0x00, 0x30, 0x00, 0x00, 0x20, 0x00, 0x00,
    0x60, 0x00, 0x00, 0xC0, 0x00, 0x01, 0x87, 0x83, 0xFF, 0xFF, 0x07, 0xFF, 0xE0, 0x00, 0x3F, 0x80,
    0x00, 0xFB, 0x80, 0x03, 0xB3, 0xC0, 0x0E, 0x63, 0xC0, 0x38, 0xC1, 0xE1, 0xFF, 0xFF, 0xF7, 0x7F,
    0xFC, 0xD8, 0xE0, 0x38, 0x00, 0xFF, 0xF0, 0x01, 0xFF, 0xE0, 0x03, 0x01, 0x80, 0x06, 0x07, 0x00,
    0x0F, 0xFF, 0x00, 0x1F, 0xFC, 0x00, 0x30, 0x3F, 0xFF, 0xFF, 0xFF, 0xDF, 0xFF, 0xE0, 0x00, 0x06,
    0x00, 0x00, 0x03, 0x80, 0x00, 0x01, 0xC7, 0xFF, 0x00, 0xE3, 0xFF, 0x80, 0x70, 0x00, 0x00, 0x38,
    0x00, 0x00, 0x3F, 0x00, 0x00, 0xFF, 0xC0, 0x04, 0x3F, 0x7F, 0xFF, 0x07, 0x9F, 0xFF, 0x83, 0xE0,
    0x70, 0x01, 0xF9, 0x3A, 0x01, 0xFC, 0xDF, 0x80, 0xF7, 0x6E, 0xC0, 0xD8, 0x77, 0x70, 0x6C, 0x73,
    0x9C, 0x66, 0x31, 0xC6, 0x23, 0x38, 0xE3, 0x81, 0x98, 0x70, 0xC0, 0xD9, 0xB8, 0x00, 0x60, 0x7C,
    0x00, 0x30, 0x1E, 0x00, 0x08, 0x02, 0x00, 0x07, 0x00, 0x18, 0x03, 0x86, 0x0C, 0x01, 0xC1, 0x8E,
    0x00, 0xE0, 0xE6, 0x00, 0x70, 0x37, 0x00, 0x3A, 0x1B, 0x01, 0xFF, 0xFF, 0xF8, 0x7F, 0xBF, 0xFC,
    0x07, 0x0F, 0x00, 0x07, 0xC0, 0x00, 0x03, 0xF0, 0x00, 0x03, 0xF8, 0x01, 0x01, 0xFF, 0xFF, 0xC1,
    0xFB, 0x7F, 0xE0, 0xD8, 0x00, 0x00, 0xCC, 0x00, 0x00, 0x46, 0x00, 0x00, 0x03, 0x00, 0x00, 0x01,
    0x9F, 0xFF, 0xC0, 0xC7, 0xFF, 0xF0, 0x61, 0xC0, 0x00, 0x30, 0x00, 0x00, 0x08, 0x00, 0x00, 0x06,
    0x01, 0x80, 0x03, 0x00, 0xC0, 0x01, 0x80, 0x60, 0x00, 0xC0, 0x30, 0x00, 0x67, 0xFF, 0xE0, 0x31,
    0xFF, 0xF0, 0x3F, 0x19, 0xC0, 0xFF, 0xCC, 0xF0, 0x3E, 0x0E, 0x3C, 0x07, 0x06, 0x07, 0x03, 0xE7,
    0x0F, 0x81, 0xF7, 0xC6, 0xC1, 0xFC, 0x67, 0x00, 0xF6, 0x3B, 0x00, 0xD8, 0x0F, 0x80, 0x6C, 0x03,
    0x80, 0x66, 0x01, 0xC0, 0x23, 0x03, 0xF8, 0x01, 0x83, 0x9E, 0x00, 0xC3, 0x87, 0x80, 0x67, 0x80,
    0xF0, 0x37, 0x00, 0x38, 0x08, 0x00, 0x00, 0x00, 0x00, 0x00, 0x0E, 0x08, 0x30, 0x06, 0x1C, 0x70,
    0x06, 0x0C, 0x70, 0x06, 0x06, 0x60, 0x06, 0x07, 0xC0, 0x06, 0x3F, 0xFC, 0x3F, 0xFF, 0xFC, 0xFF,
    0xC1, 0x80, 0x7E, 0x01, 0x80, 0x0E, 0x1F, 0xF8, 0x1F, 0x1F, 0xF8, 0x1F, 0x81, 0x80, 0x3F, 0xC1,
    0x80, 0x36, 0xC1, 0x84, 0x66, 0x7F, 0xFF, 0x66, 0x7F, 0xFE, 0xC6, 0x01, 0x80, 0x86, 0x01, 0x80,
    0x0E, 0x01, 0x80, 0x0E, 0x01, 0x80, 0x0E, 0x01, 0x80, 0x0E, 0x01, 0x80, 0x04, 0x01, 0x80, 0x0E,
    0x00, 0x00, 0x06, 0x3F, 0xF0, 0x06, 0x3F, 0xF0, 0x06, 0x38, 0x30, 0x06, 0x38, 0x70, 0x06, 0x3F,
    0xF0, 0xFF, 0xFF, 0xE0, 0x7F, 0xF0, 0x60, 0x0E, 0x30, 0x60, 0x0F, 0x3F, 0xF0, 0x1F, 0xBF, 0xF8,
    0x1F, 0xF6, 0x1C, 0x36, 0xF3, 0x38, 0x36, 0x33, 0xF0, 0x66, 0x31, 0xC0, 0x46, 0x30, 0xC0, 0xC6,
    0x30, 0xE0, 0x86, 0x31, 0xF0, 0x06, 0x3F, 0x3C, 0x0E, 0x3E, 0x1E, 0x0E, 0xF8, 0x07, 0x0E, 0x70,
    0x02, 0x00, 0x00, 0x00, 0x00, 0x00, 0x00, 0x03, 0x01, 0xC0, 0x01, 0x80, 0xE0, 0x00, 0xC0, 0xE2,
    0x00, 0x60, 0x7F, 0x80, 0x30, 0x7F, 0xC0, 0x1F, 0x30, 0xE0, 0xFF, 0xFC, 0xE0, 0x3E, 0x3F, 0x60,
    0x07, 0xB1, 0xF0, 0x03, 0xF0, 0x70, 0x01, 0xF8, 0x7C, 0x01, 0xEC, 0x77, 0x80, 0xF6, 0x71, 0xE0,
    0xF8, 0xE0, 0x3C, 0x6C, 0xFF, 0xFF, 0x66, 0xEF, 0xF8, 0x33, 0x06, 0x0C, 0x11, 0x83, 0x06, 0x00,
    0xC1, 0x83, 0x00, 0x60, 0xCF, 0x80, 0x30, 0x7F, 0xC0, 0x18, 0x3F, 0xE0, 0x04, 0x08, 0x00, 0x0C,
    0x03, 0x80, 0x38, 0x0E, 0x00, 0xE0, 0x39, 0xC3, 0x9C, 0xE7, 0x0E, 0x33, 0x98, 0x38, 0xEE, 0xE7,
    0xFD, 0xFB, 0x1F, 0xF3, 0xF8, 0x0E, 0x0F, 0xC0, 0x38, 0x0E, 0xE1, 0xF7, 0xFF, 0xC7, 0xEF, 0xFF,
    0x3F, 0xC0, 0x0C, 0xFB, 0x00, 0x36, 0xC3, 0xFF, 0xDB, 0x0F, 0xFF, 0xCC, 0x0C, 0x1E, 0x30, 0x00,
    0x70, 0xC0, 0x01, 0x83, 0x1F, 0xFF, 0x0C, 0x7F, 0xFC, 0x30, 0xF0, 0x00, 0x40, 0x00, 0x00, 0x00,
    0x00, 0x00, 0x03, 0x00, 0xC0, 0x01, 0x80, 0x60, 0x00, 0xC0, 0x78, 0x00, 0x60, 0x3C, 0x00, 0x30,
    0x3B, 0x00, 0x18, 0x39, 0xE0, 0xFF, 0x98, 0x78, 0x7F, 0xD8, 0x1E, 0x07, 0x1F, 0xFF, 0x83, 0xDB,
    0xFC, 0xC1, 0xF8, 0x00, 0x01, 0xF8, 0x30, 0x00, 0xFE, 0x9C, 0xE0, 0xFB, 0xE6, 0x70, 0x6C, 0x33,
    0x30, 0x66, 0x1D, 0xD8, 0x33, 0x06, 0x5C, 0x11, 0x83, 0x0C, 0x00, 0xC0, 0x0C, 0x00, 0x6F, 0xFF,
    0xF0, 0x33, 0xFF, 0xF8, 0x18, 0x00, 0x00, 0x0C, 0x00, 0x00, 0x00, 0x00, 0x00, 0x02, 0x06, 0x38,
    0x01, 0x83, 0x8C, 0x00, 0xC0, 0xCF, 0xC0, 0x67, 0xFF, 0xF0, 0x33, 0xFF, 0x00, 0x18, 0x19, 0x00,
    0xFF, 0xFF, 0xF8, 0x7F, 0xDF, 0xFC, 0x07, 0x0C, 0x0E, 0x03, 0xC7, 0xFE, 0x01, 0xF3, 0xFF, 0x01,
    0xF9, 0x9F, 0x80, 0xF6, 0xFF, 0xE0, 0xFB, 0x76, 0x00, 0x6C, 0x03, 0x3C, 0x66, 0x7F, 0xFF, 0x33,
    0x3F, 0xF8, 0x11, 0x81, 0xF8, 0x00, 0xC1, 0xCE, 0x00, 0x61, 0xC3, 0xC0, 0x31, 0xC0, 0xF8, 0x1B,
    0x80, 0x1E, 0x0D, 0x00, 0x00, 0x00, 0x00, 0x20, 0x03, 0x03, 0x18, 0x01, 0x81, 0x8C, 0x00, 0xC0,
    0xC6, 0x00, 0x63, 0xFF, 0xE0, 0x31, 0xFF, 0xF0, 0x1F, 0x18, 0xC0, 0xFF, 0x8C, 0xEE, 0x3E, 0xFF,
    0xFF, 0x83, 0x3F, 0xFC, 0x03, 0xC0, 0x72, 0x01, 0xF3, 0xFF, 0x81, 0xFD, 0xFF, 0xC0, 0xF6, 0xCE,
    0x60, 0x78, 0x7F, 0xF0, 0x6C, 0x3F, 0xD8, 0x36, 0x19, 0xCC, 0x33, 0x0F, 0xFE, 0x11, 0x87, 0xFF,
    0x00, 0xC1, 0x6E, 0x00, 0x60, 0x73, 0xC0, 0x30, 0xF0, 0xF0, 0x19, 0xE0, 0x1C, 0x04, 0x80, 0x04,
    0x00, 0x08, 0x00, 0x00, 0x0C, 0x00, 0x00, 0x0C, 0x00, 0x00, 0x1C, 0x00, 0x70, 0x1C, 0x00, 0x38,
    0x18, 0x18, 0x1C, 0x3F, 0xFC, 0x0E, 0x3F, 0xFC, 0x06, 0x30, 0x18, 0x00, 0x66, 0x38, 0x00, 0x67,
    0x30, 0x03, 0xC7, 0x20, 0x02, 0x86, 0x00, 0x06, 0x07, 0x00, 0x0C, 0x0F, 0x00, 0x1C, 0x0F, 0x80,
    0x38, 0x0D, 0xC0, 0x70, 0x1C, 0xC0, 0xF0, 0x38, 0xE0, 0x60, 0x70, 0x78, 0x00, 0xE0, 0x3C, 0x01,
    0xC0, 0x1E, 0x07, 0x00, 0x0F, 0x00, 0x00, 0x00, 0x00, 0x3F, 0xF0, 0x1F, 0xFF, 0xF8, 0x1F, 0xFE,
    0x00, 0x00, 0x18, 0x00, 0x00, 0x18, 0x00, 0x00, 0x18, 0x00, 0x0E, 0x18, 0x00, 0x06, 0x18, 0x00,
    0x06, 0x1F, 0xE0, 0x06, 0x1F, 0xF0, 0x06, 0x1C, 0x00, 0x06, 0x18, 0x00, 0x06, 0x18, 0x00, 0x06,
    0x18, 0x00, 0x06, 0x18, 0x00, 0x06, 0x18, 0x00, 0x06, 0x18, 0x1C, 0xFF, 0xFF, 0xFE, 0xFF, 0xFF,
    0xFE, 0x00, 0x04, 0x00, 0x02, 0x1C, 0x00, 0x06, 0x18, 0x00, 0x0C, 0x30, 0x00, 0x18, 0x60, 0x00,
    0x30, 0xC0, 0x00, 0x61, 0x8C, 0x0C, 0xC3, 0x1C, 0x19, 0xF6, 0x70, 0x33, 0xFF, 0xC0, 0x67, 0x1F,
    0x00, 0xCC, 0x38, 0x01, 0x98, 0x60, 0x03, 0x30, 0xC0, 0x06, 0x61, 0x81, 0x8C, 0xC3, 0x03, 0x19,
    0x9E, 0x06, 0x33, 0xEC, 0x0C, 0x7F, 0x18, 0x3B, 0xF8, 0x3F, 0xF7, 0xC0, 0x7F, 0xC4, 0x00, 0x3E,
    0x00, 0x00, 0x20, 0x00, 0x00, 0x70, 0x00, 0x00, 0xE0, 0x00, 0x01, 0xC0, 0x00, 0x73, 0xFC, 0x00,
    0x67, 0xF8, 0x00, 0xCE, 0x00, 0x01, 0x9C, 0x00, 0x07, 0xFF, 0xFF, 0xFF, 0xFF, 0xFD, 0xFC, 0xE0,
    0x00, 0x11, 0xC3, 0x00, 0x73, 0x86, 0x00, 0xE7, 0x1C, 0x03, 0x8E, 0x70, 0x0E, 0x1D, 0xE0, 0x38,
    0x1F, 0x80, 0x60, 0x1E, 0x00, 0x00, 0x78, 0x00, 0x03, 0xC0, 0x00, 0x1E, 0x00, 0x01, 0xF0, 0x00,
    0x1F, 0x00, 0x00, 0x20, 0x00, 0x00, 0x00, 0x80, 0x00, 0x01, 0xD9, 0xC0, 0x03, 0xDF, 0xE0, 0x3F,
    0x1F, 0xE0, 0x1C, 0x1C, 0xE0, 0x18, 0x1C, 0xE0, 0x1F, 0xDC, 0xE0, 0x1F, 0xD8, 0xE8, 0x18, 0x18,
    0xFC, 0x18, 0x30, 0x7C, 0x1F, 0xE7, 0xF0, 0x1F, 0xFF, 0xF0, 0x18, 0x1E, 0x70, 0x18, 0x78, 0x70,
    0x1B, 0xDC, 0xE0, 0x3F, 0x0F, 0xC0, 0xFC, 0x07, 0x80, 0xF8, 0x07, 0x80, 0x18, 0x0F, 0xE0, 0x18,
    0x1C, 0xF0, 0x18, 0x78, 0x3E, 0x18, 0xE0, 0x1E, 0x00, 0x00, 0x04, 0x00, 0xC0, 0x00, 0x00, 0x60,
    0x00, 0x00, 0x70, 0x00, 0x00, 0x3F, 0xFF, 0x00, 0x3F, 0xFF, 0xC0, 0x1E, 0x00, 0x00, 0x18, 0x03,
    0x80, 0x1F, 0xFF, 0xE0, 0x1B, 0xFF, 0x30, 0x01, 0xDE, 0x18, 0x00, 0xC7, 0x9C, 0x00, 0x60, 0xCF,
    0xE7, 0xFF, 0xFF, 0xFB, 0xFF, 0xFF, 0xF0, 0x1C, 0xC1, 0xC0, 0x0C, 0x78, 0xE0, 0x06, 0x0E, 0x60,
    0x03, 0x7F, 0xFE, 0x03, 0xFF, 0xFF, 0x80, 0xFC, 0x0C, 0x00, 0x00, 0x8E, 0x00, 0x00, 0x7F, 0x00,
    0x00, 0x1F, 0x00, 0x00, 0x03, 0x00, 0x00, 0x0C, 0x00, 0x30, 0x1C, 0x00, 0x30, 0x38, 0x00, 0x60,
    0x70, 0x00, 0xC0, 0xE0, 0x01, 0x81, 0xC2, 0x03, 0x03, 0x86, 0x06, 0x07, 0x3C, 0x0D, 0xEE, 0xF0,
    0x1F, 0xDF, 0x80, 0x3F, 0xBE, 0x00, 0x60, 0x70, 0x00, 0xC0, 0xE0, 0x01, 0x81, 0xC0, 0x03, 0x03,
    0x80, 0x86, 0x1F, 0x01, 0x0C, 0xEE, 0x06, 0x1B, 0x9C, 0x0C, 0x3E, 0x38, 0x19, 0xF0, 0x7F, 0xF7,
    0xC0, 0x7F, 0xE6, 0x00, 0x3E, 0x00, 0x38, 0x6F, 0x80, 0x78, 0xFF, 0x80, 0x39, 0xFF, 0x00, 0x33,
    0x8E, 0x00, 0x27, 0x1C, 0x08, 0x0C, 0x38, 0x38, 0x18, 0x76, 0x3C, 0x70, 0xFE, 0x3D, 0xC0, 0xFC,
    0x13, 0x3F, 0x80, 0x03, 0xFF, 0x80, 0x33, 0xF7, 0x00, 0x47, 0x1C, 0x01, 0x86, 0x30, 0x07, 0x0E,
    0xE0, 0x0C, 0x0F, 0x80, 0x38, 0x1F, 0x00, 0xE0, 0x7F, 0x83, 0xC1, 0xC7, 0xC7, 0x0F, 0x07, 0xE0,
    0x78, 0x03, 0xE0, 0x80, 0x00, 0x80, 0x00, 0x06, 0x00, 0x10, 0x07, 0x00, 0x3C, 0x07, 0x00, 0x1E,
    0x07, 0x00, 0x07, 0x07, 0x10, 0x06, 0xFF, 0xF8, 0x40, 0x7F, 0xF8, 0xE0, 0x07, 0x00, 0x78, 0x07,
    0x00, 0x3C, 0x07, 0x00, 0x08, 0x3F, 0xFE, 0x01, 0xFF, 0xFE, 0x02, 0xFE, 0x00, 0x06, 0x0E, 0x00,
    0x0C, 0x1C, 0xC0, 0x0C, 0x1C, 0xE0, 0x18, 0x38, 0x70, 0x38, 0x30, 0x38, 0x70, 0x77, 0xFC, 0xF1,
    0xFF, 0xFC, 0x61, 0xFE, 0x0E, 0x00, 0x00, 0x06, 0x00, 0x18, 0x00, 0x00, 0x38, 0x00, 0xC0, 0x38,
    0x01, 0xC0, 0x3C, 0x01, 0xE0, 0x38, 0x01, 0xC0, 0x30, 0x01, 0xFF, 0xFE, 0x20, 0xFF, 0xFC, 0xE0,
    0x06, 0x00, 0xF0, 0x0C, 0x00, 0xE0, 0x18, 0x00, 0xC0, 0x30, 0x00, 0x20, 0x77, 0x00, 0xDF, 0xFF,
    0x01, 0x1F, 0xFC, 0x06, 0x03, 0x80, 0x1C, 0x07, 0x00, 0x30, 0x0E, 0x00, 0xE0, 0x1C, 0x03, 0x80,
    0x38, 0x0F, 0x3F, 0xFF, 0xFC, 0x7F, 0xFF, 0xC0, 0x00, 0x00, 0x00, 0x00, 0x10, 0x00, 0x00, 0x1B,
    0x00, 0x30, 0x19, 0xC0, 0x38, 0x18, 0xE0, 0x1C, 0x1C, 0x60, 0x0E, 0x1C, 0x00, 0x06, 0x0F, 0xF0,
    0x41, 0xFF, 0xF0, 0xE1, 0xFE, 0x00, 0x78, 0x0C, 0x00, 0x38, 0x0E, 0x3C, 0x18, 0x0F, 0xFC, 0x03,
    0xFF, 0xE0, 0x07, 0xFE, 0x10, 0x0C, 0x07, 0x38, 0x0C, 0x03, 0x70, 0x1C, 0x03, 0xE2, 0x18, 0x07,
    0xC3, 0x38, 0x0F, 0xC3, 0x30, 0x7C, 0xE2, 0x71, 0xF0, 0x76, 0x63, 0x80, 0x3E, 0x00, 0x00, 0x1E,
    0x00, 0x00, 0x00, 0x00, 0x00, 0x00, 0x81, 0x00, 0x77, 0x07, 0x01, 0xCE, 0x1C, 0x07, 0x1C, 0x70,
    0x1C, 0x30, 0xC7, 0x70, 0x3F, 0xED, 0xC0, 0xFF, 0xB7, 0xE0, 0x0C, 0xDF, 0xC6, 0x33, 0x73, 0x9D,
    0xCD, 0xC6, 0x3E, 0x37, 0x00, 0x78, 0xDC, 0x11, 0xE3, 0x70, 0xC3, 0x8D, 0xC3, 0x1E, 0x37, 0x18,
    0x7C, 0xDC, 0x63, 0x3B, 0x73, 0x9C, 0xE1, 0xCC, 0xE0, 0x07, 0x73, 0x00, 0xDF, 0x98, 0x01, 0xF6,
    0x00, 0x03, 0xC0, 0x00, 0x06, 0x00, 0x07, 0x00, 0xE0, 0x0C, 0x61, 0xCC, 0x31, 0xC3, 0xB8, 0xC6,
    0x07, 0x73, 0x38, 0x08, 0xCD, 0xC4, 0x03, 0xB4, 0x3C, 0x11, 0xFE, 0x38, 0x7F, 0xF8, 0x71, 0xF8,
    0x60, 0x86, 0x01, 0x80, 0x5F, 0xFE, 0x03, 0x7F, 0xF8, 0x19, 0x80, 0x60, 0x66, 0x1F, 0x83, 0x1F,
    0xFE, 0x1C, 0x7F, 0x98, 0xE1, 0x80, 0x63, 0x06, 0x01, 0xBC, 0x18, 0x36, 0x60, 0x60, 0x78, 0x01,
    0x80, 0xE0, 0x00, 0x00, 0x00, 0x00, 0xC0, 0x00, 0x30, 0xFF, 0xFC, 0x38, 0xFF, 0xFC, 0x1C, 0xE0,
    0x18, 0x0F, 0xD9, 0x98, 0x05, 0xB9, 0xF0, 0x41, 0xB8, 0xE0, 0xE0, 0x74, 0x70, 0x78, 0xE6, 0x38,
    0x39, 0x86, 0x18, 0x19, 0x06, 0x00, 0x03, 0xFF, 0xF8, 0x07, 0xFF, 0xF8, 0x04, 0x1F, 0x80, 0x0C,
    0x3F, 0xC0, 0x1C, 0x76, 0xE0, 0x18, 0x66, 0x78, 0x38, 0xC6, 0x3C, 0x73, 0x86, 0x0F, 0xF7, 0x06,
    0x06, 0xE0, 0x06, 0x00, 0x00, 0x06, 0x00, 0x00, 0x06, 0x00, 0x00, 0x00, 0x00, 0x60, 0x3F, 0xE0,
    0x79, 0xFF, 0xE0, 0x3C, 0x4C, 0x00, 0x1C, 0x1C, 0x00, 0x08, 0x7F, 0xF8, 0xC7, 0xFF, 0xFC, 0xE3,
    0xF9, 0x80, 0x78, 0x71, 0xC0, 0x38, 0x7C, 0xE0, 0x18, 0xEC, 0x78, 0x0D, 0xCC, 0x3C, 0x0B, 0x8C,
    0x6F, 0x1E, 0xEF, 0xF6, 0x1C, 0xCD, 0xB8, 0x39, 0xCD, 0xDC, 0x31, 0x8C, 0xDC, 0x73, 0x8C, 0xEE,
    0x67, 0x0C, 0x64, 0xE2, 0xCC, 0x00, 0xE0, 0x7C, 0x00, 0x00, 0x3C, 0x00, 0x00, 0x08, 0x00, 0x00,
    0x06, 0x00, 0x00, 0x06, 0x00, 0x30, 0x06, 0x00, 0x39, 0xFF, 0xF8, 0x1E, 0xFF, 0xF0, 0x0E, 0x06,
    0x60, 0x06, 0x7F, 0xF0, 0x40, 0x7F, 0x00, 0xE0, 0x07, 0xFE, 0x7B, 0xFF, 0xFE, 0x3B, 0xFC, 0x00,
    0x18, 0xFF, 0xF0, 0x02, 0xFF, 0xF0, 0x06, 0x60, 0x30, 0x06, 0x7F, 0xF0, 0x0C, 0x7F, 0xF0, 0x1C,
    0xE0, 0x30, 0x18, 0xFF, 0xF0, 0x38, 0xFF, 0xF0, 0x70, 0xE0, 0x30, 0xF0, 0xE1, 0x30, 0xE0, 0xE1,
    0xF0, 0x00, 0xE0, 0xF0, 0x00, 0x00, 0x20, 0x38, 0xFF, 0xE0, 0x3C, 0x7F, 0xF0, 0x0E, 0x78, 0x70,
    0x07, 0x60, 0x70, 0x02, 0x7F, 0xF0, 0x40, 0x7F, 0xE0, 0xE0, 0x60, 0x60, 0x78, 0x7F, 0xE0, 0x3C,
    0x7F, 0xF0, 0x08, 0x70, 0x00, 0x00, 0x00, 0x00, 0x07, 0xFF, 0xF8, 0x06, 0xFF, 0xF8, 0x0C, 0xDD,
    0x98, 0x0C, 0xCD, 0x98, 0x18, 0xCD, 0x98, 0x38, 0xCD, 0x98, 0x30, 0xCD, 0x98, 0x77, 0xFF, 0xFE,
    0xE7, 0xFF, 0xFF, 0x61, 0x80, 0x00, 0x30, 0xFF, 0xF0, 0x38, 0xFF, 0xF8, 0x1C, 0xF0, 0x30, 0x0E,
    0xC0, 0xF0, 0x04, 0xFF, 0xF0, 0x80, 0xFE, 0x30, 0xE0, 0xE0, 0x30, 0x70, 0x7F, 0xF0, 0x38, 0x7F,
    0xF0, 0x18, 0x79, 0x80, 0x00, 0x1D, 0x88, 0x05, 0x9D, 0x9C, 0x0D, 0xDD, 0x9C, 0x0C, 0xDD, 0x98,
    0x18, 0xFD, 0xB0, 0x18, 0x7D, 0xB0, 0x30, 0x7D, 0xE0, 0x70, 0x1D, 0x80, 0xE0, 0x1F, 0xFE, 0xE7,
    0xFF, 0xFF, 0x03, 0xFF, 0xF0, 0x00, 0x06, 0x00, 0x00, 0x0C, 0x00, 0xC0, 0x19, 0x81, 0xC7, 0xFF,
    0x81, 0xC7, 0xE3, 0x01, 0xCC, 0xCE, 0x01, 0x9F, 0xFC, 0x20, 0x3F, 0x80, 0xF0, 0x07, 0xFE, 0xFF,
    0xFF, 0xFC, 0xFF, 0xF0, 0x00, 0x67, 0xFF, 0x80, 0x07, 0xFF, 0x00, 0xCC, 0xC6, 0x03, 0x19, 0xCC,
    0x06, 0x33, 0x18, 0x18, 0x66, 0x30, 0x30, 0xCC, 0x60, 0xC1, 0xBE, 0xC3, 0x83, 0xEF, 0x0E, 0x03,
    0x8F, 0x9C, 0x1E, 0x07, 0x80, 0xF0, 0x03, 0x00, 0x00, 0x00, 0x30, 0xC7, 0xFC, 0x79, 0xFF, 0xF8,
    0x7B, 0xF6, 0x00, 0x76, 0x1C, 0x00, 0x6C, 0x38, 0x08, 0x1B, 0xFF, 0x3C, 0x37, 0xFE, 0x3C, 0x6C,
    0x1C, 0x1C, 0xDF, 0xF8, 0x11, 0xBF, 0xE0, 0x13, 0x70, 0xC0, 0x2E, 0xFF, 0x80, 0xD9, 0xFF, 0x83,
    0x31, 0xB6, 0x06, 0x67, 0x6E, 0x1D, 0x8E, 0xCC, 0x33, 0x39, 0x9C, 0xE6, 0x63, 0x1F, 0x99, 0xB6,
    0x1B, 0x22, 0x7C, 0x00, 0xC0, 0x38, 0x00, 0x00, 0x00, 0x00, 0x00, 0x06, 0x00, 0x00, 0x06, 0x00,
    0x30, 0x07, 0xF0, 0x38, 0x07, 0xF0, 0x1C, 0x06, 0x00, 0x0F, 0x87, 0xFC, 0x05, 0xFF, 0xFE, 0x80,
    0xFE, 0x0C, 0xE0, 0xC6, 0x1C, 0x70, 0xC7, 0xF8, 0x38, 0xFF, 0xE0, 0x19, 0xD6, 0x00, 0x01, 0xC7,
    0xF8, 0x07, 0xC7, 0xF8, 0x0D, 0x80, 0x00, 0x0D, 0x83, 0x18, 0x19, 0xB3, 0x9C, 0x1B, 0x7D, 0xCE,
    0x33, 0x6C, 0xF7, 0x77, 0xEE, 0x33, 0xE6, 0xC7, 0x18, 0xEC, 0xC3, 0xFC, 0x08, 0x01, 0xF8, 0x00,
    0x00, 0x00, 0x0E, 0x00, 0x00, 0x06, 0x00, 0x00, 0x06, 0x3F, 0xFF, 0x06, 0x3F, 0xFF, 0x66, 0xE0,
    0xC0, 0x66, 0xC0, 0xC0, 0x67, 0xC0, 0xC0, 0x77, 0x80, 0xC0, 0x37, 0x00, 0xC0, 0x36, 0x00, 0xC0,
    0x36, 0x00, 0xC0, 0x0E, 0x00, 0xC0, 0x0F, 0x00, 0xC0, 0x0F, 0x00, 0xC0, 0x0F, 0x80, 0xC0, 0x19,
    0xC0, 0xC0, 0x18, 0xC0, 0xC0, 0x30, 0xC8, 0xC0, 0x70, 0x0E, 0xC0, 0xE0, 0x07, 0xC0, 0x80, 0x03,
    0xC0, 0x00, 0x00, 0x80, 0x00, 0x30, 0x00, 0x00, 0x60, 0x00, 0x00, 0xC0, 0x00, 0x01, 0x8F, 0x00,
    0x03, 0xFE, 0x00, 0x07, 0xF8, 0x00, 0x0C, 0x00, 0x00, 0x18, 0x00, 0x0F, 0xFF, 0xC0, 0x1F, 0xFF,
    0x80, 0x18, 0x03, 0x00, 0x30, 0x06, 0x00, 0x60, 0x1C, 0x00, 0xFF, 0xF8, 0x01, 0xFF, 0xF0, 0x03,
    0x80, 0x00, 0x0A, 0x08, 0x60, 0x33, 0x18, 0xE0, 0xE7, 0x38, 0xE1, 0x87, 0x38, 0xE7, 0x0E, 0x38,
    0xFC, 0x0C, 0x61, 0xD0, 0x00, 0x01, 0x00, 0x00, 0x08, 0x00, 0x1C, 0x18, 0x00, 0x18, 0x30, 0x00,
    0x30, 0x60, 0x00, 0x60, 0xC0, 0x0F, 0xFF, 0xFC, 0x1F, 0xFF, 0xF8, 0x03, 0x06, 0x70, 0x06, 0xEC,
    0xC0, 0x0F, 0xF9, 0x80, 0x3C, 0xF3, 0x03, 0xF0, 0xE6, 0x07, 0xE3, 0xEC, 0x4C, 0xC6, 0xD8, 0x81,
    0x98, 0x31, 0x1F, 0x70, 0x7E, 0x1F, 0xC0, 0xFC, 0x1E, 0x00, 0x60, 0x66, 0x31, 0x80, 0xCE, 0x73,
    0xC3, 0x8C, 0x73, 0xCE, 0x1C, 0x73, 0xF8, 0x18, 0xE3, 0xA0, 0x00, 0x02, 0x00, 0x0E, 0x00, 0x18,
    0x18, 0x00, 0x60, 0x60, 0x01, 0x81, 0x80, 0x06, 0x06, 0x00, 0x18, 0x18, 0x00, 0x60, 0xFF, 0x81,
    0xFF, 0xFE, 0x07, 0xFE, 0x00, 0x18, 0x00, 0x00, 0x60, 0x00, 0x03, 0x80, 0xC0, 0x0F, 0xFF, 0x80,
    0x3F, 0xFE, 0x00, 0xC0, 0x18, 0x03, 0x00, 0x60, 0x1C, 0x01, 0x80, 0x60, 0x06, 0x01, 0x80, 0x18,
    0x0C, 0x00, 0x60, 0x60, 0x01, 0x81, 0x00, 0x06, 0x00, 0x00, 0x08, 0x00, 0x01, 0x00, 0x08, 0x00,
    0xC0, 0x1E, 0x06, 0x67, 0xFF, 0x03, 0x31, 0xFE, 0x01, 0x98, 0xC0, 0x00, 0xCC, 0x60, 0x00, 0x66,
    0x30, 0x00, 0x3F, 0xDF, 0xF8, 0x1F, 0xFF, 0xFC, 0x0C, 0x07, 0x8E, 0x06, 0x03, 0xC7, 0x03, 0xF3,
    0xF3, 0x01, 0xF9, 0xDB, 0x80, 0xCC, 0xCF, 0x80, 0x66, 0x63, 0xC0, 0x73, 0x31, 0xC0, 0x31, 0xB0,
    0xF0, 0x18, 0xD8, 0xFC, 0x0C, 0x6C, 0xE7, 0x0C, 0x3C, 0xE1, 0xC6, 0x1C, 0xE0, 0x76, 0x0D, 0xC0,
    0x1C, 0x00, 0x80, 0x00, 0x00, 0x01, 0x80, 0x01, 0x80, 0xC0, 0x00, 0xC0, 0x60, 0x00, 0x60, 0x30,
    0x01, 0xB0, 0x3F, 0xC0, 0xD8, 0xFF, 0xE0, 0x6C, 0x3E, 0x00, 0x3F, 0xC3, 0x00, 0x3F, 0xE1, 0xFF,
    0x19, 0xBF, 0xFF, 0xCC, 0xCF, 0xF8, 0x0C, 0x6C, 0x06, 0x04, 0x3C, 0x03, 0x60, 0x1D, 0xFF, 0xF8,
    0x3C, 0xFF, 0xF8, 0x7E, 0x18, 0x60, 0x7B, 0x0E, 0x30, 0x11, 0x83, 0x98, 0x00, 0xC0, 0xCC, 0x00,
    0x60, 0x06, 0x00, 0x30, 0x03, 0x00, 0x18, 0x1F, 0x80, 0x0C, 0x03, 0xC0, 0x06, 0x00, 0x60, 0x03,
    0x07, 0x00, 0x03, 0x03, 0x00, 0x03, 0x03, 0x00, 0x03, 0x03, 0xE0, 0x23, 0x03, 0x60, 0x73, 0x03,
    0x70, 0x33, 0x03, 0x38, 0x3B, 0x03, 0x10, 0x1B, 0x0F, 0xFC, 0x1B, 0x7F, 0xFE, 0x0B, 0x7F, 0x80,
    0x03, 0x07, 0x80, 0x07, 0x07, 0xC0, 0x0F, 0x06, 0xC0, 0x3B, 0x0E, 0xE0, 0xF3, 0x0C, 0x60, 0xE3,
    0x1C, 0x70, 0x03, 0x18, 0x38, 0x03, 0x30, 0x1C, 0x03, 0x70, 0x1E, 0x03, 0xE0, 0x0F, 0x03, 0x80,
    0x07, 0x01, 0x00, 0x00, 0x00, 0x30, 0x00, 0x00, 0x70, 0x00, 0x00, 0xE1, 0xE3, 0xFF, 0xFF, 0xE3,
    0xFF, 0xFE, 0x00, 0x07, 0x06, 0x0E, 0x0D, 0x9C, 0x0E, 0xF7, 0x70, 0x0F, 0xEF, 0xC0, 0x0E, 0xF9,
    0x00, 0x0C, 0xF7, 0x00, 0x33, 0xB7, 0x80, 0xFF, 0xF3, 0x87, 0xBF, 0xE3, 0x0E, 0x3C, 0xC0, 0x00,
    0x1C, 0x02, 0xFF, 0xFF, 0xFF, 0xFF, 0xFF, 0xF8, 0x00, 0xE0, 0x00, 0x01, 0xC0, 0x00, 0x03, 0x80,
    0x00, 0x07, 0x00, 0x00, 0x0E, 0x00, 0x00, 0x0C, 0x00, 0x00, 0x7F, 0xF0, 0x01, 0xBF, 0xF8, 0xFF,
    0xF0, 0x30, 0x7F, 0x30, 0x30, 0x0C, 0x33, 0x30, 0x0C, 0x33, 0x30, 0x0C, 0x33, 0x30, 0x0F, 0xB3,
    0x30, 0x7F, 0xB3, 0x30, 0x3C, 0x33, 0x30, 0x0C, 0x33, 0x30, 0x0C, 0x33, 0xB0, 0x0C, 0xF7, 0xB0,
    0x0F, 0x87, 0x80, 0x0F, 0x07, 0x81, 0xFC, 0x0F, 0x83, 0xF0, 0x1D, 0x83, 0x40, 0x39, 0x83, 0x00,
    0x71, 0x83, 0x01, 0xE1, 0xFF, 0x03, 0x80, 0xFE, 0x00, 0x00, 0x00, 0x00, 0x33, 0xFC, 0x1F, 0xFF,
    0xFE, 0x1F, 0xFF, 0x63, 0x02, 0xC3, 0x31, 0x80, 0x61, 0x9F, 0xC0, 0x30, 0xFF, 0xE0, 0x18, 0x7F,
    0x30, 0x7F, 0xB3, 0x18, 0x3F, 0xD9, 0x9C, 0x03, 0x0F, 0xFE, 0x01, 0x87, 0xFF, 0x00, 0xC3, 0x30,
    0x00, 0x66, 0x18, 0x00, 0x3E, 0x0F, 0xE0, 0x3E, 0x7F, 0xF0, 0xFC, 0x3F, 0x00, 0x78, 0x01, 0x80,
    0x10, 0x00, 0xC0, 0x00, 0x3F, 0xFF, 0xC0, 0x1F, 0xFF, 0xF0, 0x18, 0x1F, 0xF0, 0xFF, 0xFF, 0x83,
    0xFF, 0x0C, 0x18, 0x70, 0x60, 0xC3, 0x83, 0x06, 0x1C, 0x78, 0x3F, 0xFF, 0xC1, 0xFF, 0xFE, 0x0C,
    0x38, 0x30, 0xE1, 0xC1, 0x87, 0x0E, 0x0C, 0x3F, 0xFF, 0xE1, 0xFF, 0xFF, 0x0F, 0x1C, 0x18, 0x60,
    0xE0, 0xC3, 0x07, 0x06, 0x30, 0x38, 0x31, 0x81, 0xC1, 0x98, 0x0E, 0xEC, 0xC0, 0x73, 0xEC, 0x00,
    0x0F, 0x40, 0x00, 0x18, 0x01, 0x80, 0x00, 0x06, 0x00, 0x00, 0x30, 0x00, 0x01, 0x80, 0x00, 0x0C,
    0x00, 0x7F, 0xFF, 0xC3, 0xFF, 0xFF, 0x0E, 0x18, 0x30, 0x60, 0xC1, 0x83, 0x06, 0x0C, 0x1F, 0xFF,
    0xE0, 0xFF, 0xFF, 0x06, 0x0C, 0x38, 0x30, 0x61, 0xC1, 0x83, 0x1E, 0x0F, 0xFF, 0xF3, 0x7F, 0xFF,
    0x1B, 0x06, 0x00, 0xC0, 0x30, 0x06, 0x01, 0x80, 0x30, 0x0F, 0xFF, 0x80, 0x7F, 0xF8, 0x01, 0xFF,
    0x80, 0x0F, 0xFF, 0xE0, 0x0F, 0xFF, 0xE0, 0x0C, 0x30, 0x60, 0x0D, 0xFF, 0xE0, 0x0F, 0xFF, 0xE0,
    0x0E, 0x30, 0xE0, 0x0E, 0x37, 0xE0, 0x0F, 0xFF, 0xE0, 0x0F, 0xFC, 0x00, 0x04, 0x7C, 0x00, 0x00,
    0xEE, 0x00, 0x03, 0xC7, 0x80, 0x07, 0x87, 0xF0, 0x1F, 0xC7, 0xFC, 0x79, 0xC7, 0x3F, 0xC1, 0xC7,
    0x06, 0x01, 0x87, 0x00, 0x03, 0x87, 0x00, 0x03, 0x07, 0x00, 0x0F, 0x07, 0x00, 0x1C, 0x07, 0x00,
    0x30, 0x03, 0x00, 0x00, 0x04, 0x00, 0x00, 0x0C, 0x00, 0x00, 0x38, 0x00, 0x00, 0x7F, 0x09, 0xF0,
    0xFF, 0x1F, 0xF3, 0xFE, 0x3E, 0x6E, 0x38, 0x6D, 0xDE, 0x70, 0xDB, 0xEF, 0xC1, 0xFF, 0xCF, 0x03,
    0xFE, 0x0E, 0x06, 0xD8, 0x3E, 0x0D, 0xB0, 0xEE, 0x1B, 0x63, 0x8F, 0x3F, 0xCC, 0x0F, 0xFF, 0xFF,
    0xFF, 0xC1, 0xFF, 0xF1, 0x82, 0x70, 0xE0, 0x00, 0x61, 0xC0, 0x00, 0xC3, 0x80, 0x01, 0xBE, 0x00,
    0x03, 0xFE, 0x00, 0x07, 0xF0, 0x00, 0x04, 0x00, 0x00, 0x00, 0xC0, 0x1F, 0xE0, 0xC0, 0x1F, 0xF9,
    0xD0, 0x00, 0xEF, 0x98, 0x18, 0xCE, 0x38, 0x1D, 0xC7, 0xF0, 0x0F, 0x83, 0xC0, 0x07, 0xFF, 0xC0,
    0x0F, 0xFF, 0xF0, 0x1C, 0x00, 0x7C, 0x3F, 0xFF, 0x9E, 0x73, 0xFF, 0x8E, 0xC3, 0x81, 0x80, 0x03,
    0x01, 0x80, 0x03, 0xFF, 0x80, 0x03, 0xFF, 0x80, 0x01, 0x83, 0x00, 0x01, 0xC7, 0x00, 0x00, 0xE6,
    0x00, 0x01, 0xFF, 0xFC, 0x7F, 0xFF, 0xFC, 0x3F, 0xFC, 0x00, 0x00, 0x00, 0x09, 0xFF, 0xFF, 0xF7,
    0xFF, 0xFF, 0xCC, 0x0C, 0x00, 0x00, 0x70, 0x00, 0x01, 0x80, 0x00, 0xCF, 0xFC, 0x03, 0xFF, 0xF0,
    0x0F, 0xFE, 0xC0, 0x18, 0x03, 0x00, 0x60, 0x0C, 0x01, 0x80, 0x30, 0x07, 0xFF, 0xC0, 0x1F, 0xFF,
    0x00, 0x60, 0x1C, 0x01, 0x80, 0x70, 0x06, 0x01, 0xC0, 0x18, 0x07, 0x00, 0x7F, 0xFC, 0x01, 0xFF,
    0xF0, 0x06, 0x00, 0x00, 0x00, 0x00, 0x00, 0x00, 0x06, 0x00, 0x70, 0x30, 0x03, 0x83, 0x80, 0x18,
    0x18, 0x01, 0x80, 0xC0, 0x6F, 0xCF, 0xFD, 0xFE, 0x7F, 0xEF, 0xF7, 0x07, 0x61, 0xB0, 0x3B, 0x0D,
    0x41, 0xD8, 0x7F, 0x0E, 0xDF, 0x1C, 0x77, 0xF8, 0x73, 0xBE, 0xC1, 0x99, 0x86, 0x0E, 0xCC, 0x30,
    0x26, 0x61, 0x80, 0x33, 0x0C, 0x01, 0x9F, 0xE1, 0x8C, 0xFF, 0x0F, 0xE6, 0x00, 0x1F, 0x00, 0x00,
    0x70, 0x00, 0x00, 0x00, 0x00, 0x08, 0x00, 0x00, 0x0E, 0x00, 0x00, 0x07, 0x00, 0x00, 0x77, 0xFC,
    0x00, 0x1F, 0xFF, 0x00, 0x0E, 0xC3, 0x80, 0x06, 0x79, 0xC0, 0x03, 0x1C, 0xE4, 0x03, 0xFF, 0xFF,
    0x3F, 0xFF, 0xFF, 0x8F, 0xF4, 0x1C, 0x00, 0x63, 0x8E, 0x00, 0x60, 0xFF, 0x00, 0x70, 0x2F, 0x80,
    0x70, 0x03, 0x80, 0x7F, 0xFF, 0xE0, 0x07, 0xFF, 0xF0, 0x03, 0x33, 0x98, 0x01, 0x99, 0xCC, 0x00,
    0xCC, 0xE6, 0x00, 0x67, 0x7F, 0xF3, 0xFF, 0xFF, 0xF9, 0xFF, 0xFF, 0x00, 0x80, 0x1C, 0xFF, 0xFE,
    0xFF, 0xFE, 0xE0, 0x06, 0xE0, 0x06, 0xE0, 0x06, 0xFF, 0xFE, 0xFF, 0xFE, 0xE0, 0x06, 0xE0, 0x06,
    0xE0, 0x06, 0xFF, 0xFE, 0xFF, 0xFE, 0xFE, 0x06, 0xE0, 0x06, 0x60, 0x06, 0x60, 0x06, 0x7F, 0xFE,
    0x7F, 0xFE, 0x70, 0x00, 0x60, 0x00, 0x00, 0x00, 0x00, 0xFF, 0xE1, 0xFD, 0xFF, 0xC3, 0xFB, 0x81,
    0x86, 0x37, 0x03, 0x0C, 0x6E, 0x1E, 0x1F, 0xDF, 0xFC, 0x3F, 0xBF, 0xE0, 0x7B, 0x63, 0x00, 0xE6,
    0xC7, 0x01, 0xCD, 0x8F, 0xE3, 0xFB, 0xFF, 0xE7, 0xF7, 0xF8, 0x0E, 0x6C, 0x38, 0x1C, 0xD8, 0x30,
    0x39, 0xB0, 0x60, 0x7F, 0x60, 0xE2, 0xFE, 0xC2, 0xE4, 0xC1, 0xFC, 0xC8, 0x0F, 0xE1, 0xF0, 0x1F,
    0x01, 0xE0, 0x38, 0x01, 0xC0, 0x00, 0x00, 0x00, 0x08, 0x00, 0x00, 0x06, 0x00, 0x00, 0x03, 0x0F,
    0xFF, 0x81, 0x87, 0xFF, 0xC1, 0xC0, 0x00, 0x00, 0xFE, 0x00, 0x00, 0x7F, 0xFF, 0xF0, 0x6E, 0x3F,
    0xF8, 0x37, 0x0C, 0x1C, 0x13, 0x06, 0x0E, 0x1F, 0xFB, 0x06, 0x0F, 0xFD, 0xFF, 0x80, 0x60, 0xFF,
    0xC0, 0x38, 0x60, 0xC0, 0x1E, 0x30, 0x60, 0x1B, 0x8C, 0x70, 0x0C, 0xE7, 0x30, 0x0C, 0x31, 0xB8,
    0x0E, 0x10, 0xD9, 0xC6, 0x0F, 0xFF, 0xF6, 0x07, 0xFF, 0xF0, 0x00, 0x00, 0x00, 0x00, 0x00, 0x00,
    0x00, 0x3F, 0xF0, 0x7F, 0xFF, 0xE3, 0xFF, 0x01, 0xC3, 0x60, 0x03, 0x01, 0xC1, 0x86, 0x03, 0x03,
    0x8C, 0x06, 0x07, 0x18, 0x1F, 0x8C, 0x70, 0x3F, 0x98, 0xE0, 0xFF, 0x31, 0xF1, 0xE6, 0x7F, 0xF7,
    0xDC, 0xFF, 0xE9, 0xB8, 0x00, 0xE3, 0x70, 0x01, 0x87, 0xFF, 0xFB, 0x0F, 0xDF, 0xFE, 0x18, 0x00,
    0x1C, 0x30, 0x00, 0x30, 0x00, 0x0E, 0x60, 0x00, 0x0F, 0xC0, 0x00, 0x0F, 0x00, 0x00, 0x04, 0x00,
    0x00, 0x00, 0xFC, 0x00, 0x1F, 0xFF, 0x1F, 0xFF, 0xF0, 0x07, 0xFC, 0x18, 0x00, 0x61, 0xFF, 0xE0,
    0x70, 0xFF, 0xF0, 0x30, 0x63, 0x30, 0x18, 0x3F, 0xF8, 0x1F, 0xDF, 0xFC, 0x0F, 0xEC, 0xE6, 0x0F,
    0x36, 0x7F, 0x07, 0x9B, 0xFF, 0x86, 0xDD, 0xF8, 0x02, 0x6F, 0xCC, 0x00, 0x37, 0xFE, 0x00, 0x1F,
    0x9F, 0x00, 0x0F, 0xC7, 0xC0, 0x06, 0x07, 0x78, 0x03, 0x07, 0x1F, 0x00, 0x0F, 0x03, 0xF0, 0x0E,
    0x00, 0x78, 0x00, 0x00, 0x00, 0x00, 0x03, 0x00, 0x00, 0x07, 0x00, 0x00, 0x0E, 0x00, 0x00, 0x3F,
    0x87, 0xFE, 0x7F, 0x87, 0xF9, 0xC6, 0x03, 0x87, 0x1C, 0x06, 0x0D, 0xFF, 0x0C, 0x3F, 0xFE, 0x38,
    0xF9, 0x8C, 0x7F, 0x63, 0x18, 0xFE, 0xFF, 0xF3, 0xDD, 0xFF, 0xE7, 0xBB, 0x18, 0xDF, 0x76, 0x31,
    0xAE, 0xEF, 0xFF, 0x1D, 0x9F, 0xFE, 0x3F, 0xF1, 0x8C, 0x7E, 0xC3, 0x18, 0x61, 0x86, 0x30, 0x07,
    0x0F, 0x60, 0x0C, 0x1B, 0xC0, 0x30, 0x03, 0x80, 0x00, 0x00, 0x00, 0x00, 0xC0, 0x1F, 0xFF, 0xC0,
    0x1F, 0xFF, 0x80, 0x00, 0x00, 0x00, 0x00, 0x00, 0x00, 0x00, 0x00, 0x00, 0x07, 0xFF, 0x7F, 0xFF,
    0xFF, 0x7F, 0xFF, 0x00, 0x00, 0x30, 0x00, 0x08, 0x62, 0x00, 0x38, 0xCE, 0x00, 0x71, 0x8F, 0x01,
    0xC3, 0x0F, 0x07, 0x06, 0x0F, 0x0C, 0x0C, 0x0E, 0x30, 0x18, 0x0E, 0xC0, 0x30, 0x09, 0x07, 0x60,
    0x00, 0x07, 0xC0, 0x00, 0x07, 0x80, 0x00, 0x02, 0x00, 0x00, 0x00, 0x03, 0x00, 0x07, 0x03, 0x00,
    0x03, 0x03, 0x80, 0x03, 0x1F, 0xF0, 0x3F, 0xFF, 0xF8, 0x3F, 0xE7, 0xC0, 0x0F, 0xCF, 0xE0, 0x0F,
    0xEF, 0x70, 0x1B, 0x7B, 0x38, 0x33, 0x33, 0x1C, 0x63, 0x63, 0x0C, 0x03, 0x03, 0x80, 0x07, 0xFF,
    0xC0, 0x03, 0xFF, 0x00, 0x00, 0x00, 0x7E, 0xFF, 0xFF, 0xFE, 0x7F, 0xFF, 0xE0, 0x03, 0x19, 0x80,
    0x07, 0x19, 0xE0, 0x0F, 0x18, 0xF0, 0x1D, 0x98, 0x38, 0x38, 0xF8, 0x18, 0x20, 0x78, 0x00, 0x00,
    0x30, 0x00, 0x00, 0x00, 0x80, 0x00, 0x20, 0x60, 0x00, 0x30, 0x38, 0x00, 0x78, 0x1C, 0x00, 0xF0,
    0x0E, 0x01, 0xF8, 0x37, 0xC0, 0x1C, 0x1F, 0xF0, 0x0E, 0x8F, 0x9C, 0x7F, 0xEE, 0xC7, 0x3F, 0xF6,
    0x63, 0x81, 0xC7, 0x30, 0xC1, 0xF3, 0x19, 0x80, 0xFF, 0x0C, 0xE0, 0xFF, 0x06, 0xE0, 0x7D, 0x83,
    0x70, 0x6E, 0xC0, 0x70, 0x77, 0x00, 0x70, 0x33, 0x80, 0x78, 0x31, 0xC0, 0x78, 0x00, 0xE0, 0x78,
    0x00, 0x70, 0x70, 0x00, 0x38, 0xF0, 0x00, 0x1D, 0xE0, 0x00, 0x04, 0x80, 0x00, 0x00, 0x00, 0x00,
    0x00, 0x61, 0xC0, 0x00, 0x78, 0xE0, 0x00, 0xF8, 0x60, 0x01, 0xF0, 0x70, 0x01, 0xD8, 0x38, 0x10,
    0x0C, 0x1F, 0xFC, 0x0F, 0xDF, 0xFE, 0x7F, 0xFC, 0xC6, 0x1F, 0x8C, 0x63, 0x01, 0xCC, 0x33, 0x01,
    0xF4, 0x99, 0x00, 0xFC, 0x6D, 0xC0, 0xFF, 0x76, 0x60, 0x6D, 0xB3, 0x38, 0x76, 0x19, 0x8C, 0x33,
    0x18, 0xC7, 0x31, 0x8C, 0x61, 0xB0, 0xCC, 0x30, 0xC0, 0x64, 0x98, 0x00, 0x30, 0x7C, 0x00, 0x18,
    0x1E, 0x00, 0x0C, 0x07, 0x00, 0x00, 0x01, 0x00, 0x00, 0x00, 0x00, 0x00, 0xC0, 0xC0, 0x01, 0xE1,
    0xC0, 0x07, 0xC1, 0xFC, 0x1F, 0x03, 0xFC, 0x3F, 0x06, 0x1C, 0x07, 0x0E, 0x38, 0x07, 0x5B, 0x70,
    0x7F, 0xE3, 0xE0, 0x7F, 0xC3, 0xC0, 0x07, 0x07, 0xE0, 0x0F, 0x9E, 0xE0, 0x0F, 0xF1, 0xFE, 0x1F,
    0xC3, 0xFE, 0x1F, 0xE7, 0x0E, 0x37, 0x0F, 0x1C, 0x37, 0x1F, 0xB8, 0x67, 0x31, 0xF0, 0x47, 0x00,
    0xE0, 0x07, 0x01, 0xC0, 0x07, 0x07, 0x80, 0x07, 0x0E, 0x00, 0x07, 0x38, 0x00, 0x02, 0x20, 0x00,
    0x00, 0xC0, 0x00, 0x00, 0xEC, 0xFC, 0x01, 0xF7, 0xFF, 0x03, 0xE3, 0xF3, 0x83, 0xE0, 0xC1, 0x80,
    0x30, 0x60, 0xC0, 0x18, 0x30, 0xE0, 0xFF, 0xDF, 0xF8, 0x7F, 0xEF, 0xF0, 0x03, 0x02, 0x00, 0x03,
    0xE7, 0xFF, 0x01, 0xFB, 0xFF, 0xC1, 0xEE, 0xDC, 0x00, 0xF3, 0x0E, 0x00, 0xF8, 0x0F, 0xF0, 0x6C,
    0x3F, 0xF8, 0x66, 0x0F, 0xC0, 0x23, 0x00, 0xE0, 0x01, 0x80, 0x70, 0x00, 0xCF, 0xFF, 0xE0, 0x67,
    0xFF, 0xF8, 0x31, 0xE0, 0x00, 0x08, 0x00, 0x00, 0x00, 0x30, 0x00, 0x00, 0x70, 0x00, 0x00, 0xE0,
    0x00, 0xC1, 0xC0, 0x01, 0x83, 0xFF, 0xC3, 0xFF, 0xFF, 0x8F, 0xFE, 0x07, 0x1C, 0xC2, 0x0C, 0x31,
    0x87, 0x30, 0xE7, 0x0F, 0xC1, 0x9C, 0x07, 0x80, 0x70, 0x07, 0x83, 0xC0, 0x03, 0x06, 0x07, 0xF8,
    0x03, 0xFF, 0xF8, 0x03, 0xFE, 0x00, 0x00, 0x38, 0x00, 0x00, 0x70, 0x00, 0x00, 0xE0, 0x00, 0x01,
    0xC0, 0x07, 0xFF, 0xFF, 0xFF, 0xFF, 0xFF, 0xDF, 0xF8, 0x00, 0x00, 0x00, 0x30, 0x00, 0x00, 0x70,
    0x00, 0x00, 0xE0, 0x00, 0x01, 0xC0, 0x00, 0x03, 0x80, 0x04, 0xFF, 0xFF, 0x0F, 0xFF, 0xFE, 0x0F,
    0xC0, 0x00, 0x00, 0x01, 0x80, 0x0C, 0x03, 0x80, 0x1C, 0x0E, 0x00, 0x18, 0x1C, 0x00, 0x38, 0x38,
    0x00, 0x30, 0x60, 0x00, 0x71, 0xC0, 0x00, 0xE3, 0x00, 0x00, 0xCE, 0x00, 0x01, 0x98, 0x00, 0x00,
    0x7F, 0xF7, 0xFF, 0xFF, 0xF7, 0xFF, 0xFF, 0x80, 0x00, 0x00, 0x00, 0x06, 0x03, 0xC0, 0x0C, 0xFF,
    0xC1, 0x98, 0xE3, 0x03, 0x33, 0x8E, 0x06, 0x63, 0x98, 0x0C, 0xC3, 0xF0, 0x19, 0x83, 0xC0, 0x33,
    0x07, 0xC0, 0x66, 0x1D, 0xE0, 0xCC, 0xE1, 0xF0, 0x1B, 0x80, 0xE0, 0x33, 0x80, 0x00, 0x27, 0xFC,
    0x07, 0xFF, 0xFC, 0x07, 0xFF, 0x80, 0x01, 0x83, 0x00, 0x03, 0x8E, 0x00, 0x03, 0x18, 0x00, 0x06,
    0x7F, 0xEF, 0xFF, 0xFF, 0xEF, 0xFF, 0xFE, 0x00, 0x00, 0x30, 0x00, 0x00, 0x70, 0x00, 0x00, 0xC0,
    0x00, 0xFF, 0xFF, 0x81, 0xFF, 0xFC, 0x00, 0x30, 0xE0, 0x00, 0x33, 0xFF, 0x3F, 0xFF, 0xFE, 0x7F,
    0xFE, 0x00, 0x0C, 0xFF, 0x80, 0x1F, 0xFF, 0x00, 0x38, 0x06, 0x00, 0x7F, 0xFC, 0x00, 0xFF, 0xF8,
    0x01, 0xC1, 0xF0, 0x03, 0xFF, 0xE0, 0x07, 0xF8, 0x00, 0x01, 0xFF, 0xFF, 0xFF, 0xFF, 0xFB, 0xFF,
    0xC0, 0x00, 0x03, 0x80, 0x00, 0x07, 0x00, 0x00, 0x0E, 0x00, 0x00, 0x08, 0x00, 0x00, 0x01, 0x80,
    0x00, 0x01, 0x80, 0x0E, 0x19, 0x8C, 0x06, 0x19, 0x8C, 0x06, 0x19, 0x8C, 0x06, 0x19, 0x9C, 0x7F,
    0xDF, 0xFC, 0x7F, 0xDF, 0xCC, 0x11, 0x80, 0x0C, 0x39, 0xBF, 0xFE, 0x1B, 0xBF, 0xFE, 0x1B, 0x01,
    0x80, 0x1B, 0x23, 0x80, 0x1F, 0x3F, 0xFE, 0x0E, 0xFF, 0xFE, 0x07, 0xF3, 0x66, 0x7F, 0x33, 0x66,
    0x7C, 0x33, 0x66, 0x20, 0x33, 0x66, 0x00, 0x33, 0x76, 0x00, 0x33, 0x7E, 0x00, 0x33, 0x2E, 0x00,
    0x00, 0x04, 0x00, 0x02, 0x00, 0x06, 0x03, 0x00, 0x06, 0x03, 0x0C, 0x0F, 0xFF, 0xFE, 0x0F, 0xFF,
    0xF8, 0x1B, 0x8C, 0xE0, 0x39, 0xD8, 0x70, 0x73, 0xD0, 0xF0, 0xC3, 0x80, 0xC0, 0x03, 0x00, 0xC0,
    0x07, 0x00, 0xFE, 0x0F, 0xFF, 0xFE, 0x0C, 0xFF, 0xE0, 0x1C, 0x00, 0xC0, 0x3C, 0x30, 0xC0, 0x6C,
    0x38, 0xC0, 0xCC, 0x1C, 0xC0, 0x8C, 0x0C, 0xC0, 0x0C, 0x00, 0xC0, 0x0C, 0x00, 0xC0, 0x0C, 0x0E,
    0xC0, 0x0C, 0x07, 0xC0, 0x0C, 0x03, 0xC0, 0x00, 0x00, 0x00, 0x00, 0x02, 0x00, 0x0C, 0x06, 0x00,
    0x1C, 0x1C, 0x70, 0x7F, 0xFF, 0xE0, 0xFF, 0xFE, 0x03, 0x7B, 0x9C, 0x0C, 0x76, 0x18, 0x31, 0xFF,
    0xF0, 0x4F, 0xFF, 0xE0, 0x0C, 0x70, 0xC0, 0x30, 0xFF, 0x80, 0x7F, 0xFF, 0x00, 0xFF, 0x80, 0x01,
    0x87, 0x00, 0x03, 0xFF, 0xFE, 0x0F, 0xFF, 0xFC, 0x00, 0xF8, 0x18, 0x03, 0xF0, 0x70, 0x0E, 0xFC,
    0xC0, 0x79, 0xDF, 0x81, 0xC3, 0x8F, 0x0F, 0x07, 0x04, 0x30, 0x0E, 0x00, 0x00, 0x08, 0x00, 0x02,
    0x01, 0x80, 0x01, 0x80, 0xC0, 0x00, 0xC0, 0x60, 0x00, 0xFF, 0xFF, 0xC0, 0x7F, 0xFF, 0xE0, 0x6E,
    0x33, 0x80, 0x73, 0xF0, 0xE0, 0x70, 0xF8, 0x30, 0x20, 0x3C, 0x00, 0x00, 0x3F, 0x80, 0x00, 0x39,
    0xE0, 0x00, 0x38, 0x3C, 0x00, 0x7B, 0xFF, 0xC0, 0x7F, 0xFF, 0xF8, 0xF1, 0xC0, 0x3E, 0xE0, 0x70,
    0xE2, 0x03, 0x18, 0x70, 0x01, 0xCE, 0x70, 0x00, 0x63, 0x70, 0x00, 0x38, 0x30, 0x00, 0x08, 0x7F,
    0x81, 0xFF, 0xFF, 0xE0, 0x7F, 0xFF, 0xF0, 0x00, 0x02, 0x00, 0x0C, 0x06, 0x00, 0x18, 0x1C, 0x00,
    0x7F, 0xFF, 0xE1, 0xFF, 0xFF, 0xC3, 0x71, 0x9C, 0x0E, 0x76, 0x18, 0x3F, 0x78, 0x30, 0x67, 0x7F,
    0xF8, 0x07, 0x7F, 0xF0, 0xC4, 0x00, 0xE1, 0xCF, 0xF1, 0xC3, 0x9F, 0xF3, 0x87, 0x30, 0x67, 0x0E,
    0x61, 0xCE, 0x1C, 0xFF, 0x9C, 0x39, 0xE6, 0x38, 0x73, 0x8C, 0x70, 0xE3, 0xFC, 0xE1, 0xC7, 0xF1,
    0x83, 0x8C, 0x13, 0x07, 0x00, 0x1E, 0x06, 0x00, 0x1C, 0x00, 0x00, 0x00, 0x06, 0x03, 0x00, 0x0E,
    0x06, 0x00, 0x18, 0xDF, 0xF0, 0x7F, 0xFF, 0xE0, 0xFE, 0xFC, 0x03, 0x3B, 0x9C, 0x0F, 0x3F, 0xF8,
    0x37, 0xFF, 0xE0, 0x47, 0x80, 0xC0, 0x0F, 0xFF, 0x80, 0x1F, 0xFF, 0x00, 0x3F, 0xFE, 0x00, 0x7F,
    0xFC, 0x00, 0xC0, 0xF8, 0x01, 0xFF, 0xF0, 0x03, 0xFB, 0x80, 0x01, 0xC3, 0x0D, 0xFF, 0xFF, 0xFD,
    0xFF, 0xFF, 0xE0, 0x1C, 0x18, 0x00, 0x30, 0x30, 0x01, 0xC0, 0x60, 0x0F, 0x00, 0xC0, 0x18, 0x01,
    0x80, 0x00, 0x06, 0x00, 0x30, 0x18, 0x00, 0xC0, 0xFF, 0x87, 0xFF, 0xFE, 0x3F, 0xFF, 0x81, 0xCE,
    0x47, 0x06, 0x1F, 0x0C, 0x3C, 0x1C, 0x04, 0x7F, 0xFF, 0xF9, 0xFF, 0xFF, 0xE6, 0x00, 0x03, 0x3B,
    0xFF, 0xD8, 0xC7, 0xFF, 0x40, 0x18, 0x0C, 0x00, 0x7F, 0xF0, 0x01, 0xFF, 0xC0, 0x06, 0x00, 0x00,
    0x1F, 0xFF, 0x00, 0x7F, 0xF8, 0x01, 0x80, 0x60, 0x07, 0xFF, 0x80, 0x1F, 0xFF, 0x00, 0x7E, 0x00,
    0x01, 0x80, 0x00, 0x02, 0x03, 0x00, 0x06, 0x06, 0x00, 0x1C, 0xDF, 0xF0, 0x7F, 0xFF, 0xE1, 0xFC,
    0xDC, 0x03, 0x3B, 0x1C, 0x0D, 0x9D, 0x18, 0x23, 0x03, 0x30, 0x3F, 0xFF, 0xF8, 0x7F, 0xFF, 0xF8,
    0x1F, 0x19, 0x81, 0xFE, 0x33, 0x60, 0xE3, 0xFF, 0xEB, 0xFF, 0xFE, 0x1F, 0xFE, 0x7C, 0x17, 0x8F,
    0xFC, 0x0F, 0x8E, 0x38, 0x3F, 0x9F, 0xE0, 0xFB, 0xBF, 0xC1, 0xB2, 0x61, 0x86, 0x60, 0xFF, 0x18,
    0xC1, 0xFF, 0x01, 0x83, 0x00, 0x01, 0x02, 0x00, 0x03, 0x00, 0x00, 0x01, 0x80, 0x00, 0x00, 0xC3,
    0xFE, 0x02, 0x66, 0xFF, 0x83, 0x37, 0x61, 0xC0, 0xDB, 0x30, 0xE0, 0x7D, 0x98, 0x70, 0x1F, 0x8F,
    0xF8, 0x03, 0xF7, 0xFC, 0x3F, 0xFB, 0x8E, 0x0F, 0xC1, 0x87, 0x00, 0xF0, 0xC3, 0x00, 0xFC, 0x7F,
    0x80, 0x7F, 0x3F, 0xC0, 0x6D, 0xDF, 0x60, 0x36, 0x4C, 0x30, 0x33, 0x06, 0x18, 0x31, 0x83, 0x0C,
    0x10, 0xC1, 0x86, 0x40, 0x6F, 0xFF, 0xF0, 0x33, 0xFF, 0xF8, 0x18, 0x00, 0x00, 0x00, 0x00, 0x00,
    0x00, 0x00, 0x00, 0x00, 0x3C, 0x00, 0x1F, 0xE0, 0x3F, 0xFC, 0x03, 0xFE, 0x00, 0x00, 0x71, 0x00,
    0x07, 0x1C, 0x01, 0xF1, 0xE0, 0x0F, 0x1E, 0x00, 0x3F, 0xC0, 0x00, 0x7C, 0xC0, 0x01, 0xC7, 0x00,
    0x3C, 0x1C, 0x03, 0xFF, 0xF1, 0xFF, 0xFF, 0xCF, 0xFE, 0x06, 0x06, 0x73, 0x10, 0x73, 0x9C, 0x03,
    0x9C, 0x70, 0x38, 0xE1, 0xC3, 0x37, 0x07, 0x31, 0xF8, 0x1A, 0x03, 0xC0, 0x00, 0x04, 0x00, 0x00,
    0x60, 0x00, 0x01, 0xC0, 0x00, 0x07, 0x00, 0x03, 0xFF, 0xF0, 0x0F, 0xFF, 0xC0, 0x19, 0xC0, 0x03,
    0x07, 0xFF, 0x8F, 0xFF, 0xFE, 0x7F, 0xF0, 0x39, 0x83, 0x99, 0xC6, 0x7C, 0xE6, 0x33, 0xE7, 0x90,
    0x03, 0xF8, 0x00, 0x03, 0xCE, 0x00, 0x1C, 0x1C, 0x0F, 0xFF, 0xF8, 0x3F, 0xFF, 0xE0, 0x08, 0xCD,
    0x80, 0x73, 0x3C, 0x03, 0xCC, 0x78, 0x1C, 0x30, 0xF0, 0xEF, 0xC0, 0xC6, 0x1F, 0x00, 0x00, 0x18,
    0x00, 0x00, 0x00, 0x00, 0x38, 0x00, 0x08, 0xDF, 0xF8, 0x66, 0xFF, 0xC3, 0x73, 0x1C, 0x1B, 0x9C,
    0xC0, 0xDC, 0x7E, 0x06, 0xE1, 0xF0, 0x77, 0x1F, 0xE1, 0xBF, 0xC7, 0xC0, 0xF1, 0x8E, 0x0F, 0x1C,
    0x00, 0xF9, 0xC0, 0x01, 0xFD, 0x80, 0x07, 0x8E, 0x00, 0x7F, 0xF8, 0x3F, 0xFF, 0xE0, 0xFF, 0x93,
    0x01, 0xCD, 0xE0, 0x1E, 0x67, 0x81, 0xE3, 0x0F, 0x3C, 0xF8, 0x39, 0x83, 0xC0, 0x00, 0x0E, 0x00,
    0x00, 0x00, 0xC1, 0xFF, 0xFF, 0x0F, 0xFF, 0xF8, 0x70, 0xC1, 0xC3, 0xFF, 0xFE, 0x1F, 0xFF, 0xE0,
    0x61, 0x83, 0x03, 0xFF, 0xFC, 0x1F, 0xFF, 0xC0, 0xC7, 0x18, 0x03, 0xF1, 0xC0, 0x1F, 0x3C, 0x00,
    0x3F, 0xB8, 0x00, 0x70, 0xE1, 0xFF, 0xFF, 0x8F, 0xFF, 0xFE, 0x3F, 0x72, 0x30, 0x31, 0xBC, 0x03,
    0x8C, 0xF8, 0x78, 0x61, 0xEF, 0x3F, 0x03, 0x60, 0xF8, 0x00, 0x01, 0x80, 0x00, 0x00, 0x08, 0x00,
    0x06, 0x0C, 0x80, 0x06, 0x0C, 0xE0, 0x0E, 0x0C, 0x70, 0x0C, 0x0C, 0x30, 0x1D, 0x8E, 0x00, 0x19,
    0xCF, 0xF0, 0x71, 0xBF, 0xF0, 0x7B, 0xBF, 0x00, 0x3F, 0x06, 0x00, 0x0E, 0x06, 0x3C, 0x0E, 0x0F,
    0xFC, 0x0C, 0x7F, 0xE0, 0x1F, 0xBB, 0x18, 0x7F, 0x03, 0xB8, 0x3C, 0x01, 0xF8, 0x00, 0x41, 0xF1,
    0x01, 0xC3, 0xC3, 0x0F, 0x0F, 0xE3, 0x7E, 0x3E, 0x73, 0x78, 0xF8, 0x7B, 0x20, 0xC0, 0x3E, 0x00,
    0x00, 0x1E, 0x00, 0x00, 0x00, 0x00, 0x00, 0x00, 0x18, 0x00, 0x00, 0xE0, 0x00, 0x03, 0x1F, 0xFF,
    0x1D, 0x3F, 0xFC, 0x66, 0xC6, 0x37, 0x9B, 0x18, 0xDC, 0xEC, 0x67, 0x7F, 0x31, 0x9C, 0x7C, 0xC6,
    0x70, 0xE3, 0xFF, 0xC3, 0x0F, 0xFF, 0x1C, 0xB1, 0x99, 0xFE, 0xC6, 0x67, 0xE3, 0x19, 0x8C, 0x0C,
    0x66, 0x00, 0xF1, 0x98, 0x1E, 0xE6, 0x61, 0xF3, 0xFF, 0xDF, 0x0F, 0xFE, 0x70, 0x18, 0x00, 0x04,
    0x00, 0x00, 0x06, 0x01, 0xE0, 0x0E, 0x3F, 0xF0, 0x0C, 0x3F, 0xF0, 0x1C, 0xC0, 0xE0, 0x19, 0xC0,
    0xE0, 0x71, 0x81, 0xC0, 0xF3, 0x83, 0xC0, 0x3F, 0x0F, 0xF0, 0x1F, 0x1E, 0x78, 0x0E, 0x38, 0x3C,
    0x0C, 0xE0, 0x0C, 0x1F, 0x80, 0xF0, 0x7F, 0xBF, 0xF8, 0x7C, 0x1F, 0xE0, 0x00, 0x03, 0x00, 0x01,
    0xC3, 0x00, 0x07, 0x83, 0x00, 0x3E, 0x03, 0x00, 0xF8, 0xFF, 0xFE, 0x60, 0xFF, 0xFE, 0x00, 0x7C,
    0x00, 0x00, 0x00, 0x00, 0x06, 0x07, 0x00, 0x06, 0x07, 0x00, 0x06, 0x06, 0x20, 0x0C, 0x0F, 0xF0,
    0x1C, 0xCF, 0xF0, 0x19, 0xDC, 0x60, 0x79, 0xFC, 0xE0, 0x73, 0xBE, 0xC0, 0x3F, 0x67, 0xC0, 0x0F,
    0x43, 0x80, 0x06, 0x07, 0xC0, 0x0C, 0x0E, 0xF0, 0x1D, 0x9C, 0x78, 0x7F, 0xB0, 0x1E, 0x3E, 0x7F,
    0xFF, 0x20, 0x1F, 0xF2, 0x00, 0xD8, 0x30, 0x07, 0x98, 0x30, 0x3F, 0x18, 0x30, 0x7C, 0x18, 0xF0,
    0x70, 0x1F, 0xF0, 0x00, 0x1F, 0xF0, 0x00, 0x08, 0x00, 0x06, 0x03, 0x00, 0x06, 0x03, 0x80, 0x06,
    0x03, 0x80, 0x0C, 0x07, 0xFC, 0x1D, 0xBF, 0xFC, 0x19, 0xDF, 0x00, 0x79, 0x87, 0x00, 0x73, 0x86,
    0x60, 0x3F, 0x0E, 0x70, 0x0E, 0x1D, 0xF8, 0x0E, 0x7F, 0xFC, 0x0C, 0x3E, 0xCC, 0x1F, 0x86, 0xC0,
    0x7F, 0x0E, 0xC0, 0x38, 0x0C, 0xC0, 0x00, 0x0C, 0xC2, 0x01, 0xDC, 0xC3, 0x07, 0x18, 0xC3, 0x3E,
    0x38, 0xC3, 0x78, 0x70, 0xFE, 0x60, 0xE0, 0xFE, 0x01, 0x80, 0x38, 0x04, 0x00, 0x80, 0x06, 0x60,
    0xC0, 0x0E, 0x70, 0xC0, 0x0C, 0x34, 0xDC, 0x1C, 0x3E, 0xD8, 0x19, 0xB6, 0xD8, 0x71, 0xB7, 0xF0,
    0x73, 0xB3, 0xE0, 0x3F, 0x3F, 0xFC, 0x1F, 0x3F, 0xFC, 0x0E, 0x31, 0xE0, 0x0C, 0x33, 0xF0, 0x1D,
    0xB3, 0xF0, 0x7F, 0xB7, 0xF8, 0x7E, 0x36, 0xDC, 0x30, 0x7C, 0xCC, 0x01, 0xF8, 0xC0, 0x0F, 0x30,
    0xC0, 0x3E, 0x30, 0xC0, 0x78, 0x3F, 0xFE, 0x60, 0x7F, 0xFE, 0x00, 0x30, 0x00, 0x00, 0x00, 0x00,
    0x04, 0x03, 0x00, 0x06, 0x03, 0x00, 0x0E, 0x03, 0x00, 0x0C, 0x03, 0x5C, 0x1D, 0xBF, 0xFC, 0x19,
    0xBF, 0xF8, 0x73, 0x83, 0x30, 0x73, 0x03, 0x7E, 0x3F, 0xFF, 0xFF, 0x1E, 0x7F, 0xF8, 0x0E, 0x03,
    0x80, 0x0C, 0x0F, 0x00, 0x1F, 0x9F, 0xF8, 0x7F, 0x3F, 0xF0, 0x38, 0xF8, 0x30, 0x00, 0x9F, 0xF0,
    0x03, 0x9F, 0xF0, 0x0F, 0x1C, 0x30, 0x7C, 0x1C, 0x30, 0x78, 0x1F, 0xF0, 0x60, 0x1F, 0xF8, 0x00,
    0x1C, 0x00, 0x00, 0x08, 0x00, 0x00, 0x00, 0x00, 0x08, 0x07, 0x00, 0x18, 0x0E, 0x00, 0x70, 0x1F,
    0x80, 0xC1, 0xFF, 0x83, 0xB3, 0xFC, 0x06, 0x60, 0xE0, 0x39, 0xFF, 0xFE, 0x73, 0x7F, 0xFC, 0x7E,
    0x03, 0x38, 0x78, 0x77, 0x60, 0x70, 0x7E, 0x00, 0xC3, 0x7C, 0x03, 0xF7, 0x38, 0x1F, 0xC7, 0x60,
    0x1C, 0x04, 0xC6, 0x00, 0x7F, 0xFE, 0x07, 0xFF, 0xF0, 0x3C, 0x1F, 0x03, 0xE0, 0x77, 0x87, 0x81,
    0xE3, 0x8C, 0x0F, 0x03, 0x80, 0x78, 0x03, 0x00, 0x00, 0x00, 0x00, 0x04, 0x00, 0x06, 0x06, 0x00,
    0x06, 0x06, 0x60, 0x06, 0x0E, 0x60, 0x0C, 0x0C, 0x60, 0x1D, 0x9C, 0xC0, 0x19, 0xDF, 0xFC, 0x79,
    0xBF, 0xFC, 0x73, 0xB8, 0xC0, 0x3F, 0x78, 0xC0, 0x0F, 0x5F, 0xF8, 0x06, 0x1F, 0xFC, 0x0C, 0x1C,
    0xC0, 0x1F, 0xD8, 0xC0, 0x7F, 0x9B, 0xF8, 0x7C, 0x1F, 0xFC, 0x00, 0x1F, 0xC0, 0x01, 0xD8, 0xC0,
    0x07, 0x19, 0xC0, 0x3E, 0x1F, 0xFE, 0x78, 0x1F, 0xFF, 0x60, 0x18, 0x00, 0x00, 0x18, 0x00, 0x00,
    0x18, 0x00, 0x00, 0x00, 0x00, 0x0C, 0x00, 0x70, 0x0E, 0x03, 0xF8, 0x0C, 0x3F, 0xF0, 0x1C, 0x7E,
    0x30, 0x19, 0xF7, 0x70, 0x39, 0xBB, 0x60, 0xF3, 0x9B, 0xC0, 0xF3, 0x3F, 0xF8, 0x7F, 0x3F, 0xF8,
    0x1E, 0x0C, 0x0C, 0x0C, 0xFF, 0xFE, 0x1C, 0x7F, 0xF0, 0x3F, 0x99, 0xF0, 0x7F, 0x1F, 0xF0, 0x78,
    0x3F, 0xF0, 0x01, 0xBE, 0x60, 0x07, 0xE7, 0xE0, 0x1E, 0x63, 0xC0, 0xFC, 0xC3, 0xE0, 0xF1, 0x8F,
    0xF8, 0x41, 0x3C, 0x3E, 0x00, 0xF0, 0x0E, 0x00, 0x00, 0x00, 0x00, 0x04, 0x00, 0x0C, 0x0E, 0x00,
    0x18, 0x0E, 0x00, 0x70, 0x0C, 0x00, 0xC7, 0xFF, 0x83, 0xAF, 0xFF, 0x06, 0x7C, 0x06, 0x3C, 0xF8,
    0x0C, 0x7B, 0xFF, 0xF8, 0x7E, 0xFF, 0xF0, 0x39, 0xC0, 0x00, 0x73, 0xFF, 0xE0, 0xC7, 0xFF, 0xC7,
    0xFF, 0x6D, 0x9F, 0x9E, 0xDB, 0x1C, 0x3F, 0xFE, 0x00, 0xFF, 0xFC, 0x0F, 0xB6, 0xD8, 0x7B, 0x6D,
    0xB3, 0xE4, 0xDB, 0x67, 0x1B, 0xB7, 0xC0, 0x27, 0x6F, 0x80, 0x06, 0x07, 0x00, 0x00, 0x00, 0x00,
    0x07, 0xDF, 0xFF, 0xFF, 0xFF, 0xFF, 0xF0, 0xC3, 0x7E, 0x18, 0x6F, 0xC3, 0x0D, 0xFE, 0x7B, 0xBF,
    0xFF, 0xE7, 0xEF, 0x3C, 0xFC, 0xE3, 0x9F, 0x9C, 0x73, 0xF3, 0xCF, 0x7E, 0x79, 0xFF, 0xDB, 0xE7,
    0xFB, 0x3C, 0xFF, 0xC3, 0x07, 0xF0, 0xC0, 0xFC, 0x18, 0x1F, 0x86, 0x1F, 0xF0, 0x01, 0xFE, 0x00,
    0x1E, 0x00, 0x00, 0x80, 0x00, 0x07, 0xE0, 0x3F, 0xFF, 0xE0, 0x7F, 0xF9, 0xC0, 0x66, 0x73, 0x00,
    0xFF, 0xFF, 0x01, 0xFF, 0xC0, 0x03, 0x0D, 0xFC, 0x0F, 0xFF, 0xFC, 0x1F, 0xF0, 0x00, 0x0C, 0xFF,
    0x00, 0x1F, 0xFF, 0x00, 0x38, 0x0E, 0x00, 0x7F, 0xFC, 0x00, 0xFE, 0x38, 0x00, 0xFF, 0xF0, 0x01,
    0xFF, 0xE0, 0x03, 0x01, 0x80, 0x07, 0xFF, 0x00, 0x0F, 0xF6, 0x00, 0x1F, 0xFF, 0xFF, 0xFF, 0xFF,
    0xEF, 0xF8, 0x00, 0x00, 0x00, 0x00, 0x00, 0x01, 0xC0, 0xBC, 0x1F, 0xFF, 0xF9, 0xFB, 0xFD, 0x33,
    0x36, 0x18, 0x67, 0x78, 0x30, 0xC7, 0xE3, 0x79, 0xBF, 0xFF, 0xDB, 0x7F, 0xE7, 0xBE, 0x1F, 0x8F,
    0x3C, 0x7F, 0x86, 0x39, 0x9B, 0x9C, 0xF6, 0x3F, 0x79, 0xEF, 0xFD, 0xF6, 0xCF, 0xDB, 0x7D, 0x99,
    0xBE, 0xFB, 0x3F, 0xF9, 0x86, 0x7E, 0xC3, 0x0C, 0xCD, 0xA6, 0x19, 0xFF, 0x7D, 0xB3, 0xFE, 0x79,
    0xE7, 0x00, 0x71, 0xC0, 0x00, 0x00, 0x00, 0x00, 0x00, 0x00, 0x01, 0x80, 0x0C, 0x00, 0xC0, 0x06,
    0x00, 0x60, 0x0F, 0x00, 0x32, 0x1F, 0x01, 0xFF, 0xBE, 0x00, 0xFF, 0x7B, 0x00, 0x06, 0x01, 0x80,
    0x1F, 0xE0, 0xFC, 0x0F, 0xF7, 0xFE, 0x00, 0xC3, 0xF8, 0x0F, 0xFE, 0x18, 0x07, 0xFF, 0x0C, 0x20,
    0x38, 0x0F, 0xF8, 0x3E, 0xFF, 0xF8, 0x1F, 0xFF, 0x80, 0x1F, 0x70, 0xC1, 0x8D, 0x98, 0x60, 0xCC,
    0xC0, 0x30, 0x6C, 0x60, 0x18, 0x34, 0x30, 0x0F, 0xF8, 0x18, 0x07, 0xF8, 0x0C, 0x00, 0xF0, 0x02,
    0x00, 0x00, 0x00, 0x00, 0x00, 0x0C, 0x0C, 0x00, 0x18, 0x18, 0x00, 0x70, 0x30, 0x80, 0xDC, 0x63,
    0x83, 0x9C, 0xDE, 0x06, 0xF9, 0xF1, 0x7F, 0xFB, 0x86, 0xFE, 0x3E, 0x0C, 0x00, 0x2E, 0x38, 0xFF,
    0x9F, 0xF1, 0xFF, 0x7F, 0x83, 0x06, 0x60, 0x07, 0xFC, 0xC3, 0x0F, 0xF9, 0x8E, 0x18, 0x33, 0x7C,
    0x3F, 0xE7, 0xE2, 0x7F, 0xCE, 0x0C, 0xC1, 0x98, 0x19, 0x83, 0x30, 0x33, 0x26, 0x71, 0xE6, 0x7C,
    0xFF, 0xCC, 0x78, 0xFE, 0x00, 0x20, 0x00, 0x00, 0x18, 0x00, 0x3F, 0x1C, 0x00, 0x3F, 0x9C, 0x7E,
    0x3B, 0x1C, 0x7F, 0x1B, 0x1C, 0x7F, 0x1B, 0x7F, 0x67, 0x1F, 0x7F, 0x67, 0x1F, 0x1C, 0x67, 0x1B,
    0x1C, 0x66, 0x1B, 0x1F, 0xE6, 0x1B, 0xFF, 0xE6, 0x3B, 0x78, 0x66, 0x3F, 0x1A, 0x66, 0x3F, 0x3E,
    0x7E, 0x33, 0x33, 0x7E, 0x33, 0x33, 0x6E, 0x33, 0x7F, 0xE0, 0x33, 0xFD, 0xE0, 0x73, 0x71, 0xE0,
    0x6F, 0x00, 0x60, 0x47, 0x00, 0x60, 0xC3, 0x00, 0x60, 0x00, 0x00, 0x20, 0x01, 0x80, 0x00, 0xC0,
    0x00, 0xE0, 0x00, 0x60, 0x00, 0x70, 0x67, 0xFF, 0xF9, 0xFF, 0xFC, 0xC0, 0x06, 0x60, 0x03, 0x30,
    0x3F, 0x9F, 0xFF, 0xCF, 0xFF, 0xE6, 0x00, 0x73, 0x00, 0x39, 0xFF, 0xFC, 0xFF, 0xFE, 0x7F, 0x07,
    0x30, 0x03, 0x9C, 0x01, 0xCE, 0x07, 0xE7, 0xFF, 0xF3, 0xFF, 0xF9, 0xC0, 0x00, 0x40, 0x00, 0x00,
    0x80, 0x00, 0x03, 0x00, 0x00, 0x1C, 0x00, 0x00, 0xE0, 0x00, 0x07, 0xFE, 0x00, 0x1F, 0xF8, 0x00,
    0xE1, 0xC0, 0x07, 0x06, 0x00, 0x30, 0x7F, 0xC1, 0xFF, 0xFF, 0x8D, 0xFF, 0x0E, 0x06, 0x1C, 0x30,
    0x18, 0x70, 0xC0, 0x61, 0xC3, 0x01, 0xFF, 0xFE, 0x07, 0xFF, 0xF1, 0x18, 0x00, 0x04, 0x60, 0x00,
    0x31, 0x80, 0x00, 0xC6, 0x00, 0x03, 0x1F, 0xFF, 0xFC, 0x7F, 0xFF, 0xE0, 0x7F, 0xFC, 0x00, 0x00,
    0x00, 0x00, 0x1C, 0x18, 0x00, 0x30, 0x70, 0x00, 0xC1, 0x80, 0x03, 0xFF, 0xFB, 0xFF, 0xFF, 0xE7,
    0xF8, 0xC0, 0x00, 0xE3, 0x00, 0x03, 0x8C, 0x00, 0x01, 0xFF, 0x03, 0xFF, 0xFE, 0x07, 0xF8, 0x30,
    0x00, 0xE0, 0xC0, 0x03, 0x83, 0x00, 0x0E, 0x0C, 0x00, 0x3A, 0x30, 0x00, 0xEE, 0xC0, 0x03, 0x9F,
    0x00, 0x0E, 0x3C, 0x00, 0x38, 0x20, 0x00, 0xE0, 0x00, 0x03, 0x80, 0x00, 0x0E, 0x00, 0x00, 0x10,
    0x00, 0x00, 0x00, 0x00, 0x06, 0x06, 0x00, 0x0E, 0x0C, 0x00, 0x0C, 0x18, 0x40, 0xFF, 0xFF, 0xCF,
    0xFF, 0xFF, 0x9E, 0x61, 0x80, 0x00, 0xE3, 0x00, 0x0C, 0xA4, 0x00, 0x1E, 0x7F, 0xE0, 0x1E, 0xFF,
    0xC0, 0x0D, 0x81, 0x87, 0x83, 0x03, 0x07, 0x86, 0x0E, 0x03, 0xAD, 0x1C, 0x02, 0xDB, 0xB0, 0x03,
    0x33, 0xE6, 0x0E, 0x63, 0xCC, 0x38, 0xC0, 0x18, 0xE1, 0x80, 0x33, 0xC3, 0xC7, 0xEF, 0x03, 0xFF,
    0x8C, 0x03, 0xFE, 0x00, 0x00, 0x02, 0x00, 0x01, 0x83, 0x00, 0x01, 0xC3, 0x00, 0x00, 0xC3, 0xFC,
    0x7F, 0xFF, 0xFC, 0x3F, 0xFF, 0x00, 0x00, 0xC6, 0x00, 0x00, 0xC6, 0x60, 0x1C, 0xC3, 0x70, 0x0D,
    0xC3, 0xB8, 0x07, 0x83, 0x18, 0x07, 0x03, 0x08, 0x1F, 0x1F, 0xFC, 0x3B, 0xFF, 0xFC, 0x63, 0xB3,
    0x00, 0x07, 0x83, 0x80, 0x0F, 0x87, 0xC0, 0x1D, 0x86, 0xC0, 0x71, 0x8E, 0x60, 0xE1, 0x8C, 0x70,
    0x19, 0x98, 0x3C, 0x0F, 0xB0, 0x1E, 0x07, 0xE0, 0x0F, 0x03, 0x00, 0x00, 0x00, 0x04, 0x00, 0x0E,
    0x0E, 0x00, 0x0C, 0x18, 0x00, 0x19, 0xFF, 0xCF, 0xFF, 0xFF, 0x9F, 0xF9, 0x80, 0x00, 0xE7, 0x00,
    0x18, 0x9C, 0x00, 0x38, 0x3F, 0xC0, 0x38, 0xFF, 0x80, 0x3B, 0x87, 0x06, 0x0F, 0x9C, 0x0E, 0x3B,
    0xF0, 0x0F, 0x41, 0xE0, 0x0E, 0x0F, 0xF0, 0x02, 0x38, 0xFC, 0x0D, 0xE7, 0xFC, 0x3F, 0xFF, 0x98,
    0x61, 0xF3, 0x01, 0x83, 0x06, 0x07, 0x06, 0x0C, 0x1C, 0x0F, 0xF8, 0x18, 0x1F, 0xF0, 0x00, 0x30,
    0x00, 0x00, 0x00, 0x00, 0x01, 0x87, 0x00, 0x01, 0x87, 0x00, 0x01, 0xCF, 0xFC, 0x7F, 0xFF, 0xFC,
    0x7F, 0xF6, 0x60, 0x00, 0xC6, 0x78, 0x04, 0x47, 0xF8, 0x37, 0xFF, 0xF0, 0x1F, 0xFF, 0x00, 0x33,
    0xFF, 0x30, 0x3F, 0xFF, 0xB8, 0x3F, 0xD9, 0xB0, 0x07, 0xFD, 0xB0, 0x7F, 0xFD, 0xF0, 0x7E, 0xCC,
    0xE0, 0x36, 0xFC, 0xE0, 0x36, 0xD8, 0xE2, 0x36, 0xDD, 0xE2, 0x64, 0xFF, 0xF2, 0x6C, 0xC3, 0x3E,
    0xC8, 0x06, 0x1E, 0x98, 0x04, 0x0E, 0x00, 0x00, 0x04, 0x01, 0x80, 0x00, 0x00, 0xE0, 0x00, 0x00,
    0xE7, 0xFF, 0x00, 0x63, 0xFF, 0x80, 0x70, 0x00, 0x00, 0x70, 0x00, 0x00, 0x76, 0x00, 0x00, 0x73,
    0x00, 0x1E, 0x23, 0xFF, 0xFF, 0x81, 0xBF, 0xFF, 0x01, 0xC0, 0x38, 0x01, 0xC0, 0x1C, 0x01, 0xE0,
    0x0E, 0x00, 0xF0, 0x07, 0x00, 0xD8, 0x03, 0x80, 0xCC, 0x01, 0xC0, 0x46, 0x00, 0xE0, 0x03, 0x00,
    0x70, 0x01, 0x80, 0x38, 0x00, 0xC1, 0xDC, 0x00, 0x60, 0x7E, 0x00, 0x30, 0x1F, 0x00, 0x08, 0x03,
    0x00, 0x00, 0x18, 0x00, 0x00, 0x0E, 0x00, 0x00, 0x07, 0x00, 0x00, 0x03, 0x84, 0x00, 0x7F, 0xFF,
    0x00, 0x3F, 0xFF, 0x80, 0x00, 0x70, 0x00, 0x07, 0xFF, 0xC0, 0x03, 0xFF, 0xE0, 0x00, 0x0E, 0x00,
    0x00, 0x07, 0xFF, 0x07, 0xFF, 0xFF, 0xC1, 0xFF, 0xC3, 0x00, 0x03, 0xE3, 0x80, 0x07, 0xBB, 0xC0,
    0x07, 0x8F, 0x80, 0x07, 0xC3, 0x80, 0x07, 0x60, 0xE0, 0x0E, 0x30, 0x3C, 0x0E, 0x1B, 0x8F, 0x80,
    0x0F, 0x81, 0xF8, 0x3F, 0x00, 0x3C, 0x1E, 0x00, 0x04, 0x00, 0x00, 0x00, 0x00, 0x00, 0x00, 0x06,
    0x00, 0xE0, 0x03, 0x80, 0x30, 0x00, 0xE0, 0x18, 0x00, 0x71, 0x0D, 0xC0, 0x18, 0xFF, 0xF1, 0xFF,
    0x7F, 0xF8, 0xFF, 0xB1, 0x98, 0x03, 0x98, 0xCC, 0x01, 0x8C, 0x64, 0x01, 0xD6, 0x32, 0x00, 0xDB,
    0xFF, 0x80, 0xFD, 0xFF, 0xC0, 0xFC, 0xF0, 0xE0, 0x7F, 0xFC, 0x60, 0x6D, 0xF7, 0x70, 0x66, 0x31,
    0xF0, 0x23, 0x18, 0x70, 0x01, 0x98, 0x3C, 0x00, 0xCC, 0x3F, 0x00, 0x6C, 0x79, 0xE0, 0x36, 0x70,
    0x78, 0x1E, 0x70, 0x1E, 0x04, 0x00, 0x00, 0x00, 0x08, 0x00, 0x03, 0x0E, 0x00, 0x03, 0x8E, 0x00,
    0x01, 0x8F, 0xC0, 0x01, 0xF6, 0xE0, 0x1F, 0xFE, 0x70, 0x1F, 0x86, 0x30, 0x01, 0x86, 0x3C, 0xFF,
    0xFF, 0xFC, 0xFF, 0xFF, 0xC0, 0x01, 0x83, 0x10, 0x01, 0x83, 0x38, 0x3F, 0xFF, 0x38, 0x3F, 0xFB,
    0xB0, 0x07, 0x19, 0xF0, 0x0F, 0x39, 0xE0, 0x1F, 0xF1, 0xC2, 0x3E, 0xE1, 0xE2, 0xEE, 0x7B, 0xE2,
    0x8E, 0xFF, 0x76, 0x0F, 0x8E, 0x3E, 0x1F, 0x1C, 0x1E, 0x1C, 0x30, 0x0E, 0x00, 0x00, 0x00, 0x00,
    0x00, 0x00, 0x01, 0x83, 0x00, 0x01, 0x83, 0x80, 0x39, 0x83, 0x80, 0x1D, 0x83, 0x88, 0x0F, 0xFF,
    0xFC, 0x07, 0xBF, 0xF8, 0x03, 0x83, 0x80, 0x1F, 0x83, 0x80, 0x7D, 0x9F, 0xF0, 0x71, 0xFF, 0xF0,
    0x01, 0xB0, 0x00, 0x00, 0x30, 0x70, 0x3F, 0xFF, 0xF8, 0x3F, 0xFF, 0xC0, 0x01, 0xF8, 0xE0, 0x03,
    0x9D, 0xC0, 0x0F, 0x8F, 0x80, 0x1F, 0x87, 0x80, 0x73, 0x9D, 0xE0, 0xC3, 0xF8, 0xF8, 0x0F, 0xE0,
    0x3E, 0x0F, 0x80, 0x0E, 0x00, 0x00, 0x00, 0x08, 0x00, 0x00, 0x06, 0x00, 0xFE, 0x03, 0x8C, 0x7F,
    0x00, 0xE7, 0x31, 0x80, 0x21, 0xDB, 0xC1, 0xF8, 0x6F, 0xE1, 0xFE, 0x06, 0x30, 0x06, 0x03, 0x18,
    0x07, 0x7D, 0xFC, 0x03, 0x7E, 0xFE, 0x03, 0x67, 0x71, 0x81, 0xF7, 0x3D, 0xC1, 0xF3, 0x1B, 0xC1,
    0xFD, 0xCD, 0xC1, 0xF7, 0x76, 0x70, 0xD9, 0x1B, 0x7C, 0x0C, 0x1D, 0xE7, 0x06, 0x1F, 0xC1, 0x83,
    0xBF, 0xC0, 0x01, 0xDF, 0xFF, 0x00, 0xE0, 0x1F, 0xF8, 0x60, 0x00, 0x7C, 0x00, 0x00, 0x00, 0x00,
    0x00, 0x00, 0x1F, 0xFF, 0xC0, 0x7F, 0xFF, 0x80, 0x36, 0x30, 0x00, 0x0C, 0x6E, 0x03, 0xFF, 0xFE,
    0x07, 0xFF, 0xFC, 0x0E, 0x67, 0x38, 0x0C, 0xCE, 0x60, 0x1F, 0xFF, 0xE0, 0x3F, 0xFF, 0x80, 0x63,
    0x00, 0x00, 0x0E, 0x07, 0xDF, 0xFF, 0xFF, 0xFF, 0xFF, 0xF8, 0x01, 0xC3, 0x80, 0x07, 0x8E, 0x00,
    0x07, 0xFC, 0x00, 0x03, 0xF8, 0x00, 0x07, 0xFE, 0x00, 0xFC, 0x3F, 0x0F, 0xE0, 0x0E, 0x00, 0x00,
    0x00, 0x00, 0x00, 0x00, 0x00, 0x07, 0xFF, 0xE0, 0x03, 0xFF, 0xE0, 0x03, 0x00, 0x60, 0x03, 0x00,
    0x60, 0x03, 0x38, 0x60, 0x03, 0x18, 0x60, 0x03, 0x18, 0x60, 0x03, 0x18, 0x60, 0x03, 0x18, 0x60,
    0x03, 0x18, 0x60, 0x03, 0x3C, 0x60, 0x03, 0x3E, 0x60, 0x03, 0x36, 0xE0, 0x01, 0x76, 0x43, 0x00,
    0xE6, 0x03, 0x00, 0xE6, 0x03, 0x01, 0xC6, 0x03, 0x03, 0x86, 0x07, 0x0F, 0x07, 0xFE, 0x3C, 0x07,
    0xFE, 0x70, 0x03, 0xF8, 0x00, 0x00, 0x00, 0x01, 0x00, 0x00, 0x03, 0x0E, 0x00, 0x66, 0x1C, 0x00,
    0xCC, 0x7F, 0xE1, 0x98, 0xFF, 0xC3, 0x31, 0xA0, 0x06, 0x66, 0xF0, 0x0C, 0xDC, 0xF8, 0x19, 0xB0,
    0x70, 0x01, 0x00, 0x60, 0x1F, 0xFF, 0x00, 0x3F, 0xFE, 0x00, 0x63, 0x0C, 0x00, 0xC6, 0x18, 0x01,
    0x8C, 0x30, 0x03, 0x98, 0x60, 0x07, 0x7D, 0xC4, 0x0E, 0xDB, 0x8C, 0x0F, 0xB3, 0x18, 0x1E, 0x60,
    0x30, 0x78, 0xE1, 0xE3, 0xC1, 0xFF, 0x9E, 0x01, 0xFE, 0x00, 0x00, 0x00, 0x00, 0x00, 0x00, 0x03,
    0x80, 0x00, 0x01, 0xC0, 0x1F, 0x00, 0xF9, 0xFF, 0xC0, 0xFC, 0x7C, 0xE0, 0xEE, 0x0E, 0x60, 0x66,
    0x06, 0x30, 0x7F, 0xE7, 0xF8, 0x7F, 0xF7, 0x3C, 0x2D, 0x9F, 0x3C, 0x06, 0xCC, 0xD8, 0x03, 0xFE,
    0x6C, 0x81, 0xFF, 0x7F, 0xE0, 0xDB, 0xBF, 0xE0, 0x6D, 0xF1, 0x80, 0x7F, 0xF8, 0xC0, 0x3F, 0xFF,
    0xFF, 0x19, 0xBF, 0xFF, 0x8C, 0xDC, 0x18, 0x06, 0x6E, 0x0C, 0x06, 0x3F, 0x06, 0x03, 0x07, 0x83,
    0x03, 0x01, 0x81, 0x80, 0x00, 0x00, 0xC0, 0x00, 0xE0, 0x00, 0x01, 0xF8, 0x00, 0x00, 0xFC, 0x00,
    0x00, 0x30, 0x00, 0xFF, 0xFF, 0xEF, 0xFF, 0xFF, 0x9F, 0xC0, 0x00, 0x00, 0x03, 0xE0, 0x07, 0xFF,
    0xC0, 0x0F, 0xFE, 0x00, 0x00, 0x00, 0x00, 0x3F, 0xFE, 0x00, 0x7F, 0xFC, 0x00, 0x00, 0x00, 0x01,
    0x00, 0xE0, 0x03, 0xFF, 0xE0, 0x07, 0xFF, 0xC0, 0x0E, 0x01, 0x80, 0x1C, 0x07, 0x00, 0x1F, 0xFE,
    0x00, 0x3F, 0xFC, 0x00, 0x7F, 0xF0, 0x00, 0xC0, 0x00, 0x00, 0x00, 0x00, 0x00, 0x00, 0x03, 0x80,
    0x1C, 0x01, 0x80, 0x0E, 0x01, 0x80, 0x07, 0x01, 0x80, 0x03, 0x81, 0x80, 0x03, 0x81, 0x80, 0x00,
    0x01, 0x80, 0x00, 0x07, 0xFE, 0xFE, 0x7F, 0xFE, 0xFE, 0x7F, 0x80, 0x06, 0x01, 0x80, 0x06, 0x01,
    0x80, 0x06, 0x01, 0x80, 0x06, 0x01, 0x80, 0x06, 0x01, 0x80, 0x06, 0xC1, 0x80, 0x07, 0xC1, 0x80,
    0x0F, 0x81, 0x80, 0x1F, 0x01, 0x80, 0x1E, 0x01, 0x80, 0x00, 0x03, 0x80, 0x00, 0x03, 0x80, 0x00,
    0x01, 0x80, 0x00, 0x00, 0x00, 0x08, 0x03, 0x00, 0x1C, 0x03, 0x80, 0x0E, 0x03, 0x80, 0x07, 0x03,
    0x00, 0x03, 0x83, 0x00, 0x00, 0x03, 0x00, 0x00, 0x03, 0x00, 0x1C, 0x07, 0x00, 0xFE, 0x07, 0x00,
    0x7E, 0x07, 0x80, 0x0E, 0x07, 0x80, 0x0C, 0x07, 0x80, 0x0C, 0x0E, 0xC0, 0x0C, 0x0C, 0xE0, 0x0C,
    0x5C, 0x60, 0x0D, 0xD8, 0x70, 0x0F, 0xB8, 0x30, 0x0F, 0x70, 0x38, 0x3E, 0x60, 0x1C, 0x1C, 0xC0,
    0x0E, 0x01, 0x80, 0x0F, 0x03, 0x00, 0x06, 0x10, 0x00, 0x00, 0x1C, 0x7F, 0xF0, 0x0E, 0x7F, 0xF8,
    0x0F, 0x38, 0x38, 0x07, 0x00, 0x30, 0x02, 0x00, 0x30, 0x00, 0x00, 0x30, 0x1C, 0x00, 0x30, 0xFE,
    0x3F, 0xF0, 0x7E, 0x3F, 0xF0, 0x0E, 0x38, 0x00, 0x0E, 0x38, 0x00, 0x0E, 0x38, 0x00, 0x0E, 0x38,
    0x02, 0x0E, 0x38, 0x02, 0x0E, 0xF8, 0x02, 0x0F, 0xB8, 0x06, 0x0F, 0x38, 0x06, 0x1E, 0x3F, 0xFE,
    0x1C, 0x1F, 0xFE, 0x00, 0x03, 0xC0, 0x18, 0x3F, 0xC0, 0x38, 0x7F, 0x80, 0x38, 0xC3, 0x00, 0x39,
    0x86, 0x00, 0x73, 0x0C, 0x00, 0x46, 0x18, 0x00, 0x1C, 0x3F, 0xFE, 0x30, 0x7F, 0xFE, 0xC0, 0x00,
    0xDD, 0xFF, 0xC0, 0x31, 0xFF, 0x80, 0x61, 0x87, 0x00, 0xC3, 0x1C, 0x01, 0x87, 0x30, 0x03, 0x37,
    0xE0, 0x06, 0xC7, 0x80, 0x0F, 0x0F, 0x80, 0x1E, 0x3F, 0x80, 0x79, 0xE3, 0xC0, 0x4F, 0x03, 0xF0,
    0x38, 0x01, 0xE0, 0x00, 0x00, 0x00, 0x10, 0x00, 0x00, 0x18, 0x00, 0x38, 0x0E, 0x7F, 0xFC, 0x0E,
    0x3F, 0xF0, 0x07, 0x01, 0x80, 0x03, 0x01, 0x80, 0x00, 0x01, 0x80, 0x1C, 0x01, 0x80, 0xFE, 0x39,
    0x80, 0x7E, 0x39, 0xF8, 0x0C, 0x39, 0xF8, 0x0C, 0x39, 0x80, 0x0C, 0x39, 0x80, 0x0C, 0x39, 0x80,
    0x0C, 0x39, 0x80, 0x0D, 0xB9, 0x80, 0x0F, 0x99, 0x80, 0x0F, 0x19, 0x80, 0x1E, 0xFF, 0xFE, 0x1C,
    0xFF, 0xFE, 0x00, 0x02, 0x00, 0x00, 0x03, 0x00, 0x18, 0x07, 0x00, 0x1C, 0x07, 0x00, 0x0E, 0x0F,
    0x80, 0x07, 0x0D, 0xC0, 0x03, 0x1C, 0xE0, 0x00, 0x3B, 0x78, 0x00, 0x33, 0xBC, 0xFE, 0x67, 0x1E,
    0xFE, 0xCE, 0x87, 0x0E, 0x1C, 0xC0, 0x0C, 0x39, 0xC0, 0x0C, 0x63, 0x80, 0x0C, 0x07, 0x30, 0x0C,
    0x0E, 0x38, 0x0C, 0xDC, 0x70, 0x0D, 0xB0, 0xE0, 0x0F, 0x01, 0xC0, 0x1E, 0x07, 0x80, 0x1C, 0x1F,
    0x00, 0x08, 0x7C, 0x00, 0x01, 0xF0, 0x00, 0x00, 0x00, 0x00, 0x18, 0x00, 0xF8, 0x71, 0xFF, 0xF0,
    0xE3, 0xFF, 0xC1, 0xC0, 0x07, 0x03, 0x00, 0x1C, 0x03, 0xFF, 0x70, 0x07, 0xFD, 0xFF, 0x80, 0x07,
    0xFE, 0x40, 0x1C, 0x39, 0xFE, 0x70, 0xC7, 0xF9, 0xC3, 0x1C, 0x67, 0x0C, 0x31, 0x9C, 0x30, 0xFE,
    0x60, 0xCF, 0xF9, 0x83, 0x6C, 0x06, 0x0F, 0x00, 0x18, 0x78, 0x04, 0x61, 0xC0, 0x1D, 0x82, 0x00,
    0x3E, 0x00, 0x00, 0x78, 0x00, 0x00, 0x40, 0x00, 0x01, 0x00, 0x00, 0x01, 0xC0, 0x02, 0x00, 0x78,
    0x01, 0xC0, 0x3E, 0x00, 0xE0, 0x1B, 0x80, 0x38, 0x0C, 0xE0, 0x0E, 0x06, 0x20, 0x02, 0x03, 0xF8,
    0x00, 0xFF, 0xFE, 0x3F, 0x3F, 0xE0, 0x1F, 0x80, 0x30, 0x04, 0xC0, 0x18, 0x00, 0x67, 0xFE, 0x00,
    0x31, 0xFF, 0x00, 0x18, 0x31, 0x80, 0x0C, 0x18, 0xC0, 0x06, 0x4C, 0x70, 0x03, 0x66, 0xD8, 0x81,
    0xE3, 0xEE, 0x41, 0xFF, 0xC3, 0x21, 0xE7, 0x01, 0xF0, 0x60, 0x00, 0x78, 0x00, 0x00, 0x1C, 0x00,
    0x00, 0x04, 0x00, 0x00, 0x00, 0x00, 0x06, 0x00, 0x60, 0x0E, 0x00, 0xE0, 0x1C, 0x00, 0xE0, 0x3B,
    0xC0, 0xFF, 0xFF, 0xC0, 0xDF, 0xFC, 0x00, 0x03, 0x80, 0x00, 0x06, 0x61, 0xFC, 0x7C, 0xE3, 0xF8,
    0xF3, 0x80, 0x60, 0xFE, 0x00, 0xC0, 0xF9, 0x81, 0x80, 0x77, 0x03, 0x01, 0xCC, 0x06, 0x07, 0x38,
    0x0D, 0xB8, 0xE0, 0x1F, 0xE3, 0x80, 0x3D, 0x0F, 0x80, 0xF0, 0x7B, 0xC1, 0xC1, 0xC3, 0xC0, 0x0F,
    0x03, 0xC0, 0x30, 0x03, 0x00, 0x00, 0x00, 0x00, 0x00, 0x10, 0x60, 0x10, 0x18, 0x70, 0x18, 0x1C,
    0x60, 0x0E, 0x0E, 0xC0, 0x0E, 0x07, 0xC0, 0x07, 0x7F, 0xFC, 0x03, 0x7F, 0xFC, 0x00, 0x03, 0x80,
    0x1C, 0x03, 0x80, 0xFE, 0x3F, 0xF8, 0x7E, 0x3F, 0xF8, 0x0C, 0x03, 0x80, 0x0C, 0x03, 0x80, 0x0C,
    0xFF, 0xFE, 0x0C, 0xFF, 0xFE, 0x0C, 0x73, 0x80, 0x0D, 0x83, 0x80, 0x0F, 0x83, 0x80, 0x0F, 0x03,
    0x80, 0x1E, 0x03, 0x80, 0x1C, 0x03, 0x80, 0x00, 0x03, 0x00, 0x00, 0x01, 0x00, 0x08, 0x01, 0xFC,
    0x07, 0x1F, 0xFE, 0x03, 0x8F, 0xE0, 0x00, 0xE0, 0x60, 0x00, 0x38, 0x3F, 0x80, 0x09, 0xFF, 0xC0,
    0x00, 0x7C, 0x60, 0xFC, 0x0C, 0x30, 0x7E, 0x06, 0x38, 0x13, 0x07, 0xFF, 0x81, 0xBF, 0xFF, 0xE0,
    0xCF, 0xC0, 0x00, 0x60, 0x00, 0x00, 0x30, 0xFF, 0xC0, 0x19, 0x7F, 0xE0, 0x0D, 0xB0, 0x30, 0x07,
    0x98, 0x18, 0x07, 0x8C, 0x0C, 0x07, 0x87, 0xFE, 0x01, 0x83, 0xFF, 0x00, 0x01, 0x80, 0x00, 0x00,
    0x00, 0x00, 0x00, 0x20, 0xE0, 0x18, 0x3F, 0xF0, 0x1C, 0x3F, 0xF0, 0x0E, 0x30, 0x70, 0x07, 0x30,
    0x70, 0x07, 0x3F, 0xF0, 0x02, 0x3F, 0xF0, 0x00, 0x18, 0x00, 0xFC, 0x03, 0xF0, 0xFE, 0x7F, 0xF8,
    0x6E, 0x3F, 0x00, 0x0C, 0x07, 0x00, 0x0C, 0x07, 0x7C, 0x0C, 0xFF, 0xFE, 0x0C, 0xFF, 0xF8, 0x0C,
    0xC7, 0x80, 0x0D, 0x8F, 0xC0, 0x0F, 0x1C, 0xE0, 0x0F, 0x38, 0x70, 0x1E, 0x70, 0x3C, 0x08, 0xE0,
    0x1E, 0x01, 0x80, 0x06, 0x00, 0x03, 0x00, 0x00, 0x03, 0x00, 0x18, 0x03, 0x00, 0x1C, 0x7F, 0xF8,
    0x0E, 0x7F, 0xF0, 0x07, 0x03, 0x60, 0x03, 0x3F, 0xF0, 0x00, 0x1F, 0x00, 0x00, 0x03, 0xFE, 0xFE,
    0xFF, 0xFE, 0xFE, 0xFE, 0x00, 0x0C, 0x3F, 0xF0, 0x0C, 0x3F, 0xF8, 0x0C, 0x30, 0x38, 0x0C, 0x3F,
    0xF8, 0x0C, 0x3F, 0xF8, 0x0C, 0xF0, 0x38, 0x0F, 0xBF, 0xF8, 0x0F, 0x3F, 0xF8, 0x1E, 0x30, 0x38,
    0x1C, 0x31, 0xB8, 0x00, 0x30, 0xF8, 0x00, 0x30, 0x70, 0x00, 0x00, 0x00, 0x00, 0x02, 0x00, 0x00,
    0x06, 0x00, 0x60, 0x0C, 0x00, 0xE0, 0x3F, 0x80, 0xE3, 0xFF, 0x00, 0xE3, 0xE0, 0x00, 0xC0, 0xC2,
    0x00, 0x7F, 0xFE, 0x00, 0x7F, 0xFD, 0xFC, 0x23, 0xB1, 0xF8, 0xF7, 0xC0, 0x60, 0xFE, 0x00, 0xC6,
    0x5C, 0x01, 0x8F, 0x30, 0x03, 0x0E, 0x60, 0x06, 0x01, 0xDE, 0x0C, 0xFF, 0xFE, 0x19, 0xFF, 0x80,
    0x36, 0x3B, 0x80, 0x78, 0xE7, 0x83, 0xE3, 0x83, 0x83, 0x8E, 0x03, 0x80, 0x30, 0x03, 0x00, 0x00,
    0x00, 0x00, 0x03, 0x00, 0x20, 0x03, 0x00, 0x7F, 0xC3, 0x00, 0x3F, 0xC7, 0x00, 0x30, 0xC7, 0x00,
    0x36, 0xC6, 0x7C, 0x36, 0xCF, 0xFE, 0x36, 0xCF, 0xF0, 0x36, 0xCC, 0x30, 0x36, 0xDE, 0x70, 0x36,
    0xDE, 0x60, 0x36, 0xF7, 0x60, 0x36, 0xE3, 0xE0, 0x36, 0xC3, 0xC0, 0x3E, 0xC1, 0xC0, 0x3F, 0xC1,
    0xC0, 0x0F, 0x83, 0xE0, 0x0D, 0xC7, 0x70, 0x18, 0xCE, 0x38, 0x38, 0xFC, 0x1C, 0x60, 0x70, 0x0E,
    0x40, 0x60, 0x07, 0x00, 0x00, 0x00, 0x00, 0x08, 0x00, 0x67, 0x8C, 0x10, 0x7F, 0xCC, 0x38, 0x7D,
    0xCC, 0x38, 0x60, 0xCC, 0x70, 0x7C, 0xCC, 0xE0, 0x7E, 0xCD, 0xC0, 0x76, 0xCF, 0x00, 0x77, 0xCC,
    0x0C, 0x77, 0xFF, 0xFE, 0x77, 0xFF, 0xFC, 0x3F, 0xDD, 0x80, 0x3F, 0xCD, 0xC0, 0x3F, 0xCC, 0xC0,
    0x7D, 0xCC, 0xE0, 0x3C, 0x8C, 0x60, 0x0F, 0x0C, 0x70, 0x1F, 0x8C, 0xB8, 0x19, 0xCF, 0x9C, 0x30,
    0xCF, 0x0E, 0x60, 0xFE, 0x0E, 0xC0, 0x18, 0x04, 0x03, 0x00, 0x00, 0x01, 0x85, 0xFE, 0x00, 0xC3,
    0xFF, 0x80, 0x60, 0xD9, 0xC1, 0xFF, 0x1C, 0xE0, 0xFF, 0x0C, 0x60, 0x0C, 0x0E, 0x30, 0x06, 0x07,
    0xF8, 0x7F, 0xFE, 0x7C, 0x1F, 0xFE, 0x0C, 0x00, 0xE1, 0xFF, 0x03, 0x60, 0xFF, 0x81, 0xFF, 0x70,
    0xC0, 0xDF, 0x98, 0x60, 0x6C, 0x0C, 0x30, 0x3E, 0x07, 0xF8, 0x3F, 0x03, 0xFC, 0x1B, 0xE1, 0xE0,
    0x0C, 0x7E, 0xC0, 0x0C, 0x0F, 0xFE, 0x04, 0x00, 0xFF, 0xFC, 0x00, 0x01, 0xF8, 0x03, 0xFF, 0xE0,
    0x01, 0xFF, 0xF0, 0x00, 0xC0, 0x18, 0x00, 0x70, 0x0C, 0x00, 0x38, 0x06, 0x00, 0x1C, 0x07, 0x00,
    0x0F, 0xFF, 0x80, 0x07, 0xFF, 0xC0, 0x01, 0x9C, 0x00, 0x00, 0x8E, 0x00, 0x00, 0x67, 0x00, 0x00,
    0x73, 0xFE, 0x00, 0x39, 0xFF, 0x00, 0x18, 0xE0, 0x00, 0x1C, 0x70, 0x00, 0x0F, 0xB8, 0x00, 0x0D,
    0xFC, 0x00, 0x0E, 0x1F, 0xC0, 0x0E, 0x03, 0xFF, 0x86, 0x00, 0x3F, 0xF6, 0x00, 0x00, 0xF0, 0x00,
    0x00, 0x00, 0x00, 0x00, 0x06, 0x1F, 0xF7, 0xFF, 0x8F, 0xFB, 0xFF, 0x87, 0x1D, 0x80, 0x03, 0x8E,
    0xC0, 0x00, 0xC7, 0x60, 0x00, 0x7F, 0xBF, 0xF0, 0x3F, 0xDF, 0xF8, 0x1B, 0x0C, 0x1C, 0x19, 0x86,
    0x0E, 0x0E, 0xFB, 0x06, 0x03, 0x7D, 0x9F, 0x01, 0xB0, 0xFF, 0xC0, 0xD8, 0x7F, 0x80, 0x6C, 0x30,
    0x00, 0x36, 0x38, 0x00, 0x1B, 0xFC, 0x00, 0x0F, 0xE6, 0x1F, 0x9F, 0x83, 0xFF, 0xEF, 0x01, 0xFF,
    0xE0, 0x00, 0xC0, 0x00, 0x00, 0x10, 0x20, 0x27, 0xDF, 0xF0, 0x3F, 0xDF, 0xF0, 0x3C, 0xD8, 0x30,
    0x30, 0xD8, 0xF0, 0x30, 0xDF, 0xF0, 0x31, 0xDF, 0xF0, 0x3F, 0xD8, 0x70, 0x3F, 0xD8, 0x70, 0x16,
    0x1F, 0xF8, 0x36, 0x1F, 0xFC, 0x37, 0xDB, 0x1C, 0x37, 0xDB, 0xB8, 0x36, 0x19, 0xF0, 0x36, 0x19,
    0xE0, 0x36, 0x18, 0xE0, 0x36, 0x78, 0x70, 0x37, 0xF8, 0xB8, 0x3F, 0x9F, 0x9C, 0xFC, 0x1E, 0x1E,
    0xF0, 0x7C, 0x07, 0x00, 0x30, 0x02, 0x00, 0x00, 0x60, 0x00, 0x03, 0xB0, 0x0F, 0xF0, 0xD8, 0x07,
    0xF8, 0x6C, 0x03, 0x8C, 0x36, 0x40, 0xC7, 0x9B, 0x70, 0x63, 0xED, 0xB8, 0x3F, 0xB6, 0xF8, 0x1F,
    0xDF, 0x78, 0x0F, 0x87, 0xB8, 0x0D, 0xC0, 0xD8, 0x07, 0xF9, 0xEE, 0x03, 0xFF, 0xF7, 0xC1, 0xFB,
    0xF3, 0xF0, 0xFD, 0xD9, 0xB8, 0x7E, 0x0C, 0xC3, 0x1F, 0x6E, 0x61, 0x8F, 0xE6, 0x30, 0xCF, 0xE6,
    0x18, 0x6F, 0x87, 0x0F, 0xF7, 0x07, 0x07, 0xF0, 0x06, 0x00, 0xF0, 0x00, 0x00, 0x00, 0x06, 0x03,
    0x80, 0x06, 0x01, 0x80, 0x0E, 0x03, 0x80, 0x0C, 0x83, 0x00, 0x7F, 0xFF, 0xFC, 0x7F, 0xDF, 0xF8,
    0x1C, 0x07, 0x00, 0x1F, 0x06, 0x00, 0x1F, 0x7F, 0xFE, 0x3F, 0x7F, 0xFE, 0x3F, 0xDE, 0x00, 0x7F,
    0xCC, 0x00, 0x37, 0x0C, 0x78, 0x07, 0x0F, 0xF8, 0x07, 0xCF, 0xF8, 0x0F, 0x80, 0x30, 0xFF, 0x00,
    0x70, 0xFF, 0x0E, 0xE0, 0x67, 0x07, 0xC0, 0x07, 0x03, 0xC0, 0x07, 0x01, 0xE0, 0x07, 0x00, 0xF0,
    0x02, 0x00, 0x60, 0x00, 0x08, 0x00, 0x03, 0x8E, 0x00, 0x01, 0x8F, 0x80, 0x01, 0xF7, 0xE0, 0x1F,
    0xFE, 0x70, 0x1F, 0xC6, 0x70, 0x01, 0x87, 0xFC, 0x7F, 0xFF, 0xFC, 0x7F, 0xFF, 0x00, 0x03, 0x07,
    0x00, 0x03, 0x33, 0x10, 0x3F, 0xFB, 0x18, 0x1F, 0x83, 0x38, 0x0D, 0x83, 0xB0, 0x0D, 0xF1, 0xF0,
    0x1F, 0xF9, 0xE0, 0x1F, 0x81, 0xC2, 0x01, 0xB9, 0xE2, 0x07, 0xF3, 0xE2, 0x7F, 0x87, 0x76, 0x7F,
    0x8C, 0x3E, 0x01, 0x98, 0x1E, 0x01, 0x90, 0x0E, 0x00, 0x80, 0x00, 0x00, 0x00, 0x00, 0x0E, 0x00,
    0x00, 0x0E, 0x3F, 0xF0, 0x0E, 0x1F, 0xF0, 0x0C, 0xD8, 0x30, 0x7F, 0xF8, 0x70, 0x7F, 0xDF, 0xF8,
    0x18, 0x1F, 0x00, 0x1E, 0x0F, 0xFC, 0x3E, 0x7F, 0xFE, 0x3E, 0x3C, 0x30, 0x3F, 0xDF, 0xF0, 0x7F,
    0xDF, 0xF0, 0x36, 0x18, 0x30, 0x06, 0x5F, 0xF0, 0x07, 0xDF, 0xF0, 0x1F, 0x1C, 0x30, 0xFE, 0x1F,
    0xFF, 0xF6, 0xFF, 0xFF, 0x06, 0xFC, 0x30, 0x06, 0x00, 0x30, 0x06, 0x00, 0x30, 0x06, 0x00, 0x30,
    0x02, 0x00, 0x30, 0x00, 0x00, 0x00, 0x0E, 0x01, 0x80, 0x0E, 0x03, 0x80, 0x0C, 0x07, 0x80, 0x0C,
    0x87, 0xC0, 0xFF, 0xCE, 0xF0, 0x7F, 0xDC, 0x78, 0x18, 0x3F, 0xFE, 0x3E, 0x7F, 0xEF, 0x36, 0xE0,
    0x1F, 0x36, 0x3F, 0x5C, 0x7F, 0xFF, 0x7C, 0x7F, 0xF3, 0x6C, 0x06, 0x3F, 0x6C, 0x06, 0x3F, 0x6C,
    0x07, 0xF3, 0x6C, 0x3F, 0x3F, 0x6C, 0xFE, 0x3F, 0x6C, 0xF6, 0x33, 0x4C, 0x06, 0x33, 0x0C, 0x06,
    0x3B, 0x4C, 0x06, 0x3F, 0x7C, 0x06, 0x37, 0x3C, 0x02, 0x00, 0x08, 0x00, 0x00, 0x00, 0x00, 0x00,
    0xC0, 0x06, 0x00, 0x60, 0x03, 0x80, 0x30, 0x00, 0xE0, 0x38, 0x00, 0x38, 0x1C, 0x40, 0x1D, 0xFF,
    0xF0, 0x00, 0xFF, 0xF8, 0x07, 0x07, 0x1C, 0x3F, 0x83, 0x0E, 0x0F, 0xC3, 0x87, 0x01, 0xC1, 0x83,
    0x00, 0xC1, 0xC1, 0x80, 0xE0, 0xC0, 0xC0, 0x38, 0xE0, 0xE0, 0x0E, 0x6E, 0x70, 0x07, 0x63, 0xF0,
    0x07, 0xE0, 0xF8, 0x0F, 0xA0, 0x1C, 0x0F, 0xFE, 0x00, 0x07, 0x7F, 0xFF, 0x00, 0x00, 0xFF, 0xF8,
    0x00, 0x01, 0xFC, 0x00, 0x00, 0x80, 0x00, 0x00, 0xC0, 0x30, 0x00, 0xC0, 0x38, 0x00, 0xC0, 0x1C,
    0x00, 0xC0, 0x0E, 0x00, 0xD8, 0x0F, 0xFF, 0xFC, 0x04, 0xFF, 0xF8, 0x0E, 0x00, 0xC0, 0xFE, 0x30,
    0xC0, 0x7E, 0x38, 0xC0, 0x1C, 0x38, 0xC0, 0x18, 0x1C, 0xC0, 0x38, 0x0E, 0xC0, 0x1C, 0x04, 0xC0,
    0x0E, 0x00, 0xC0, 0x0E, 0x0E, 0xC0, 0x1C, 0x07, 0xC0, 0x7C, 0x03, 0xC0, 0xFF, 0xF1, 0xC0, 0xEF,
    0xFF, 0xE0, 0x00, 0x3F, 0xFE, 0x00, 0x00, 0xFE, 0x00, 0x00, 0x30, 0x18, 0x00, 0x7C, 0x0F, 0x0D,
    0xFC, 0x03, 0xC3, 0xF0, 0x00, 0xF1, 0x80, 0x00, 0x38, 0xC0, 0x00, 0x00, 0x60, 0xF8, 0x0C, 0x3F,
    0xFC, 0x7F, 0x1F, 0xF0, 0x1F, 0x8C, 0x60, 0x03, 0x8E, 0x30, 0x01, 0x86, 0x18, 0x01, 0xC3, 0x0C,
    0x00, 0x71, 0x86, 0x00, 0x1D, 0x83, 0x00, 0x0E, 0xC1, 0x80, 0x0E, 0xC0, 0xC0, 0x0E, 0x00, 0x60,
    0x1F, 0xF8, 0x30, 0x0F, 0xFF, 0xF8, 0x00, 0x03, 0xFF, 0xF0, 0x00, 0x07, 0xF8, 0x00, 0x00, 0x30,
    0x0C, 0x00, 0x7C, 0x07, 0x0F, 0xFC, 0x01, 0xC7, 0xF0, 0x00, 0x73, 0x80, 0x00, 0x39, 0xC0, 0x00,
    0x08, 0xFF, 0xE0, 0x0C, 0x7F, 0xF0, 0x7F, 0x30, 0x38, 0x1F, 0x9F, 0x18, 0x03, 0x8D, 0xDC, 0x01,
    0x86, 0x7C, 0x01, 0xC6, 0x1C, 0x00, 0x73, 0x0F, 0x00, 0x1F, 0x8F, 0xC0, 0x0F, 0x9C, 0x70, 0x0F,
    0x9C, 0x1C, 0x0F, 0x98, 0x07, 0x1F, 0xFC, 0x01, 0x0F, 0xFF, 0xFC, 0x00, 0x03, 0xFF, 0xF0, 0x00,
    0x07, 0xF8, 0x00, 0x10, 0xC0, 0x60, 0x31, 0x80, 0xE0, 0x63, 0x00, 0xE0, 0xC6, 0x00, 0xE9, 0xFF,
    0x80, 0xDF, 0xFF, 0x00, 0x1E, 0x30, 0x06, 0x0C, 0x60, 0xFE, 0x18, 0xC0, 0xFC, 0x31, 0x80, 0x77,
    0xFF, 0xF8, 0xCF, 0xFF, 0xF3, 0x83, 0x8C, 0x03, 0x86, 0x18, 0x03, 0x9C, 0x30, 0x07, 0x30, 0x60,
    0x1C, 0xC0, 0xC0, 0x7B, 0x01, 0x83, 0xFF, 0x03, 0x07, 0xFF, 0xFC, 0x00, 0x07, 0xFF, 0xE0, 0x00,
    0x7F, 0xC0, 0x00, 0x00, 0x00, 0x38, 0x00, 0x70, 0x1C, 0x7F, 0xF0, 0x0E, 0x7F, 0xE0, 0x0E, 0x00,
    0x00, 0x06, 0x00, 0x00, 0x00, 0x00, 0x18, 0x0D, 0xFF, 0xFC, 0xFF, 0xFF, 0xFC, 0x7E, 0x19, 0x80,
    0x1C, 0x19, 0x80, 0x18, 0x19, 0x80, 0x38, 0x39, 0x86, 0x1C, 0x31, 0x86, 0x0E, 0x71, 0x86, 0x0E,
    0x61, 0x86, 0x1C, 0xC1, 0xFE, 0x7D, 0x80, 0xFC, 0xFF, 0xF0, 0x00, 0xE7, 0xFF, 0xE0, 0x00, 0x3F,
    0xFE, 0x00, 0x00, 0xFE, 0x00, 0x03, 0x00, 0x0C, 0x01, 0x80, 0x07, 0x01, 0xC0, 0x01, 0xC0, 0xC7,
    0x80, 0x7F, 0xFF, 0xE0, 0x3B, 0xFF, 0xC0, 0x00, 0x36, 0x00, 0x0C, 0x3B, 0x00, 0x7F, 0x19, 0x80,
    0x1F, 0x9F, 0xFC, 0x03, 0x8F, 0xFE, 0x01, 0x80, 0x30, 0x01, 0xC0, 0x18, 0x00, 0x77, 0xFF, 0xF8,
    0x1F, 0xFF, 0xFC, 0x0E, 0x03, 0x00, 0x0E, 0x01, 0x80, 0x0E, 0x00, 0xC0, 0x1F, 0xF8, 0x60, 0x0F,
    0xFF, 0xF8, 0x00, 0x03, 0xFF, 0xF0, 0x00, 0x0F, 0xF8, 0x00, 0x30, 0xF0, 0x0C, 0x1F, 0xF8, 0x07,
    0x0F, 0xFC, 0x01, 0xC7, 0x06, 0x00, 0x73, 0xFF, 0x00, 0x39, 0xFF, 0x80, 0x00, 0xE1, 0xC0, 0x0C,
    0x7F, 0xE0, 0x7F, 0x3F, 0xF0, 0x1F, 0x9E, 0x06, 0x03, 0x8F, 0xC7, 0x01, 0x87, 0xFF, 0x01, 0xC3,
    0x9E, 0x00, 0x71, 0xC7, 0x00, 0x1C, 0xE7, 0xE0, 0x0E, 0x7E, 0x78, 0x0E, 0xFC, 0x1E, 0x1F, 0x38,
    0x06, 0x1F, 0xFC, 0x00, 0x0F, 0xFF, 0xFC, 0x00, 0x03, 0xFF, 0xF0, 0x00, 0x07, 0xF8, 0x00, 0x00,
    0x00, 0x00, 0x00, 0xC0, 0x30, 0x30, 0xC0, 0x38, 0x39, 0xC0, 0x1C, 0x1D, 0x80, 0x0E, 0x0F, 0x80,
    0x06, 0x7F, 0xF0, 0x00, 0x7F, 0xF0, 0x0E, 0x06, 0x00, 0xFE, 0x06, 0x00, 0x7F, 0xFF, 0xF8, 0x1D,
    0xFF, 0xFC, 0x18, 0x6E, 0x00, 0x38, 0x0F, 0x80, 0x1C, 0x1F, 0xC0, 0x0E, 0x38, 0xE0, 0x0E, 0x70,
    0x70, 0x1C, 0xE0, 0x38, 0x7D, 0x80, 0x18, 0xFF, 0xE0, 0x00, 0xEF, 0xFF, 0xE0, 0x00, 0x3F, 0xFF,
    0x00, 0x00, 0xFE, 0x00, 0x00, 0x00, 0x00, 0x00, 0xE0, 0x30, 0x03, 0xE0, 0x38, 0x1F, 0xC0, 0x1C,
    0x7F, 0x00, 0x0E, 0x47, 0x00, 0x06, 0x07, 0x08, 0x01, 0xFF, 0xFC, 0x0F, 0xFF, 0xFC, 0xFE, 0x07,
    0x00, 0x7E, 0x07, 0x00, 0x1C, 0x7F, 0xF0, 0x18, 0x7F, 0xF0, 0x38, 0x70, 0x30, 0x1C, 0x70, 0x70,
    0x0E, 0x70, 0x70, 0x0E, 0x30, 0x60, 0x1C, 0x3F, 0xF0, 0x7C, 0x3F, 0xE0, 0xFF, 0xF0, 0x00, 0xEF,
    0xFF, 0xE0, 0x00, 0x3F, 0xFF, 0x00, 0x00, 0xFE, 0x00, 0x00, 0x00, 0x00, 0x40, 0xC1, 0x81, 0xC3,
    0x83, 0x81, 0xC7, 0x03, 0x81, 0xDC, 0x03, 0x81, 0xF3, 0x03, 0xBF, 0xFF, 0x00, 0x7F, 0xFC, 0x0C,
    0x07, 0x31, 0xFC, 0xCE, 0x61, 0xF9, 0x9C, 0xC0, 0xE3, 0x31, 0x81, 0x87, 0xFF, 0x07, 0x0F, 0xFE,
    0x07, 0x1F, 0x8C, 0x07, 0x07, 0x00, 0x0E, 0x1C, 0x00, 0x38, 0x30, 0x00, 0xE0, 0xC0, 0x07, 0xFF,
    0x00, 0x0F, 0xFF, 0xF0, 0x00, 0x1F, 0xFF, 0xC0, 0x00, 0xFF, 0x80, 0x00, 0x06, 0x00, 0x00, 0x07,
    0x00, 0x70, 0x3B, 0x00, 0x38, 0x3B, 0x00, 0x1C, 0x3B, 0x60, 0x1E, 0x3F, 0xF0, 0x0E, 0x7F, 0xE0,
    0x00, 0x63, 0x00, 0x0C, 0xC3, 0x00, 0xFE, 0x8F, 0xFE, 0x7D, 0xFF, 0xFE, 0x1C, 0xFF, 0x80, 0x38,
    0x19, 0x80, 0x38, 0x19, 0x86, 0x1C, 0x39, 0x86, 0x0E, 0x31, 0x86, 0x0E, 0x61, 0x86, 0x1C, 0xC1,
    0xFE, 0x39, 0x81, 0xFC, 0xFF, 0xC0, 0x00, 0xFF, 0xFF, 0x00, 0x00, 0x7F, 0xFF, 0x00, 0x03, 0xFE,
    0x00, 0x06, 0x00, 0x00, 0x0C, 0x01, 0x80, 0x18, 0x03, 0xC0, 0x3F, 0x83, 0xDF, 0xFF, 0x83, 0x9F,
    0xC0, 0x03, 0xB3, 0xFC, 0x00, 0x7F, 0xF8, 0x0C, 0xFE, 0x31, 0xFC, 0xCC, 0x61, 0xF9, 0xFF, 0xC0,
    0xE3, 0xFF, 0x81, 0x87, 0xE0, 0x07, 0x03, 0xF0, 0x07, 0x0F, 0xF8, 0x07, 0x3B, 0x78, 0x0E, 0xC6,
    0x38, 0x3B, 0x0C, 0x30, 0xE0, 0x18, 0x07, 0xFE, 0x30, 0x0F, 0xFF, 0xF8, 0x00, 0x0F, 0xFF, 0xC0,
    0x00, 0x7F, 0x80, 0x03, 0x80, 0x00, 0x03, 0x83, 0xFE, 0x01, 0x81, 0xFE, 0x07, 0xF9, 0x8E, 0x3F,
    0xFD, 0x8C, 0x1E, 0x21, 0x9C, 0x0C, 0x71, 0x98, 0x0E, 0x61, 0xB0, 0x06, 0x61, 0xB8, 0x06, 0xFD,
    0x9C, 0x7F, 0xFF, 0x8E, 0x7F, 0xE1, 0x86, 0x00, 0x01, 0x86, 0x1F, 0xF1, 0xC7, 0x1F, 0xF9, 0xFF,
    0x1C, 0x31, 0xBE, 0x0C, 0x31, 0x8E, 0x0C, 0x31, 0x80, 0x0F, 0xF1, 0x80, 0x0F, 0xF1, 0x80, 0x0F,
    0xE1, 0x80, 0x0C, 0x01, 0x80, 0x00, 0x00, 0x80, 0x00, 0x00, 0x00, 0x01, 0x80, 0x00, 0x01, 0x81,
    0x84, 0x01, 0x85, 0xFF, 0x1F, 0xFF, 0xFE, 0x1F, 0xFF, 0xCE, 0x01, 0x9D, 0xCC, 0x01, 0xB9, 0xDC,
    0x0F, 0xFF, 0xD8, 0x7F, 0xFF, 0xF8, 0x3D, 0xC1, 0xDC, 0x03, 0x81, 0xCE, 0x0F, 0xF9, 0xC6, 0x1F,
    0xF9, 0xC7, 0x3E, 0x19, 0xC3, 0xEE, 0x19, 0xFB, 0x0F, 0xF9, 0xFF, 0x07, 0xF9, 0xCE, 0x06, 0x19,
    0xC0, 0x06, 0x39, 0xC0, 0x07, 0xF9, 0xC0, 0x07, 0xF9, 0xC0, 0x06, 0x01, 0xC0, 0x00, 0x00, 0xC0,
    0x00, 0x00, 0x00, 0x0F, 0xFF, 0xF8, 0xFF, 0xFF, 0xF8, 0x7F, 0x80, 0x18, 0x0D, 0x80, 0x18, 0x4F,
    0xE0, 0x38, 0x7F, 0xE0, 0x38, 0x7F, 0xEC, 0x38, 0x6F, 0xE7, 0xF8, 0x6F, 0xE7, 0xF0, 0x6F, 0xE6,
    0x00, 0x79, 0xE6, 0x00, 0x78, 0x66, 0x00, 0x7F, 0xE6, 0x02, 0x7F, 0xE6, 0x02, 0x70, 0x66, 0x02,
    0x70, 0x66, 0x06, 0x7F, 0xF6, 0x06, 0x7F, 0xE7, 0xFE, 0x70, 0x07, 0xFE, 0x00, 0x00, 0xE0, 0x00,
    0x00, 0x00, 0x00, 0x03, 0x80, 0x00, 0xFF, 0x80, 0x7F, 0xF8, 0x00, 0xFF, 0x80, 0x00, 0x7F, 0xFF,
    0x9F, 0xFF, 0xFF, 0x1E, 0x1C, 0x00, 0x0F, 0xFF, 0xE0, 0x1F, 0xFF, 0xC0, 0x38, 0xC3, 0x80, 0x7F,
    0xFF, 0x00, 0x7F, 0xFC, 0x00, 0xC6, 0x18, 0x01, 0xFF, 0xF0, 0x03, 0xFF, 0xF0, 0x06, 0x30, 0x00,
    0x3F, 0xFF, 0xC0, 0x3F, 0xFF, 0x80, 0x01, 0x80, 0x00, 0x03, 0x1F, 0xDF, 0xFF, 0xFF, 0xDF, 0xFF,
    0xFE, 0x00, 0x18, 0x7F, 0x80, 0x3F, 0xFE, 0x00, 0xE0, 0x18, 0x03, 0xFF, 0xE0, 0x0F, 0xF1, 0x80,
    0x3F, 0xFE, 0x00, 0xFF, 0xF8, 0x01, 0x1F, 0xFE, 0xFF, 0xFF, 0xFB, 0xFF, 0x00, 0x01, 0xFF, 0xFC,
    0x07, 0xFF, 0xF0, 0x0F, 0xFF, 0xC0, 0x3F, 0xFE, 0x00, 0xC7, 0x18, 0x03, 0xFF, 0xF0, 0x0F, 0xF0,
    0x00, 0x7F, 0xFF, 0x00, 0xFF, 0xFC, 0x00, 0x18, 0x00, 0xFF, 0xFF, 0xFF, 0xFF, 0xFF, 0xE0, 0x08,
    0x00, 0x80, 0x0C, 0x00, 0xC0, 0x0C, 0x00, 0xC0, 0x1C, 0xC0, 0xC0, 0x1F, 0xE0, 0xC0, 0x3F, 0xC0,
    0xC0, 0x30, 0x00, 0xC0, 0x60, 0x00, 0xC0, 0xFF, 0xC0, 0xFE, 0xBF, 0xFF, 0xFE, 0x06, 0x1F, 0xFC,
    0x06, 0x00, 0xC0, 0x06, 0x00, 0xC0, 0xFF, 0xC0, 0xC0, 0x7F, 0xC0, 0xC0, 0x0E, 0x00, 0xC0, 0x0E,
    0x00, 0xC0, 0x0E, 0x20, 0xC0, 0x0E, 0xC0, 0xC0, 0x0F, 0x80, 0xC0, 0x0F, 0x00, 0xC0, 0x0E, 0x00,
    0xC0, 0x00, 0x00, 0xC0, 0x00, 0x00, 0xC0, 0x0C, 0x01, 0x80, 0x18, 0x03, 0x00, 0x30, 0x06, 0x00,
    0xEE, 0x0C, 0x01, 0xFC, 0x18, 0x07, 0xE4, 0x3F, 0x8C, 0x0F, 0xFF, 0xB0, 0x5F, 0xE7, 0xFF, 0xF9,
    0x8F, 0x7F, 0x73, 0x18, 0x38, 0xE6, 0x30, 0x71, 0xCC, 0x67, 0xFD, 0xFF, 0xCF, 0xFB, 0xFF, 0x8B,
    0x86, 0x60, 0x07, 0x00, 0xC0, 0x0E, 0x41, 0x80, 0x1D, 0x83, 0x00, 0x3E, 0x06, 0x00, 0x78, 0x0C,
    0x01, 0xE0, 0x18, 0x01, 0x80, 0x30, 0x00, 0x00, 0x60, 0x00, 0x10, 0x00, 0xC0, 0x18, 0x00, 0xC0,
    0x38, 0xC0, 0xC0, 0x33, 0xE0, 0xCC, 0x3F, 0x7F, 0xFE, 0x7F, 0x3F, 0xF0, 0x60, 0x11, 0xC0, 0xC0,
    0x03, 0xE0, 0xFF, 0xFB, 0x60, 0x3F, 0xFB, 0xFC, 0x18, 0x3F, 0xFC, 0x18, 0x30, 0x60, 0x1A, 0x60,
    0x60, 0xFF, 0xF7, 0xFE, 0x7F, 0x3F, 0xFE, 0x18, 0x18, 0x60, 0x18, 0x38, 0x60, 0x1B, 0x70, 0x60,
    0x1F, 0xF8, 0x60, 0x3D, 0xFF, 0xE0, 0x38, 0x07, 0xFF, 0x00, 0x00, 0x3E, 0x00, 0x00, 0x40, 0x0C,
    0x0C, 0xE0, 0x1C, 0x0C, 0x60, 0x18, 0x0C, 0x60, 0x1F, 0x8D, 0xFC, 0x3F, 0xFF, 0xFC, 0x30, 0x3F,
    0xE0, 0x60, 0x0C, 0xE0, 0xFF, 0x8E, 0xE0, 0xBF, 0xFF, 0xFE, 0x0C, 0xFF, 0xFE, 0x0C, 0x00, 0x00,
    0x0F, 0x90, 0x00, 0xFF, 0xDF, 0xF8, 0x7C, 0x1F, 0xF8, 0x0C, 0x18, 0x30, 0x0C, 0xDF, 0xF0, 0x0D,
    0x9F, 0xF0, 0x0F, 0x98, 0x30, 0x0F, 0x18, 0x30, 0x1E, 0x1F, 0xF0, 0x1C, 0x1F, 0xF8, 0x00, 0x18,
    0x00, 0x00, 0x08, 0x00, 0x00, 0x00, 0x00, 0x18, 0x00, 0xC0, 0x18, 0x00, 0xC0, 0x38, 0x01, 0xF0,
    0x3F, 0x07, 0xF8, 0x3F, 0xF8, 0xD8, 0x60, 0xFF, 0xFE, 0x60, 0x3F, 0xFC, 0xC2, 0x70, 0xD8, 0xFF,
    0x67, 0xF8, 0x3E, 0x63, 0xF8, 0x18, 0xF8, 0xD0, 0x18, 0xFF, 0xF8, 0x3F, 0x3B, 0xF0, 0xFF, 0xB0,
    0xFC, 0x78, 0x3F, 0xFE, 0x18, 0xF2, 0xC0, 0x19, 0xF8, 0xC0, 0x19, 0xFC, 0xC0, 0x1F, 0x6F, 0xC0,
    0x1E, 0xC3, 0xF8, 0x3C, 0x80, 0xFF, 0x11, 0x80, 0x1E, 0x0E, 0x00, 0x00, 0x07, 0x0F, 0xFF, 0x03,
    0x87, 0xFF, 0x83, 0xFF, 0x81, 0xC1, 0xFF, 0xC0, 0xC1, 0xC0, 0xE3, 0xE0, 0xC0, 0x7F, 0xF8, 0xFF,
    0xBF, 0xC0, 0x5F, 0xDC, 0x60, 0x03, 0x0C, 0x30, 0x01, 0x87, 0xFF, 0xC0, 0xFB, 0xFF, 0xE7, 0xFF,
    0x86, 0x01, 0xF8, 0xC3, 0x00, 0x18, 0x79, 0xF0, 0x0C, 0xFF, 0xFC, 0x07, 0xF3, 0x06, 0x03, 0xD9,
    0x87, 0x03, 0xD8, 0xC3, 0x01, 0xCC, 0x7F, 0xC0, 0x04, 0x3F, 0xE0, 0x06, 0x18, 0x00, 0x00, 0x00,
    0x00, 0x00, 0x02, 0x00, 0x08, 0x03, 0x00, 0x1C, 0x03, 0x00, 0x1C, 0x3F, 0xF8, 0x1F, 0xBF, 0xF8,
    0x3F, 0x8C, 0xE0, 0x30, 0x0E, 0xC0, 0x60, 0x07, 0xFC, 0xFF, 0xFF, 0xFE, 0xBF, 0xFE, 0x00, 0x0C,
    0x3F, 0xF8, 0x0C, 0x3F, 0xF8, 0x0C, 0x30, 0xF0, 0xFF, 0xFF, 0xF0, 0x7F, 0x98, 0x30, 0x0C, 0x1F,
    0xF0, 0x0C, 0x1F, 0xF0, 0x0C, 0xCE, 0xC2, 0x0F, 0x8C, 0xC2, 0x0F, 0x1C, 0xC2, 0x1E, 0x38, 0xC6,
    0x1C, 0xF0, 0xFE, 0x01, 0xC0, 0x7C, 0x07, 0x00, 0x00, 0x03, 0x00, 0xC0, 0x03, 0x01, 0xC0, 0x03,
    0x03, 0xC0, 0x03, 0x07, 0x80, 0x03, 0x0E, 0x00, 0x03, 0x3C, 0x00, 0x03, 0xF0, 0x00, 0x03, 0x00,
    0x08, 0x7F, 0xFF, 0xFC, 0xFF, 0xFF, 0xFC, 0x7B, 0x38, 0x00, 0x03, 0x18, 0x00, 0x03, 0x1C, 0x00,
    0x03, 0x0E, 0x00, 0x03, 0x07, 0x00, 0x03, 0x0B, 0xC0, 0x03, 0x39, 0xE0, 0x03, 0xF0, 0xF8, 0x03,
    0xC0, 0x3E, 0x1F, 0x80, 0x1E, 0x1E, 0x00, 0x04, 0x08, 0x00, 0x00, 0x10, 0x00, 0x11, 0xC7, 0xFF,
    0xC7, 0x3F, 0xFE, 0x1C, 0x00, 0x70, 0x60, 0x03, 0xB0, 0x0E, 0x1D, 0x80, 0x70, 0xEC, 0x03, 0x87,
    0x60, 0x1F, 0xBB, 0x3F, 0xFF, 0xD9, 0xFF, 0xEE, 0xC0, 0x78, 0x76, 0x07, 0xC3, 0xB0, 0x76, 0x1D,
    0x87, 0x30, 0xEC, 0x71, 0x87, 0x67, 0x8C, 0x3B, 0x67, 0x61, 0xD8, 0x1F, 0x0E, 0xC0, 0x7F, 0x76,
    0x00, 0x1F, 0xB0, 0x00, 0x7C, 0x00, 0x00, 0xC0, 0x20, 0x00, 0x03, 0x8F, 0xFE, 0x38, 0xFF, 0xF1,
    0xCF, 0xC7, 0x0C, 0x00, 0x7C, 0x00, 0x07, 0xE0, 0x00, 0x7E, 0x61, 0x87, 0xE7, 0xFC, 0x7E, 0x7F,
    0xC7, 0xE3, 0x0C, 0x7E, 0x30, 0xC7, 0xE3, 0x1C, 0x7E, 0x3F, 0xC7, 0xE3, 0xFC, 0x7E, 0x30, 0x07,
    0xE0, 0x00, 0x7E, 0x00, 0x07, 0xE0, 0x0C, 0x6E, 0x00, 0xF6, 0xE0, 0x03, 0xEE, 0x00, 0x1E, 0x00,
    0x00, 0x40, 0x30, 0x00, 0x01, 0xC0, 0xFF, 0xC7, 0x3F, 0xFE, 0x1D, 0xFC, 0x70, 0x40, 0x03, 0xB0,
    0x00, 0x1D, 0x8D, 0xF8, 0xEC, 0x7F, 0xC7, 0x63, 0xF6, 0x3B, 0x18, 0x31, 0xD8, 0xC1, 0x8E, 0xC7,
    0xFC, 0x76, 0x3F, 0xE3, 0xB1, 0xC3, 0x1D, 0x8E, 0x38, 0xEC, 0x7F, 0xC7, 0x63, 0xFE, 0x3B, 0x0C,
    0x01, 0xD8, 0x40, 0x8E, 0xC0, 0x07, 0x76, 0x00, 0x1F, 0xB0, 0x00, 0x3C, 0x00, 0x00, 0xC0, 0x30,
    0x0F, 0xF1, 0xC7, 0xFF, 0xC7, 0x3F, 0xCE, 0x1C, 0x00, 0x70, 0x70, 0xC3, 0xF0, 0xCE, 0x19, 0x87,
    0x60, 0xCC, 0xDF, 0xC6, 0x67, 0xFE, 0x33, 0x1F, 0xB1, 0x98, 0xC1, 0x8C, 0xC6, 0x7C, 0x66, 0x3F,
    0xE3, 0x31, 0xFC, 0x79, 0x83, 0xE3, 0xCC, 0x3F, 0x1E, 0x63, 0xBB, 0xF3, 0x38, 0xFD, 0x9B, 0x83,
    0xCC, 0xC0, 0x03, 0x66, 0x00, 0x0F, 0x30, 0x00, 0x38, 0x00, 0x00, 0x80, 0xEF, 0x00, 0x03, 0xFF,
    0x0F, 0x9C, 0xCF, 0xFE, 0xCE, 0x7F, 0xE6, 0x63, 0x03, 0x37, 0x18, 0x19, 0xB0, 0xC0, 0xCC, 0xC6,
    0x06, 0x67, 0x31, 0xF3, 0x19, 0xFF, 0x98, 0xCF, 0xFC, 0xFE, 0x60, 0x66, 0xF3, 0x03, 0x33, 0x98,
    0x19, 0x80, 0xC0, 0xCC, 0x06, 0x06, 0x60, 0x30, 0xF3, 0x01, 0xFF, 0xD8, 0x0F, 0xFD, 0xC0, 0x60,
    0x0E, 0x01, 0x00, 0x00, 0x00, 0x00, 0x00, 0x10, 0x61, 0x9C, 0x30, 0xC1, 0xFC, 0x61, 0x83, 0xF1,
    0xC3, 0x06, 0xE3, 0x06, 0x0D, 0x86, 0x0C, 0x1E, 0x1F, 0xFF, 0x3E, 0x37, 0xFF, 0x6E, 0x64, 0x70,
    0xCD, 0xC8, 0xE1, 0x9F, 0x99, 0xC3, 0xFF, 0x3B, 0x87, 0xE6, 0x37, 0x0D, 0xCC, 0x7E, 0x18, 0x18,
    0x7C, 0x70, 0x30, 0x38, 0xE0, 0x60, 0x71, 0xC0, 0xC0, 0xE3, 0x81, 0x91, 0xC7, 0x03, 0x1F, 0x8E,
    0x06, 0x1F, 0x1C, 0x0C, 0x1C, 0x00, 0x00, 0x00, 0x00, 0x00, 0x0E, 0x01, 0xFC, 0x1C, 0x03, 0xFC,
    0x38, 0x03, 0x30, 0xF8, 0x06, 0xE1, 0xB8, 0x0D, 0x86, 0x38, 0x3E, 0x1C, 0x38, 0x7E, 0x70, 0x38,
    0xEC, 0xFF, 0xF9, 0xCF, 0x7F, 0xBB, 0x9C, 0x38, 0x3F, 0xF0, 0x77, 0x8F, 0xFF, 0xFF, 0x1D, 0xDF,
    0xF0, 0x38, 0x19, 0xA0, 0x70, 0x33, 0x70, 0xE0, 0xE6, 0x71, 0xC3, 0x8C, 0xE3, 0x86, 0x18, 0xE7,
    0x1B, 0x30, 0xEE, 0x63, 0xE0, 0x9C, 0x03, 0xC0, 0x00, 0x01, 0x00, 0x00, 0x00, 0x00, 0x00, 0x00,
    0x07, 0x03, 0x70, 0x0E, 0x07, 0xF0, 0x18, 0x0F, 0xE3, 0xFF, 0xDD, 0xF7, 0xFF, 0xBF, 0x61, 0x80,
    0x7C, 0xE6, 0x70, 0xF8, 0xCF, 0xF1, 0xF8, 0x3E, 0x63, 0xB0, 0xD9, 0xC7, 0x7F, 0x3F, 0x8F, 0x7E,
    0xF3, 0x1F, 0xDD, 0xC6, 0x33, 0x33, 0xFC, 0x60, 0xE7, 0xD8, 0xC0, 0xEE, 0x31, 0x80, 0xDF, 0x63,
    0x03, 0xBB, 0xC6, 0x7F, 0x63, 0x8C, 0xFF, 0xFC, 0x18, 0x07, 0xFF, 0xF0, 0x00, 0x3F, 0xA0, 0x00,
    0x00, 0x00, 0x08, 0x00, 0xFE, 0x38, 0x01, 0xFC, 0x62, 0x03, 0x31, 0xFE, 0x06, 0xE3, 0xFC, 0x0D,
    0x8C, 0x30, 0x1F, 0x38, 0xC0, 0x36, 0xFF, 0xF8, 0x67, 0xFF, 0xF0, 0xCC, 0x00, 0xE1, 0xD9, 0xFF,
    0xC3, 0xF9, 0xFF, 0x06, 0xE0, 0x06, 0x0C, 0xDF, 0xFE, 0x18, 0x1F, 0xF8, 0x30, 0x47, 0x18, 0x61,
    0xA7, 0x38, 0xC3, 0x66, 0xB9, 0x8E, 0xC5, 0xBB, 0x18, 0xE3, 0xA6, 0x31, 0xFF, 0x0C, 0x00, 0xFE,
    0x00, 0x00, 0x00, 0x00, 0x00, 0x0F, 0xC0, 0x1F, 0xFF, 0xC0, 0x1F, 0xF0, 0x01, 0xC1, 0xFF, 0xE3,
    0xFF, 0xFF, 0xE7, 0xFF, 0xC1, 0x9F, 0xED, 0xF6, 0x33, 0xF8, 0xF8, 0x6F, 0x3F, 0x80, 0x9F, 0x6F,
    0x80, 0x06, 0xC1, 0x00, 0xFF, 0xFF, 0x81, 0xFF, 0xFE, 0x00, 0x0E, 0x00, 0x06, 0x7F, 0xFC, 0x0F,
    0xFF, 0xF8, 0x1F, 0xC6, 0x30, 0x31, 0x8C, 0x60, 0x63, 0x18, 0xC0, 0xC6, 0x39, 0x81, 0x8C, 0xFF,
    0x03, 0x18, 0x9E, 0x02, 0x00, 0x0C, 0x00, 0x00, 0x00, 0x35, 0xFF, 0xFF, 0xFF, 0xFF, 0xFC, 0xE1,
    0xC0, 0x00, 0x0C, 0x00, 0x00, 0xE0, 0x01, 0xFF, 0xFF, 0xCF, 0xFF, 0xFE, 0x71, 0x8C, 0x73, 0x8C,
    0x63, 0x9C, 0x7F, 0x1C, 0x63, 0xF8, 0xE3, 0x18, 0xC6, 0x18, 0xFE, 0x30, 0xC7, 0xF1, 0x86, 0x31,
    0x8C, 0x31, 0x8C, 0x61, 0x9F, 0xFF, 0x0F, 0xFF, 0xFC, 0x7C, 0x00, 0x03, 0x00, 0x00, 0x00, 0x00,
    0x00, 0x10, 0x7F, 0xFF, 0xFF, 0xFF, 0xFE, 0xF8, 0xC0, 0x00, 0x0E, 0x00, 0x04, 0x7F, 0xC0, 0x3F,
    0xFE, 0x01, 0xFE, 0x30, 0x0C, 0x01, 0x80, 0x63, 0x8C, 0x03, 0x1C, 0x60, 0x18, 0xE3, 0x00, 0xC7,
    0x18, 0x06, 0x38, 0xC0, 0x39, 0x86, 0x01, 0xCC, 0x70, 0x0E, 0xE9, 0x80, 0x36, 0xF0, 0x00, 0x73,
    0xE0, 0x0F, 0x07, 0x81, 0xE0, 0x1F, 0x3C, 0x00, 0x38, 0x00, 0x00, 0x00, 0x00, 0x5F, 0xFC, 0x00,
    0xFF, 0xF8, 0xFF, 0xCE, 0x07, 0xFF, 0x18, 0x03, 0x63, 0xFF, 0x80, 0xC7, 0xFF, 0x01, 0x86, 0x06,
    0x03, 0x0D, 0xCC, 0x06, 0x19, 0x98, 0x0C, 0x33, 0x30, 0x18, 0x66, 0x60, 0x30, 0xDC, 0xC0, 0x61,
    0xB9, 0x80, 0xC3, 0x73, 0x01, 0x86, 0xC6, 0x03, 0x0D, 0x8C, 0x76, 0x1F, 0xE0, 0x7C, 0x0C, 0xE0,
    0x78, 0x30, 0xF0, 0x21, 0xC0, 0xF0, 0x07, 0x00, 0xE0, 0x08, 0x00, 0x00, 0x00, 0x00, 0x00, 0x00,
    0x3F, 0xFF, 0x00, 0x3F, 0xFE, 0x00, 0x01, 0xC0, 0x0F, 0xC3, 0x80, 0x3F, 0xFF, 0xFC, 0x1E, 0x1F,
    0xFC, 0x06, 0x1C, 0x0C, 0x06, 0x1D, 0xCC, 0x06, 0x1C, 0xCC, 0x06, 0x1C, 0xCC, 0x06, 0x3C, 0xCC,
    0x06, 0xFD, 0xCC, 0x07, 0x9D, 0xCC, 0x1F, 0x1D, 0xCC, 0x7C, 0x1D, 0x8C, 0x78, 0x1D, 0xAC, 0x00,
    0x0B, 0xF0, 0x00, 0x07, 0x3C, 0x00, 0x0E, 0x1E, 0x00, 0x1C, 0x0F, 0x00, 0x38, 0x03, 0x00, 0x60,
    0x00, 0x00, 0x61, 0xFE, 0x10, 0x7F, 0xFF, 0x1A, 0x6F, 0xE0, 0x1B, 0x60, 0xC0, 0x1B, 0x6F, 0xFC,
    0x1B, 0x6F, 0xFE, 0x1B, 0x6E, 0x0C, 0x1B, 0x6E, 0xCC, 0x1B, 0x6E, 0xEC, 0x1B, 0x66, 0xEC, 0x1B,
    0x66, 0xEC, 0x3B, 0x66, 0xCC, 0x3B, 0x66, 0xCC, 0x33, 0x66, 0xCC, 0x33, 0x66, 0xCC, 0x33, 0x66,
    0xEC, 0x31, 0x61, 0xF8, 0x60, 0x61, 0x9C, 0x60, 0x63, 0x0E, 0x40, 0x66, 0x06, 0xC0, 0x2C, 0x07,
    0x00, 0x18, 0x00, 0x00, 0xDF, 0xFE, 0x3F, 0xFF, 0xFF, 0x3F, 0xE0, 0xC0, 0x01, 0xC0, 0xC0, 0x0D,
    0x8F, 0xFC, 0x0F, 0x0F, 0xFE, 0x07, 0x0E, 0x0C, 0x7F, 0xFE, 0xCC, 0x7F, 0xFE, 0xEC, 0x07, 0x7E,
    0xEC, 0x07, 0x66, 0xEC, 0x07, 0xC6, 0xEC, 0x07, 0x06, 0xCC, 0x07, 0x06, 0xCC, 0x07, 0x06, 0xCC,
    0x07, 0x07, 0xCC, 0x07, 0x07, 0xB4, 0x37, 0x03, 0xBC, 0x3F, 0x07, 0x1E, 0x1F, 0x0E, 0x0F, 0x06,
    0x1C, 0x07, 0x00, 0x10, 0x00, 0x03, 0x00, 0x00, 0x06, 0x00, 0x00, 0x0C, 0x7F, 0xF9, 0x98, 0xFF,
    0xF1, 0xBF, 0x0C, 0x03, 0x7E, 0x38, 0x06, 0xC3, 0xFE, 0x0D, 0x87, 0xFE, 0xFF, 0xFE, 0x1D, 0xFF,
    0xFD, 0xB9, 0x4C, 0x9B, 0x70, 0xD9, 0xB6, 0xE1, 0xB7, 0x6D, 0xC7, 0x6C, 0xDB, 0x0C, 0xD9, 0xB6,
    0x31, 0xE3, 0x6C, 0xC1, 0xC7, 0xD9, 0x07, 0x0F, 0xF0, 0x1C, 0x0F, 0xC0, 0x70, 0x19, 0xC1, 0xC0,
    0x71, 0xCF, 0x01, 0xC1, 0xF8, 0x0E, 0x01, 0x80, 0x10, 0x00, 0x00, 0x00, 0x1C, 0x0F, 0xFF, 0xFF,
    0x07, 0xFD, 0xF8, 0x03, 0x06, 0x18, 0x01, 0xFF, 0x7F, 0xC0, 0xFF, 0xBF, 0xE0, 0x31, 0xCC, 0x30,
    0x1F, 0xE6, 0xD8, 0x0F, 0x03, 0x6C, 0x00, 0x3D, 0xB6, 0x0F, 0xFF, 0xDB, 0x07, 0xF8, 0x6D, 0x80,
    0xD8, 0x3E, 0xC0, 0x6F, 0x9E, 0x60, 0x77, 0xEF, 0xF0, 0x3B, 0x03, 0xF0, 0x1F, 0x83, 0x9C, 0x1F,
    0xC3, 0x87, 0x0C, 0xFF, 0x01, 0x8C, 0x1F, 0xF0, 0x06, 0x01, 0xFF, 0xFA, 0x00, 0x07, 0xF8, 0x06,
    0x00, 0x00, 0x0E, 0x3F, 0xFC, 0x9C, 0x7F, 0xF3, 0xFF, 0x8E, 0x07, 0xFF, 0x98, 0x0C, 0x87, 0xFF,
    0x1B, 0x9B, 0xFF, 0x77, 0xE6, 0x0C, 0x1F, 0xCD, 0xD8, 0x33, 0x99, 0xB0, 0xFE, 0x33, 0x63, 0x38,
    0x66, 0xC0, 0xFC, 0xDD, 0x83, 0x9D, 0xBB, 0x0E, 0x1B, 0x76, 0x7F, 0xF6, 0xCC, 0x9F, 0xCD, 0xF8,
    0x31, 0x8F, 0xE0, 0x63, 0x0C, 0xE0, 0xFE, 0x30, 0xE1, 0xFD, 0xC0, 0xE3, 0x07, 0x00, 0xC0, 0x08,
    0x00, 0x00, 0x00, 0x00, 0x00, 0x00, 0x00, 0xE0, 0x0F, 0xF0, 0x70, 0x07, 0xF8, 0x38, 0x00, 0x0C,
    0x3E, 0x00, 0xC6, 0x1B, 0x80, 0x73, 0x1C, 0xE0, 0x3B, 0x9C, 0x38, 0x19, 0xDC, 0x0E, 0x0C, 0xCF,
    0xFB, 0x86, 0x6D, 0xFC, 0xE3, 0x3C, 0x00, 0x03, 0xFE, 0x18, 0x81, 0xFF, 0x0C, 0x60, 0x01, 0xB7,
    0x70, 0x06, 0xD9, 0xB0, 0x1E, 0x6E, 0xD8, 0x3E, 0x33, 0x58, 0x1C, 0x39, 0x8C, 0x00, 0x1C, 0x0C,
    0x00, 0x7F, 0xFF, 0xF0, 0x1E, 0xFF, 0xF8, 0x07, 0x00, 0x00, 0x00, 0x01, 0x80, 0x7F, 0xF1, 0x80,
    0x7F, 0xF1, 0xA0, 0x66, 0xF1, 0xB0, 0x7E, 0xF1, 0xB8, 0x7F, 0xF1, 0x98, 0x7F, 0xE1, 0x9C, 0x7F,
    0xE1, 0x88, 0x7F, 0xF1, 0xFC, 0x37, 0x1F, 0xFE, 0x3F, 0xEF, 0xC0, 0x3F, 0xF1, 0xC0, 0x07, 0x03,
    0xE0, 0x07, 0xF3, 0x60, 0xFF, 0xC3, 0x70, 0x79, 0x67, 0x30, 0x3D, 0xF6, 0x38, 0x3D, 0xB6, 0x18,
    0x7F, 0xBC, 0x1C, 0x66, 0x9C, 0x0E, 0x66, 0x18, 0x07, 0x60, 0x30, 0x07, 0x00, 0x00, 0x00, 0x00,
    0x30, 0x00, 0x00, 0x38, 0x00, 0x00, 0x38, 0x00, 0x01, 0xFF, 0xF8, 0x7F, 0xFF, 0xFC, 0x3F, 0xE7,
    0x00, 0x01, 0xCE, 0x00, 0x00, 0xFE, 0x00, 0x00, 0x7C, 0x00, 0x00, 0x7C, 0x00, 0x01, 0xFF, 0x00,
    0x07, 0xC7, 0xE0, 0x1F, 0x87, 0xFE, 0x7D, 0xC3, 0x3F, 0xE1, 0xC3, 0x06, 0x01, 0x83, 0x00, 0x01,
    0x83, 0x00, 0x01, 0x83, 0x00, 0x03, 0x83, 0x00, 0x07, 0x03, 0x00, 0x0E, 0x03, 0x00, 0x1C, 0x03,
    0x00, 0x38, 0x03, 0x00, 0x00, 0x03, 0x00, 0x00, 0x30, 0x00, 0x00, 0x70, 0x00, 0x00, 0xE0, 0x00,
    0x31, 0xC2, 0x00, 0x73, 0xFE, 0x00, 0xE7, 0xF8, 0x01, 0xCE, 0x00, 0x03, 0x9C, 0x00, 0x07, 0xFF,
    0xFF, 0xFF, 0xFF, 0xFD, 0xFE, 0x00, 0x00, 0x81, 0xC3, 0x01, 0x83, 0x87, 0x03, 0x07, 0x06, 0x06,
    0x0E, 0x0C, 0x0C, 0x1E, 0x18, 0x18, 0x6F, 0x30, 0x31, 0xCF, 0x60, 0x67, 0x0F, 0xC0, 0xD8, 0x03,
    0x81, 0x80, 0x1F, 0x03, 0xFF, 0xFE, 0x07, 0xFF, 0xFC, 0x00, 0x00, 0x10, 0x3F, 0x1F, 0xDF, 0xCF,
    0xFF, 0x33, 0xCB, 0x80, 0xE0, 0xE0, 0x78, 0x38, 0x1C, 0x0F, 0xF7, 0xFB, 0xFD, 0xFE, 0xE0, 0x70,
    0x38, 0x1C, 0x0E, 0x07, 0x03, 0x81, 0xC0, 0xE0, 0x70, 0x38, 0x1C, 0x0E, 0x07, 0x03, 0x81, 0xC0,
    0xE0, 0x70, 0x38, 0x1C, 0x0E, 0x07, 0x00, 0x3F, 0x03, 0xFB, 0xFC, 0x9F, 0xC0, 0x0E, 0x00, 0x70,
    0x03, 0xFD, 0xDF, 0xEE, 0xE0, 0x77, 0x03, 0xB8, 0x1D, 0xC0, 0xEE, 0x07, 0x70, 0x3B, 0x81, 0xDC,
    0x0E, 0xE0, 0x77, 0x03, 0xB8, 0x1C, 0x3F, 0x71, 0xFD, 0xCF, 0x27, 0x38, 0x1C, 0xE0, 0x73, 0x81,
    0xCF, 0xF7, 0x3F, 0xDC, 0xE0, 0x73, 0x81, 0xCE, 0x07, 0x38, 0x1C, 0xE0, 0x73, 0x81, 0xCE, 0x07,
    0x38, 0x1C, 0xE0, 0x7B, 0x80, 0xFE, 0x01, 0xC0, 0x3F, 0x1F, 0x80, 0xFE, 0x7F, 0x3B, 0xCC, 0xF2,
    0x77, 0x01, 0xC0, 0x0E, 0x07, 0x80, 0x1C, 0x0E, 0x00, 0x3F, 0xDF, 0xE7, 0x7F, 0xBF, 0xCE, 0xE0,
    0x70, 0x1D, 0xC0, 0xE0, 0x3B, 0x81, 0xC0, 0x77, 0x03, 0x80, 0xEE, 0x07, 0x01, 0xDC, 0x0E, 0x03,
    0xB8, 0x1C, 0x07, 0x70, 0x38, 0x0E, 0xE0, 0x70, 0x1D, 0xC0, 0xE0, 0x3B, 0x81, 0xC0, 0x70, 0x3F,
    0x1F, 0x9C, 0x7F, 0x3F, 0x9C, 0xF3, 0x3C, 0x9C, 0xE0, 0x38, 0x1C, 0xE0, 0x78, 0x1C, 0xE0, 0x70,
    0x1C, 0xFF, 0x7F, 0x9C, 0xFF, 0x7F, 0x9C, 0xE0, 0x70, 0x1C, 0xE0, 0x70, 0x1C, 0xE0, 0x70, 0x1C,
    0xE0, 0x70, 0x1C, 0xE0, 0x70, 0x1C, 0xE0, 0x70, 0x1C, 0xE0, 0x70, 0x1C, 0xE0, 0x70, 0x1C, 0xE0,
    0x70, 0x1E, 0xE0, 0x70, 0x0F, 0xE0, 0x70, 0x0F, 0xFF, 0xFF, 0xFF, 0x6D, 0xB6, 0xC3, 0xFD, 0x00,
    0x04, 0x18, 0x70, 0xC3, 0x86, 0x1C, 0x38, 0x60, 0xC3, 0x87, 0x0E, 0x1C, 0x18, 0x30, 0x70, 0xE0,
    0xC1, 0xC1, 0x81, 0x81, 0x80, 0x40, 0xC1, 0xC1, 0x83, 0x83, 0x07, 0x0E, 0x0C, 0x18, 0x38, 0x70,
    0xE1, 0xC3, 0x06, 0x1C, 0x38, 0x61, 0xC3, 0x0C, 0x30, 0x00, 0x67, 0x77, 0x6C, 0x67, 0x70, 0x00,
    0x00, 0x06, 0x77, 0x00, 0x0F, 0xC3, 0xFE, 0x78, 0x77, 0x07, 0xE0, 0x74, 0x07, 0x00, 0xE0, 0x1C,
    0x03, 0x80, 0x70, 0x06, 0x00, 0x60, 0x0E, 0x00, 0x60, 0x00, 0x00, 0x60, 0x0E, 0x00, 0xE0, 0x04,
    0x00, 0x00, 0x08, 0x00, 0x00, 0x0E, 0x00, 0x00, 0x0F, 0x80, 0x00, 0x0F, 0xE0, 0x00, 0x0F, 0xF8,
    0x00, 0x0F, 0xFE, 0x00, 0x0F, 0x03, 0x80, 0x0F, 0x7C, 0xE0, 0x0F, 0x7F, 0x78, 0x0F, 0xFF, 0x7E,
    0x0F, 0xFF, 0x3F, 0x8F, 0xFF, 0x3F, 0xE7, 0xFF, 0x7F, 0xF1, 0xFF, 0xBF, 0xF0, 0x7F, 0xDF, 0xF0,
    0x1F, 0xFF, 0xF0, 0x07, 0xFF, 0xF0, 0x01, 0xF3, 0xF0, 0x00, 0x79, 0xF0, 0x00, 0x1F, 0xF0, 0x00,
    0x07, 0xF0, 0x00, 0x01, 0xF0, 0x00, 0x00, 0x70, 0x00, 0x00, 0x00, 0x00,
};

static const EpdGlyph ubuntu_12_regularGlyphs[] = {
    { 0, 0, 0, 0, 0, 0, 0 }, // U+0000
    { 0, 0, 0, 0, 0, 0, 0 }, // U+0008
    { 0, 0, 92, 0, 0, 0, 0 }, // U+0009
    { 0, 0, 92, 0, 0, 0, 0 }, // U+000D
    { 0, 0, 0, 0, 0, 0, 0 }, // U+001D
    { 0, 0, 92, 0, 0, 0, 0 }, // U+0020
    { 5, 17, 110, 1, 17, 11, 0 }, // !
    { 8, 6, 167, 1, 20, 6, 11 }, // "
    { 15, 17, 267, 1, 17, 32, 17 }, // #
    { 12, 23, 226, 1, 20, 35, 49 }, // $
    { 20, 17, 343, 1, 17, 43, 84 }, // %
    { 16, 17, 266, 1, 17, 34, 127 }, // &
    { 4, 6, 96, 1, 20, 3, 161 }, // '
    { 7, 25, 130, 1, 20, 22, 164 }, // (
    { 7, 25, 130, 0, 20, 22, 186 }, // )
    { 12, 10, 192, 0, 17, 15, 208 }, // *
    { 12, 12, 226, 1, 14, 18, 223 }, // +
    { 5, 7, 98, 0, 3, 5, 241 }, // ,
    { 7, 2, 120, 0, 8, 2, 246 }, // -
    { 4, 3, 98, 1, 3, 2, 248 }, // .
    { 12, 25, 154, -1, 20, 38, 250 }, // /
    { 12, 17, 226, 1, 17, 26, 288 }, // 0
    { 8, 17, 226, 2, 17, 17, 314 }, // 1
    { 12, 17, 226, 1, 17, 26, 331 }, // 2
    { 12, 17, 226, 1, 17, 26, 357 }, // 3
    { 13, 17, 226, 1, 17, 28, 383 }, // 4
    { 12, 17, 226, 1, 17, 26, 411 }, // 5
    { 12, 17, 226, 1, 17, 26, 437 }, // 6
    { 12, 17, 226, 1, 17, 26, 463 }, // 7
    { 12, 17, 226, 1, 17, 26, 489 }, // 8
    { 12, 17, 226, 1, 17, 26, 515 }, // 9
    { 4, 13, 98, 1, 13, 7, 541 }, // :
    { 5, 17, 98, 0, 13, 11, 548 }, // ;
    { 12, 11, 226, 1, 13, 17, 559 }, // <
    { 12, 7, 226, 1, 11, 11, 576 }, // =
    { 12, 11, 226, 1, 13, 17, 587 }, // >
    { 10, 17, 162, 0, 17, 22, 604 }, // ?
    { 22, 22, 380, 1, 18, 61, 626 }, // @
    { 17, 17, 265, 0, 17, 37, 687 }, // A
    { 13, 17, 257, 2, 17, 28, 724 }, // B
    { 14, 17, 248, 1, 17, 30, 752 }, // C
    { 15, 17, 285, 2, 17, 32, 782 }, // D
    { 12, 17, 228, 2, 17, 26, 814 }, // E
    { 11, 17, 215, 2, 17, 24, 840 }, // F
    { 15, 17, 269, 1, 17, 32, 864 }, // G
    { 14, 17, 282, 2, 17, 30, 896 }, // H
    { 3, 17, 108, 2, 17, 7, 926 }, // I
    { 11, 17, 200, 0, 17, 24, 933 }, // J
    { 14, 17, 252, 2, 17, 30, 957 }, // K
    { 11, 17, 208, 2, 17, 24, 987 }, // L
    { 20, 17, 348, 1, 17, 43, 1011 }, // M
    { 15, 17, 291, 2, 17, 32, 1054 }, // N
    { 17, 17, 311, 1, 17, 37, 1086 }, // O
    { 13, 17, 243, 2, 17, 28, 1123 }, // P
    { 17, 22, 311, 1, 17, 47, 1151 }, // Q
    { 14, 17, 252, 2, 17, 30, 1198 }, // R
    { 13, 17, 213, 0, 17, 28, 1228 }, // S
    { 14, 17, 226, 0, 17, 30, 1256 }, // T
    { 14, 17, 275, 2, 17, 30, 1286 }, // U
    { 17, 17, 262, 0, 17, 37, 1316 }, // V
    { 23, 17, 372, 0, 17, 49, 1353 }, // W
    { 16, 17, 252, 0, 17, 34, 1402 }, // X
    { 15, 17, 239, 0, 17, 32, 1436 }, // Y
    { 14, 17, 229, 0, 17, 30, 1468 }, // Z
    { 7, 25, 132, 2, 20, 22, 1498 }, // [
    { 12, 25, 154, -1, 20, 38, 1520 }, // <backslash>
    { 6, 25, 132, 0, 20, 19, 1558 }, // ]
    { 12, 9, 226, 1, 17, 14, 1577 }, // ^
    { 14, 2, 197, -1, -3, 4, 1591 }, // _
    { 6, 5, 150, 1, 20, 4, 1595 }, // `
    { 11, 13, 209, 1, 13, 18, 1599 }, // a
    { 12, 19, 236, 2, 19, 29, 1617 }, // b
    { 11, 13, 186, 1, 13, 18, 1646 }, // c
    { 12, 19, 236, 1, 19, 29, 1664 }, // d
    { 12, 13, 224, 1, 13, 20, 1693 }, // e
    { 8, 19, 154, 2, 19, 19, 1713 }, // f
    { 12, 18, 231, 1, 13, 27, 1732 }, // g
    { 11, 19, 228, 2, 19, 27, 1759 }, // h
    { 4, 18, 101, 1, 18, 9, 1786 }, // i
    { 7, 23, 101, -2, 18, 21, 1795 }, // j
    { 11, 19, 209, 2, 19, 27, 1816 }, // k
    { 6, 19, 109, 1, 19, 15, 1843 }, // l
    { 18, 13, 344, 2, 13, 30, 1858 }, // m
    { 11, 13, 230, 2, 13, 18, 1888 }, // n
    { 13, 13, 236, 1, 13, 22, 1906 }, // o
    { 12, 18, 236, 2, 13, 27, 1928 }, // p
    { 12, 18, 236, 1, 13, 27, 1955 }, // q
    { 8, 13, 154, 2, 13, 13, 1982 }, // r
    { 10, 13, 178, 1, 13, 17, 1995 }, // s
    { 9, 17, 161, 1, 17, 20, 2012 }, // t
    { 12, 13, 230, 1, 13, 20, 2032 }, // u
    { 13, 13, 201, 0, 13, 22, 2052 }, // v
    { 19, 13, 311, 0, 13, 31, 2074 }, // w
    { 13, 13, 204, 0, 13, 22, 2105 }, // x
    { 12, 18, 199, 0, 13, 27, 2127 }, // y
    { 11, 13, 188, 0, 13, 18, 2154 }, // z
    { 8, 25, 133, 1, 20, 25, 2172 }, // {
    { 3, 25, 112, 2, 20, 10, 2197 }, // |
    { 8, 25, 133, 0, 20, 25, 2207 }, // }
    { 12, 4, 226, 1, 10, 6, 2232 }, // ~
    { 0, 0, 92, 0, 0, 0, 2238 }, // U+00A0
    { 5, 18, 110, 1, 13, 12, 2238 }, // U+00A1
    { 10, 19, 226, 2, 16, 24, 2250 }, // U+00A2
    { 12, 17, 226, 1, 17, 26, 2274 }, // U+00A3
    { 12, 12, 226, 1, 15, 18, 2300 }, // U+00A4
    { 14, 17, 226, 0, 17, 30, 2318 }, // U+00A5
    { 3, 25, 112, 2, 20, 10, 2348 }, // U+00A6
    { 11, 20, 197, 1, 18, 28, 2358 }, // U+00A7
    { 9, 3, 150, 0, 18, 4, 2386 }, // U+00A8
    { 18, 17, 326, 1, 17, 39, 2390 }, // U+00A9
    { 9, 9, 156, 0, 17, 11, 2429 }, // U+00AA
    { 12, 11, 200, 0, 13, 17, 2440 }, // U+00AB
    { 12, 9, 226, 1, 10, 14, 2457 }, // U+00AC
    { 7, 2, 120, 0, 8, 2, 2471 }, // U+00AD
    { 18, 17, 326, 1, 17, 39, 2473 }, // U+00AE
    { 8, 2, 150, 1, 18, 2, 2512 }, // U+00AF
    { 8, 7, 133, 0, 19, 7, 2514 }, // U+00B0
    { 12, 15, 226, 1, 15, 23, 2521 }, // U+00B1
    { 8, 10, 144, 0, 18, 10, 2544 }, // U+00B2
    { 8, 10, 144, 0, 18, 10, 2554 }, // U+00B3
    { 5, 5, 150, 3, 20, 4, 2564 }, // U+00B4
    { 11, 18, 232, 2, 13, 25, 2568 }, // U+00B5
    { 13, 22, 258, 1, 17, 36, 2593 }, // U+00B6
    { 4, 3, 98, 1, 9, 2, 2629 }, // U+00B7
    { 6, 6, 150, 1, 1, 5, 2631 }, // U+00B8
    { 5, 10, 144, 1, 18, 7, 2636 }, // U+00B9
    { 10, 9, 178, 1, 17, 12, 2643 }, // U+00BA
    { 11, 11, 200, 1, 13, 16, 2655 }, // U+00BB
    { 21, 18, 350, 1, 18, 48, 2671 }, // U+00BC
    { 20, 18, 350, 1, 18, 45, 2719 }, // U+00BD
    { 22, 18, 350, 0, 18, 50, 2764 }, // U+00BE
    { 10, 18, 162, 0, 13, 23, 2814 }, // U+00BF
    { 17, 24, 265, 0, 24, 51, 2837 }, // U+00C0
    { 17, 24, 265, 0, 24, 51, 2888 }, // U+00C1
    { 17, 24, 265, 0, 24, 51, 2939 }, // U+00C2
    { 17, 23, 265, 0, 23, 49, 2990 }, // U+00C3
    { 17, 22, 265, 0, 22, 47, 3039 }, // U+00C4
    { 17, 21, 265, 0, 21, 45, 3086 }, // U+00C5
    { 23, 17, 374, 0, 17, 49, 3131 }, // U+00C6
    { 14, 23, 248, 1, 17, 41, 3180 }, // U+00C7
    { 12, 24, 228, 2, 24, 36, 3221 }, // U+00C8
    { 12, 24, 228, 2, 24, 36, 3257 }, // U+00C9
    { 12, 24, 228, 2, 24, 36, 3293 }, // U+00CA
    { 12, 22, 228, 2, 22, 33, 3329 }, // U+00CB
    { 6, 24, 108, 0, 24, 18, 3362 }, // U+00CC
    { 6, 24, 108, 1, 24, 18, 3380 }, // U+00CD
    { 8, 24, 108, -1, 24, 24, 3398 }, // U+00CE
    { 9, 22, 108, -1, 22, 25, 3422 }, // U+00CF
    { 17, 17, 290, 0, 17, 37, 3447 }, // U+00D0
    { 15, 23, 291, 2, 23, 44, 3484 }, // U+00D1
    { 17, 24, 311, 1, 24, 51, 3528 }, // U+00D2
    { 17, 24, 311, 1, 24, 51, 3579 }, // U+00D3
    { 17, 24, 311, 1, 24, 51, 3630 }, // U+00D4
    { 17, 23, 311, 1, 23, 49, 3681 }, // U+00D5
    { 17, 22, 311, 1, 22, 47, 3730 }, // U+00D6
    { 11, 11, 226, 2, 13, 16, 3777 }, // U+00D7
    { 17, 19, 311, 1, 18, 41, 3793 }, // U+00D8
    { 14, 24, 275, 2, 24, 42, 3834 }, // U+00D9
    { 14, 24, 275, 2, 24, 42, 3876 }, // U+00DA
    { 14, 24, 275, 2, 24, 42, 3918 }, // U+00DB
    { 14, 22, 275, 2, 22, 39, 3960 }, // U+00DC
    { 15, 24, 239, 0, 24, 45, 3999 }, // U+00DD
    { 13, 17, 244, 2, 17, 28, 4044 }, // U+00DE
    { 13, 19, 249, 2, 19, 31, 4072 }, // U+00DF
    { 11, 20, 209, 1, 20, 28, 4103 }, // U+00E0
    { 11, 20, 209, 1, 20, 28, 4131 }, // U+00E1
    { 11, 20, 209, 1, 20, 28, 4159 }, // U+00E2
    { 11, 19, 209, 1, 19, 27, 4187 }, // U+00E3
    { 11, 18, 209, 1, 18, 25, 4214 }, // U+00E4
    { 11, 20, 209, 1, 20, 28, 4239 }, // U+00E5
    { 20, 13, 344, 1, 13, 33, 4267 }, // U+00E6
    { 11, 19, 186, 1, 13, 27, 4300 }, // U+00E7
    { 12, 20, 224, 1, 20, 30, 4327 }, // U+00E8
    { 12, 20, 224, 1, 20, 30, 4357 }, // U+00E9
    { 12, 20, 224, 1, 20, 30, 4387 }, // U+00EA
    { 12, 18, 224, 1, 18, 27, 4417 }, // U+00EB
    { 5, 20, 101, 0, 20, 13, 4444 }, // U+00EC
    { 6, 20, 101, 1, 20, 15, 4457 }, // U+00ED
    { 8, 20, 101, -1, 20, 20, 4472 }, // U+00EE
    { 8, 18, 101, -1, 18, 18, 4492 }, // U+00EF
    { 14, 19, 236, 1, 19, 34, 4510 }, // U+00F0
    { 11, 19, 230, 2, 19, 27, 4544 }, // U+00F1
    { 13, 20, 236, 1, 20, 33, 4571 }, // U+00F2
    { 13, 20, 236, 1, 20, 33, 4604 }, // U+00F3
    { 13, 20, 236, 1, 20, 33, 4637 }, // U+00F4
    { 13, 19, 236, 1, 19, 31, 4670 }, // U+00F5
    { 13, 18, 236, 1, 18, 30, 4701 }, // U+00F6
    { 12, 12, 226, 1, 14, 18, 4731 }, // U+00F7
    { 13, 15, 236, 1, 14, 25, 4749 }, // U+00F8
    { 12, 20, 230, 1, 20, 30, 4774 }, // U+00F9
    { 12, 20, 230, 1, 20, 30, 4804 }, // U+00FA
    { 12, 20, 230, 1, 20, 30, 4834 }, // U+00FB
    { 12, 18, 230, 1, 18, 27, 4864 }, // U+00FC
    { 12, 25, 199, 0, 20, 38, 4891 }, // U+00FD
    { 12, 24, 236, 2, 19, 36, 4929 }, // U+00FE
    { 12, 23, 199, 0, 18, 35, 4965 }, // U+00FF
    { 17, 22, 265, 0, 22, 47, 5000 }, // U+0100
    { 11, 18, 209, 1, 18, 25, 5047 }, // U+0101
    { 17, 23, 265, 0, 23, 49, 5072 }, // U+0102
    { 11, 19, 209, 1, 19, 27, 5121 }, // U+0103
    { 17, 22, 265, 0, 17, 47, 5148 }, // U+0104
    { 11, 18, 209, 1, 13, 25, 5195 }, // U+0105
    { 14, 24, 248, 1, 24, 42, 5220 }, // U+0106
    { 11, 20, 186, 1, 20, 28, 5262 }, // U+0107
    { 14, 24, 248, 1, 24, 42, 5290 }, // U+0108
    { 11, 20, 186, 1, 20, 28, 5332 }, // U+0109
    { 14, 22, 248, 1, 22, 39, 5360 }, // U+010A
    { 11, 18, 186, 1, 18, 25, 5399 }, // U+010B
    { 14, 24, 248, 1, 24, 42, 5424 }, // U+010C
    { 11, 20, 186, 1, 20, 28, 5466 }, // U+010D
    { 15, 24, 285, 2, 24, 45, 5494 }, // U+010E
    { 16, 19, 249, 1, 19, 38, 5539 }, // U+010F
    { 17, 17, 290, 0, 17, 37, 5577 }, // U+0110
    { 14, 19, 236, 1, 19, 34, 5614 }, // U+0111
    { 12, 22, 228, 2, 22, 33, 5648 }, // U+0112
    { 12, 18, 224, 1, 18, 27, 5681 }, // U+0113
    { 12, 23, 228, 2, 23, 35, 5708 }, // U+0114
    { 12, 19, 224, 1, 19, 29, 5743 }, // U+0115
    { 12, 22, 228, 2, 22, 33, 5772 }, // U+0116
    { 12, 18, 224, 1, 18, 27, 5805 }, // U+0117
    { 12, 22, 228, 2, 17, 33, 5832 }, // U+0118
    { 12, 18, 224, 1, 13, 27, 5865 }, // U+0119
    { 12, 24, 228, 2, 24, 36, 5892 }, // U+011A
    { 12, 21, 224, 1, 21, 32, 5928 }, // U+011B
    { 15, 24, 269, 1, 24, 45, 5960 }, // U+011C
    { 12, 25, 231, 1, 20, 38, 6005 }, // U+011D
    { 15, 23, 269, 1, 23, 44, 6043 }, // U+011E
    { 12, 24, 231, 1, 19, 36, 6087 }, // U+011F
    { 15, 22, 269, 1, 22, 42, 6123 }, // U+0120
    { 12, 23, 231, 1, 18, 35, 6165 }, // U+0121
    { 15, 21, 269, 1, 17, 40, 6200 }, // U+0122
    { 12, 24, 231, 1, 19, 36, 6240 }, // U+0123
    { 14, 24, 282, 2, 24, 42, 6276 }, // U+0124
    { 12, 25, 228, 1, 25, 38, 6318 }, // U+0125
    { 18, 17, 292, 0, 17, 39, 6356 }, // U+0126
    { 13, 19, 228, 0, 19, 31, 6395 }, // U+0127
    { 9, 23, 108, -1, 23, 26, 6426 }, // U+0128
    { 9, 19, 101, -1, 19, 22, 6452 }, // U+0129
    { 8, 22, 108, -1, 22, 22, 6474 }, // U+012A
    { 8, 18, 101, -1, 18, 18, 6496 }, // U+012B
    { 7, 23, 108, 0, 23, 21, 6514 }, // U+012C
    { 8, 19, 101, -1, 19, 19, 6535 }, // U+012D
    { 5, 22, 108, 0, 17, 14, 6554 }, // U+012E
    { 5, 23, 101, 0, 18, 15, 6568 }, // U+012F
    { 4, 22, 108, 1, 22, 11, 6583 }, // U+0130
    { 3, 13, 101, 2, 13, 5, 6594 }, // U+0131
    { 16, 17, 307, 2, 17, 34, 6599 }, // U+0132
    { 11, 23, 204, 1, 18, 32, 6633 }, // U+0133
    { 13, 24, 200, 0, 24, 39, 6665 }, // U+0134
    { 9, 25, 101, -2, 20, 29, 6704 }, // U+0135
    { 14, 21, 252, 2, 17, 37, 6733 }, // U+0136
    { 11, 23, 209, 2, 19, 32, 6770 }, // U+0137
    { 12, 13, 215, 2, 13, 20, 6802 }, // U+0138
    { 11, 24, 208, 2, 24, 33, 6822 }, // U+0139
    { 6, 23, 109, 1, 23, 18, 6855 }, // U+013A
    { 11, 21, 208, 2, 17, 29, 6873 }, // U+013B
    { 7, 23, 109, 0, 19, 21, 6902 }, // U+013C
    { 11, 17, 208, 2, 17, 24, 6923 }, // U+013D
    { 8, 19, 114, 1, 19, 19, 6947 }, // U+013E
    { 11, 17, 208, 2, 17, 24, 6966 }, // U+013F
    { 9, 19, 148, 1, 19, 22, 6990 }, // U+0140
    { 15, 17, 215, -1, 17, 32, 7012 }, // U+0141
    { 8, 19, 115, 0, 19, 19, 7044 }, // U+0142
    { 15, 24, 291, 2, 24, 45, 7063 }, // U+0143
    { 11, 20, 230, 2, 20, 28, 7108 }, // U+0144
    { 15, 21, 291, 2, 17, 40, 7136 }, // U+0145
    { 11, 17, 230, 2, 13, 24, 7176 }, // U+0146
    { 15, 24, 291, 2, 24, 45, 7200 }, // U+0147
    { 11, 20, 230, 2, 20, 28, 7245 }, // U+0148
    { 13, 19, 230, 0, 19, 31, 7273 }, // U+0149
    { 15, 22, 291, 2, 17, 42, 7304 }, // U+014A
    { 11, 18, 230, 2, 13, 25, 7346 }, // U+014B
    { 17, 22, 311, 1, 22, 47, 7371 }, // U+014C
    { 13, 18, 236, 1, 18, 30, 7418 }, // U+014D
    { 17, 23, 311, 1, 23, 49, 7448 }, // U+014E
    { 13, 19, 236, 1, 19, 31, 7497 }, // U+014F
    { 17, 24, 311, 1, 24, 51, 7528 }, // U+0150
    { 13, 20, 236, 1, 20, 33, 7579 }, // U+0151
    { 23, 17, 397, 1, 17, 49, 7612 }, // U+0152
    { 22, 13, 379, 1, 13, 36, 7661 }, // U+0153
    { 14, 24, 252, 2, 24, 42, 7697 }, // U+0154
    { 8, 20, 154, 2, 20, 20, 7739 }, // U+0155
    { 14, 21, 252, 2, 17, 37, 7759 }, // U+0156
    { 10, 17, 154, 0, 13, 22, 7796 }, // U+0157
    { 14, 24, 252, 2, 24, 42, 7818 }, // U+0158
    { 8, 20, 154, 2, 20, 20, 7860 }, // U+0159
    { 13, 24, 213, 0, 24, 39, 7880 }, // U+015A
    { 10, 20, 178, 1, 20, 25, 7919 }, // U+015B
    { 13, 24, 213, 0, 24, 39, 7944 }, // U+015C
    { 10, 20, 178, 1, 20, 25, 7983 }, // U+015D
    { 13, 22, 213, 0, 17, 36, 8008 }, // U+015E
    { 10, 18, 178, 1, 13, 23, 8044 }, // U+015F
    { 13, 24, 213, 0, 24, 39, 8067 }, // U+0160
    { 10, 20, 178, 1, 20, 25, 8106 }, // U+0161
    { 14, 23, 226, 0, 17, 41, 8131 }, // U+0162
    { 9, 22, 161, 1, 17, 25, 8172 }, // U+0163
    { 14, 24, 226, 0, 24, 42, 8197 }, // U+0164
    { 9, 20, 161, 1, 20, 23, 8239 }, // U+0165
    { 14, 17, 226, 0, 17, 30, 8262 }, // U+0166
    { 9, 17, 161, 1, 17, 20, 8292 }, // U+0167
    { 14, 23, 275, 2, 23, 41, 8312 }, // U+0168
    { 12, 19, 230, 1, 19, 29, 8353 }, // U+0169
    { 14, 22, 275, 2, 22, 39, 8382 }, // U+016A
    { 12, 18, 230, 1, 18, 27, 8421 }, // U+016B
    { 14, 23, 275, 2, 23, 41, 8448 }, // U+016C
    { 12, 19, 230, 1, 19, 29, 8489 }, // U+016D
    { 14, 24, 275, 2, 24, 42, 8518 }, // U+016E
    { 12, 20, 230, 1, 20, 30, 8560 }, // U+016F
    { 14, 24, 275, 2, 24, 42, 8590 }, // U+0170
    { 12, 20, 230, 1, 20, 30, 8632 }, // U+0171
    { 14, 22, 275, 2, 17, 39, 8662 }, // U+0172
    { 12, 18, 230, 1, 13, 27, 8701 }, // U+0173
    { 23, 24, 372, 0, 24, 69, 8728 }, // U+0174
    { 19, 20, 311, 0, 20, 48, 8797 }, // U+0175
    { 15, 24, 239, 0, 24, 45, 8845 }, // U+0176
    { 12, 25, 199, 0, 20, 38, 8890 }, // U+0177
    { 15, 22, 239, 0, 22, 42, 8928 }, // U+0178
    { 14, 24, 229, 0, 24, 42, 8970 }, // U+0179
    { 11, 20, 188, 0, 20, 28, 9012 }, // U+017A
    { 14, 22, 229, 0, 22, 39, 9040 }, // U+017B
    { 11, 18, 188, 0, 18, 25, 9079 }, // U+017C
    { 14, 24, 229, 0, 24, 42, 9104 }, // U+017D
    { 11, 20, 188, 0, 20, 28, 9146 }, // U+017E
    { 8, 19, 109, 2, 19, 19, 9174 }, // U+017F
    { 18, 19, 311, 1, 19, 43, 9193 }, // U+01A0
    { 14, 15, 236, 1, 15, 27, 9236 }, // U+01A1
    { 17, 20, 284, 2, 20, 43, 9263 }, // U+01AF
    { 15, 16, 239, 1, 16, 30, 9306 }, // U+01B0
    { 30, 24, 516, 2, 24, 90, 9336 }, // U+01C4
    { 27, 20, 475, 2, 20, 68, 9426 }, // U+01C5
    { 25, 20, 426, 1, 20, 63, 9494 }, // U+01C6
    { 22, 17, 407, 2, 17, 47, 9557 }, // U+01C7
    { 16, 23, 310, 2, 18, 46, 9604 }, // U+01C8
    { 11, 24, 212, 1, 19, 33, 9650 }, // U+01C9
    { 27, 17, 491, 2, 17, 58, 9683 }, // U+01CA
    { 21, 23, 394, 2, 18, 61, 9741 }, // U+01CB
    { 18, 23, 332, 2, 18, 52, 9802 }, // U+01CC
    { 17, 24, 265, 0, 24, 51, 9854 }, // U+01CD
    { 11, 20, 209, 1, 20, 28, 9905 }, // U+01CE
    { 7, 24, 108, 0, 24, 21, 9933 }, // U+01CF
    { 8, 20, 101, -1, 20, 20, 9954 }, // U+01D0
    { 17, 24, 311, 1, 24, 51, 9974 }, // U+01D1
    { 13, 20, 236, 1, 20, 33, 10025 }, // U+01D2
    { 14, 24, 275, 2, 24, 42, 10058 }, // U+01D3
    { 12, 20, 230, 1, 20, 30, 10100 }, // U+01D4
    { 14, 25, 275, 2, 25, 44, 10130 }, // U+01D5
    { 12, 21, 230, 1, 21, 32, 10174 }, // U+01D6
    { 14, 24, 275, 2, 24, 42, 10206 }, // U+01D7
    { 12, 21, 230, 1, 21, 32, 10248 }, // U+01D8
    { 14, 25, 275, 2, 25, 44, 10280 }, // U+01D9
    { 12, 22, 230, 1, 22, 33, 10324 }, // U+01DA
    { 14, 24, 275, 2, 24, 42, 10357 }, // U+01DB
    { 12, 21, 230, 1, 21, 32, 10399 }, // U+01DC
    { 12, 13, 224, 1, 13, 20, 10431 }, // U+01DD
    { 17, 25, 265, 0, 25, 54, 10451 }, // U+01DE
    { 11, 21, 209, 1, 21, 29, 10505 }, // U+01DF
    { 17, 25, 265, 0, 25, 54, 10534 }, // U+01E0
    { 11, 21, 209, 1, 21, 29, 10588 }, // U+01E1
    { 23, 22, 374, 0, 22, 64, 10617 }, // U+01E2
    { 20, 18, 344, 1, 18, 45, 10681 }, // U+01E3
    { 17, 17, 281, 1, 17, 37, 10726 }, // U+01E4
    { 14, 18, 236, 1, 13, 32, 10763 }, // U+01E5
    { 15, 24, 269, 1, 24, 45, 10795 }, // U+01E6
    { 12, 25, 231, 1, 20, 38, 10840 }, // U+01E7
    { 14, 24, 252, 2, 24, 42, 10878 }, // U+01E8
    { 12, 25, 209, 1, 25, 38, 10920 }, // U+01E9
    { 17, 22, 311, 1, 17, 47, 10958 }, // U+01EA
    { 13, 18, 236, 1, 13, 30, 11005 }, // U+01EB
    { 17, 27, 311, 1, 22, 58, 11035 }, // U+01EC
    { 13, 23, 236, 1, 18, 38, 11093 }, // U+01ED
    { 13, 24, 227, 0, 24, 39, 11131 }, // U+01EE
    { 12, 25, 188, -1, 20, 38, 11170 }, // U+01EF
    { 9, 25, 101, -2, 20, 29, 11208 }, // U+01F0
    { 30, 17, 516, 2, 17, 64, 11237 }, // U+01F1
    { 27, 17, 475, 2, 17, 58, 11301 }, // U+01F2
    { 25, 19, 426, 1, 19, 60, 11359 }, // U+01F3
    { 15, 24, 269, 1, 24, 45, 11419 }, // U+01F4
    { 12, 25, 231, 1, 20, 38, 11464 }, // U+01F5
    { 23, 17, 423, 2, 17, 49, 11502 }, // U+01F6
    { 13, 22, 257, 2, 17, 36, 11551 }, // U+01F7
    { 15, 24, 291, 2, 24, 45, 11587 }, // U+01F8
    { 11, 20, 230, 2, 20, 28, 11632 }, // U+01F9
    { 17, 23, 265, 0, 23, 49, 11660 }, // U+01FA
    { 11, 21, 209, 1, 21, 29, 11709 }, // U+01FB
    { 23, 24, 374, 0, 24, 69, 11738 }, // U+01FC
    { 20, 20, 344, 1, 20, 50, 11807 }, // U+01FD
    { 17, 25, 311, 1, 24, 54, 11857 }, // U+01FE
    { 13, 21, 236, 1, 20, 35, 11911 }, // U+01FF
    { 17, 24, 265, 0, 24, 51, 11946 }, // U+0200
    { 11, 20, 209, 1, 20, 28, 11997 }, // U+0201
    { 17, 23, 265, 0, 23, 49, 12025 }, // U+0202
    { 11, 19, 209, 1, 19, 27, 12074 }, // U+0203
    { 12, 24, 228, 2, 24, 36, 12101 }, // U+0204
    { 12, 20, 224, 1, 20, 30, 12137 }, // U+0205
    { 12, 23, 228, 2, 23, 35, 12167 }, // U+0206
    { 12, 19, 224, 1, 19, 29, 12202 }, // U+0207
    { 9, 24, 108, -2, 24, 27, 12231 }, // U+0208
    { 10, 20, 101, -3, 20, 25, 12258 }, // U+0209
    { 7, 23, 108, 0, 23, 21, 12283 }, // U+020A
    { 8, 19, 101, -1, 19, 19, 12304 }, // U+020B
    { 17, 24, 311, 1, 24, 51, 12323 }, // U+020C
    { 13, 20, 236, 1, 20, 33, 12374 }, // U+020D
    { 17, 23, 311, 1, 23, 49, 12407 }, // U+020E
    { 13, 19, 236, 1, 19, 31, 12456 }, // U+020F
    { 14, 24, 252, 2, 24, 42, 12487 }, // U+0210
    { 10, 20, 154, 0, 20, 25, 12529 }, // U+0211
    { 14, 23, 252, 2, 23, 41, 12554 }, // U+0212
    { 8, 19, 154, 2, 19, 19, 12595 }, // U+0213
    { 14, 24, 275, 2, 24, 42, 12614 }, // U+0214
    { 12, 20, 230, 1, 20, 30, 12656 }, // U+0215
    { 14, 23, 275, 2, 23, 41, 12686 }, // U+0216
    { 12, 19, 230, 1, 19, 29, 12727 }, // U+0217
    { 13, 21, 213, 0, 17, 35, 12756 }, // U+0218
    { 10, 17, 178, 1, 13, 22, 12791 }, // U+0219
    { 14, 21, 226, 0, 17, 37, 12813 }, // U+021A
    { 9, 21, 161, 1, 17, 24, 12850 }, // U+021B
    { 13, 22, 214, 0, 17, 36, 12874 }, // U+021C
    { 10, 18, 174, 0, 13, 23, 12910 }, // U+021D
    { 14, 24, 282, 2, 24, 42, 12933 }, // U+021E
    { 12, 25, 228, 1, 25, 38, 12975 }, // U+021F
    { 7, 5, 0, -13, 21, 5, 13013 }, // U+0300
    { 6, 4, 0, -7, 20, 3, 13018 }, // U+0301
    { 9, 4, 0, -5, 20, 5, 13021 }, // U+0302
    { 10, 3, 0, -13, 19, 4, 13026 }, // U+0303
    { 8, 2, 0, -4, 18, 2, 13030 }, // U+0304
    { 14, 3, 0, -13, 22, 6, 13032 }, // U+0305
    { 8, 4, 0, -4, 20, 4, 13038 }, // U+0306
    { 4, 3, 0, -2, 19, 2, 13042 }, // U+0307
    { 8, 3, 0, -4, 19, 3, 13044 }, // U+0308
    { 5, 6, 0, -9, 19, 4, 13047 }, // U+0309
    { 6, 5, 0, -3, 21, 4, 13051 }, // U+030A
    { 11, 4, 0, -4, 20, 6, 13055 }, // U+030B
    { 9, 4, 0, -5, 20, 5, 13061 }, // U+030C
    { 3, 6, 0, -4, 20, 3, 13066 }, // U+030D
    { 11, 4, 0, -12, 18, 6, 13069 }, // U+030F
    { 8, 4, 150, 1, 19, 4, 13075 }, // U+0311
    { 6, 4, 0, -3, -2, 3, 13079 }, // U+0316
    { 6, 4, 0, -3, -2, 3, 13082 }, // U+0317
    { 7, 5, 0, -9, -1, 5, 13085 }, // U+0318
    { 7, 5, 0, -10, -1, 5, 13090 }, // U+0319
    { 6, 5, 0, -4, 19, 4, 13095 }, // U+031A
    { 5, 6, 0, -2, 19, 4, 13099 }, // U+031B
    { 3, 5, 0, -3, 0, 2, 13103 }, // U+031C
    { 6, 5, 0, -9, -1, 4, 13105 }, // U+031D
    { 6, 5, 0, -9, -1, 4, 13109 }, // U+031E
    { 8, 7, 0, -4, 1, 7, 13113 }, // U+031F
    { 8, 3, 0, -4, -1, 3, 13120 }, // U+0320
    { 3, 4, 0, -8, -1, 2, 13123 }, // U+0323
    { 8, 4, 0, -4, -2, 4, 13125 }, // U+0324
    { 6, 5, 0, -3, 0, 4, 13129 }, // U+0325
    { 4, 4, 0, -2, -2, 2, 13133 }, // U+0326
    { 6, 6, 0, -3, 0, 5, 13135 }, // U+0327
    { 6, 7, 0, -3, 1, 6, 13140 }, // U+0328
    { 2, 8, 0, -1, 1, 2, 13146 }, // U+0329
    { 8, 5, 0, -10, -1, 5, 13148 }, // U+032A
    { 8, 5, 0, -4, -1, 5, 13153 }, // U+032C
    { 8, 5, 0, -4, -1, 5, 13158 }, // U+032D
    { 8, 4, 0, -4, -2, 4, 13163 }, // U+032E
    { 8, 4, 0, -4, -2, 4, 13167 }, // U+032F
    { 8, 4, 0, -4, -2, 4, 13171 }, // U+0330
    { 8, 2, 0, -4, -3, 2, 13175 }, // U+0331
    { 14, 3, 0, -13, -2, 6, 13177 }, // U+0332
    { 8, 4, 0, -4, 8, 4, 13183 }, // U+0334
    { 9, 3, 0, -9, 8, 4, 13187 }, // U+0335
    { 27, 3, 0, -26, 8, 11, 13191 }, // U+0336
    { 9, 21, 0, -5, 19, 24, 13202 }, // U+0338
    { 3, 5, 0, 0, 0, 2, 13226 }, // U+0339
    { 8, 5, 0, -10, -1, 5, 13228 }, // U+033A
    { 8, 5, 0, -10, -1, 5, 13233 }, // U+033B
    { 11, 5, 0, -12, -1, 7, 13238 }, // U+033C
    { 6, 7, 0, -3, 18, 6, 13245 }, // U+033D
    { 6, 4, 0, -3, 18, 3, 13251 }, // U+0340
    { 6, 4, 0, -3, 18, 3, 13254 }, // U+0341
    { 0, 0, 0, 0, 0, 0, 13257 }, // U+034F
    { 3, 4, 0, -8, 16, 2, 13257 }, // U+0358
    { 21, 6, 0, -11, 21, 16, 13259 }, // U+0361
    { 12, 24, 228, 2, 24, 36, 13275 }, // U+0400
    { 12, 22, 228, 2, 22, 33, 13311 }, // U+0401
    { 18, 17, 300, 0, 17, 39, 13344 }, // U+0402
    { 11, 24, 204, 2, 24, 33, 13383 }, // U+0403
    { 14, 17, 248, 1, 17, 30, 13416 }, // U+0404
    { 13, 17, 213, 0, 17, 28, 13446 }, // U+0405
    { 3, 17, 108, 2, 17, 7, 13474 }, // U+0406
    { 9, 22, 108, -1, 22, 25, 13481 }, // U+0407
    { 11, 17, 200, 0, 17, 24, 13506 }, // U+0408
    { 26, 18, 417, 0, 17, 59, 13530 }, // U+0409
    { 23, 17, 410, 2, 17, 49, 13589 }, // U+040A
    { 18, 17, 300, 0, 17, 39, 13638 }, // U+040B
    { 14, 24, 252, 2, 24, 42, 13677 }, // U+040C
    { 15, 24, 291, 2, 24, 45, 13719 }, // U+040D
    { 15, 23, 235, 0, 23, 44, 13764 }, // U+040E
    { 14, 22, 280, 2, 17, 39, 13808 }, // U+040F
    { 17, 17, 265, 0, 17, 37, 13847 }, // U+0410
    { 13, 17, 248, 2, 17, 28, 13884 }, // U+0411
    { 13, 17, 257, 2, 17, 28, 13912 }, // U+0412
    { 11, 17, 204, 2, 17, 24, 13940 }, // U+0413
    { 18, 22, 289, 0, 17, 50, 13964 }, // U+0414
    { 12, 17, 228, 2, 17, 26, 14014 }, // U+0415
    { 23, 17, 362, 0, 17, 49, 14040 }, // U+0416
    { 14, 17, 229, 0, 17, 30, 14089 }, // U+0417
    { 15, 17, 291, 2, 17, 32, 14119 }, // U+0418
    { 15, 23, 291, 2, 23, 44, 14151 }, // U+0419
    { 14, 17, 252, 2, 17, 30, 14195 }, // U+041A
    { 16, 17, 283, 0, 17, 34, 14225 }, // U+041B
    { 20, 17, 348, 1, 17, 43, 14259 }, // U+041C
    { 14, 17, 282, 2, 17, 30, 14302 }, // U+041D
    { 17, 17, 311, 1, 17, 37, 14332 }, // U+041E
    { 14, 17, 280, 2, 17, 30, 14369 }, // U+041F
    { 13, 17, 243, 2, 17, 28, 14399 }, // U+0420
    { 14, 17, 248, 1, 17, 30, 14427 }, // U+0421
    { 14, 17, 226, 0, 17, 30, 14457 }, // U+0422
    { 15, 17, 235, 0, 17, 32, 14487 }, // U+0423
    { 20, 18, 346, 1, 18, 45, 14519 }, // U+0424
    { 16, 17, 252, 0, 17, 34, 14564 }, // U+0425
    { 16, 22, 287, 2, 17, 44, 14598 }, // U+0426
    { 13, 17, 252, 1, 17, 28, 14642 }, // U+0427
    { 21, 17, 393, 2, 17, 45, 14670 }, // U+0428
    { 23, 22, 401, 2, 17, 64, 14715 }, // U+0429
    { 18, 17, 290, 0, 17, 39, 14779 }, // U+042A
    { 18, 17, 342, 2, 17, 39, 14818 }, // U+042B
    { 13, 17, 246, 2, 17, 28, 14857 }, // U+042C
    { 15, 17, 248, 0, 17, 32, 14885 }, // U+042D
    { 23, 17, 412, 2, 17, 49, 14917 }, // U+042E
    { 14, 17, 254, 0, 17, 30, 14966 }, // U+042F
    { 11, 13, 209, 1, 13, 18, 14996 }, // U+0430
    { 13, 19, 238, 1, 19, 31, 15014 }, // U+0431
    { 11, 13, 219, 2, 13, 18, 15045 }, // U+0432
    { 9, 13, 167, 2, 13, 15, 15063 }, // U+0433
    { 15, 17, 241, 0, 13, 32, 15078 }, // U+0434
    { 12, 13, 224, 1, 13, 20, 15110 }, // U+0435
    { 19, 13, 305, 0, 13, 31, 15130 }, // U+0436
    { 10, 13, 196, 1, 13, 17, 15161 }, // U+0437
    { 11, 13, 239, 2, 13, 18, 15178 }, // U+0438
    { 11, 19, 239, 2, 19, 27, 15196 }, // U+0439
    { 12, 13, 215, 2, 13, 20, 15223 }, // U+043A
    { 13, 13, 239, 0, 13, 22, 15243 }, // U+043B
    { 16, 13, 292, 1, 13, 26, 15265 }, // U+043C
    { 11, 13, 234, 2, 13, 18, 15291 }, // U+043D
    { 13, 13, 236, 1, 13, 22, 15309 }, // U+043E
    { 11, 13, 231, 2, 13, 18, 15331 }, // U+043F
    { 12, 18, 236, 2, 13, 27, 15349 }, // U+0440
    { 11, 13, 186, 1, 13, 18, 15376 }, // U+0441
    { 12, 13, 185, 0, 13, 20, 15394 }, // U+0442
    { 12, 18, 199, 0, 13, 27, 15414 }, // U+0443
    { 17, 24, 306, 1, 19, 51, 15441 }, // U+0444
    { 13, 13, 204, 0, 13, 22, 15492 }, // U+0445
    { 13, 17, 234, 2, 13, 28, 15514 }, // U+0446
    { 11, 13, 213, 1, 13, 18, 15542 }, // U+0447
    { 17, 13, 329, 2, 13, 28, 15560 }, // U+0448
    { 19, 17, 334, 2, 13, 41, 15588 }, // U+0449
    { 15, 13, 239, 0, 13, 25, 15629 }, // U+044A
    { 15, 13, 303, 2, 13, 25, 15654 }, // U+044B
    { 11, 13, 211, 2, 13, 18, 15679 }, // U+044C
    { 12, 13, 199, 0, 13, 20, 15697 }, // U+044D
    { 17, 13, 324, 2, 13, 28, 15717 }, // U+044E
    { 12, 13, 219, 0, 13, 20, 15745 }, // U+044F
    { 12, 20, 224, 1, 20, 30, 15765 }, // U+0450
    { 12, 18, 224, 1, 18, 27, 15795 }, // U+0451
    { 13, 24, 228, 0, 19, 39, 15822 }, // U+0452
    { 9, 20, 167, 2, 20, 23, 15861 }, // U+0453
    { 11, 13, 199, 1, 13, 18, 15884 }, // U+0454
    { 10, 13, 178, 1, 13, 17, 15902 }, // U+0455
    { 4, 18, 101, 1, 18, 9, 15919 }, // U+0456
    { 9, 18, 101, -1, 18, 21, 15928 }, // U+0457
    { 7, 23, 101, -2, 18, 21, 15949 }, // U+0458
    { 21, 13, 345, 0, 13, 35, 15970 }, // U+0459
    { 19, 13, 340, 2, 13, 31, 16005 }, // U+045A
    { 13, 19, 228, 0, 19, 31, 16036 }, // U+045B
    { 12, 20, 215, 2, 20, 30, 16067 }, // U+045C
    { 11, 20, 239, 2, 20, 28, 16097 }, // U+045D
    { 12, 24, 199, 0, 19, 36, 16125 }, // U+045E
    { 11, 17, 230, 2, 13, 24, 16161 }, // U+045F
    { 18, 18, 290, 0, 18, 41, 16185 }, // U+0462
    { 15, 19, 239, 0, 19, 36, 16226 }, // U+0463
    { 21, 19, 365, 1, 18, 50, 16262 }, // U+046A
    { 17, 14, 284, 0, 13, 30, 16312 }, // U+046B
    { 17, 17, 311, 1, 17, 37, 16342 }, // U+0472
    { 13, 13, 236, 1, 13, 22, 16379 }, // U+0473
    { 20, 17, 301, 0, 17, 43, 16401 }, // U+0474
    { 15, 13, 226, 0, 13, 25, 16444 }, // U+0475
    { 28, 23, 472, 1, 18, 81, 16469 }, // U+0478
    { 23, 18, 391, 1, 13, 52, 16550 }, // U+0479
    { 17, 28, 298, 2, 23, 60, 16602 }, // U+048A
    { 14, 24, 243, 2, 19, 42, 16662 }, // U+048B
    { 15, 18, 252, 0, 18, 34, 16704 }, // U+048C
    { 13, 13, 210, 0, 13, 22, 16738 }, // U+048D
    { 13, 17, 243, 2, 17, 28, 16760 }, // U+048E
    { 12, 18, 236, 2, 13, 27, 16788 }, // U+048F
    { 11, 20, 204, 2, 20, 28, 16815 }, // U+0490
    { 9, 16, 171, 2, 16, 18, 16843 }, // U+0491
    { 13, 17, 209, 0, 17, 28, 16861 }, // U+0492
    { 11, 13, 170, 0, 13, 18, 16889 }, // U+0493
    { 13, 22, 250, 2, 17, 36, 16907 }, // U+0494
    { 11, 18, 218, 2, 13, 25, 16943 }, // U+0495
    { 23, 22, 368, 0, 17, 64, 16968 }, // U+0496
    { 20, 17, 310, 0, 13, 43, 17032 }, // U+0497
    { 14, 22, 229, 0, 17, 39, 17075 }, // U+0498
    { 10, 18, 196, 1, 13, 23, 17114 }, // U+0499
    { 15, 22, 262, 2, 17, 42, 17137 }, // U+049A
    { 12, 17, 218, 2, 13, 26, 17179 }, // U+049B
    { 16, 17, 283, 2, 17, 34, 17205 }, // U+049C
    { 14, 13, 248, 2, 13, 23, 17239 }, // U+049D
    { 16, 17, 256, 0, 17, 34, 17262 }, // U+049E
    { 14, 13, 222, 0, 13, 23, 17296 }, // U+049F
    { 19, 17, 296, 0, 17, 41, 17319 }, // U+04A0
    { 15, 13, 243, 0, 13, 25, 17360 }, // U+04A1
    { 16, 22, 290, 2, 17, 44, 17385 }, // U+04A2
    { 13, 17, 239, 2, 13, 28, 17429 }, // U+04A3
    { 18, 17, 326, 2, 17, 39, 17457 }, // U+04A4
    { 14, 13, 262, 2, 13, 23, 17496 }, // U+04A5
    { 23, 22, 413, 2, 17, 64, 17519 }, // U+04A6
    { 19, 18, 344, 2, 13, 43, 17583 }, // U+04A7
    { 18, 22, 314, 1, 17, 50, 17626 }, // U+04A8
    { 14, 17, 244, 1, 13, 30, 17676 }, // U+04A9
    { 14, 23, 248, 1, 17, 41, 17706 }, // U+04AA
    { 11, 19, 186, 1, 13, 27, 17747 }, // U+04AB
    { 14, 22, 226, 0, 17, 39, 17774 }, // U+04AC
    { 12, 17, 185, 0, 13, 26, 17813 }, // U+04AD
    { 15, 17, 239, 0, 17, 32, 17839 }, // U+04AE
    { 13, 18, 201, 0, 13, 30, 17871 }, // U+04AF
    { 15, 17, 239, 0, 17, 32, 17901 }, // U+04B0
    { 13, 18, 201, 0, 13, 30, 17933 }, // U+04B1
    { 17, 22, 261, 0, 17, 47, 17963 }, // U+04B2
    { 13, 17, 210, 0, 13, 28, 18010 }, // U+04B3
    { 21, 22, 338, 0, 17, 58, 18038 }, // U+04B4
    { 16, 17, 264, 0, 13, 34, 18096 }, // U+04B5
    { 15, 22, 260, 1, 17, 42, 18130 }, // U+04B6
    { 13, 17, 218, 1, 13, 28, 18172 }, // U+04B7
    { 13, 17, 255, 1, 17, 28, 18200 }, // U+04B8
    { 12, 13, 213, 0, 13, 20, 18228 }, // U+04B9
    { 13, 17, 256, 2, 17, 28, 18248 }, // U+04BA
    { 11, 19, 228, 2, 19, 27, 18276 }, // U+04BB
    { 20, 17, 334, 0, 17, 43, 18303 }, // U+04BC
    { 16, 13, 268, 0, 13, 26, 18346 }, // U+04BD
    { 20, 22, 334, 0, 17, 55, 18372 }, // U+04BE
    { 16, 17, 268, 0, 13, 34, 18427 }, // U+04BF
    { 3, 17, 108, 2, 17, 7, 18461 }, // U+04C0
    { 23, 23, 362, 0, 23, 67, 18468 }, // U+04C1
    { 19, 19, 305, 0, 19, 46, 18535 }, // U+04C2
    { 13, 22, 252, 2, 17, 36, 18581 }, // U+04C3
    { 11, 18, 218, 2, 13, 25, 18617 }, // U+04C4
    { 18, 22, 290, 0, 17, 50, 18642 }, // U+04C5
    { 16, 18, 244, 0, 13, 36, 18692 }, // U+04C6
    { 14, 22, 282, 2, 17, 39, 18728 }, // U+04C7
    { 11, 18, 234, 2, 13, 25, 18767 }, // U+04C8
    { 16, 22, 289, 2, 17, 44, 18792 }, // U+04C9
    { 13, 18, 239, 2, 13, 30, 18836 }, // U+04CA
    { 13, 22, 255, 1, 17, 36, 18866 }, // U+04CB
    { 11, 17, 213, 1, 13, 24, 18902 }, // U+04CC
    { 22, 22, 360, 1, 17, 61, 18926 }, // U+04CD
    { 18, 18, 300, 1, 13, 41, 18987 }, // U+04CE
    { 3, 17, 108, 2, 17, 7, 19028 }, // U+04CF
    { 17, 23, 265, 0, 23, 49, 19035 }, // U+04D0
    { 11, 19, 209, 1, 19, 27, 19084 }, // U+04D1
    { 17, 22, 265, 0, 22, 47, 19111 }, // U+04D2
    { 11, 18, 209, 1, 18, 25, 19158 }, // U+04D3
    { 23, 17, 374, 0, 17, 49, 19183 }, // U+04D4
    { 20, 13, 344, 1, 13, 33, 19232 }, // U+04D5
    { 12, 23, 228, 2, 23, 35, 19265 }, // U+04D6
    { 12, 19, 224, 1, 19, 29, 19300 }, // U+04D7
    { 16, 17, 282, 1, 17, 34, 19329 }, // U+04D8
    { 12, 13, 224, 1, 13, 20, 19363 }, // U+04D9
    { 16, 22, 282, 1, 22, 44, 19383 }, // U+04DA
    { 12, 18, 224, 1, 18, 27, 19427 }, // U+04DB
    { 23, 22, 362, 0, 22, 64, 19454 }, // U+04DC
    { 19, 18, 305, 0, 18, 43, 19518 }, // U+04DD
    { 14, 22, 229, 0, 22, 39, 19561 }, // U+04DE
    { 10, 18, 196, 1, 18, 23, 19600 }, // U+04DF
    { 13, 17, 227, 0, 17, 28, 19623 }, // U+04E0
    { 12, 18, 188, -1, 13, 27, 19651 }, // U+04E1
    { 15, 22, 291, 2, 22, 42, 19678 }, // U+04E2
    { 11, 18, 239, 2, 18, 25, 19720 }, // U+04E3
    { 15, 22, 291, 2, 22, 42, 19745 }, // U+04E4
    { 11, 18, 239, 2, 18, 25, 19787 }, // U+04E5
    { 17, 22, 311, 1, 22, 47, 19812 }, // U+04E6
    { 13, 18, 236, 1, 18, 30, 19859 }, // U+04E7
    { 17, 17, 311, 1, 17, 37, 19889 }, // U+04E8
    { 13, 13, 236, 1, 13, 22, 19926 }, // U+04E9
    { 17, 22, 311, 1, 22, 47, 19948 }, // U+04EA
    { 13, 18, 236, 1, 18, 30, 19995 }, // U+04EB
    { 15, 22, 248, 0, 22, 42, 20025 }, // U+04EC
    { 12, 18, 199, 0, 18, 27, 20067 }, // U+04ED
    { 15, 22, 235, 0, 22, 42, 20094 }, // U+04EE
    { 12, 23, 199, 0, 18, 35, 20136 }, // U+04EF
    { 15, 22, 235, 0, 22, 42, 20171 }, // U+04F0
    { 12, 23, 199, 0, 18, 35, 20213 }, // U+04F1
    { 15, 24, 235, 0, 24, 45, 20248 }, // U+04F2
    { 12, 25, 199, 0, 20, 38, 20293 }, // U+04F3
    { 13, 22, 252, 1, 22, 36, 20331 }, // U+04F4
    { 11, 18, 213, 1, 18, 25, 20367 }, // U+04F5
    { 11, 22, 204, 2, 17, 31, 20392 }, // U+04F6
    { 9, 17, 167, 2, 13, 20, 20423 }, // U+04F7
    { 18, 22, 342, 2, 22, 50, 20443 }, // U+04F8
    { 15, 18, 303, 2, 18, 34, 20493 }, // U+04F9
    { 15, 19, 240, 0, 18, 36, 20527 }, // U+04FE
    { 12, 14, 200, 0, 13, 21, 20563 }, // U+04FF
    { 15, 15, 253, 0, 15, 29, 20584 }, // U+05D0
    { 13, 15, 229, 1, 15, 25, 20613 }, // U+05D1
    { 9, 16, 150, 0, 15, 18, 20638 }, // U+05D2
    { 13, 15, 217, 0, 15, 25, 20656 }, // U+05D3
    { 13, 15, 251, 1, 15, 25, 20681 }, // U+05D4
    { 6, 15, 120, 0, 15, 12, 20706 }, // U+05D5
    { 7, 15, 132, 1, 15, 14, 20718 }, // U+05D6
    { 14, 15, 265, 1, 15, 27, 20732 }, // U+05D7
    { 14, 15, 254, 1, 15, 27, 20759 }, // U+05D8
    { 6, 9, 118, 0, 15, 7, 20786 }, // U+05D9
    { 11, 20, 218, 1, 15, 28, 20793 }, // U+05DA
    { 11, 15, 206, 1, 15, 21, 20821 }, // U+05DB
    { 13, 20, 209, 0, 20, 33, 20842 }, // U+05DC
    { 15, 15, 274, 1, 15, 29, 20875 }, // U+05DD
    { 15, 15, 264, 1, 15, 29, 20904 }, // U+05DE
    { 5, 20, 132, 1, 15, 13, 20933 }, // U+05DF
    { 7, 15, 152, 1, 15, 14, 20946 }, // U+05E0
    { 14, 15, 257, 1, 15, 27, 20960 }, // U+05E1
    { 14, 17, 237, 0, 16, 30, 20987 }, // U+05E2
    { 13, 20, 248, 1, 15, 33, 21017 }, // U+05E3
    { 13, 15, 240, 1, 15, 25, 21050 }, // U+05E4
    { 13, 20, 212, 0, 15, 33, 21075 }, // U+05E5
    { 12, 15, 222, 1, 15, 23, 21108 }, // U+05E6
    { 14, 20, 251, 1, 15, 35, 21131 }, // U+05E7
    { 11, 15, 209, 1, 15, 21, 21166 }, // U+05E8
    { 16, 15, 292, 1, 15, 30, 21187 }, // U+05E9
    { 16, 15, 274, 0, 15, 30, 21217 }, // U+05EA
    { 9, 7, 146, 0, 15, 8, 21247 }, // U+05F4
    { 19, 23, 276, -1, 18, 55, 21255 }, // U+1EA0
    { 12, 18, 230, 1, 13, 27, 21310 }, // U+1EA1
    { 19, 25, 276, -1, 24, 60, 21337 }, // U+1EA2
    { 12, 20, 230, 1, 19, 30, 21397 }, // U+1EA3
    { 19, 27, 276, -1, 26, 65, 21427 }, // U+1EA4
    { 12, 23, 230, 1, 22, 35, 21492 }, // U+1EA5
    { 19, 27, 276, -1, 26, 65, 21527 }, // U+1EA6
    { 12, 23, 230, 1, 22, 35, 21592 }, // U+1EA7
    { 19, 27, 276, -1, 26, 65, 21627 }, // U+1EA8
    { 13, 24, 230, 1, 23, 39, 21692 }, // U+1EA9
    { 19, 27, 276, -1, 26, 65, 21731 }, // U+1EAA
    { 12, 23, 230, 1, 22, 35, 21796 }, // U+1EAB
    { 19, 28, 276, -1, 23, 67, 21831 }, // U+1EAC
    { 12, 24, 230, 1, 19, 36, 21898 }, // U+1EAD
    { 19, 27, 276, -1, 26, 65, 21934 }, // U+1EAE
    { 12, 23, 230, 1, 22, 35, 21999 }, // U+1EAF
    { 19, 27, 276, -1, 26, 65, 22034 }, // U+1EB0
    { 12, 23, 230, 1, 22, 35, 22099 }, // U+1EB1
    { 19, 27, 276, -1, 26, 65, 22134 }, // U+1EB2
    { 12, 23, 230, 1, 22, 35, 22199 }, // U+1EB3
    { 19, 27, 276, -1, 26, 65, 22234 }, // U+1EB4
    { 12, 22, 230, 1, 21, 33, 22299 }, // U+1EB5
    { 19, 28, 276, -1, 23, 67, 22332 }, // U+1EB6
    { 12, 22, 230, 1, 17, 33, 22399 }, // U+1EB7
    { 14, 23, 255, 1, 18, 41, 22432 }, // U+1EB8
    { 12, 18, 217, 1, 13, 27, 22473 }, // U+1EB9
    { 14, 25, 255, 1, 24, 44, 22500 }, // U+1EBA
    { 12, 20, 217, 1, 19, 30, 22544 }, // U+1EBB
    { 13, 23, 255, 2, 22, 38, 22574 }, // U+1EBC
    { 12, 19, 217, 1, 18, 29, 22612 }, // U+1EBD
    { 14, 27, 255, 1, 26, 48, 22641 }, // U+1EBE
    { 12, 23, 217, 1, 22, 35, 22689 }, // U+1EBF
    { 14, 27, 255, 1, 26, 48, 22724 }, // U+1EC0
    { 12, 23, 217, 1, 22, 35, 22772 }, // U+1EC1
    { 14, 27, 255, 1, 26, 48, 22807 }, // U+1EC2
    { 12, 24, 217, 1, 23, 36, 22855 }, // U+1EC3
    { 14, 27, 255, 1, 26, 48, 22891 }, // U+1EC4
    { 12, 23, 217, 1, 22, 35, 22939 }, // U+1EC5
    { 14, 28, 255, 1, 23, 49, 22974 }, // U+1EC6
    { 12, 24, 217, 1, 19, 36, 23023 }, // U+1EC7
    { 5, 25, 122, 2, 24, 16, 23059 }, // U+1EC8
    { 6, 20, 105, 1, 19, 15, 23075 }, // U+1EC9
    { 4, 23, 122, 2, 18, 12, 23090 }, // U+1ECA
    { 3, 23, 105, 2, 18, 9, 23102 }, // U+1ECB
    { 17, 23, 298, 1, 18, 49, 23111 }, // U+1ECC
    { 12, 18, 225, 1, 13, 27, 23160 }, // U+1ECD
    { 17, 25, 298, 1, 24, 54, 23187 }, // U+1ECE
    { 12, 20, 225, 1, 19, 30, 23241 }, // U+1ECF
    { 17, 27, 298, 1, 26, 58, 23271 }, // U+1ED0
    { 12, 23, 225, 1, 22, 35, 23329 }, // U+1ED1
    { 17, 27, 298, 1, 26, 58, 23364 }, // U+1ED2
    { 12, 23, 225, 1, 22, 35, 23422 }, // U+1ED3
    { 17, 27, 298, 1, 26, 58, 23457 }, // U+1ED4
    { 13, 24, 225, 1, 23, 39, 23515 }, // U+1ED5
    { 17, 27, 298, 1, 26, 58, 23554 }, // U+1ED6
    { 12, 23, 225, 1, 22, 35, 23612 }, // U+1ED7
    { 17, 28, 298, 1, 23, 60, 23647 }, // U+1ED8
    { 12, 24, 225, 1, 19, 36, 23707 }, // U+1ED9
    { 18, 23, 298, 1, 22, 52, 23743 }, // U+1EDA
    { 14, 19, 225, 1, 18, 34, 23795 }, // U+1EDB
    { 18, 23, 298, 1, 22, 52, 23829 }, // U+1EDC
    { 14, 19, 225, 1, 18, 34, 23881 }, // U+1EDD
    { 18, 25, 298, 1, 24, 57, 23915 }, // U+1EDE
    { 14, 20, 225, 1, 19, 35, 23972 }, // U+1EDF
    { 18, 23, 298, 1, 22, 52, 24007 }, // U+1EE0
    { 14, 19, 225, 1, 18, 34, 24059 }, // U+1EE1
    { 18, 24, 298, 1, 19, 54, 24093 }, // U+1EE2
    { 14, 19, 225, 1, 14, 34, 24147 }, // U+1EE3
    { 14, 23, 284, 2, 18, 41, 24181 }, // U+1EE4
    { 12, 18, 236, 2, 13, 27, 24222 }, // U+1EE5
    { 14, 25, 284, 2, 24, 44, 24249 }, // U+1EE6
    { 12, 20, 236, 2, 19, 30, 24293 }, // U+1EE7
    { 16, 23, 284, 2, 22, 46, 24323 }, // U+1EE8
    { 14, 19, 236, 2, 18, 34, 24369 }, // U+1EE9
    { 16, 23, 284, 2, 22, 46, 24403 }, // U+1EEA
    { 14, 19, 236, 2, 18, 34, 24449 }, // U+1EEB
    { 16, 25, 284, 2, 24, 50, 24483 }, // U+1EEC
    { 14, 20, 236, 2, 19, 35, 24533 }, // U+1EED
    { 16, 23, 284, 2, 22, 46, 24568 }, // U+1EEE
    { 14, 19, 236, 2, 18, 34, 24614 }, // U+1EEF
    { 16, 26, 284, 2, 21, 52, 24648 }, // U+1EF0
    { 14, 20, 236, 2, 15, 35, 24700 }, // U+1EF1
    { 15, 24, 239, 0, 24, 45, 24735 }, // U+1EF2
    { 12, 26, 199, 0, 21, 39, 24780 }, // U+1EF3
    { 15, 23, 240, 0, 18, 44, 24819 }, // U+1EF4
    { 12, 18, 200, 0, 13, 27, 24863 }, // U+1EF5
    { 15, 25, 240, 0, 24, 47, 24890 }, // U+1EF6
    { 12, 24, 200, 0, 19, 36, 24937 }, // U+1EF7
    { 15, 23, 240, 0, 22, 44, 24973 }, // U+1EF8
    { 12, 23, 200, 0, 18, 35, 25017 }, // U+1EF9
    { 0, 0, 200, 0, 0, 0, 25052 }, // U+2000
    { 0, 0, 400, 0, 0, 0, 25052 }, // U+2001
    { 0, 0, 200, 0, 0, 0, 25052 }, // U+2002
    { 0, 0, 400, 0, 0, 0, 25052 }, // U+2003
    { 0, 0, 133, 0, 0, 0, 25052 }, // U+2004
    { 0, 0, 100, 0, 0, 0, 25052 }, // U+2005
    { 0, 0, 67, 0, 0, 0, 25052 }, // U+2006
    { 0, 0, 240, 0, 0, 0, 25052 }, // U+2007
    { 0, 0, 140, 0, 0, 0, 25052 }, // U+2008
    { 0, 0, 80, 0, 0, 0, 25052 }, // U+2009
    { 0, 0, 40, 0, 0, 0, 25052 }, // U+200A
    { 0, 0, 0, 0, 0, 0, 25052 }, // U+200B
    { 2, 19, 0, -1, 18, 5, 25052 }, // U+200C
    { 6, 19, 0, -3, 18, 15, 25057 }, // U+200D
    { 7, 20, 0, -1, 18, 18, 25072 }, // U+200E
    { 7, 20, 0, -6, 18, 18, 25090 }, // U+200F
    { 8, 2, 128, 0, 8, 2, 25108 }, // U+2010
    { 9, 3, 140, 0, 8, 4, 25110 }, // U+2011
    { 14, 3, 200, -1, 8, 6, 25114 }, // U+2012
    { 14, 2, 198, -1, 9, 4, 25120 }, // U+2013
    { 26, 2, 398, -1, 9, 7, 25124 }, // U+2014
    { 26, 2, 398, -1, 9, 7, 25131 }, // U+2015
    { 7, 27, 400, 9, 23, 24, 25138 }, // U+2016
    { 5, 6, 94, 1, 19, 4, 25162 }, // U+2018
    { 5, 6, 94, 0, 19, 4, 25166 }, // U+2019
    { 5, 6, 94, 0, 3, 4, 25170 }, // U+201A
    { 4, 6, 140, 2, 21, 3, 25174 }, // U+201B
    { 9, 6, 167, 1, 19, 7, 25177 }, // U+201C
    { 9, 6, 167, 0, 19, 7, 25184 }, // U+201D
    { 9, 6, 167, 0, 3, 7, 25191 }, // U+201E
    { 7, 6, 140, 1, 21, 6, 25198 }, // U+201F
    { 11, 21, 190, 0, 17, 29, 25204 }, // U+2020
    { 11, 21, 190, 0, 17, 29, 25233 }, // U+2021
    { 7, 6, 144, 1, 12, 6, 25262 }, // U+2022
    { 17, 3, 400, 4, 11, 7, 25268 }, // U+2025
    { 21, 3, 398, 2, 3, 8, 25275 }, // U+2026
    { 4, 5, 400, 10, 12, 3, 25283 }, // U+2027
    { 29, 17, 491, 1, 17, 62, 25286 }, // U+2030
    { 23, 20, 400, 1, 19, 58, 25348 }, // U+2031
    { 5, 7, 114, 1, 21, 5, 25406 }, // U+2032
    { 8, 7, 155, 1, 21, 7, 25411 }, // U+2033
    { 11, 7, 208, 1, 21, 10, 25418 }, // U+2034
    { 5, 7, 200, 4, 21, 5, 25428 }, // U+2035
    { 8, 7, 155, 1, 21, 7, 25433 }, // U+2036
    { 11, 7, 208, 1, 21, 10, 25440 }, // U+2037
    { 7, 11, 116, 0, 13, 10, 25450 }, // U+2039
    { 6, 11, 116, 1, 13, 9, 25460 }, // U+203A
    { 17, 18, 400, 4, 18, 39, 25469 }, // U+203B
    { 12, 19, 400, 7, 18, 29, 25508 }, // U+203C
    { 12, 20, 240, 2, 19, 30, 25537 }, // U+203D
    { 14, 3, 200, -1, 22, 6, 25567 }, // U+203E
    { 21, 6, 400, 2, 3, 16, 25573 }, // U+203F
    { 19, 19, 360, 2, 18, 46, 25589 }, // U+2042
    { 13, 17, 59, -5, 17, 28, 25635 }, // U+2044
    { 21, 19, 400, 2, 18, 50, 25663 }, // U+2047
    { 16, 19, 400, 3, 18, 38, 25713 }, // U+2048
    { 16, 19, 400, 6, 18, 38, 25751 }, // U+2049
    { 9, 19, 200, 2, 18, 22, 25789 }, // U+2051
    { 9, 17, 132, 0, 17, 20, 25811 }, // U+2052
    { 3, 15, 400, 11, 17, 6, 25831 }, // U+205A
    { 3, 19, 400, 11, 19, 8, 25837 }, // U+205D
    { 9, 10, 144, 0, 18, 12, 25845 }, // U+2070
    { 3, 10, 72, 1, 18, 4, 25857 }, // U+2071
    { 9, 10, 144, 0, 18, 12, 25861 }, // U+2074
    { 7, 10, 144, 1, 18, 9, 25873 }, // U+2075
    { 9, 10, 144, 0, 18, 12, 25882 }, // U+2076
    { 9, 10, 144, 0, 18, 12, 25894 }, // U+2077
    { 9, 10, 144, 0, 18, 12, 25906 }, // U+2078
    { 9, 10, 144, 0, 18, 12, 25918 }, // U+2079
    { 8, 7, 152, 1, 16, 7, 25930 }, // U+207A
    { 7, 2, 152, 1, 14, 2, 25937 }, // U+207B
    { 8, 5, 152, 1, 15, 5, 25939 }, // U+207C
    { 4, 13, 152, 4, 19, 7, 25944 }, // U+207D
    { 4, 13, 152, 2, 19, 7, 25951 }, // U+207E
    { 7, 7, 136, 1, 15, 7, 25958 }, // U+207F
    { 9, 10, 144, 0, 10, 12, 25965 }, // U+2080
    { 5, 10, 144, 1, 10, 7, 25977 }, // U+2081
    { 8, 10, 144, 0, 10, 10, 25984 }, // U+2082
    { 8, 10, 144, 0, 10, 10, 25994 }, // U+2083
    { 9, 10, 144, 0, 10, 12, 26004 }, // U+2084
    { 7, 10, 144, 1, 10, 9, 26016 }, // U+2085
    { 9, 10, 144, 0, 10, 12, 26025 }, // U+2086
    { 9, 10, 144, 0, 10, 12, 26037 }, // U+2087
    { 9, 10, 144, 0, 10, 12, 26049 }, // U+2088
    { 9, 10, 144, 0, 10, 12, 26061 }, // U+2089
    { 8, 7, 152, 1, 8, 7, 26073 }, // U+208A
    { 7, 3, 152, 1, 6, 3, 26080 }, // U+208B
    { 8, 5, 152, 1, 7, 5, 26083 }, // U+208C
    { 4, 13, 152, 4, 11, 7, 26088 }, // U+208D
    { 4, 13, 152, 2, 11, 7, 26095 }, // U+208E
    { 8, 8, 128, 0, 7, 8, 26102 }, // U+2090
    { 7, 8, 128, 0, 7, 7, 26110 }, // U+2091
    { 8, 8, 128, 0, 7, 8, 26117 }, // U+2092
    { 7, 8, 120, 0, 7, 7, 26125 }, // U+2093
    { 7, 8, 132, 1, 7, 7, 26132 }, // U+2094
    { 6, 11, 128, 1, 10, 9, 26139 }, // U+2095
    { 7, 11, 122, 1, 10, 10, 26148 }, // U+2096
    { 4, 11, 72, 1, 10, 6, 26158 }, // U+2097
    { 10, 8, 183, 1, 7, 10, 26164 }, // U+2098
    { 7, 8, 136, 1, 7, 7, 26174 }, // U+2099
    { 7, 10, 128, 1, 7, 9, 26181 }, // U+209A
    { 6, 8, 120, 1, 7, 6, 26190 }, // U+209B
    { 7, 10, 120, 0, 9, 9, 26196 }, // U+209C
    { 16, 20, 280, 1, 19, 40, 26205 }, // U+20A0
    { 16, 24, 281, 1, 21, 48, 26245 }, // U+20A1
    { 16, 19, 281, 1, 18, 38, 26293 }, // U+20A2
    { 14, 19, 233, 0, 18, 34, 26331 }, // U+20A3
    { 17, 19, 285, 0, 18, 41, 26365 }, // U+20A4
    { 17, 21, 400, 4, 17, 45, 26406 }, // U+20A5
    { 19, 19, 295, 0, 18, 46, 26451 }, // U+20A6
    { 22, 19, 400, 1, 18, 53, 26497 }, // U+20A7
    { 25, 19, 440, 1, 18, 60, 26550 }, // U+20A8
    { 24, 19, 352, -1, 18, 57, 26610 }, // U+20A9
    { 16, 15, 317, 2, 15, 30, 26667 }, // U+20AA
    { 14, 23, 230, 0, 18, 41, 26697 }, // U+20AB
    { 13, 17, 226, 1, 17, 28, 26738 }, // U+20AC
    { 16, 19, 252, 0, 18, 38, 26766 }, // U+20AD
    { 13, 17, 226, 1, 17, 28, 26804 }, // U+20AE
    { 25, 23, 428, 1, 18, 72, 26832 }, // U+20AF
    { 14, 25, 240, 0, 19, 44, 26904 }, // U+20B0
    { 16, 19, 247, 0, 18, 38, 26948 }, // U+20B1
    { 17, 24, 301, 1, 20, 51, 26986 }, // U+20B2
    { 19, 19, 276, -1, 18, 46, 27037 }, // U+20B3
    { 14, 17, 226, 0, 17, 30, 27083 }, // U+20B4
    { 16, 24, 281, 1, 20, 48, 27113 }, // U+20B5
    { 15, 18, 238, 0, 17, 34, 27161 }, // U+20B6
    { 14, 20, 255, 1, 18, 35, 27195 }, // U+20B7
    { 15, 19, 231, 0, 18, 36, 27230 }, // U+20B8
    { 13, 17, 226, 1, 17, 28, 27266 }, // U+20B9
    { 15, 19, 260, 0, 18, 36, 27294 }, // U+20BA
    { 19, 19, 312, 0, 18, 46, 27330 }, // U+20BB
    { 15, 19, 302, 2, 18, 36, 27376 }, // U+20BC
    { 14, 19, 247, 1, 18, 34, 27412 }, // U+20BD
    { 17, 22, 281, 0, 21, 47, 27446 }, // U+20BE
    { 14, 24, 260, 1, 20, 42, 27493 }, // U+20BF
    { 12, 16, 212, 1, 13, 24, 27535 }, // U+20C0
    { 21, 22, 400, 2, 20, 58, 27559 }, // U+20C1
    { 23, 10, 400, 1, 14, 29, 27617 }, // U+2190
    { 23, 10, 400, 1, 14, 29, 27646 }, // U+2190
    { 9, 23, 400, 8, 21, 26, 27675 }, // U+2191
    { 23, 10, 400, 1, 14, 29, 27701 }, // U+2192
    { 9, 23, 400, 8, 21, 26, 27730 }, // U+2193
    { 23, 10, 400, 1, 14, 29, 27756 }, // U+2194
    { 9, 22, 400, 8, 20, 25, 27785 }, // U+2195
    { 18, 17, 400, 4, 17, 39, 27810 }, // U+2196
    { 18, 18, 400, 3, 18, 41, 27849 }, // U+2197
    { 18, 17, 400, 3, 18, 39, 27890 }, // U+2198
    { 17, 17, 400, 5, 18, 37, 27929 }, // U+2199
    { 24, 15, 400, 0, 19, 45, 27966 }, // U+21B6
    { 24, 15, 400, 1, 19, 45, 28011 }, // U+21B7
    { 21, 21, 400, 2, 21, 56, 28056 }, // U+21B8
    { 23, 19, 400, 1, 19, 55, 28112 }, // U+21B9
    { 23, 19, 400, 1, 19, 55, 28167 }, // U+21C4
    { 19, 23, 400, 3, 21, 55, 28222 }, // U+21C5
    { 23, 19, 400, 1, 19, 55, 28277 }, // U+21C6
    { 23, 19, 400, 1, 19, 55, 28332 }, // U+21CB
    { 23, 19, 400, 1, 19, 55, 28387 }, // U+21CC
    { 23, 19, 400, 1, 18, 55, 28442 }, // U+21CD
    { 23, 19, 400, 1, 18, 55, 28497 }, // U+21CE
    { 23, 19, 400, 1, 18, 55, 28552 }, // U+21CF
    { 23, 18, 400, 1, 18, 52, 28607 }, // U+21D0
    { 23, 18, 400, 1, 18, 52, 28659 }, // U+21D2
    { 23, 16, 400, 1, 17, 46, 28711 }, // U+21D4
    { 22, 17, 400, 1, 18, 47, 28757 }, // U+21E6
    { 17, 22, 400, 4, 21, 47, 28804 }, // U+21E7
    { 22, 17, 400, 2, 18, 47, 28851 }, // U+21E8
    { 17, 22, 400, 4, 20, 47, 28898 }, // U+21E9
    { 17, 22, 400, 4, 21, 47, 28945 }, // U+21EA
    { 19, 23, 400, 3, 21, 55, 28992 }, // U+21F5
    { 19, 19, 400, 3, 19, 46, 29047 }, // U+2200
    { 10, 19, 200, 1, 19, 24, 29093 }, // U+2201
    { 13, 19, 234, 1, 19, 31, 29117 }, // U+2202
    { 15, 18, 400, 5, 18, 34, 29148 }, // U+2203
    { 15, 24, 400, 5, 21, 45, 29182 }, // U+2204
    { 19, 20, 400, 3, 19, 48, 29227 }, // U+2205
    { 17, 17, 260, 0, 17, 37, 29275 }, // U+2206
    { 17, 18, 400, 4, 18, 39, 29312 }, // U+2207
    { 17, 16, 400, 4, 17, 34, 29351 }, // U+2208
    { 17, 22, 400, 4, 20, 47, 29385 }, // U+2209
    { 12, 15, 200, 0, 14, 23, 29432 }, // U+220A
    { 17, 16, 400, 4, 17, 34, 29455 }, // U+220B
    { 17, 22, 400, 4, 20, 47, 29489 }, // U+220C
    { 12, 15, 200, 0, 14, 23, 29536 }, // U+220D
    { 14, 20, 279, 2, 17, 35, 29559 }, // U+220F
    { 13, 20, 206, 0, 17, 33, 29594 }, // U+2211
    { 12, 2, 226, 1, 8, 3, 29627 }, // U+2212
    { 17, 17, 400, 4, 17, 37, 29630 }, // U+2213
    { 13, 17, 59, -5, 17, 28, 29667 }, // U+2215
    { 9, 21, 140, 0, 19, 24, 29695 }, // U+2216
    { 4, 3, 98, 1, 9, 2, 29719 }, // U+2219
    { 15, 20, 226, 0, 20, 38, 29721 }, // U+221A
    { 16, 21, 256, 0, 21, 42, 29759 }, // U+221B
    { 16, 21, 256, 0, 21, 42, 29801 }, // U+221C
    { 21, 11, 400, 2, 15, 29, 29843 }, // U+221D
    { 14, 7, 235, 0, 11, 13, 29872 }, // U+221E
    { 15, 17, 400, 6, 18, 32, 29885 }, // U+221F
    { 18, 17, 400, 4, 18, 39, 29917 }, // U+2220
    { 3, 27, 400, 11, 23, 11, 29956 }, // U+2223
    { 11, 27, 400, 7, 23, 38, 29967 }, // U+2224
    { 16, 24, 400, 4, 21, 48, 30005 }, // U+2225
    { 16, 24, 400, 4, 21, 48, 30053 }, // U+2226
    { 19, 17, 400, 3, 18, 41, 30101 }, // U+2227
    { 19, 17, 400, 3, 18, 41, 30142 }, // U+2228
    { 15, 19, 400, 5, 19, 36, 30183 }, // U+2229
    { 15, 18, 400, 5, 18, 34, 30219 }, // U+222A
    { 10, 24, 148, 0, 19, 30, 30253 }, // U+222B
    { 17, 22, 400, 4, 20, 47, 30283 }, // U+222C
    { 23, 22, 400, 1, 20, 64, 30330 }, // U+222D
    { 11, 22, 400, 7, 20, 31, 30394 }, // U+222E
    { 17, 22, 400, 4, 20, 47, 30425 }, // U+222F
    { 23, 22, 400, 1, 20, 64, 30472 }, // U+2230
    { 17, 15, 400, 4, 17, 32, 30536 }, // U+2234
    { 17, 16, 400, 4, 17, 34, 30568 }, // U+2235
    { 3, 15, 400, 11, 17, 6, 30602 }, // U+2236
    { 17, 16, 400, 4, 17, 34, 30608 }, // U+2237
    { 13, 4, 240, 1, 8, 7, 30642 }, // U+223C
    { 21, 11, 400, 2, 15, 29, 30649 }, // U+223D
    { 21, 11, 400, 2, 15, 29, 30678 }, // U+223E
    { 19, 9, 400, 3, 13, 22, 30707 }, // U+2242
    { 19, 9, 400, 3, 14, 22, 30729 }, // U+2243
    { 19, 12, 400, 3, 15, 29, 30751 }, // U+2245
    { 12, 10, 226, 1, 13, 15, 30780 }, // U+2248
    { 19, 13, 400, 3, 15, 31, 30795 }, // U+224B
    { 21, 19, 400, 2, 18, 50, 30826 }, // U+224C
    { 17, 17, 400, 4, 17, 37, 30876 }, // U+2251
    { 17, 17, 400, 4, 17, 37, 30913 }, // U+2252
    { 17, 17, 400, 4, 17, 37, 30950 }, // U+2253
    { 17, 18, 400, 4, 23, 39, 30987 }, // U+225C
    { 12, 13, 226, 1, 14, 20, 31026 }, // U+2260
    { 17, 11, 400, 4, 15, 24, 31046 }, // U+2261
    { 17, 17, 400, 4, 17, 37, 31070 }, // U+2262
    { 12, 15, 226, 1, 15, 23, 31107 }, // U+2264
    { 12, 15, 226, 1, 15, 23, 31130 }, // U+2265
    { 17, 19, 400, 4, 18, 41, 31153 }, // U+2266
    { 17, 19, 400, 4, 18, 41, 31194 }, // U+2267
    { 17, 20, 400, 4, 18, 43, 31235 }, // U+2268
    { 17, 20, 400, 4, 18, 43, 31278 }, // U+2269
    { 19, 18, 400, 3, 18, 43, 31321 }, // U+226A
    { 20, 18, 400, 3, 18, 45, 31364 }, // U+226B
    { 15, 27, 400, 5, 23, 51, 31409 }, // U+226E
    { 15, 27, 400, 5, 23, 51, 31460 }, // U+226F
    { 17, 18, 400, 4, 18, 39, 31511 }, // U+2272
    { 17, 18, 400, 4, 18, 39, 31550 }, // U+2273
    { 15, 21, 400, 5, 20, 40, 31589 }, // U+2276
    { 15, 21, 400, 5, 20, 40, 31629 }, // U+2277
    { 18, 16, 400, 3, 17, 36, 31669 }, // U+2282
    { 19, 16, 400, 3, 17, 38, 31705 }, // U+2283
    { 18, 22, 400, 3, 20, 50, 31743 }, // U+2284
    { 19, 22, 400, 3, 20, 53, 31793 }, // U+2285
    { 19, 18, 400, 3, 18, 43, 31846 }, // U+2286
    { 19, 18, 400, 3, 18, 43, 31889 }, // U+2287
    { 19, 24, 400, 3, 21, 57, 31932 }, // U+2288
    { 19, 24, 400, 3, 21, 57, 31989 }, // U+2289
    { 19, 20, 400, 3, 18, 48, 32046 }, // U+228A
    { 19, 20, 400, 3, 18, 48, 32094 }, // U+228B
    { 19, 20, 400, 3, 19, 48, 32142 }, // U+2295
    { 19, 20, 400, 3, 19, 48, 32190 }, // U+2296
    { 19, 20, 400, 3, 19, 48, 32238 }, // U+2297
    { 19, 20, 400, 3, 19, 48, 32286 }, // U+2298
    { 23, 23, 400, 1, 21, 67, 32334 }, // U+2299
    { 21, 21, 400, 2, 20, 56, 32401 }, // U+229C
    { 19, 20, 400, 3, 19, 48, 32457 }, // U+229D
    { 23, 23, 400, 1, 21, 67, 32505 }, // U+229E
    { 23, 22, 400, 1, 20, 64, 32572 }, // U+22A0
    { 17, 17, 400, 4, 18, 37, 32636 }, // U+22A2
    { 17, 17, 400, 4, 18, 37, 32673 }, // U+22A3
    { 17, 17, 400, 4, 18, 37, 32710 }, // U+22A4
    { 17, 17, 400, 4, 18, 37, 32747 }, // U+22A5
    { 18, 18, 400, 4, 18, 41, 32784 }, // U+22BF
    { 23, 21, 400, 1, 20, 61, 32825 }, // U+22C0
    { 23, 21, 400, 1, 20, 61, 32886 }, // U+22C1
    { 19, 21, 400, 3, 20, 50, 32947 }, // U+22C2
    { 19, 22, 400, 3, 20, 53, 32997 }, // U+22C3
    { 7, 8, 400, 9, 13, 7, 33050 }, // U+22C4
    { 5, 6, 140, 2, 12, 4, 33057 }, // U+22C5
    { 17, 20, 400, 4, 20, 43, 33061 }, // U+22DA
    { 17, 20, 400, 4, 20, 43, 33104 }, // U+22DB
    { 3, 19, 400, 11, 19, 8, 33147 }, // U+22EE
    { 21, 3, 400, 2, 11, 8, 33155 }, // U+22EF
    { 21, 19, 400, 2, 19, 50, 33163 }, // U+22F0
    { 21, 19, 400, 2, 19, 50, 33213 }, // U+22F1
    { 8, 8, 400, 1, 5, 8, 33263 }, // U+3002
    { 6, 18, 400, 18, 21, 14, 33271 }, // U+300C
    { 6, 18, 400, 1, 16, 14, 33285 }, // U+300D
    { 23, 4, 400, 1, 11, 12, 33299 }, // U+4E00
    { 23, 21, 400, 1, 20, 61, 33311 }, // U+4E0A
    { 23, 22, 400, 1, 19, 64, 33372 }, // U+4E0B
    { 22, 22, 400, 1, 19, 61, 33436 }, // U+4E0D
    { 23, 24, 400, 1, 21, 69, 33497 }, // U+4E13
    { 23, 23, 400, 1, 20, 67, 33566 }, // U+4E22
    { 22, 22, 400, 1, 19, 61, 33633 }, // U+4E24
    { 25, 24, 400, 0, 21, 75, 33694 }, // U+4E2A
    { 19, 24, 400, 3, 21, 57, 33769 }, // U+4E2D
    { 19, 24, 400, 3, 21, 57, 33826 }, // U+4E32
    { 21, 24, 400, 1, 21, 63, 33883 }, // U+4E3A
    { 23, 23, 400, 1, 21, 67, 33946 }, // U+4E3B
    { 24, 22, 400, 1, 20, 66, 34013 }, // U+4E49
    { 21, 24, 400, 2, 21, 63, 34079 }, // U+4E66
    { 23, 15, 400, 1, 16, 44, 34142 }, // U+4E8C
    { 24, 24, 400, 1, 21, 72, 34186 }, // U+4EA4
    { 25, 24, 400, 0, 21, 75, 34258 }, // U+4ECA
    { 24, 23, 400, 1, 21, 69, 34333 }, // U+4ECE
    { 24, 23, 400, 0, 20, 69, 34402 }, // U+4ED6
    { 23, 21, 400, 1, 19, 61, 34471 }, // U+4EE5
    { 25, 24, 400, 0, 21, 75, 34532 }, // U+4EF6
    { 25, 24, 400, 0, 21, 75, 34607 }, // U+4F11
    { 25, 24, 400, 0, 21, 75, 34682 }, // U+4F1A
    { 25, 24, 400, 0, 21, 75, 34757 }, // U+4F20
    { 25, 23, 400, 0, 20, 72, 34832 }, // U+4F4D
    { 24, 24, 400, 0, 21, 72, 34904 }, // U+4F4F
    { 25, 24, 400, 0, 21, 75, 34976 }, // U+4F53
    { 25, 24, 400, 0, 21, 75, 35051 }, // U+4F59
    { 25, 24, 400, 0, 21, 75, 35126 }, // U+4F5C
    { 24, 24, 400, 0, 21, 72, 35201 }, // U+4F60
    { 25, 24, 400, 0, 21, 75, 35273 }, // U+4F7F
    { 24, 23, 400, 0, 20, 69, 35348 }, // U+4F9B
    { 24, 24, 400, 0, 21, 72, 35417 }, // U+4FA7
    { 25, 23, 400, 0, 20, 72, 35489 }, // U+4FBF
    { 25, 23, 400, 0, 20, 72, 35561 }, // U+4FDD
    { 24, 24, 400, 0, 21, 72, 35633 }, // U+4FE1
    { 25, 24, 400, 0, 21, 75, 35705 }, // U+4FEE
    { 23, 24, 400, 0, 21, 69, 35780 }, // U+5012
    { 25, 23, 400, 0, 20, 72, 35849 }, // U+503E
    { 23, 24, 400, 0, 21, 69, 35921 }, // U+504F
    { 25, 23, 400, 0, 20, 72, 35990 }, // U+50A8
    { 23, 23, 400, 1, 21, 67, 36062 }, // U+5145
    { 24, 24, 400, 0, 21, 72, 36129 }, // U+5148
    { 23, 22, 400, 1, 20, 64, 36201 }, // U+5149
    { 24, 22, 400, 1, 20, 66, 36265 }, // U+5165
    { 25, 23, 400, 0, 21, 72, 36331 }, // U+5168
    { 24, 24, 400, 1, 21, 72, 36403 }, // U+5173
    { 23, 24, 400, 1, 21, 69, 36475 }, // U+5176
    { 24, 24, 400, 0, 21, 72, 36544 }, // U+5178
    { 19, 24, 400, 3, 21, 57, 36616 }, // U+5185
    { 24, 23, 400, 1, 20, 69, 36673 }, // U+518D
    { 22, 23, 400, 1, 20, 64, 36742 }, // U+5199
    { 24, 23, 400, 1, 20, 69, 36806 }, // U+51C6
    { 24, 24, 400, 1, 21, 72, 36875 }, // U+51D1
    { 24, 21, 400, 1, 19, 63, 36947 }, // U+51E0
    { 19, 24, 400, 3, 21, 57, 37010 }, // U+51FA
    { 25, 23, 400, 0, 20, 72, 37067 }, // U+5206
    { 23, 22, 400, 0, 19, 64, 37139 }, // U+5207
    { 22, 24, 400, 1, 21, 66, 37203 }, // U+5217
    { 22, 24, 400, 1, 21, 66, 37269 }, // U+521B
    { 22, 24, 400, 1, 21, 66, 37335 }, // U+5220
    { 22, 24, 400, 1, 21, 66, 37401 }, // U+5230
    { 22, 24, 400, 1, 21, 66, 37467 }, // U+5236
    { 23, 24, 400, 0, 21, 69, 37533 }, // U+5237
    { 23, 24, 400, 1, 21, 69, 37602 }, // U+524D
    { 23, 24, 400, 0, 21, 69, 37671 }, // U+5269
    { 23, 24, 400, 1, 21, 69, 37740 }, // U+526A
    { 22, 24, 400, 1, 21, 66, 37809 }, // U+526F
    { 22, 23, 400, 1, 20, 64, 37875 }, // U+529F
    { 23, 23, 400, 0, 21, 67, 37939 }, // U+52A0
    { 24, 24, 400, 1, 21, 72, 38006 }, // U+52A1
    { 22, 22, 400, 1, 20, 61, 38078 }, // U+52A8
    { 20, 24, 400, 2, 21, 60, 38139 }, // U+52FF
    { 21, 20, 400, 3, 18, 53, 38199 }, // U+5339
    { 20, 22, 400, 4, 19, 55, 38252 }, // U+533A
    { 18, 24, 400, 4, 21, 54, 38307 }, // U+5360
    { 23, 24, 400, 1, 21, 69, 38361 }, // U+5361
    { 22, 22, 400, 1, 19, 61, 38430 }, // U+5373
    { 22, 23, 400, 1, 20, 64, 38491 }, // U+539F
    { 23, 24, 400, 1, 21, 69, 38555 }, // U+53D1
    { 25, 22, 400, 0, 19, 69, 38624 }, // U+53D6
    { 17, 16, 400, 4, 16, 34, 38693 }, // U+53E3
    { 22, 21, 400, 2, 18, 58, 38727 }, // U+53EF
    { 24, 22, 400, 0, 20, 66, 38785 }, // U+53F3
    { 23, 22, 400, 1, 19, 64, 38851 }, // U+53F7
    { 19, 22, 400, 3, 19, 53, 38915 }, // U+540C
    { 22, 24, 400, 0, 21, 66, 38968 }, // U+540D
    { 24, 24, 400, 0, 21, 72, 39034 }, // U+540E
    { 19, 24, 400, 3, 21, 57, 39106 }, // U+5411
    { 23, 22, 400, 1, 19, 64, 39163 }, // U+5426
    { 21, 24, 400, 1, 21, 63, 39227 }, // U+542F
    { 23, 24, 400, 1, 21, 69, 39290 }, // U+544A
    { 24, 24, 400, 1, 21, 72, 39359 }, // U+547D
    { 24, 24, 400, 1, 21, 72, 39431 }, // U+54C8
    { 22, 23, 400, 2, 20, 64, 39503 }, // U+5668
    { 21, 20, 400, 2, 18, 53, 39567 }, // U+56DE
    { 20, 23, 400, 3, 20, 58, 39620 }, // U+56E0
    { 21, 23, 400, 2, 20, 61, 39678 }, // U+56F4
    { 20, 22, 400, 3, 19, 55, 39739 }, // U+56FA
    { 20, 23, 400, 3, 20, 58, 39794 }, // U+56FE
    { 24, 24, 400, 0, 21, 72, 39852 }, // U+5728
    { 25, 22, 400, 0, 20, 69, 39924 }, // U+5730
    { 24, 22, 400, 1, 21, 66, 39993 }, // U+5740
    { 23, 24, 400, 0, 21, 69, 40059 }, // U+5747
    { 24, 24, 400, 1, 21, 72, 40128 }, // U+5907
    { 24, 24, 400, 1, 21, 72, 40200 }, // U+590D
    { 23, 24, 400, 1, 21, 69, 40272 }, // U+5916
    { 25, 22, 400, 0, 20, 69, 40341 }, // U+5927
    { 24, 21, 400, 1, 19, 63, 40410 }, // U+5929
    { 24, 24, 400, 1, 21, 72, 40473 }, // U+5931
    { 24, 24, 400, 1, 21, 72, 40545 }, // U+5939
    { 23, 23, 400, 0, 21, 67, 40617 }, // U+5982
    { 24, 23, 400, 0, 20, 69, 40684 }, // U+59CB
    { 23, 24, 400, 1, 21, 69, 40753 }, // U+5B57
    { 24, 24, 400, 0, 21, 72, 40822 }, // U+5B58
    { 21, 23, 400, 2, 21, 61, 40894 }, // U+5B83
    { 23, 24, 400, 1, 21, 69, 40955 }, // U+5B89
    { 23, 23, 400, 1, 21, 67, 41024 }, // U+5B8C
    { 23, 24, 400, 1, 21, 69, 41091 }, // U+5B9A
    { 23, 24, 400, 1, 21, 69, 41160 }, // U+5BBD
    { 22, 24, 400, 1, 21, 66, 41229 }, // U+5BC6
    { 25, 23, 400, 0, 20, 72, 41295 }, // U+5BF9
    { 24, 23, 400, 1, 20, 69, 41367 }, // U+5C01
    { 25, 24, 400, 0, 21, 75, 41436 }, // U+5C04
    { 25, 24, 400, 0, 21, 75, 41511 }, // U+5C06
    { 24, 22, 400, 1, 20, 66, 41586 }, // U+5C0F
    { 24, 23, 400, 1, 20, 69, 41652 }, // U+5C31
    { 25, 23, 400, 0, 20, 72, 41721 }, // U+5C3D
    { 23, 23, 400, 0, 20, 67, 41793 }, // U+5C40
    { 22, 23, 400, 1, 20, 64, 41860 }, // U+5C45
    { 24, 23, 400, 0, 20, 69, 41924 }, // U+5C4F
    { 25, 23, 400, 0, 20, 72, 41993 }, // U+5C55
    { 21, 24, 400, 1, 21, 63, 42065 }, // U+5D29
    { 24, 24, 400, 1, 21, 72, 42128 }, // U+5D4C
    { 22, 22, 400, 1, 21, 61, 42200 }, // U+5DE6
    { 21, 21, 400, 3, 19, 56, 42261 }, // U+5DF2
    { 24, 24, 400, 0, 21, 72, 42317 }, // U+5E03
    { 24, 24, 400, 0, 21, 72, 42389 }, // U+5E0C
    { 23, 24, 400, 1, 21, 69, 42461 }, // U+5E26
    { 23, 24, 400, 1, 21, 69, 42530 }, // U+5E38
    { 21, 23, 400, 2, 20, 61, 42599 }, // U+5E45
    { 25, 24, 400, 0, 21, 75, 42660 }, // U+5E55
    { 24, 23, 400, 0, 20, 69, 42735 }, // U+5E73
    { 23, 24, 400, 1, 21, 69, 42804 }, // U+5E76
    { 23, 23, 400, 1, 21, 67, 42873 }, // U+5E94
    { 25, 24, 400, 0, 21, 75, 42940 }, // U+5E95
    { 24, 24, 400, 0, 21, 72, 43015 }, // U+5EA6
    { 24, 23, 400, 1, 20, 69, 43087 }, // U+5EFA
    { 23, 22, 400, 1, 19, 64, 43156 }, // U+5F00
    { 22, 24, 400, 2, 21, 66, 43220 }, // U+5F0F
    { 17, 23, 400, 3, 20, 49, 43286 }, // U+5F15
    { 18, 23, 400, 3, 21, 52, 43335 }, // U+5F53
    { 23, 23, 400, 1, 20, 67, 43387 }, // U+5F55
    { 24, 24, 400, 1, 21, 72, 43454 }, // U+5FEB
    { 23, 23, 400, 1, 21, 67, 43526 }, // U+5FFD
    { 24, 23, 400, 1, 21, 69, 43593 }, // U+6001
    { 23, 23, 400, 1, 21, 67, 43662 }, // U+603B
    { 24, 24, 400, 1, 21, 72, 43729 }, // U+6062
    { 23, 23, 400, 1, 21, 67, 43801 }, // U+606F
    { 23, 24, 400, 1, 21, 69, 43868 }, // U+60C5
    { 24, 24, 400, 0, 21, 72, 43937 }, // U+6210
    { 23, 24, 400, 1, 21, 69, 44009 }, // U+6216
    { 25, 23, 400, 0, 21, 72, 44078 }, // U+622A
    { 20, 24, 400, 1, 21, 60, 44150 }, // U+6237
    { 24, 24, 400, 1, 21, 72, 44210 }, // U+6240
    { 25, 24, 400, 0, 21, 75, 44282 }, // U+624B
    { 25, 24, 400, 0, 21, 75, 44357 }, // U+6253
    { 24, 22, 400, 0, 20, 66, 44432 }, // U+6269
    { 24, 23, 400, 0, 21, 69, 44498 }, // U+626B
    { 25, 23, 400, 0, 21, 72, 44567 }, // U+627E
    { 25, 23, 400, 0, 20, 72, 44639 }, // U+6297
    { 25, 23, 400, 0, 20, 72, 44711 }, // U+62A5
    { 25, 23, 400, 0, 20, 72, 44783 }, // U+62E9
    { 25, 24, 400, 0, 21, 75, 44855 }, // U+6301
    { 25, 23, 400, 0, 20, 72, 44930 }, // U+6309
    { 25, 23, 400, 0, 20, 72, 45002 }, // U+6362
    { 24, 23, 400, 0, 20, 69, 45074 }, // U+636E
    { 25, 23, 400, 0, 20, 72, 45143 }, // U+63A5
    { 24, 22, 400, 0, 20, 66, 45215 }, // U+63CF
    { 25, 23, 400, 0, 20, 72, 45281 }, // U+63D0
    { 24, 23, 400, 0, 20, 69, 45353 }, // U+63D2
    { 25, 24, 400, 0, 21, 75, 45422 }, // U+641C
    { 25, 23, 400, 0, 20, 72, 45497 }, // U+64CD
    { 25, 24, 400, 0, 21, 75, 45569 }, // U+6536
    { 25, 23, 400, 0, 21, 72, 45644 }, // U+653E
    { 24, 23, 400, 1, 20, 69, 45716 }, // U+6548
    { 24, 23, 400, 1, 20, 69, 45785 }, // U+6570
    { 23, 23, 400, 1, 20, 67, 45854 }, // U+6587
    { 25, 24, 400, 0, 21, 75, 45921 }, // U+659C
    { 22, 23, 400, 2, 20, 64, 45996 }, // U+65AD
    { 24, 23, 400, 1, 20, 69, 46060 }, // U+65B0
    { 23, 23, 400, 1, 20, 67, 46129 }, // U+65B9
    { 24, 21, 400, 0, 19, 63, 46196 }, // U+65E0
    { 15, 21, 400, 5, 18, 40, 46259 }, // U+65E5
    { 23, 23, 400, 2, 20, 67, 46299 }, // U+65F6
    { 23, 24, 400, 2, 21, 69, 46366 }, // U+6620
    { 24, 22, 400, 1, 19, 66, 46435 }, // U+662F
    { 23, 21, 400, 1, 19, 61, 46501 }, // U+663E
    { 22, 24, 400, 2, 21, 66, 46562 }, // U+6682
    { 24, 23, 400, 1, 20, 69, 46628 }, // U+66F4
    { 23, 23, 400, 1, 20, 67, 46697 }, // U+6700
    { 23, 24, 400, 1, 21, 69, 46764 }, // U+6709
    { 25, 22, 400, 0, 19, 69, 46833 }, // U+670D
    { 25, 24, 400, 0, 21, 75, 46902 }, // U+672A
    { 25, 24, 400, 0, 21, 75, 46977 }, // U+672C
    { 24, 24, 400, 1, 21, 72, 47052 }, // U+673A
    { 25, 24, 400, 0, 21, 75, 47124 }, // U+6761
    { 25, 24, 400, 0, 21, 75, 47199 }, // U+6765
    { 24, 23, 400, 0, 20, 69, 47274 }, // U+677E
    { 24, 24, 400, 1, 21, 72, 47343 }, // U+6790
    { 24, 23, 400, 1, 20, 69, 47415 }, // U+679C
    { 23, 23, 400, 1, 21, 67, 47484 }, // U+67E5
    { 25, 23, 400, 0, 20, 72, 47551 }, // U+6807
    { 25, 23, 400, 0, 20, 72, 47623 }, // U+680F
    { 25, 23, 400, 0, 20, 72, 47695 }, // U+6821
    { 24, 24, 400, 1, 21, 72, 47767 }, // U+6837
    { 24, 23, 400, 1, 20, 69, 47839 }, // U+6839
    { 25, 24, 400, 0, 21, 75, 47908 }, // U+683C
    { 22, 23, 400, 1, 20, 64, 47983 }, // U+6863
    { 25, 24, 400, 0, 21, 75, 48047 }, // U+68C0
    { 25, 24, 400, 0, 21, 75, 48122 }, // U+6A21
    { 25, 24, 400, 0, 21, 75, 48197 }, // U+6A2A
    { 24, 24, 400, 1, 21, 72, 48272 }, // U+6B21
    { 24, 19, 400, 1, 18, 57, 48344 }, // U+6B63
    { 23, 22, 400, 1, 20, 64, 48401 }, // U+6B64
    { 23, 24, 400, 1, 21, 69, 48465 }, // U+6B65
    { 24, 23, 400, 1, 20, 69, 48534 }, // U+6BB5
    { 25, 24, 400, 0, 21, 75, 48603 }, // U+6BCF
    { 23, 22, 400, 1, 20, 64, 48678 }, // U+6BD4
    { 23, 22, 400, 1, 19, 64, 48742 }, // U+6CA1
    { 24, 22, 400, 1, 20, 66, 48806 }, // U+6CD5
    { 23, 23, 400, 1, 21, 67, 48872 }, // U+6CE8
    { 24, 24, 400, 1, 21, 72, 48939 }, // U+6D45
    { 22, 24, 400, 1, 21, 66, 49011 }, // U+6D4F
    { 22, 23, 400, 1, 20, 64, 49077 }, // U+6D88
    { 24, 23, 400, 1, 20, 69, 49141 }, // U+6DF1
    { 24, 23, 400, 1, 20, 69, 49210 }, // U+6DFB
    { 24, 24, 400, 1, 21, 72, 49279 }, // U+6E05
    { 24, 21, 400, 1, 19, 63, 49351 }, // U+6E29
    { 24, 21, 400, 1, 19, 63, 49414 }, // U+6E7F
    { 23, 24, 400, 1, 21, 69, 49477 }, // U+6E83
    { 23, 22, 400, 1, 19, 64, 49546 }, // U+6E90
    { 24, 23, 400, 1, 21, 69, 49610 }, // U+6EE4
    { 24, 23, 400, 1, 20, 69, 49679 }, // U+706F
    { 23, 23, 400, 1, 20, 67, 49748 }, // U+70B9
    { 23, 24, 400, 1, 21, 69, 49815 }, // U+70ED
    { 22, 23, 400, 1, 20, 64, 49884 }, // U+7247
    { 25, 23, 400, 0, 20, 72, 49948 }, // U+7248
    { 25, 24, 400, 0, 21, 75, 50020 }, // U+7279
    { 24, 23, 400, 1, 20, 69, 50095 }, // U+72B6
    { 23, 24, 400, 1, 21, 69, 50164 }, // U+7387
    { 24, 22, 400, 1, 19, 66, 50233 }, // U+73B0
    { 25, 20, 400, 0, 19, 63, 50299 }, // U+7406
    { 21, 22, 400, 1, 19, 58, 50362 }, // U+7528
    { 21, 23, 400, 3, 21, 61, 50420 }, // U+7535
    { 24, 22, 400, 1, 19, 66, 50481 }, // U+754C
    { 23, 24, 400, 2, 21, 69, 50547 }, // U+7565
    { 24, 22, 400, 1, 20, 66, 50616 }, // U+767B
    { 22, 22, 400, 1, 19, 61, 50682 }, // U+767E
    { 21, 23, 400, 2, 20, 61, 50743 }, // U+7684
    { 25, 23, 400, 0, 21, 72, 50804 }, // U+76D8
    { 16, 22, 400, 5, 19, 44, 50876 }, // U+76EE
    { 23, 22, 400, 2, 19, 64, 50920 }, // U+7720
    { 25, 22, 400, 0, 20, 69, 50984 }, // U+77ED
    { 23, 23, 400, 0, 20, 67, 51053 }, // U+7801
    { 25, 22, 400, 0, 19, 69, 51120 }, // U+786C
    { 23, 24, 400, 0, 21, 69, 51189 }, // U+786E
    { 23, 22, 400, 1, 19, 64, 51258 }, // U+793A
    { 24, 24, 400, 1, 21, 72, 51322 }, // U+7981
    { 25, 24, 400, 0, 21, 75, 51394 }, // U+79D2
    { 25, 24, 400, 0, 21, 75, 51469 }, // U+79F0
    { 24, 24, 400, 0, 21, 72, 51544 }, // U+79FB
    { 25, 23, 400, 0, 20, 72, 51616 }, // U+7A0B
    { 23, 23, 400, 1, 21, 67, 51688 }, // U+7A7A
    { 23, 21, 400, 1, 20, 61, 51755 }, // U+7ACB
    { 23, 22, 400, 1, 20, 64, 51816 }, // U+7AD6
    { 23, 24, 400, 1, 21, 69, 51880 }, // U+7AE0
    { 24, 23, 400, 0, 20, 69, 51949 }, // U+7AEF
    { 24, 24, 400, 1, 21, 72, 52018 }, // U+7B26
    { 23, 24, 400, 1, 21, 69, 52090 }, // U+7B2C
    { 25, 23, 400, 0, 21, 72, 52159 }, // U+7B7E
    { 23, 24, 400, 1, 21, 69, 52231 }, // U+7B80
    { 23, 24, 400, 1, 21, 69, 52300 }, // U+7B97
    { 22, 24, 400, 2, 21, 66, 52369 }, // U+7BA1
    { 23, 24, 400, 1, 21, 69, 52435 }, // U+7C4D
    { 25, 23, 400, 0, 20, 72, 52504 }, // U+7C97
    { 21, 24, 400, 2, 21, 63, 52576 }, // U+7CFB
    { 22, 24, 400, 2, 21, 66, 52639 }, // U+7D22
    { 21, 24, 400, 2, 21, 63, 52705 }, // U+7D27
    { 21, 23, 400, 2, 20, 61, 52768 }, // U+7D2F
    { 24, 24, 400, 1, 21, 72, 52829 }, // U+7EBF
    { 22, 21, 400, 1, 20, 58, 52901 }, // U+7EC6
    { 24, 22, 400, 1, 20, 66, 52959 }, // U+7ECF
    { 24, 24, 400, 1, 21, 72, 53025 }, // U+7EDC
    { 24, 22, 400, 1, 20, 66, 53097 }, // U+7EDF
    { 24, 23, 400, 1, 20, 69, 53163 }, // U+7EE7
    { 24, 23, 400, 1, 20, 69, 53232 }, // U+7EEA
    { 23, 24, 400, 1, 21, 69, 53301 }, // U+7EED
    { 24, 24, 400, 1, 21, 72, 53370 }, // U+7EF4
    { 24, 24, 400, 1, 21, 72, 53442 }, // U+7F13
    { 23, 24, 400, 1, 21, 69, 53514 }, // U+7F16
    { 19, 22, 400, 3, 19, 53, 53583 }, // U+7F51
    { 23, 22, 400, 1, 20, 64, 53636 }, // U+7F6E
    { 23, 23, 400, 0, 20, 67, 53700 }, // U+7FFB
    { 25, 24, 400, 0, 21, 75, 53767 }, // U+8017
    { 23, 24, 400, 1, 21, 69, 53842 }, // U+80FD
    { 24, 23, 400, 0, 20, 69, 53911 }, // U+811A
    { 17, 24, 400, 4, 21, 51, 53980 }, // U+81EA
    { 22, 23, 400, 2, 21, 64, 54031 }, // U+8272
    { 22, 24, 400, 2, 21, 66, 54095 }, // U+8282
    { 23, 23, 400, 1, 21, 67, 54161 }, // U+8303
    { 24, 24, 400, 1, 21, 72, 54228 }, // U+83B7
    { 23, 24, 400, 2, 21, 69, 54300 }, // U+843D
    { 24, 24, 400, 1, 21, 72, 54369 }, // U+85CF
    { 25, 23, 400, 0, 20, 72, 54441 }, // U+884C
    { 25, 24, 400, 0, 21, 75, 54513 }, // U+8868
    { 25, 24, 400, 0, 21, 75, 54588 }, // U+88AB
    { 24, 24, 400, 1, 21, 72, 54663 }, // U+88C1
    { 24, 24, 400, 1, 21, 72, 54735 }, // U+88C5
    { 25, 23, 400, 0, 20, 72, 54807 }, // U+892A
    { 23, 23, 400, 1, 20, 67, 54879 }, // U+8981
    { 24, 23, 400, 0, 20, 69, 54946 }, // U+89C1
    { 23, 24, 400, 1, 21, 69, 55015 }, // U+89C8
    { 25, 24, 400, 0, 21, 75, 55084 }, // U+89E3
    { 23, 23, 400, 1, 20, 67, 55159 }, // U+8A00
    { 24, 24, 400, 1, 21, 72, 55226 }, // U+8BA1
    { 24, 23, 400, 1, 21, 69, 55298 }, // U+8BA4
    { 24, 21, 400, 1, 19, 63, 55367 }, // U+8BB0
    { 23, 22, 400, 1, 19, 64, 55430 }, // U+8BBE
    { 24, 20, 400, 1, 19, 60, 55494 }, // U+8BC1
    { 24, 24, 400, 1, 21, 72, 55554 }, // U+8BCA
    { 22, 22, 400, 1, 19, 61, 55626 }, // U+8BCD
    { 25, 24, 400, 0, 21, 75, 55687 }, // U+8BD5
    { 23, 23, 400, 1, 21, 67, 55762 }, // U+8BE5
    { 24, 24, 400, 1, 21, 72, 55829 }, // U+8BE6
    { 25, 22, 400, 0, 19, 69, 55901 }, // U+8BED
    { 24, 22, 400, 1, 20, 66, 55970 }, // U+8BEF
    { 24, 24, 400, 1, 21, 72, 56036 }, // U+8BF7
    { 23, 24, 400, 1, 21, 69, 56108 }, // U+8BFB
    { 24, 23, 400, 1, 20, 69, 56177 }, // U+8D25
    { 24, 22, 400, 1, 20, 66, 56246 }, // U+8D26
    { 25, 22, 400, 0, 20, 69, 56312 }, // U+8D85
    { 25, 22, 400, 0, 19, 69, 56381 }, // U+8DB3
    { 25, 21, 400, 0, 19, 66, 56450 }, // U+8DDD
    { 24, 22, 400, 1, 20, 66, 56516 }, // U+8DDF
    { 25, 22, 400, 0, 20, 69, 56582 }, // U+8DF3
    { 24, 24, 400, 1, 21, 72, 56651 }, // U+8F6C
    { 24, 24, 400, 1, 21, 72, 56723 }, // U+8F7D
    { 24, 24, 400, 1, 21, 72, 56795 }, // U+8F91
    { 24, 24, 400, 1, 21, 72, 56867 }, // U+8F93
    { 25, 23, 400, 0, 21, 72, 56939 }, // U+8FB9
    { 24, 23, 400, 1, 21, 69, 57011 }, // U+8FC7
    { 25, 22, 400, 0, 20, 69, 57080 }, // U+8FD1
    { 25, 22, 400, 0, 20, 69, 57149 }, // U+8FD4
    { 23, 22, 400, 1, 20, 64, 57218 }, // U+8FDB
    { 24, 22, 400, 1, 20, 66, 57282 }, // U+8FDC
    { 25, 22, 400, 0, 20, 69, 57348 }, // U+8FDE
    { 25, 22, 400, 0, 20, 69, 57417 }, // U+9000
    { 24, 23, 400, 1, 21, 69, 57486 }, // U+9001
    { 24, 23, 400, 1, 21, 69, 57555 }, // U+9002
    { 23, 23, 400, 1, 21, 67, 57624 }, // U+9006
    { 24, 23, 400, 1, 21, 69, 57691 }, // U+9009
    { 23, 23, 400, 1, 21, 67, 57760 }, // U+901F
    { 24, 23, 400, 0, 20, 69, 57827 }, // U+90E8
    { 24, 24, 400, 0, 21, 72, 57896 }, // U+90FD
    { 24, 21, 400, 1, 19, 63, 57968 }, // U+914D
    { 23, 23, 400, 1, 21, 67, 58031 }, // U+91CD
    { 22, 22, 400, 2, 20, 61, 58098 }, // U+91CF
    { 24, 24, 400, 1, 21, 72, 58159 }, // U+9488
    { 23, 23, 400, 1, 20, 67, 58231 }, // U+949F
    { 24, 22, 400, 1, 20, 66, 58298 }, // U+94FE
    { 24, 24, 400, 1, 21, 72, 58364 }, // U+9519
    { 24, 23, 400, 1, 21, 69, 58436 }, // U+952E
    { 25, 23, 400, 0, 20, 72, 58505 }, // U+952F
    { 24, 23, 400, 1, 21, 69, 58577 }, // U+955C
    { 24, 23, 400, 1, 20, 69, 58646 }, // U+957F
    { 21, 23, 400, 2, 20, 61, 58715 }, // U+95ED
    { 20, 23, 400, 3, 20, 58, 58776 }, // U+95EE
    { 21, 23, 400, 2, 20, 61, 58834 }, // U+95F4
    { 21, 23, 400, 2, 20, 61, 58895 }, // U+9605
    { 21, 22, 400, 2, 19, 58, 58956 }, // U+9633
    { 23, 23, 400, 2, 20, 67, 59014 }, // U+9644
    { 23, 23, 400, 2, 20, 67, 59081 }, // U+9664
    { 23, 24, 400, 2, 21, 69, 59148 }, // U+968F
    { 23, 23, 400, 2, 20, 67, 59217 }, // U+9690
    { 23, 23, 400, 1, 20, 67, 59284 }, // U+9700
    { 21, 21, 400, 2, 19, 56, 59351 }, // U+9762
    { 21, 23, 400, 2, 20, 61, 59407 }, // U+9875
    { 23, 22, 400, 1, 19, 64, 59468 }, // U+9876
    { 24, 23, 400, 0, 20, 69, 59532 }, // U+9879
    { 24, 22, 400, 0, 19, 66, 59601 }, // U+987A
    { 24, 22, 400, 0, 19, 66, 59667 }, // U+9884
    { 23, 24, 400, 1, 21, 69, 59733 }, // U+9891
    { 25, 22, 400, 0, 20, 69, 59802 }, // U+9898
    { 23, 23, 400, 1, 20, 67, 59871 }, // U+989D
    { 25, 23, 400, 0, 21, 72, 59938 }, // U+9A8C
    { 24, 23, 400, 1, 20, 69, 60010 }, // U+9ED8
    { 24, 24, 400, 1, 21, 72, 60079 }, // U+9F50
    { 23, 24, 400, 1, 21, 69, 60151 }, // U+9F7F
    { 18, 19, 310, 2, 19, 43, 60220 }, // U+FB00
    { 13, 19, 257, 2, 19, 31, 60263 }, // U+FB01
    { 14, 19, 265, 2, 19, 34, 60294 }, // U+FB02
    { 23, 19, 413, 2, 19, 55, 60328 }, // U+FB03
    { 24, 19, 421, 2, 19, 57, 60383 }, // U+FB04
    { 3, 19, 400, 4, 18, 8, 60440 }, // U+FF01
    { 7, 24, 400, 17, 21, 21, 60448 }, // U+FF08
    { 7, 24, 400, 1, 21, 21, 60469 }, // U+FF09
    { 4, 6, 400, 2, 3, 3, 60490 }, // U+FF0C
    { 4, 13, 400, 4, 12, 7, 60493 }, // U+FF1A
    { 12, 19, 400, 1, 18, 29, 60500 }, // U+FF1F
    { 25, 24, 400, 0, 21, 75, 60529 }, // U+FFFD
};

static const EpdUnicodeInterval ubuntu_12_regularIntervals[] = {
    { 0x0, 0x0, 0x0 },
    { 0x8, 0x9, 0x1 },
    { 0xD, 0xD, 0x3 },
    { 0x1D, 0x1D, 0x4 },
    { 0x20, 0x7E, 0x5 },
    { 0xA0, 0xFF, 0x64 },
    { 0x100, 0x17F, 0xC4 },
    { 0x1A0, 0x1A1, 0x144 },
    { 0x1AF, 0x1B0, 0x146 },
    { 0x1C4, 0x21F, 0x148 },
    { 0x300, 0x30D, 0x1A4 },
    { 0x30F, 0x30F, 0x1B2 },
    { 0x311, 0x311, 0x1B3 },
    { 0x316, 0x320, 0x1B4 },
    { 0x323, 0x32A, 0x1BF },
    { 0x32C, 0x332, 0x1C7 },
    { 0x334, 0x336, 0x1CE },
    { 0x338, 0x33D, 0x1D1 },
    { 0x340, 0x341, 0x1D7 },
    { 0x34F, 0x34F, 0x1D9 },
    { 0x358, 0x358, 0x1DA },
    { 0x361, 0x361, 0x1DB },
    { 0x400, 0x45F, 0x1DC },
    { 0x462, 0x463, 0x23C },
    { 0x46A, 0x46B, 0x23E },
    { 0x472, 0x475, 0x240 },
    { 0x478, 0x479, 0x244 },
    { 0x48A, 0x4F9, 0x246 },
    { 0x4FE, 0x4FF, 0x2B6 },
    { 0x5D0, 0x5EA, 0x2B8 },
    { 0x5F4, 0x5F4, 0x2D3 },
    { 0x1EA0, 0x1EF9, 0x2D4 },
    { 0x2000, 0x2016, 0x32E },
    { 0x2018, 0x2022, 0x345 },
    { 0x2025, 0x2027, 0x350 },
    { 0x2030, 0x2037, 0x353 },
    { 0x2039, 0x203F, 0x35B },
    { 0x2042, 0x2042, 0x362 },
    { 0x2044, 0x2044, 0x363 },
    { 0x2047, 0x2049, 0x364 },
    { 0x2051, 0x2052, 0x367 },
    { 0x205A, 0x205A, 0x369 },
    { 0x205D, 0x205D, 0x36A },
    { 0x2070, 0x2071, 0x36B },
    { 0x2074, 0x208E, 0x36D },
    { 0x2090, 0x209C, 0x388 },
    { 0x20A0, 0x20C1, 0x395 },
    { 0x2190, 0x2190, 0x3B7 },
    { 0x2190, 0x2199, 0x3B8 },
    { 0x21B6, 0x21B9, 0x3C2 },
    { 0x21C4, 0x21C6, 0x3C6 },
    { 0x21CB, 0x21D0, 0x3C9 },
    { 0x21D2, 0x21D2, 0x3CF },
    { 0x21D4, 0x21D4, 0x3D0 },
    { 0x21E6, 0x21EA, 0x3D1 },
    { 0x21F5, 0x21F5, 0x3D6 },
    { 0x2200, 0x220D, 0x3D7 },
    { 0x220F, 0x220F, 0x3E5 },
    { 0x2211, 0x2213, 0x3E6 },
    { 0x2215, 0x2216, 0x3E9 },
    { 0x2219, 0x2220, 0x3EB },
    { 0x2223, 0x2230, 0x3F3 },
    { 0x2234, 0x2237, 0x401 },
    { 0x223C, 0x223E, 0x405 },
    { 0x2242, 0x2243, 0x408 },
    { 0x2245, 0x2245, 0x40A },
    { 0x2248, 0x2248, 0x40B },
    { 0x224B, 0x224C, 0x40C },
    { 0x2251, 0x2253, 0x40E },
    { 0x225C, 0x225C, 0x411 },
    { 0x2260, 0x2262, 0x412 },
    { 0x2264, 0x226B, 0x415 },
    { 0x226E, 0x226F, 0x41D },
    { 0x2272, 0x2273, 0x41F },
    { 0x2276, 0x2277, 0x421 },
    { 0x2282, 0x228B, 0x423 },
    { 0x2295, 0x2299, 0x42D },
    { 0x229C, 0x229E, 0x432 },
    { 0x22A0, 0x22A0, 0x435 },
    { 0x22A2, 0x22A5, 0x436 },
    { 0x22BF, 0x22C5, 0x43A },
    { 0x22DA, 0x22DB, 0x441 },
    { 0x22EE, 0x22F1, 0x443 },
    { 0x3002, 0x3002, 0x447 },
    { 0x300C, 0x300D, 0x448 },
    { 0x4E00, 0x4E00, 0x44A },
    { 0x4E0A, 0x4E0B, 0x44B },
    { 0x4E0D, 0x4E0D, 0x44D },
    { 0x4E13, 0x4E13, 0x44E },
    { 0x4E22, 0x4E22, 0x44F },
    { 0x4E24, 0x4E24, 0x450 },
    { 0x4E2A, 0x4E2A, 0x451 },
    { 0x4E2D, 0x4E2D, 0x452 },
    { 0x4E32, 0x4E32, 0x453 },
    { 0x4E3A, 0x4E3B, 0x454 },
    { 0x4E49, 0x4E49, 0x456 },
    { 0x4E66, 0x4E66, 0x457 },
    { 0x4E8C, 0x4E8C, 0x458 },
    { 0x4EA4, 0x4EA4, 0x459 },
    { 0x4ECA, 0x4ECA, 0x45A },
    { 0x4ECE, 0x4ECE, 0x45B },
    { 0x4ED6, 0x4ED6, 0x45C },
    { 0x4EE5, 0x4EE5, 0x45D },
    { 0x4EF6, 0x4EF6, 0x45E },
    { 0x4F11, 0x4F11, 0x45F },
    { 0x4F1A, 0x4F1A, 0x460 },
    { 0x4F20, 0x4F20, 0x461 },
    { 0x4F4D, 0x4F4D, 0x462 },
    { 0x4F4F, 0x4F4F, 0x463 },
    { 0x4F53, 0x4F53, 0x464 },
    { 0x4F59, 0x4F59, 0x465 },
    { 0x4F5C, 0x4F5C, 0x466 },
    { 0x4F60, 0x4F60, 0x467 },
    { 0x4F7F, 0x4F7F, 0x468 },
    { 0x4F9B, 0x4F9B, 0x469 },
    { 0x4FA7, 0x4FA7, 0x46A },
    { 0x4FBF, 0x4FBF, 0x46B },
    { 0x4FDD, 0x4FDD, 0x46C },
    { 0x4FE1, 0x4FE1, 0x46D },
    { 0x4FEE, 0x4FEE, 0x46E },
    { 0x5012, 0x5012, 0x46F },
    { 0x503E, 0x503E, 0x470 },
    { 0x504F, 0x504F, 0x471 },
    { 0x50A8, 0x50A8, 0x472 },
    { 0x5145, 0x5145, 0x473 },
    { 0x5148, 0x5149, 0x474 },
    { 0x5165, 0x5165, 0x476 },
    { 0x5168, 0x5168, 0x477 },
    { 0x5173, 0x5173, 0x478 },
    { 0x5176, 0x5176, 0x479 },
    { 0x5178, 0x5178, 0x47A },
    { 0x5185, 0x5185, 0x47B },
    { 0x518D, 0x518D, 0x47C },
    { 0x5199, 0x5199, 0x47D },
    { 0x51C6, 0x51C6, 0x47E },
    { 0x51D1, 0x51D1, 0x47F },
    { 0x51E0, 0x51E0, 0x480 },
    { 0x51FA, 0x51FA, 0x481 },
    { 0x5206, 0x5207, 0x482 },
    { 0x5217, 0x5217, 0x484 },
    { 0x521B, 0x521B, 0x485 },
    { 0x5220, 0x5220, 0x486 },
    { 0x5230, 0x5230, 0x487 },
    { 0x5236, 0x5237, 0x488 },
    { 0x524D, 0x524D, 0x48A },
    { 0x5269, 0x526A, 0x48B },
    { 0x526F, 0x526F, 0x48D },
    { 0x529F, 0x52A1, 0x48E },
    { 0x52A8, 0x52A8, 0x491 },
    { 0x52FF, 0x52FF, 0x492 },
    { 0x5339, 0x533A, 0x493 },
    { 0x5360, 0x5361, 0x495 },
    { 0x5373, 0x5373, 0x497 },
    { 0x539F, 0x539F, 0x498 },
    { 0x53D1, 0x53D1, 0x499 },
    { 0x53D6, 0x53D6, 0x49A },
    { 0x53E3, 0x53E3, 0x49B },
    { 0x53EF, 0x53EF, 0x49C },
    { 0x53F3, 0x53F3, 0x49D },
    { 0x53F7, 0x53F7, 0x49E },
    { 0x540C, 0x540E, 0x49F },
    { 0x5411, 0x5411, 0x4A2 },
    { 0x5426, 0x5426, 0x4A3 },
    { 0x542F, 0x542F, 0x4A4 },
    { 0x544A, 0x544A, 0x4A5 },
    { 0x547D, 0x547D, 0x4A6 },
    { 0x54C8, 0x54C8, 0x4A7 },
    { 0x5668, 0x5668, 0x4A8 },
    { 0x56DE, 0x56DE, 0x4A9 },
    { 0x56E0, 0x56E0, 0x4AA },
    { 0x56F4, 0x56F4, 0x4AB },
    { 0x56FA, 0x56FA, 0x4AC },
    { 0x56FE, 0x56FE, 0x4AD },
    { 0x5728, 0x5728, 0x4AE },
    { 0x5730, 0x5730, 0x4AF },
    { 0x5740, 0x5740, 0x4B0 },
    { 0x5747, 0x5747, 0x4B1 },
    { 0x5907, 0x5907, 0x4B2 },
    { 0x590D, 0x590D, 0x4B3 },
    { 0x5916, 0x5916, 0x4B4 },
    { 0x5927, 0x5927, 0x4B5 },
    { 0x5929, 0x5929, 0x4B6 },
    { 0x5931, 0x5931, 0x4B7 },
    { 0x5939, 0x5939, 0x4B8 },
    { 0x5982, 0x5982, 0x4B9 },
    { 0x59CB, 0x59CB, 0x4BA },
    { 0x5B57, 0x5B58, 0x4BB },
    { 0x5B83, 0x5B83, 0x4BD },
    { 0x5B89, 0x5B89, 0x4BE },
    { 0x5B8C, 0x5B8C, 0x4BF },
    { 0x5B9A, 0x5B9A, 0x4C0 },
    { 0x5BBD, 0x5BBD, 0x4C1 },
    { 0x5BC6, 0x5BC6, 0x4C2 },
    { 0x5BF9, 0x5BF9, 0x4C3 },
    { 0x5C01, 0x5C01, 0x4C4 },
    { 0x5C04, 0x5C04, 0x4C5 },
    { 0x5C06, 0x5C06, 0x4C6 },
    { 0x5C0F, 0x5C0F, 0x4C7 },
    { 0x5C31, 0x5C31, 0x4C8 },
    { 0x5C3D, 0x5C3D, 0x4C9 },
    { 0x5C40, 0x5C40, 0x4CA },
    { 0x5C45, 0x5C45, 0x4CB },
    { 0x5C4F, 0x5C4F, 0x4CC },
    { 0x5C55, 0x5C55, 0x4CD },
    { 0x5D29, 0x5D29, 0x4CE },
    { 0x5D4C, 0x5D4C, 0x4CF },
    { 0x5DE6, 0x5DE6, 0x4D0 },
    { 0x5DF2, 0x5DF2, 0x4D1 },
    { 0x5E03, 0x5E03, 0x4D2 },
    { 0x5E0C, 0x5E0C, 0x4D3 },
    { 0x5E26, 0x5E26, 0x4D4 },
    { 0x5E38, 0x5E38, 0x4D5 },
    { 0x5E45, 0x5E45, 0x4D6 },
    { 0x5E55, 0x5E55, 0x4D7 },
    { 0x5E73, 0x5E73, 0x4D8 },
    { 0x5E76, 0x5E76, 0x4D9 },
    { 0x5E94, 0x5E95, 0x4DA },
    { 0x5EA6, 0x5EA6, 0x4DC },
    { 0x5EFA, 0x5EFA, 0x4DD },
    { 0x5F00, 0x5F00, 0x4DE },
    { 0x5F0F, 0x5F0F, 0x4DF },
    { 0x5F15, 0x5F15, 0x4E0 },
    { 0x5F53, 0x5F53, 0x4E1 },
    { 0x5F55, 0x5F55, 0x4E2 },
    { 0x5FEB, 0x5FEB, 0x4E3 },
    { 0x5FFD, 0x5FFD, 0x4E4 },
    { 0x6001, 0x6001, 0x4E5 },
    { 0x603B, 0x603B, 0x4E6 },
    { 0x6062, 0x6062, 0x4E7 },
    { 0x606F, 0x606F, 0x4E8 },
    { 0x60C5, 0x60C5, 0x4E9 },
    { 0x6210, 0x6210, 0x4EA },
    { 0x6216, 0x6216, 0x4EB },
    { 0x622A, 0x622A, 0x4EC },
    { 0x6237, 0x6237, 0x4ED },
    { 0x6240, 0x6240, 0x4EE },
    { 0x624B, 0x624B, 0x4EF },
    { 0x6253, 0x6253, 0x4F0 },
    { 0x6269, 0x6269, 0x4F1 },
    { 0x626B, 0x626B, 0x4F2 },
    { 0x627E, 0x627E, 0x4F3 },
    { 0x6297, 0x6297, 0x4F4 },
    { 0x62A5, 0x62A5, 0x4F5 },
    { 0x62E9, 0x62E9, 0x4F6 },
    { 0x6301, 0x6301, 0x4F7 },
    { 0x6309, 0x6309, 0x4F8 },
    { 0x6362, 0x6362, 0x4F9 },
    { 0x636E, 0x636E, 0x4FA },
    { 0x63A5, 0x63A5, 0x4FB },
    { 0x63CF, 0x63D0, 0x4FC },
    { 0x63D2, 0x63D2, 0x4FE },
    { 0x641C, 0x641C, 0x4FF },
    { 0x64CD, 0x64CD, 0x500 },
    { 0x6536, 0x6536, 0x501 },
    { 0x653E, 0x653E, 0x502 },
    { 0x6548, 0x6548, 0x503 },
    { 0x6570, 0x6570, 0x504 },
    { 0x6587, 0x6587, 0x505 },
    { 0x659C, 0x659C, 0x506 },
    { 0x65AD, 0x65AD, 0x507 },
    { 0x65B0, 0x65B0, 0x508 },
    { 0x65B9, 0x65B9, 0x509 },
    { 0x65E0, 0x65E0, 0x50A },
    { 0x65E5, 0x65E5, 0x50B },
    { 0x65F6, 0x65F6, 0x50C },
    { 0x6620, 0x6620, 0x50D },
    { 0x662F, 0x662F, 0x50E },
    { 0x663E, 0x663E, 0x50F },
    { 0x6682, 0x6682, 0x510 },
    { 0x66F4, 0x66F4, 0x511 },
    { 0x6700, 0x6700, 0x512 },
    { 0x6709, 0x6709, 0x513 },
    { 0x670D, 0x670D, 0x514 },
    { 0x672A, 0x672A, 0x515 },
    { 0x672C, 0x672C, 0x516 },
    { 0x673A, 0x673A, 0x517 },
    { 0x6761, 0x6761, 0x518 },
    { 0x6765, 0x6765, 0x519 },
    { 0x677E, 0x677E, 0x51A },
    { 0x6790, 0x6790, 0x51B },
    { 0x679C, 0x679C, 0x51C },
    { 0x67E5, 0x67E5, 0x51D },
    { 0x6807, 0x6807, 0x51E },
    { 0x680F, 0x680F, 0x51F },
    { 0x6821, 0x6821, 0x520 },
    { 0x6837, 0x6837, 0x521 },
    { 0x6839, 0x6839, 0x522 },
    { 0x683C, 0x683C, 0x523 },
    { 0x6863, 0x6863, 0x524 },
    { 0x68C0, 0x68C0, 0x525 },
    { 0x6A21, 0x6A21, 0x526 },
    { 0x6A2A, 0x6A2A, 0x527 },
    { 0x6B21, 0x6B21, 0x528 },
    { 0x6B63, 0x6B65, 0x529 },
    { 0x6BB5, 0x6BB5, 0x52C },
    { 0x6BCF, 0x6BCF, 0x52D },
    { 0x6BD4, 0x6BD4, 0x52E },
    { 0x6CA1, 0x6CA1, 0x52F },
    { 0x6CD5, 0x6CD5, 0x530 },
    { 0x6CE8, 0x6CE8, 0x531 },
    { 0x6D45, 0x6D45, 0x532 },
    { 0x6D4F, 0x6D4F, 0x533 },
    { 0x6D88, 0x6D88, 0x534 },
    { 0x6DF1, 0x6DF1, 0x535 },
    { 0x6DFB, 0x6DFB, 0x536 },
    { 0x6E05, 0x6E05, 0x537 },
    { 0x6E29, 0x6E29, 0x538 },
    { 0x6E7F, 0x6E7F, 0x539 },
    { 0x6E83, 0x6E83, 0x53A },
    { 0x6E90, 0x6E90, 0x53B },
    { 0x6EE4, 0x6EE4, 0x53C },
    { 0x706F, 0x706F, 0x53D },
    { 0x70B9, 0x70B9, 0x53E },
    { 0x70ED, 0x70ED, 0x53F },
    { 0x7247, 0x7248, 0x540 },
    { 0x7279, 0x7279, 0x542 },
    { 0x72B6, 0x72B6, 0x543 },
    { 0x7387, 0x7387, 0x544 },
    { 0x73B0, 0x73B0, 0x545 },
    { 0x7406, 0x7406, 0x546 },
    { 0x7528, 0x7528, 0x547 },
    { 0x7535, 0x7535, 0x548 },
    { 0x754C, 0x754C, 0x549 },
    { 0x7565, 0x7565, 0x54A },
    { 0x767B, 0x767B, 0x54B },
    { 0x767E, 0x767E, 0x54C },
    { 0x7684, 0x7684, 0x54D },
    { 0x76D8, 0x76D8, 0x54E },
    { 0x76EE, 0x76EE, 0x54F },
    { 0x7720, 0x7720, 0x550 },
    { 0x77ED, 0x77ED, 0x551 },
    { 0x7801, 0x7801, 0x552 },
    { 0x786C, 0x786C, 0x553 },
    { 0x786E, 0x786E, 0x554 },
    { 0x793A, 0x793A, 0x555 },
    { 0x7981, 0x7981, 0x556 },
    { 0x79D2, 0x79D2, 0x557 },
    { 0x79F0, 0x79F0, 0x558 },
    { 0x79FB, 0x79FB, 0x559 },
    { 0x7A0B, 0x7A0B, 0x55A },
    { 0x7A7A, 0x7A7A, 0x55B },
    { 0x7ACB, 0x7ACB, 0x55C },
    { 0x7AD6, 0x7AD6, 0x55D },
    { 0x7AE0, 0x7AE0, 0x55E },
    { 0x7AEF, 0x7AEF, 0x55F },
    { 0x7B26, 0x7B26, 0x560 },
    { 0x7B2C, 0x7B2C, 0x561 },
    { 0x7B7E, 0x7B7E, 0x562 },
    { 0x7B80, 0x7B80, 0x563 },
    { 0x7B97, 0x7B97, 0x564 },
    { 0x7BA1, 0x7BA1, 0x565 },
    { 0x7C4D, 0x7C4D, 0x566 },
    { 0x7C97, 0x7C97, 0x567 },
    { 0x7CFB, 0x7CFB, 0x568 },
    { 0x7D22, 0x7D22, 0x569 },
    { 0x7D27, 0x7D27, 0x56A },
    { 0x7D2F, 0x7D2F, 0x56B },
    { 0x7EBF, 0x7EBF, 0x56C },
    { 0x7EC6, 0x7EC6, 0x56D },
    { 0x7ECF, 0x7ECF, 0x56E },
    { 0x7EDC, 0x7EDC, 0x56F },
    { 0x7EDF, 0x7EDF, 0x570 },
    { 0x7EE7, 0x7EE7, 0x571 },
    { 0x7EEA, 0x7EEA, 0x572 },
    { 0x7EED, 0x7EED, 0x573 },
    { 0x7EF4, 0x7EF4, 0x574 },
    { 0x7F13, 0x7F13, 0x575 },
    { 0x7F16, 0x7F16, 0x576 },
    { 0x7F51, 0x7F51, 0x577 },
    { 0x7F6E, 0x7F6E, 0x578 },
    { 0x7FFB, 0x7FFB, 0x579 },
    { 0x8017, 0x8017, 0x57A },
    { 0x80FD, 0x80FD, 0x57B },
    { 0x811A, 0x811A, 0x57C },
    { 0x81EA, 0x81EA, 0x57D },
    { 0x8272, 0x8272, 0x57E },
    { 0x8282, 0x8282, 0x57F },
    { 0x8303, 0x8303, 0x580 },
    { 0x83B7, 0x83B7, 0x581 },
    { 0x843D, 0x843D, 0x582 },
    { 0x85CF, 0x85CF, 0x583 },
    { 0x884C, 0x884C, 0x584 },
    { 0x8868, 0x8868, 0x585 },
    { 0x88AB, 0x88AB, 0x586 },
    { 0x88C1, 0x88C1, 0x587 },
    { 0x88C5, 0x88C5, 0x588 },
    { 0x892A, 0x892A, 0x589 },
    { 0x8981, 0x8981, 0x58A },
    { 0x89C1, 0x89C1, 0x58B },
    { 0x89C8, 0x89C8, 0x58C },
    { 0x89E3, 0x89E3, 0x58D },
    { 0x8A00, 0x8A00, 0x58E },
    { 0x8BA1, 0x8BA1, 0x58F },
    { 0x8BA4, 0x8BA4, 0x590 },
    { 0x8BB0, 0x8BB0, 0x591 },
    { 0x8BBE, 0x8BBE, 0x592 },
    { 0x8BC1, 0x8BC1, 0x593 },
    { 0x8BCA, 0x8BCA, 0x594 },
    { 0x8BCD, 0x8BCD, 0x595 },
    { 0x8BD5, 0x8BD5, 0x596 },
    { 0x8BE5, 0x8BE6, 0x597 },
    { 0x8BED, 0x8BED, 0x599 },
    { 0x8BEF, 0x8BEF, 0x59A },
    { 0x8BF7, 0x8BF7, 0x59B },
    { 0x8BFB, 0x8BFB, 0x59C },
    { 0x8D25, 0x8D26, 0x59D },
    { 0x8D85, 0x8D85, 0x59F },
    { 0x8DB3, 0x8DB3, 0x5A0 },
    { 0x8DDD, 0x8DDD, 0x5A1 },
    { 0x8DDF, 0x8DDF, 0x5A2 },
    { 0x8DF3, 0x8DF3, 0x5A3 },
    { 0x8F6C, 0x8F6C, 0x5A4 },
    { 0x8F7D, 0x8F7D, 0x5A5 },
    { 0x8F91, 0x8F91, 0x5A6 },
    { 0x8F93, 0x8F93, 0x5A7 },
    { 0x8FB9, 0x8FB9, 0x5A8 },
    { 0x8FC7, 0x8FC7, 0x5A9 },
    { 0x8FD1, 0x8FD1, 0x5AA },
    { 0x8FD4, 0x8FD4, 0x5AB },
    { 0x8FDB, 0x8FDC, 0x5AC },
    { 0x8FDE, 0x8FDE, 0x5AE },
    { 0x9000, 0x9002, 0x5AF },
    { 0x9006, 0x9006, 0x5B2 },
    { 0x9009, 0x9009, 0x5B3 },
    { 0x901F, 0x901F, 0x5B4 },
    { 0x90E8, 0x90E8, 0x5B5 },
    { 0x90FD, 0x90FD, 0x5B6 },
    { 0x914D, 0x914D, 0x5B7 },
    { 0x91CD, 0x91CD, 0x5B8 },
    { 0x91CF, 0x91CF, 0x5B9 },
    { 0x9488, 0x9488, 0x5BA },
    { 0x949F, 0x949F, 0x5BB },
    { 0x94FE, 0x94FE, 0x5BC },
    { 0x9519, 0x9519, 0x5BD },
    { 0x952E, 0x952F, 0x5BE },
    { 0x955C, 0x955C, 0x5C0 },
    { 0x957F, 0x957F, 0x5C1 },
    { 0x95ED, 0x95EE, 0x5C2 },
    { 0x95F4, 0x95F4, 0x5C4 },
    { 0x9605, 0x9605, 0x5C5 },
    { 0x9633, 0x9633, 0x5C6 },
    { 0x9644, 0x9644, 0x5C7 },
    { 0x9664, 0x9664, 0x5C8 },
    { 0x968F, 0x9690, 0x5C9 },
    { 0x9700, 0x9700, 0x5CB },
    { 0x9762, 0x9762, 0x5CC },
    { 0x9875, 0x9876, 0x5CD },
    { 0x9879, 0x987A, 0x5CF },
    { 0x9884, 0x9884, 0x5D1 },
    { 0x9891, 0x9891, 0x5D2 },
    { 0x9898, 0x9898, 0x5D3 },
    { 0x989D, 0x989D, 0x5D4 },
    { 0x9A8C, 0x9A8C, 0x5D5 },
    { 0x9ED8, 0x9ED8, 0x5D6 },
    { 0x9F50, 0x9F50, 0x5D7 },
    { 0x9F7F, 0x9F7F, 0x5D8 },
    { 0xFB00, 0xFB04, 0x5D9 },
    { 0xFF01, 0xFF01, 0x5DE },
    { 0xFF08, 0xFF09, 0x5DF },
    { 0xFF0C, 0xFF0C, 0x5E1 },
    { 0xFF1A, 0xFF1A, 0x5E2 },
    { 0xFF1F, 0xFF1F, 0x5E3 },
    { 0xFFFD, 0xFFFD, 0x5E4 },
};

static const EpdKernClassEntry ubuntu_12_regularKernLeftClasses[] = {
    { 0x0022, 1 }, // "
    { 0x0027, 1 }, // '
    { 0x0028, 2 }, // (
    { 0x0029, 3 }, // )
    { 0x002A, 4 }, // *
    { 0x002C, 5 }, // ,
    { 0x002D, 6 }, // -
    { 0x002E, 5 }, // .
    { 0x002F, 7 }, // /
    { 0x003A, 8 }, // :
    { 0x003B, 8 }, // ;
    { 0x0040, 9 }, // @
    { 0x0041, 10 }, // A
    { 0x0042, 11 }, // B
    { 0x0043, 12 }, // C
    { 0x0044, 13 }, // D
    { 0x0045, 14 }, // E
    { 0x0046, 15 }, // F
    { 0x0047, 16 }, // G
    { 0x004A, 17 }, // J
    { 0x004B, 18 }, // K
    { 0x004C, 19 }, // L
    { 0x004D, 20 }, // M
    { 0x004F, 21 }, // O
    { 0x0050, 22 }, // P
    { 0x0051, 23 }, // Q
    { 0x0052, 24 }, // R
    { 0x0054, 25 }, // T
    { 0x0055, 26 }, // U
    { 0x0056, 27 }, // V
    { 0x0057, 28 }, // W
    { 0x0058, 29 }, // X
    { 0x0059, 30 }, // Y
    { 0x005A, 31 }, // Z
    { 0x005B, 32 }, // [
    { 0x005D, 33 }, // ]
    { 0x0061, 34 }, // a
    { 0x0062, 35 }, // b
    { 0x0063, 36 }, // c
    { 0x0066, 37 }, // f
    { 0x0068, 38 }, // h
    { 0x006A, 39 }, // j
    { 0x006B, 40 }, // k
    { 0x006D, 41 }, // m
    { 0x006E, 41 }, // n
    { 0x006F, 42 }, // o
    { 0x0070, 43 }, // p
    { 0x0071, 44 }, // q
    { 0x0072, 45 }, // r
    { 0x0074, 46 }, // t
    { 0x0076, 47 }, // v
    { 0x0077, 48 }, // w
    { 0x0078, 49 }, // x
    { 0x007A, 50 }, // z
    { 0x007B, 51 }, // {
    { 0x007D, 52 }, // }
    { 0x00A1, 53 }, // U+00A1
    { 0x00AB, 54 }, // U+00AB
    { 0x00BB, 55 }, // U+00BB
    { 0x00BF, 56 }, // U+00BF
    { 0x00C0, 10 }, // U+00C0
    { 0x00C1, 10 }, // U+00C1
    { 0x00C2, 10 }, // U+00C2
    { 0x00C3, 10 }, // U+00C3
    { 0x00C4, 10 }, // U+00C4
    { 0x00C5, 10 }, // U+00C5
    { 0x00C6, 14 }, // U+00C6
    { 0x00C7, 12 }, // U+00C7
    { 0x00C8, 14 }, // U+00C8
    { 0x00C9, 14 }, // U+00C9
    { 0x00CA, 14 }, // U+00CA
    { 0x00CB, 14 }, // U+00CB
    { 0x00D0, 13 }, // U+00D0
    { 0x00D2, 21 }, // U+00D2
    { 0x00D3, 21 }, // U+00D3
    { 0x00D4, 21 }, // U+00D4
    { 0x00D5, 21 }, // U+00D5
    { 0x00D6, 21 }, // U+00D6
    { 0x00D8, 21 }, // U+00D8
    { 0x00D9, 26 }, // U+00D9
    { 0x00DA, 26 }, // U+00DA
    { 0x00DB, 26 }, // U+00DB
    { 0x00DC, 26 }, // U+00DC
    { 0x00DD, 30 }, // U+00DD
    { 0x00DE, 57 }, // U+00DE
    { 0x00DF, 58 }, // U+00DF
    { 0x00E0, 34 }, // U+00E0
    { 0x00E1, 34 }, // U+00E1
    { 0x00E2, 34 }, // U+00E2
    { 0x00E3, 34 }, // U+00E3
    { 0x00E4, 34 }, // U+00E4
    { 0x00E5, 34 }, // U+00E5
    { 0x00E7, 36 }, // U+00E7
    { 0x00F0, 59 }, // U+00F0
    { 0x00F1, 41 }, // U+00F1
    { 0x00F2, 42 }, // U+00F2
    { 0x00F3, 42 }, // U+00F3
    { 0x00F4, 42 }, // U+00F4
    { 0x00F5, 42 }, // U+00F5
    { 0x00F6, 42 }, // U+00F6
    { 0x00F8, 42 }, // U+00F8
    { 0x00FE, 60 }, // U+00FE
    { 0x0100, 10 }, // U+0100
    { 0x0101, 34 }, // U+0101
    { 0x0102, 10 }, // U+0102
    { 0x0103, 34 }, // U+0103
    { 0x0104, 10 }, // U+0104
    { 0x0105, 34 }, // U+0105
    { 0x0106, 12 }, // U+0106
    { 0x0107, 36 }, // U+0107
    { 0x0108, 12 }, // U+0108
    { 0x0109, 36 }, // U+0109
    { 0x010A, 12 }, // U+010A
    { 0x010B, 36 }, // U+010B
    { 0x010C, 12 }, // U+010C
    { 0x010D, 36 }, // U+010D
    { 0x010E, 13 }, // U+010E
    { 0x010F, 61 }, // U+010F
    { 0x0110, 13 }, // U+0110
    { 0x0112, 14 }, // U+0112
    { 0x0114, 14 }, // U+0114
    { 0x0116, 14 }, // U+0116
    { 0x0118, 14 }, // U+0118
    { 0x011A, 14 }, // U+011A
    { 0x011C, 16 }, // U+011C
    { 0x011E, 16 }, // U+011E
    { 0x0120, 16 }, // U+0120
    { 0x0122, 16 }, // U+0122
    { 0x0125, 38 }, // U+0125
    { 0x0127, 38 }, // U+0127
    { 0x0132, 17 }, // U+0132
    { 0x0133, 39 }, // U+0133
    { 0x0134, 17 }, // U+0134
    { 0x0135, 39 }, // U+0135
    { 0x0136, 18 }, // U+0136
    { 0x0137, 40 }, // U+0137
    { 0x0138, 40 }, // U+0138
    { 0x0139, 19 }, // U+0139
    { 0x013B, 19 }, // U+013B
    { 0x013D, 19 }, // U+013D
    { 0x013E, 61 }, // U+013E
    { 0x013F, 19 }, // U+013F
    { 0x0141, 19 }, // U+0141
    { 0x0144, 41 }, // U+0144
    { 0x0146, 41 }, // U+0146
    { 0x0148, 41 }, // U+0148
    { 0x0149, 41 }, // U+0149
    { 0x014A, 62 }, // U+014A
    { 0x014B, 63 }, // U+014B
    { 0x014C, 21 }, // U+014C
    { 0x014D, 42 }, // U+014D
    { 0x014E, 21 }, // U+014E
    { 0x014F, 42 }, // U+014F
    { 0x0150, 21 }, // U+0150
    { 0x0151, 42 }, // U+0151
    { 0x0152, 14 }, // U+0152
    { 0x0154, 24 }, // U+0154
    { 0x0155, 45 }, // U+0155
    { 0x0156, 24 }, // U+0156
    { 0x0157, 45 }, // U+0157
    { 0x0158, 24 }, // U+0158
    { 0x0159, 45 }, // U+0159
    { 0x0162, 25 }, // U+0162
    { 0x0163, 46 }, // U+0163
    { 0x0164, 25 }, // U+0164
    { 0x0165, 46 }, // U+0165
    { 0x0166, 25 }, // U+0166
    { 0x0167, 46 }, // U+0167
    { 0x0168, 26 }, // U+0168
    { 0x016A, 26 }, // U+016A
    { 0x016C, 26 }, // U+016C
    { 0x016E, 26 }, // U+016E
    { 0x0170, 26 }, // U+0170
    { 0x0172, 26 }, // U+0172
    { 0x0174, 28 }, // U+0174
    { 0x0175, 48 }, // U+0175
    { 0x0176, 30 }, // U+0176
    { 0x0178, 30 }, // U+0178
    { 0x0179, 31 }, // U+0179
    { 0x017A, 50 }, // U+017A
    { 0x017B, 31 }, // U+017B
    { 0x017C, 50 }, // U+017C
    { 0x017D, 31 }, // U+017D
    { 0x017E, 50 }, // U+017E
    { 0x017F, 37 }, // U+017F
    { 0x01C4, 31 }, // U+01C4
    { 0x01C5, 50 }, // U+01C5
    { 0x01C6, 50 }, // U+01C6
    { 0x01C7, 17 }, // U+01C7
    { 0x01C8, 39 }, // U+01C8
    { 0x01C9, 39 }, // U+01C9
    { 0x01CA, 17 }, // U+01CA
    { 0x01CB, 39 }, // U+01CB
    { 0x01CC, 39 }, // U+01CC
    { 0x01CD, 10 }, // U+01CD
    { 0x01CE, 34 }, // U+01CE
    { 0x01D1, 21 }, // U+01D1
    { 0x01D2, 42 }, // U+01D2
    { 0x01D3, 26 }, // U+01D3
    { 0x01D5, 26 }, // U+01D5
    { 0x01D7, 26 }, // U+01D7
    { 0x01D9, 26 }, // U+01D9
    { 0x01DB, 26 }, // U+01DB
    { 0x01DD, 42 }, // U+01DD
    { 0x01DE, 10 }, // U+01DE
    { 0x01DF, 34 }, // U+01DF
    { 0x01E0, 10 }, // U+01E0
    { 0x01E1, 34 }, // U+01E1
    { 0x01E2, 14 }, // U+01E2
    { 0x01E4, 16 }, // U+01E4
    { 0x01E6, 16 }, // U+01E6
    { 0x01E8, 18 }, // U+01E8
    { 0x01E9, 40 }, // U+01E9
    { 0x01EA, 21 }, // U+01EA
    { 0x01EB, 42 }, // U+01EB
    { 0x01EC, 21 }, // U+01EC
    { 0x01ED, 42 }, // U+01ED
    { 0x01EE, 64 }, // U+01EE
    { 0x01F0, 39 }, // U+01F0
    { 0x01F1, 31 }, // U+01F1
    { 0x01F2, 50 }, // U+01F2
    { 0x01F3, 50 }, // U+01F3
    { 0x01F4, 16 }, // U+01F4
    { 0x01F7, 65 }, // U+01F7
    { 0x01F9, 41 }, // U+01F9
    { 0x01FA, 10 }, // U+01FA
    { 0x01FB, 34 }, // U+01FB
    { 0x01FC, 14 }, // U+01FC
    { 0x01FE, 21 }, // U+01FE
    { 0x01FF, 42 }, // U+01FF
    { 0x0200, 10 }, // U+0200
    { 0x0201, 34 }, // U+0201
    { 0x0202, 10 }, // U+0202
    { 0x0203, 34 }, // U+0203
    { 0x0204, 14 }, // U+0204
    { 0x0206, 14 }, // U+0206
    { 0x020C, 21 }, // U+020C
    { 0x020D, 42 }, // U+020D
    { 0x020E, 21 }, // U+020E
    { 0x020F, 42 }, // U+020F
    { 0x0210, 24 }, // U+0210
    { 0x0211, 45 }, // U+0211
    { 0x0212, 24 }, // U+0212
    { 0x0213, 45 }, // U+0213
    { 0x0214, 26 }, // U+0214
    { 0x0216, 26 }, // U+0216
    { 0x021A, 25 }, // U+021A
    { 0x021B, 46 }, // U+021B
    { 0x021C, 66 }, // U+021C
    { 0x021F, 38 }, // U+021F
    { 0x0400, 67 }, // U+0400
    { 0x0401, 67 }, // U+0401
    { 0x0402, 68 }, // U+0402
    { 0x0403, 69 }, // U+0403
    { 0x0404, 70 }, // U+0404
    { 0x0405, 71 }, // U+0405
    { 0x040B, 72 }, // U+040B
    { 0x040C, 73 }, // U+040C
    { 0x040E, 74 }, // U+040E
    { 0x0410, 75 }, // U+0410
    { 0x0411, 68 }, // U+0411
    { 0x0412, 76 }, // U+0412
    { 0x0413, 69 }, // U+0413
    { 0x0414, 77 }, // U+0414
    { 0x0415, 67 }, // U+0415
    { 0x0417, 78 }, // U+0417
    { 0x041A, 73 }, // U+041A
    { 0x041C, 79 }, // U+041C
    { 0x041E, 80 }, // U+041E
    { 0x0420, 81 }, // U+0420
    { 0x0421, 70 }, // U+0421
    { 0x0422, 82 }, // U+0422
    { 0x0423, 74 }, // U+0423
    { 0x0424, 83 }, // U+0424
    { 0x0425, 84 }, // U+0425
    { 0x0426, 85 }, // U+0426
    { 0x0429, 85 }, // U+0429
    { 0x042D, 86 }, // U+042D
    { 0x042E, 80 }, // U+042E
    { 0x0430, 87 }, // U+0430
    { 0x0431, 88 }, // U+0431
    { 0x0432, 89 }, // U+0432
    { 0x0433, 90 }, // U+0433
    { 0x0434, 91 }, // U+0434
    { 0x0435, 92 }, // U+0435
    { 0x0436, 93 }, // U+0436
    { 0x0437, 94 }, // U+0437
    { 0x043A, 95 }, // U+043A
    { 0x043E, 96 }, // U+043E
    { 0x0440, 97 }, // U+0440
    { 0x0441, 98 }, // U+0441
    { 0x0442, 99 }, // U+0442
    { 0x0443, 100 }, // U+0443
    { 0x0444, 101 }, // U+0444
    { 0x0445, 102 }, // U+0445
    { 0x0446, 103 }, // U+0446
    { 0x0449, 103 }, // U+0449
    { 0x044A, 104 }, // U+044A
    { 0x044C, 104 }, // U+044C
    { 0x044D, 105 }, // U+044D
    { 0x044E, 106 }, // U+044E
    { 0x0450, 92 }, // U+0450
    { 0x0451, 92 }, // U+0451
    { 0x0452, 107 }, // U+0452
    { 0x0453, 90 }, // U+0453
    { 0x0454, 108 }, // U+0454
    { 0x0455, 109 }, // U+0455
    { 0x0459, 104 }, // U+0459
    { 0x045A, 104 }, // U+045A
    { 0x045B, 110 }, // U+045B
    { 0x045C, 95 }, // U+045C
    { 0x045E, 100 }, // U+045E
    { 0x0462, 68 }, // U+0462
    { 0x0463, 111 }, // U+0463
    { 0x0472, 80 }, // U+0472
    { 0x0473, 96 }, // U+0473
    { 0x0474, 112 }, // U+0474
    { 0x0475, 113 }, // U+0475
    { 0x048A, 85 }, // U+048A
    { 0x048B, 103 }, // U+048B
    { 0x048D, 104 }, // U+048D
    { 0x048F, 97 }, // U+048F
    { 0x0490, 69 }, // U+0490
    { 0x0491, 90 }, // U+0491
    { 0x0492, 69 }, // U+0492
    { 0x0493, 90 }, // U+0493
    { 0x0494, 68 }, // U+0494
    { 0x0495, 114 }, // U+0495
    { 0x0497, 93 }, // U+0497
    { 0x0498, 78 }, // U+0498
    { 0x0499, 94 }, // U+0499
    { 0x049A, 73 }, // U+049A
    { 0x049B, 95 }, // U+049B
    { 0x049C, 73 }, // U+049C
    { 0x049D, 95 }, // U+049D
    { 0x049E, 73 }, // U+049E
    { 0x049F, 95 }, // U+049F
    { 0x04A0, 73 }, // U+04A0
    { 0x04A1, 95 }, // U+04A1
    { 0x04A2, 85 }, // U+04A2
    { 0x04A3, 103 }, // U+04A3
    { 0x04A4, 82 }, // U+04A4
    { 0x04A5, 90 }, // U+04A5
    { 0x04A7, 115 }, // U+04A7
    { 0x04A8, 116 }, // U+04A8
    { 0x04A9, 117 }, // U+04A9
    { 0x04AA, 70 }, // U+04AA
    { 0x04AB, 98 }, // U+04AB
    { 0x04AC, 82 }, // U+04AC
    { 0x04AD, 99 }, // U+04AD
    { 0x04AE, 118 }, // U+04AE
    { 0x04AF, 119 }, // U+04AF
    { 0x04B0, 118 }, // U+04B0
    { 0x04B1, 119 }, // U+04B1
    { 0x04B2, 84 }, // U+04B2
    { 0x04B3, 102 }, // U+04B3
    { 0x04B4, 85 }, // U+04B4
    { 0x04B5, 103 }, // U+04B5
    { 0x04B6, 85 }, // U+04B6
    { 0x04B7, 103 }, // U+04B7
    { 0x04BA, 120 }, // U+04BA
    { 0x04BB, 121 }, // U+04BB
    { 0x04BC, 122 }, // U+04BC
    { 0x04BD, 123 }, // U+04BD
    { 0x04BE, 122 }, // U+04BE
    { 0x04BF, 123 }, // U+04BF
    { 0x04C2, 93 }, // U+04C2
    { 0x04C4, 124 }, // U+04C4
    { 0x04C6, 103 }, // U+04C6
    { 0x04C8, 125 }, // U+04C8
    { 0x04C9, 85 }, // U+04C9
    { 0x04CA, 103 }, // U+04CA
    { 0x04CD, 85 }, // U+04CD
    { 0x04CE, 103 }, // U+04CE
    { 0x04D0, 75 }, // U+04D0
    { 0x04D1, 87 }, // U+04D1
    { 0x04D2, 75 }, // U+04D2
    { 0x04D3, 87 }, // U+04D3
    { 0x04D5, 126 }, // U+04D5
    { 0x04D6, 67 }, // U+04D6
    { 0x04D7, 92 }, // U+04D7
    { 0x04D8, 127 }, // U+04D8
    { 0x04D9, 128 }, // U+04D9
    { 0x04DA, 127 }, // U+04DA
    { 0x04DB, 128 }, // U+04DB
    { 0x04DD, 93 }, // U+04DD
    { 0x04DE, 78 }, // U+04DE
    { 0x04DF, 94 }, // U+04DF
    { 0x04E0, 129 }, // U+04E0
    { 0x04E1, 130 }, // U+04E1
    { 0x04E6, 80 }, // U+04E6
    { 0x04E7, 96 }, // U+04E7
    { 0x04E8, 80 }, // U+04E8
    { 0x04E9, 96 }, // U+04E9
    { 0x04EA, 80 }, // U+04EA
    { 0x04EB, 96 }, // U+04EB
    { 0x04EC, 86 }, // U+04EC
    { 0x04ED, 94 }, // U+04ED
    { 0x04EE, 74 }, // U+04EE
    { 0x04EF, 100 }, // U+04EF
    { 0x04F0, 74 }, // U+04F0
    { 0x04F1, 100 }, // U+04F1
    { 0x04F2, 74 }, // U+04F2
    { 0x04F3, 100 }, // U+04F3
    { 0x04F6, 69 }, // U+04F6
    { 0x04F7, 90 }, // U+04F7
    { 0x05D0, 131 }, // U+05D0
    { 0x05D1, 132 }, // U+05D1
    { 0x05D2, 133 }, // U+05D2
    { 0x05D3, 134 }, // U+05D3
    { 0x05D5, 135 }, // U+05D5
    { 0x05D6, 136 }, // U+05D6
    { 0x05D8, 137 }, // U+05D8
    { 0x05D9, 138 }, // U+05D9
    { 0x05DB, 139 }, // U+05DB
    { 0x05DC, 140 }, // U+05DC
    { 0x05DE, 141 }, // U+05DE
    { 0x05E0, 142 }, // U+05E0
    { 0x05E1, 143 }, // U+05E1
    { 0x05E2, 144 }, // U+05E2
    { 0x05E4, 145 }, // U+05E4
    { 0x05E6, 146 }, // U+05E6
    { 0x05E8, 147 }, // U+05E8
    { 0x05E9, 148 }, // U+05E9
    { 0x05EA, 149 }, // U+05EA
    { 0x1EF2, 30 }, // U+1EF2
    { 0x2013, 6 }, // U+2013
    { 0x2014, 6 }, // U+2014
    { 0x2018, 150 }, // U+2018
    { 0x201A, 151 }, // U+201A
    { 0x201C, 150 }, // U+201C
    { 0x201E, 151 }, // U+201E
    { 0x2026, 5 }, // U+2026
    { 0x2039, 54 }, // U+2039
    { 0x203A, 55 }, // U+203A
    { 0xFB00, 37 }, // U+FB00
};

static const EpdKernClassEntry ubuntu_12_regularKernRightClasses[] = {
    { 0x0021, 1 }, // !
    { 0x0022, 2 }, // "
    { 0x0027, 2 }, // '
    { 0x0028, 3 }, // (
    { 0x0029, 4 }, // )
    { 0x002A, 5 }, // *
    { 0x002C, 6 }, // ,
    { 0x002D, 7 }, // -
    { 0x002E, 6 }, // .
    { 0x002F, 8 }, // /
    { 0x003A, 9 }, // :
    { 0x003B, 9 }, // ;
    { 0x003F, 10 }, // ?
    { 0x0040, 11 }, // @
    { 0x0041, 12 }, // A
    { 0x0043, 13 }, // C
    { 0x0047, 14 }, // G
    { 0x004A, 15 }, // J
    { 0x004D, 16 }, // M
    { 0x004F, 17 }, // O
    { 0x0051, 18 }, // Q
    { 0x0053, 19 }, // S
    { 0x0054, 20 }, // T
    { 0x0055, 21 }, // U
    { 0x0056, 22 }, // V
    { 0x0057, 23 }, // W
    { 0x0058, 24 }, // X
    { 0x0059, 25 }, // Y
    { 0x005A, 26 }, // Z
    { 0x005B, 27 }, // [
    { 0x005C, 28 }, // <backslash>
    { 0x005D, 29 }, // ]
    { 0x0061, 30 }, // a
    { 0x0062, 31 }, // b
    { 0x0063, 32 }, // c
    { 0x0064, 33 }, // d
    { 0x0065, 34 }, // e
    { 0x0066, 35 }, // f
    { 0x0067, 36 }, // g
    { 0x0068, 31 }, // h
    { 0x0069, 37 }, // i
    { 0x006A, 38 }, // j
    { 0x006B, 31 }, // k
    { 0x006C, 39 }, // l
    { 0x006D, 40 }, // m
    { 0x006E, 40 }, // n
    { 0x006F, 41 }, // o
    { 0x0070, 40 }, // p
    { 0x0071, 42 }, // q
    { 0x0072, 40 }, // r
    { 0x0073, 43 }, // s
    { 0x0074, 44 }, // t
    { 0x0075, 45 }, // u
    { 0x0076, 46 }, // v
    { 0x0077, 47 }, // w
    { 0x0078, 48 }, // x
    { 0x0079, 49 }, // y
    { 0x007A, 50 }, // z
    { 0x007B, 51 }, // {
    { 0x007D, 52 }, // }
    { 0x00AB, 53 }, // U+00AB
    { 0x00BB, 54 }, // U+00BB
    { 0x00C0, 12 }, // U+00C0
    { 0x00C1, 12 }, // U+00C1
    { 0x00C2, 12 }, // U+00C2
    { 0x00C3, 12 }, // U+00C3
    { 0x00C4, 12 }, // U+00C4
    { 0x00C5, 12 }, // U+00C5
    { 0x00C6, 55 }, // U+00C6
    { 0x00C7, 13 }, // U+00C7
    { 0x00D2, 17 }, // U+00D2
    { 0x00D3, 17 }, // U+00D3
    { 0x00D4, 17 }, // U+00D4
    { 0x00D5, 17 }, // U+00D5
    { 0x00D6, 17 }, // U+00D6
    { 0x00D8, 17 }, // U+00D8
    { 0x00D9, 21 }, // U+00D9
    { 0x00DA, 21 }, // U+00DA
    { 0x00DB, 21 }, // U+00DB
    { 0x00DC, 21 }, // U+00DC
    { 0x00DD, 25 }, // U+00DD
    { 0x00DF, 56 }, // U+00DF
    { 0x00E0, 30 }, // U+00E0
    { 0x00E1, 30 }, // U+00E1
    { 0x00E2, 30 }, // U+00E2
    { 0x00E3, 30 }, // U+00E3
    { 0x00E4, 30 }, // U+00E4
    { 0x00E5, 30 }, // U+00E5
    { 0x00E6, 30 }, // U+00E6
    { 0x00E7, 32 }, // U+00E7
    { 0x00E8, 34 }, // U+00E8
    { 0x00E9, 34 }, // U+00E9
    { 0x00EA, 34 }, // U+00EA
    { 0x00EB, 34 }, // U+00EB
    { 0x00EC, 57 }, // U+00EC
    { 0x00ED, 37 }, // U+00ED
    { 0x00EE, 58 }, // U+00EE
    { 0x00EF, 59 }, // U+00EF
    { 0x00F0, 60 }, // U+00F0
    { 0x00F1, 40 }, // U+00F1
    { 0x00F2, 41 }, // U+00F2
    { 0x00F3, 41 }, // U+00F3
    { 0x00F4, 41 }, // U+00F4
    { 0x00F5, 41 }, // U+00F5
    { 0x00F6, 41 }, // U+00F6
    { 0x00F8, 41 }, // U+00F8
    { 0x00F9, 45 }, // U+00F9
    { 0x00FA, 45 }, // U+00FA
    { 0x00FB, 45 }, // U+00FB
    { 0x00FC, 45 }, // U+00FC
    { 0x00FD, 49 }, // U+00FD
    { 0x00FE, 56 }, // U+00FE
    { 0x00FF, 49 }, // U+00FF
    { 0x0100, 12 }, // U+0100
    { 0x0101, 30 }, // U+0101
    { 0x0102, 12 }, // U+0102
    { 0x0103, 30 }, // U+0103
    { 0x0104, 12 }, // U+0104
    { 0x0105, 30 }, // U+0105
    { 0x0106, 13 }, // U+0106
    { 0x0107, 32 }, // U+0107
    { 0x0108, 13 }, // U+0108
    { 0x0109, 32 }, // U+0109
    { 0x010A, 13 }, // U+010A
    { 0x010B, 32 }, // U+010B
    { 0x010C, 13 }, // U+010C
    { 0x010D, 32 }, // U+010D
    { 0x010F, 33 }, // U+010F
    { 0x0111, 33 }, // U+0111
    { 0x0113, 34 }, // U+0113
    { 0x0115, 34 }, // U+0115
    { 0x0117, 34 }, // U+0117
    { 0x0119, 34 }, // U+0119
    { 0x011B, 34 }, // U+011B
    { 0x011C, 14 }, // U+011C
    { 0x011D, 36 }, // U+011D
    { 0x011E, 14 }, // U+011E
    { 0x011F, 36 }, // U+011F
    { 0x0120, 14 }, // U+0120
    { 0x0121, 36 }, // U+0121
    { 0x0122, 14 }, // U+0122
    { 0x0123, 36 }, // U+0123
    { 0x0125, 31 }, // U+0125
    { 0x0127, 31 }, // U+0127
    { 0x0129, 61 }, // U+0129
    { 0x012B, 62 }, // U+012B
    { 0x012D, 63 }, // U+012D
    { 0x012F, 37 }, // U+012F
    { 0x0131, 37 }, // U+0131
    { 0x0133, 37 }, // U+0133
    { 0x0134, 15 }, // U+0134
    { 0x0135, 38 }, // U+0135
    { 0x0137, 31 }, // U+0137
    { 0x013A, 39 }, // U+013A
    { 0x013C, 39 }, // U+013C
    { 0x013E, 39 }, // U+013E
    { 0x0140, 39 }, // U+0140
    { 0x0142, 39 }, // U+0142
    { 0x0144, 40 }, // U+0144
    { 0x0146, 40 }, // U+0146
    { 0x0148, 40 }, // U+0148
    { 0x0149, 40 }, // U+0149
    { 0x014A, 64 }, // U+014A
    { 0x014B, 65 }, // U+014B
    { 0x014C, 17 }, // U+014C
    { 0x014D, 41 }, // U+014D
    { 0x014E, 17 }, // U+014E
    { 0x014F, 41 }, // U+014F
    { 0x0150, 17 }, // U+0150
    { 0x0151, 41 }, // U+0151
    { 0x0152, 17 }, // U+0152
    { 0x0153, 41 }, // U+0153
    { 0x0155, 40 }, // U+0155
    { 0x0157, 40 }, // U+0157
    { 0x0159, 40 }, // U+0159
    { 0x015A, 19 }, // U+015A
    { 0x015B, 43 }, // U+015B
    { 0x015C, 19 }, // U+015C
    { 0x015D, 43 }, // U+015D
    { 0x015E, 19 }, // U+015E
    { 0x015F, 43 }, // U+015F
    { 0x0160, 19 }, // U+0160
    { 0x0161, 43 }, // U+0161
    { 0x0162, 20 }, // U+0162
    { 0x0163, 44 }, // U+0163
    { 0x0164, 20 }, // U+0164
    { 0x0165, 44 }, // U+0165
    { 0x0166, 20 }, // U+0166
    { 0x0167, 44 }, // U+0167
    { 0x0168, 21 }, // U+0168
    { 0x0169, 45 }, // U+0169
    { 0x016A, 21 }, // U+016A
    { 0x016B, 45 }, // U+016B
    { 0x016C, 21 }, // U+016C
    { 0x016D, 45 }, // U+016D
    { 0x016E, 21 }, // U+016E
    { 0x016F, 45 }, // U+016F
    { 0x0170, 21 }, // U+0170
    { 0x0171, 45 }, // U+0171
    { 0x0172, 21 }, // U+0172
    { 0x0173, 45 }, // U+0173
    { 0x0174, 23 }, // U+0174
    { 0x0175, 47 }, // U+0175
    { 0x0176, 25 }, // U+0176
    { 0x0177, 49 }, // U+0177
    { 0x0178, 25 }, // U+0178
    { 0x0179, 26 }, // U+0179
    { 0x017A, 50 }, // U+017A
    { 0x017B, 26 }, // U+017B
    { 0x017C, 50 }, // U+017C
    { 0x017D, 26 }, // U+017D
    { 0x017E, 50 }, // U+017E
    { 0x017F, 35 }, // U+017F
    { 0x01A0, 17 }, // U+01A0
    { 0x01A1, 41 }, // U+01A1
    { 0x01AF, 21 }, // U+01AF
    { 0x01B0, 45 }, // U+01B0
    { 0x01C6, 33 }, // U+01C6
    { 0x01C9, 39 }, // U+01C9
    { 0x01CC, 40 }, // U+01CC
    { 0x01CD, 12 }, // U+01CD
    { 0x01CE, 30 }, // U+01CE
    { 0x01D0, 37 }, // U+01D0
    { 0x01D1, 17 }, // U+01D1
    { 0x01D2, 41 }, // U+01D2
    { 0x01D3, 21 }, // U+01D3
    { 0x01D4, 45 }, // U+01D4
    { 0x01D5, 21 }, // U+01D5
    { 0x01D6, 45 }, // U+01D6
    { 0x01D7, 21 }, // U+01D7
    { 0x01D8, 45 }, // U+01D8
    { 0x01D9, 21 }, // U+01D9
    { 0x01DA, 45 }, // U+01DA
    { 0x01DB, 21 }, // U+01DB
    { 0x01DC, 45 }, // U+01DC
    { 0x01DD, 66 }, // U+01DD
    { 0x01DE, 12 }, // U+01DE
    { 0x01DF, 30 }, // U+01DF
    { 0x01E0, 12 }, // U+01E0
    { 0x01E1, 30 }, // U+01E1
    { 0x01E2, 55 }, // U+01E2
    { 0x01E3, 30 }, // U+01E3
    { 0x01E4, 14 }, // U+01E4
    { 0x01E5, 36 }, // U+01E5
    { 0x01E6, 14 }, // U+01E6
    { 0x01E7, 36 }, // U+01E7
    { 0x01E9, 31 }, // U+01E9
    { 0x01EA, 17 }, // U+01EA
    { 0x01EB, 41 }, // U+01EB
    { 0x01EC, 17 }, // U+01EC
    { 0x01ED, 41 }, // U+01ED
    { 0x01EE, 67 }, // U+01EE
    { 0x01EF, 68 }, // U+01EF
    { 0x01F0, 38 }, // U+01F0
    { 0x01F3, 33 }, // U+01F3
    { 0x01F4, 14 }, // U+01F4
    { 0x01F5, 36 }, // U+01F5
    { 0x01F7, 56 }, // U+01F7
    { 0x01F9, 40 }, // U+01F9
    { 0x01FA, 12 }, // U+01FA
    { 0x01FB, 30 }, // U+01FB
    { 0x01FC, 55 }, // U+01FC
    { 0x01FD, 30 }, // U+01FD
    { 0x01FE, 17 }, // U+01FE
    { 0x01FF, 41 }, // U+01FF
    { 0x0200, 12 }, // U+0200
    { 0x0201, 30 }, // U+0201
    { 0x0202, 12 }, // U+0202
    { 0x0203, 30 }, // U+0203
    { 0x0205, 34 }, // U+0205
    { 0x0207, 34 }, // U+0207
    { 0x0209, 37 }, // U+0209
    { 0x020B, 37 }, // U+020B
    { 0x020C, 17 }, // U+020C
    { 0x020D, 41 }, // U+020D
    { 0x020E, 17 }, // U+020E
    { 0x020F, 41 }, // U+020F
    { 0x0211, 40 }, // U+0211
    { 0x0213, 40 }, // U+0213
    { 0x0214, 21 }, // U+0214
    { 0x0215, 45 }, // U+0215
    { 0x0216, 21 }, // U+0216
    { 0x0217, 45 }, // U+0217
    { 0x0218, 19 }, // U+0218
    { 0x0219, 43 }, // U+0219
    { 0x021A, 20 }, // U+021A
    { 0x021B, 44 }, // U+021B
    { 0x021C, 69 }, // U+021C
    { 0x021D, 70 }, // U+021D
    { 0x021F, 31 }, // U+021F
    { 0x0402, 71 }, // U+0402
    { 0x0404, 72 }, // U+0404
    { 0x0405, 73 }, // U+0405
    { 0x0408, 74 }, // U+0408
    { 0x0409, 75 }, // U+0409
    { 0x040B, 71 }, // U+040B
    { 0x040E, 76 }, // U+040E
    { 0x0410, 77 }, // U+0410
    { 0x0414, 78 }, // U+0414
    { 0x0416, 79 }, // U+0416
    { 0x0417, 80 }, // U+0417
    { 0x041B, 75 }, // U+041B
    { 0x041C, 81 }, // U+041C
    { 0x041E, 82 }, // U+041E
    { 0x0421, 72 }, // U+0421
    { 0x0422, 71 }, // U+0422
    { 0x0423, 76 }, // U+0423
    { 0x0424, 83 }, // U+0424
    { 0x0425, 84 }, // U+0425
    { 0x0427, 85 }, // U+0427
    { 0x042A, 71 }, // U+042A
    { 0x042D, 86 }, // U+042D
    { 0x042F, 87 }, // U+042F
    { 0x0430, 88 }, // U+0430
    { 0x0431, 89 }, // U+0431
    { 0x0432, 90 }, // U+0432
    { 0x0433, 91 }, // U+0433
    { 0x0434, 92 }, // U+0434
    { 0x0435, 93 }, // U+0435
    { 0x0436, 94 }, // U+0436
    { 0x0437, 95 }, // U+0437
    { 0x0438, 91 }, // U+0438
    { 0x0439, 91 }, // U+0439
    { 0x043A, 91 }, // U+043A
    { 0x043B, 96 }, // U+043B
    { 0x043C, 97 }, // U+043C
    { 0x043D, 91 }, // U+043D
    { 0x043E, 98 }, // U+043E
    { 0x043F, 91 }, // U+043F
    { 0x0440, 99 }, // U+0440
    { 0x0441, 100 }, // U+0441
    { 0x0442, 101 }, // U+0442
    { 0x0443, 102 }, // U+0443
    { 0x0444, 103 }, // U+0444
    { 0x0445, 104 }, // U+0445
    { 0x0446, 91 }, // U+0446
    { 0x0447, 105 }, // U+0447
    { 0x0448, 91 }, // U+0448
    { 0x0449, 106 }, // U+0449
    { 0x044A, 107 }, // U+044A
    { 0x044B, 91 }, // U+044B
    { 0x044C, 91 }, // U+044C
    { 0x044D, 108 }, // U+044D
    { 0x044E, 90 }, // U+044E
    { 0x044F, 109 }, // U+044F
    { 0x0450, 93 }, // U+0450
    { 0x0451, 93 }, // U+0451
    { 0x0452, 110 }, // U+0452
    { 0x0453, 91 }, // U+0453
    { 0x0454, 111 }, // U+0454
    { 0x0455, 112 }, // U+0455
    { 0x0456, 113 }, // U+0456
    { 0x0457, 114 }, // U+0457
    { 0x0458, 115 }, // U+0458
    { 0x0459, 96 }, // U+0459
    { 0x045A, 91 }, // U+045A
    { 0x045B, 116 }, // U+045B
    { 0x045C, 91 }, // U+045C
    { 0x045D, 91 }, // U+045D
    { 0x045E, 102 }, // U+045E
    { 0x045F, 106 }, // U+045F
    { 0x0462, 71 }, // U+0462
    { 0x0463, 117 }, // U+0463
    { 0x0472, 82 }, // U+0472
    { 0x0473, 98 }, // U+0473
    { 0x0474, 76 }, // U+0474
    { 0x0475, 102 }, // U+0475
    { 0x048B, 91 }, // U+048B
    { 0x048D, 118 }, // U+048D
    { 0x048F, 99 }, // U+048F
    { 0x0491, 91 }, // U+0491
    { 0x0493, 91 }, // U+0493
    { 0x0495, 91 }, // U+0495
    { 0x0496, 79 }, // U+0496
    { 0x0497, 94 }, // U+0497
    { 0x0498, 80 }, // U+0498
    { 0x0499, 95 }, // U+0499
    { 0x049B, 91 }, // U+049B
    { 0x049D, 91 }, // U+049D
    { 0x049F, 91 }, // U+049F
    { 0x04A1, 91 }, // U+04A1
    { 0x04A3, 91 }, // U+04A3
    { 0x04A5, 91 }, // U+04A5
    { 0x04A7, 91 }, // U+04A7
    { 0x04A8, 119 }, // U+04A8
    { 0x04A9, 120 }, // U+04A9
    { 0x04AA, 72 }, // U+04AA
    { 0x04AB, 100 }, // U+04AB
    { 0x04AC, 71 }, // U+04AC
    { 0x04AD, 101 }, // U+04AD
    { 0x04AE, 121 }, // U+04AE
    { 0x04AF, 122 }, // U+04AF
    { 0x04B0, 121 }, // U+04B0
    { 0x04B1, 122 }, // U+04B1
    { 0x04B2, 84 }, // U+04B2
    { 0x04B3, 104 }, // U+04B3
    { 0x04B4, 71 }, // U+04B4
    { 0x04B5, 101 }, // U+04B5
    { 0x04B6, 85 }, // U+04B6
    { 0x04B7, 105 }, // U+04B7
    { 0x04B8, 85 }, // U+04B8
    { 0x04B9, 105 }, // U+04B9
    { 0x04BB, 123 }, // U+04BB
    { 0x04BC, 124 }, // U+04BC
    { 0x04BD, 125 }, // U+04BD
    { 0x04BE, 124 }, // U+04BE
    { 0x04BF, 125 }, // U+04BF
    { 0x04C1, 79 }, // U+04C1
    { 0x04C2, 94 }, // U+04C2
    { 0x04C4, 91 }, // U+04C4
    { 0x04C5, 75 }, // U+04C5
    { 0x04C6, 96 }, // U+04C6
    { 0x04C8, 91 }, // U+04C8
    { 0x04CA, 91 }, // U+04CA
    { 0x04CB, 85 }, // U+04CB
    { 0x04CC, 105 }, // U+04CC
    { 0x04CE, 97 }, // U+04CE
    { 0x04D0, 77 }, // U+04D0
    { 0x04D1, 88 }, // U+04D1
    { 0x04D2, 77 }, // U+04D2
    { 0x04D3, 88 }, // U+04D3
    { 0x04D5, 126 }, // U+04D5
    { 0x04D7, 93 }, // U+04D7
    { 0x04D8, 127 }, // U+04D8
    { 0x04D9, 128 }, // U+04D9
    { 0x04DA, 127 }, // U+04DA
    { 0x04DB, 128 }, // U+04DB
    { 0x04DC, 79 }, // U+04DC
    { 0x04DD, 94 }, // U+04DD
    { 0x04DE, 80 }, // U+04DE
    { 0x04DF, 129 }, // U+04DF
    { 0x04E0, 130 }, // U+04E0
    { 0x04E1, 131 }, // U+04E1
    { 0x04E3, 91 }, // U+04E3
    { 0x04E5, 91 }, // U+04E5
    { 0x04E6, 82 }, // U+04E6
    { 0x04E7, 98 }, // U+04E7
    { 0x04E8, 82 }, // U+04E8
    { 0x04E9, 98 }, // U+04E9
    { 0x04EA, 82 }, // U+04EA
    { 0x04EB, 98 }, // U+04EB
    { 0x04EC, 86 }, // U+04EC
    { 0x04ED, 132 }, // U+04ED
    { 0x04EE, 76 }, // U+04EE
    { 0x04EF, 102 }, // U+04EF
    { 0x04F0, 76 }, // U+04F0
    { 0x04F1, 102 }, // U+04F1
    { 0x04F2, 76 }, // U+04F2
    { 0x04F3, 102 }, // U+04F3
    { 0x04F4, 85 }, // U+04F4
    { 0x04F5, 105 }, // U+04F5
    { 0x04F7, 91 }, // U+04F7
    { 0x04F9, 91 }, // U+04F9
    { 0x05D0, 133 }, // U+05D0
    { 0x05D1, 134 }, // U+05D1
    { 0x05D2, 135 }, // U+05D2
    { 0x05D3, 136 }, // U+05D3
    { 0x05D4, 137 }, // U+05D4
    { 0x05D6, 138 }, // U+05D6
    { 0x05D7, 139 }, // U+05D7
    { 0x05D8, 140 }, // U+05D8
    { 0x05D9, 141 }, // U+05D9
    { 0x05DA, 142 }, // U+05DA
    { 0x05DB, 143 }, // U+05DB
    { 0x05DC, 144 }, // U+05DC
    { 0x05DD, 145 }, // U+05DD
    { 0x05DE, 146 }, // U+05DE
    { 0x05E1, 147 }, // U+05E1
    { 0x05E2, 148 }, // U+05E2
    { 0x05E3, 149 }, // U+05E3
    { 0x05E4, 150 }, // U+05E4
    { 0x05E5, 151 }, // U+05E5
    { 0x05E7, 152 }, // U+05E7
    { 0x05E8, 153 }, // U+05E8
    { 0x05E9, 154 }, // U+05E9
    { 0x05EA, 155 }, // U+05EA
    { 0x1EF2, 25 }, // U+1EF2
    { 0x1EF3, 49 }, // U+1EF3
    { 0x2013, 7 }, // U+2013
    { 0x2014, 7 }, // U+2014
    { 0x2018, 156 }, // U+2018
    { 0x2019, 157 }, // U+2019
    { 0x201A, 158 }, // U+201A
    { 0x201C, 156 }, // U+201C
    { 0x201D, 157 }, // U+201D
    { 0x201E, 158 }, // U+201E
    { 0x2026, 6 }, // U+2026
    { 0x2039, 53 }, // U+2039
    { 0x203A, 54 }, // U+203A
    { 0xFB00, 35 }, // U+FB00
    { 0xFB01, 35 }, // U+FB01
    { 0xFB02, 35 }, // U+FB02
    { 0xFB03, 35 }, // U+FB03
    { 0xFB04, 35 }, // U+FB04
};

static const int8_t ubuntu_12_regularKernMatrix[] = {
       0,    0,    0,    0,    0,    0,    0,    0,    0,    0,    0,  -32,  -10,  -10,  -49,    0,  -10,  -10,    0,    0,    0,    5,    4,    0,    0,   -5,    0,    0,    0,    0,    0,    0,    0,    0,    0,    0,    0,    0,    0,    0,    0,    0,    0,    0,    0,    0,    0,    0,    0,    0,    0,    0,    0,    0,  -54,    0,    0,    0,    0,    0,    0,    0,    0,    0,    0,    0,    0,    0,    0,    0,    0,  -10,    0,  -46,  -29,    0,  -32,  -28,    0,    0,    0,  -10,  -10,    0,    0,    0,    0,    0,    0,    0,    0,    0,    0,    0,    0,    0,    0,    0,    0,    0,    0,    0,    0,    0,    0,    0,    0,    0,    0,    0,    0,    0,    0,    0,    0,    0,    0,    0,  -11,    0,    0,    0,    0,    0,    0,    0,  -14,    0,    0,   -4,    0,    0,    0,    0,    0,    0,    0,    0,    0,    0,    0,    0,    0,    0,    0,    0,    0,    0,    0,    0,    0,    0,    0,    0,    0,    0,    0,    0,
       0,    0,    0,   32,    0,    0,    0,    0,    0,    0,    0,    0,  -12,  -12,    0,    0,  -12,  -12,   -7,    4,   -4,    6,    0,    0,    7,    0,    0,    0,    0,    0,    0,    0,    0,    0,    0,    0,    0,    0,    0,    0,    0,    0,    0,    0,    0,    0,    0,    0,    0,    0,    0,    0,    0,    0,    0,    0,    0,    0,    0,    0,    0,    0,    0,    0,    0,    0,    0,    0,    0,    0,    4,  -12,   -5,    0,    0,    0,    0,   11,    0,    0,    0,  -12,  -12,    0,    0,    0,    0,    0,    0,    0,    0,    0,    0,    0,    0,    0,    0,    0,    0,    0,    0,    0,    0,    0,    0,    0,    0,    0,    0,    0,    0,    0,    0,    0,    0,    0,    0,    0,  -18,    0,    7,    0,    0,   -5,    0,    0,   -8,    0,    0,    0,    0,    0,    0,    0,    0,    0,    0,    0,    0,    0,    0,    0,    0,    0,    0,    0,    0,    0,    0,    0,    0,    0,    0,    0,    0,    0,    0,    0,
       0,    0,    0,    0,    0,    0,    0,    0,    0,    0,    0,   -8,   -5,   -5,   -5,    0,   -5,   -5,   -5,  -11,    0,  -14,   -7,  -11,  -17,   -9,    0,    0,    0,    0,    0,    0,    0,    0,    0,    0,    0,    0,    0,    0,    0,    0,    0,    0,    0,    0,    0,    0,    0,    0,    0,    0,    0,    0,   -8,    0,    0,    0,    0,    0,    0,    0,    0,    0,    0,    0,    0,    0,    0,    0,  -11,   -5,   -6,    0,    0,  -10,   -8,    0,   -9,   -8,    0,   -5,   -5,  -11,   -8,   -7,   -7,    0,    0,    0,    0,    0,    0,    0,    0,    0,    0,    0,    0,    0,    0,    0,    0,    0,    0,    0,    0,    0,    0,    0,    0,    0,    0,    0,    0,    0,    0,    0,   -6,    0,  -17,    0,    0,    0,    0,    0,   -5,    0,    0,   -7,    0,    0,    0,    0,    0,    0,    0,    0,    0,    0,    0,    0,    0,    0,    0,    0,    0,    0,    0,    0,    0,    0,    0,    0,    0,    0,    0,    0,
       0,    0,    0,    0,    0,    0,    0,    0,    0,    0,    0,  -26,   -4,   -4,  -49,    0,    0,    0,    0,    0,    0,    0,    0,  -10,    0,    0,    0,    0,    0,    0,    0,    0,    0,    0,    0,    0,    0,    0,    0,    0,    0,    0,    0,    0,    0,    0,    0,    0,    0,    0,    0,    0,    0,    0,  -39,    0,    0,    0,    0,    0,    0,    0,    0,    0,    0,    0,    0,    0,    0,    0,    0,   -4,    0,  -45,  -30,    0,  -26,  -29,  -12,   -6,    0,    0,    0,  -10,    0,    0,    0,    0,    0,    0,    0,    0,    0,    0,    0,    0,    0,    0,    0,    0,    0,    0,    0,    0,    0,    0,    0,    0,    0,    0,    0,    0,    0,    0,    0,    0,    0,    0,    0,    0,    0,    0,    0,    0,    0,    0,   -7,    0,    0,   -7,    0,    0,    0,    0,    0,    0,    0,    0,    0,    0,    0,    0,    0,    0,    0,    0,    0,    0,    0,    0,    0,    0,    0,    0,    0,    0,    0,    0,
       0,    0,    0,    0,    0,    0,    0,    0,    0,    0,    0,   10,  -12,  -12,   11,    0,  -13,  -13,    6,  -28,   -9,  -31,  -16,    4,  -32,    8,    0,    0,    0,    0,    0,    0,    0,    0,    0,    0,    0,    0,    0,    0,    0,    0,    0,    0,    0,    0,    0,    0,    0,    0,    0,    0,    0,    0,    8,    0,    0,    0,    0,    0,    0,    0,    0,    0,    0,    0,    0,    0,    0,    0,  -28,  -12,    0,    0,    0,    0,   10,    7,    0,    0,    0,  -13,  -13,    4,  -47,    0,    0,    0,    0,    0,    0,    0,    0,    0,    0,    0,    0,    0,    0,    0,    0,    0,    0,    0,    0,    0,    0,    0,    0,    0,    0,    0,    0,    0,    0,    0,    0,    0,  -17,    0,  -32,    0,    0,  -40,    0,    0,  -12,    0,    0,    0,    0,    0,    0,    0,    0,    0,    0,    0,    0,    0,    0,    0,    0,    0,    0,    0,    0,    0,    0,    0,    0,    0,    0,    0,    0,    0,    0,    0,
       0,    0,    0,    0,    0,    0,    0,    0,    0,    0,    0,    0,    0,    0,  -11,    0,    0,    0,    0,  -20,    0,   -5,    0,  -12,  -20,   -6,    0,    0,    0,    0,    0,    0,    0,    0,    0,    0,    0,    0,    0,    0,    0,    0,    0,    0,    0,    0,    0,    0,    0,    0,    0,    0,    0,    0,   -6,    0,    0,    0,    0,    0,    0,    0,    0,    0,    0,    0,    0,    0,    0,    0,  -20,    6,   -4,   -9,  -14,  -16,    0,   -9,  -16,   -6,    0,    6,    0,  -12,    0,   -7,    0,    0,    0,    0,    0,    0,    0,    0,    0,    0,    0,    0,    0,    0,    0,    0,    0,    0,    0,    0,    0,    0,    0,    0,    0,    0,    0,    0,    0,    0,    0,    0,    6,    0,  -20,    0,    0,    0,    0,    0,    6,    0,    0,   -9,    0,    0,    0,    0,    0,    0,    0,    0,    0,    0,    0,    0,    0,    0,    0,    0,    0,    0,    0,    0,    0,    0,    0,    0,    0,    0,    0,    0,
       0,    0,    0,    0,    0,    0,    0,    0,    0,    0,    0,  -20,  -11,  -11,  -28,    0,  -10,  -10,    0,   12,    0,   13,    9,    8,   14,    4,    0,    0,    0,    0,    0,    0,    0,    0,    0,    0,    0,    0,    0,    0,    0,    0,    0,    0,    0,    0,    0,    0,    0,    0,    0,    0,    0,    0,  -31,    0,    0,    0,    0,    0,    0,    0,    0,    0,    0,    0,    0,    0,    0,    0,   12,  -11,    0,  -25,  -24,   10,  -20,  -24,    7,    0,    0,  -10,  -10,    8,    0,    8,    0,    0,    0,    0,    0,    0,    0,    0,    0,    0,    0,    0,    0,    0,    0,    0,    0,    0,    0,    0,    0,    0,    0,    0,    0,    0,    0,    0,    0,    0,    0,    0,   -8,    0,   14,    0,    0,    0,    0,    0,    0,    0,    0,    0,    0,    0,    0,    0,    0,    0,    0,    0,    0,    0,    0,    0,    0,    0,    0,    0,    0,    0,    0,    0,    0,    0,    0,    0,    0,    0,    0,    0,
       0,    0,    0,    0,    0,    0,    0,    0,    0,    0,    0,    0,   -4,   -4,    0,    0,   -4,   -4,    0,  -34,   -5,   -8,   -5,    0,  -16,    0,    0,    0,    0,    0,    0,    0,    0,    0,    0,    0,    0,    0,    0,    0,    0,    0,    0,    0,    0,    0,    0,    0,    0,    0,    0,    0,    0,    0,    0,    0,    0,    0,    0,    0,    0,    0,    0,    0,    0,    0,    0,    0,    0,    0,  -34,   -4,    0,    0,    0,    0,    0,    0,    0,    0,    0,   -4,   -4,    0,    0,    0,    0,    0,    0,    0,    0,    0,    0,    0,    0,    0,    0,    0,    0,    0,    0,    0,    0,    0,    0,    0,    0,    0,    0,    0,    0,    0,    0,    0,    0,    0,    0,    0,    0,    0,  -16,    0,    0,    0,    0,    0,   -9,    0,    0,    0,    0,    0,    0,    0,    0,    0,    0,    0,    0,    0,    0,    0,    0,    0,    0,    0,    0,    0,    0,    0,    0,    0,    0,    0,    0,    0,    0,    0,
       0,    0,    0,    0,    0,    0,    0,    0,    0,    0,    0,  -10,   -4,   -4,  -10,    0,   -4,   -4,   -7,  -18,   -5,  -14,   -9,  -16,  -22,  -14,    0,    0,    0,    0,    0,    0,    0,    0,    0,    0,    0,    0,    0,    0,    0,    0,    0,    0,    0,    0,    0,    0,    0,    0,    0,    0,    0,    0,  -15,    0,    0,    0,    0,    0,    0,    0,    0,    0,    0,    0,    0,    0,    0,    0,  -18,   -4,   -6,   -9,   -9,  -16,  -10,   -8,  -18,  -12,    0,   -4,   -4,  -16,   -5,  -11,   -6,    0,    0,    0,    0,    0,    0,    0,    0,    0,    0,    0,    0,    0,    0,    0,    0,    0,    0,    0,    0,    0,    0,    0,    0,    0,    0,    0,    0,    0,    0,    0,    0,    0,  -22,    0,    0,    0,    0,    0,    0,    0,    0,  -11,    0,    0,    0,    0,    0,    0,    0,    0,    0,    0,    0,    0,    0,    0,    0,    0,    0,    0,    0,    0,    0,    0,    0,    0,    0,    0,    0,    0,
       0,  -31,   -8,    0,  -25,   10,    0,    7,    0,    0,   -6,   13,   -8,   -8,   12,    0,   -8,   -8,    6,  -26,   -4,  -25,   -7,   10,  -32,    8,    0,    0,  -11,    0,    0,   -5,   -5,   -5,    0,   -6,    0,    0,    0,    0,   -5,   -5,    5,    0,   -6,   -8,   -8,   10,   -6,    6,   -8,   -4,   -8,    0,   14,    0,    0,    0,    0,   -5,    0,    0,    0,    0,    0,    0,    0,    0,  -21,    0,    0,    0,    0,    0,    0,    0,    0,    0,    0,    0,    0,    0,    0,    0,    0,    0,    0,    0,    0,    0,    0,    0,    0,    0,    0,    0,    0,    0,    0,    0,    0,    0,    0,    0,    0,    0,    0,    0,    0,    0,    0,    0,    0,    0,    0,    0,    0,    0,    0,    0,    0,    0,    0,    0,    0,    0,    0,    0,    0,    0,    0,    0,    0,    0,    0,    0,    0,    0,    0,    0,    0,    0,    0,    0,    0,    0,    0,    0,    0,    0,    0,    0,    0,    0,    0,  -28,  -27,   10,
       0,   -4,   -4,  -10,   -4,   -4,    0,   -8,   -4,   -8,    0,    0,    0,    0,    0,    0,    0,    0,    0,    0,    0,   -8,   -5,   -8,  -10,    0,    0,    0,  -14,    0,    0,    0,    0,    0,    0,    0,    0,    0,    0,    0,    0,    0,    0,    0,    0,    0,    0,    0,    0,   -5,    0,   -9,    0,    0,   -5,    0,    0,    0,    0,    0,    0,    0,    0,    0,    0,    0,    0,    0,   -6,    0,    0,    0,    0,    0,    0,    0,    0,    0,    0,    0,    0,    0,    0,    0,    0,    0,    0,    0,    0,    0,    0,    0,    0,    0,    0,    0,    0,    0,    0,    0,    0,    0,    0,    0,    0,    0,    0,    0,    0,    0,    0,    0,    0,    0,    0,    0,    0,    0,    0,    0,    0,    0,    0,    0,    0,    0,    0,    0,    0,    0,    0,    0,    0,    0,    0,    0,    0,    0,    0,    0,    0,    0,    0,    0,    0,    0,    0,    0,    0,    0,    0,    0,    0,    0,    0,    0,    0,    0,
       0,    0,   -9,    0,    0,    9,  -12,    0,    0,    6,   -7,    9,   -8,   -8,    9,    0,   -8,   -8,    4,    7,    0,    7,    0,    5,    7,    4,   -4,    0,    0,    0,    0,   -6,   -6,   -6,    0,   -6,    0,    0,    0,    0,   -6,   -6,    0,    0,   -8,   -6,   -7,    6,   -6,    0,  -11,    0,  -18,    0,    9,    0,    0,    0,    0,   -6,    0,    0,    0,    0,    0,    0,    0,    0,    0,    0,    0,    0,    0,    0,    0,    0,    0,    0,    0,    0,    0,    0,    0,    0,    0,    0,    0,    0,    0,    0,    0,    0,    0,    0,    0,    0,    0,    0,    0,    0,    0,    0,    0,    0,    0,    0,    0,    0,    0,    0,    0,    0,    0,    0,    0,    0,    0,    0,    0,    0,    0,    0,    0,    0,    0,    0,    0,    0,    0,    0,    0,    0,    0,    0,    0,    0,    0,    0,    0,    0,    0,    0,    0,    0,    0,    0,    0,    0,    0,    0,    0,    0,    0,    0,    0,    0,    5,    7,
      -6,  -10,   -5,  -13,    0,  -13,    0,  -17,    0,  -16,   -4,   -8,    0,    0,  -10,    0,    0,    0,   -4,  -11,    0,   -7,   -7,  -10,  -16,   -6,   -4,    0,  -17,   -6,    0,    0,    0,    0,    0,    0,    0,    0,    0,    0,    0,    0,    0,    0,    0,    0,    0,    0,    0,    0,    0,  -12,    0,    0,  -17,    0,    0,    0,    0,    0,    0,    0,    0,    0,    0,    0,  -12,    0,  -12,    0,    0,    0,    0,    0,    0,    0,    0,    0,    0,    0,    0,    0,    0,    0,    0,    0,    0,    0,    0,    0,    0,    0,    0,    0,    0,    0,    0,    0,    0,    0,    0,    0,    0,    0,    0,    0,    0,    0,    0,    0,    0,    0,    0,    0,    0,    0,    0,    0,    0,    0,    0,    0,    0,    0,    0,    0,    0,    0,    0,    0,    0,    0,    0,    0,    0,    0,    0,    0,    0,    0,    0,    0,    0,    0,    0,    0,    0,    0,    0,    0,    0,    0,    0,    0,    0,   -8,   -5,  -14,
       0,   -6,   -8,    0,   -5,    4,    0,    0,    0,    0,   -6,    7,  -11,  -11,    7,    0,  -11,  -11,    0,    0,   -9,    0,    0,    0,    0,    0,   -7,    0,  -17,    0,    0,   -6,   -7,   -6,    0,   -9,    0,    0,    0,    0,   -7,   -6,    0,   -6,   -8,  -10,  -10,    4,  -10,    0,   -8,   -9,   -9,    0,    7,    0,    0,    0,    0,   -6,    0,    0,    0,    0,    0,    0,    0,    0,    0,    0,    0,    0,    0,    0,    0,    0,    0,    0,    0,    0,    0,    0,    0,    0,    0,    0,    0,    0,    0,    0,    0,    0,    0,    0,    0,    0,    0,    0,    0,    0,    0,    0,    0,    0,    0,    0,    0,    0,    0,    0,    0,    0,    0,    0,    0,    0,    0,    0,    0,    0,    0,    0,    0,    0,    0,    0,    0,    0,    0,    0,    0,    0,    0,    0,    0,    0,    0,    0,    0,    0,    0,    0,    0,    0,    0,    0,    0,    0,    0,    0,    0,    0,    0,    0,    0,   -5,    0,    0,
      -4,    0,  -10,    0,    0,  -26,    0,  -24,   -7,    5,   -7,  -18,   -5,   -5,  -32,    0,   -5,   -5,    0,    6,    0,    7,    0,    0,    8,    0,   -6,    0,  -16,  -20,    0,   -6,   -6,   -6,    0,   -6,    0,    0,    0,  -11,   -6,   -6,    0,    0,  -10,    0,    0,  -14,    0,  -10,    0,    0,    0,   -8,  -30,    0,    0,    0,    0,   -6,    0,    0,    0,    0,  -10,   -7,    0,    0,    0,    0,    0,    0,    0,    0,    0,    0,    0,    0,    0,    0,    0,    0,    0,    0,    0,    0,    0,    0,    0,    0,    0,    0,    0,    0,    0,    0,    0,    0,    0,    0,    0,    0,    0,    0,    0,    0,    0,    0,    0,    0,    0,    0,    0,    0,    0,    0,    0,    0,    0,    0,    0,    0,    0,    0,    0,    0,    0,    0,    0,    0,    0,    0,    0,    0,    0,    0,    0,    0,    0,    0,    0,    0,    0,    0,    0,    0,    0,    0,    0,    0,    0,    0,    0,    0,    0,    0,    0,  -41,
       0,    0,    0,   -4,  -10,    0,    0,    0,    0,    0,    0,    0,    0,    0,    0,    0,    0,    0,    0,    0,    0,    0,    0,    0,    0,    0,    0,    0,   -4,    0,    0,    0,    0,    0,    0,    0,    0,    0,    0,    0,    0,    0,    0,    0,    0,   -7,    0,    0,   -7,    0,    0,   -4,    0,    0,    0,    0,    0,    0,    0,    0,    0,    0,    0,    0,    0,    0,    0,    0,    0,    0,    0,    0,    0,    0,    0,    0,    0,    0,    0,    0,    0,    0,    0,    0,    0,    0,    0,    0,    0,    0,    0,    0,    0,    0,    0,    0,    0,    0,    0,    0,    0,    0,    0,    0,    0,    0,    0,    0,    0,    0,    0,    0,    0,    0,    0,    0,    0,    0,    0,    0,    0,    0,    0,    0,    0,    0,    0,    0,    0,    0,    0,    0,    0,    0,    0,    0,    0,    0,    0,    0,    0,    0,    0,    0,    0,    0,    0,    0,    0,    0,    0,    0,    0,    0,    0,    0,    0,    0,
       0,    0,    0,   -4,    0,   -4,    0,  -14,    0,    0,    0,   -4,    0,    0,   -6,    0,    0,    0,    0,    0,    0,    0,    0,    0,    0,   -7,    0,    0,  -14,    0,    0,    0,    0,    0,    0,    0,    0,    0,    0,    0,    0,    0,    0,    0,    0,    0,    0,    0,    0,   -7,    0,   -8,    0,    0,  -10,    0,    0,    0,    0,    0,    0,    0,    0,    0,    0,    0,   -6,    0,    0,    0,    0,    0,    0,    0,    0,    0,    0,    0,    0,    0,    0,    0,    0,    0,    0,    0,    0,    0,    0,    0,    0,    0,    0,    0,    0,    0,    0,    0,    0,    0,    0,    0,    0,    0,    0,    0,    0,    0,    0,    0,    0,    0,    0,    0,    0,    0,    0,    0,    0,    0,    0,    0,    0,    0,    0,    0,    0,    0,    0,    0,    0,    0,    0,    0,    0,    0,    0,    0,    0,    0,    0,    0,    0,    0,    0,    0,    0,    0,    0,    0,    0,    0,    0,    0,    0,    0,    0,   -5,
       0,    0,   -7,    0,  -13,    6,  -19,    7,    0,    4,   -8,   14,  -14,  -14,   11,    0,  -14,  -14,    0,    7,    0,    8,    4,   10,    9,    8,    0,    0,  -10,    0,    0,   -8,   -8,   -8,    0,   -8,    0,    0,    0,    0,   -8,   -8,    6,    0,   -5,   -6,  -19,   11,   -4,    6,   -8,    0,  -24,    0,   14,    0,    0,    0,    8,  -10,    4,    4,    0,    0,    0,   -5,    0,    0,    0,    0,    0,    0,    0,    0,    0,    0,    0,    0,    0,    0,    0,    0,    0,    0,    0,    0,    0,    0,    0,    0,    0,    0,    0,    0,    0,    0,    0,    0,    0,    0,    0,    0,    0,    0,    0,    0,    0,    0,    0,    0,    0,    0,    0,    0,    0,    0,    0,    0,    0,    0,    0,    0,    0,    0,    0,    0,    0,    0,    0,    0,    0,    0,    0,    0,    0,    0,    0,    0,    0,    0,    0,    0,    0,    0,    0,    0,    0,    0,    0,    0,    0,    0,    0,    0,    0,    0,    0,    6,
       0,  -50,   -4,    0,  -56,    9,  -28,    5,    0,    0,    0,   11,  -18,  -18,   11,    0,  -18,  -18,    6,  -46,   -7,  -40,  -18,    8,  -46,    6,    0,    0,  -13,    0,    0,   -5,   -5,   -5,    0,   -5,    0,    0,    0,    0,   -5,   -5,    0,    0,    0,  -16,  -15,    8,   -8,    4,  -10,   -6,  -16,    4,   12,    0,    0,    0,    0,    0,    0,    0,    0,    0,    0,    0,    0,    0,  -34,    0,    0,    0,    0,    0,    0,    0,    0,    0,    0,    0,    0,    0,    0,    0,    0,    0,    0,    0,    0,    0,    0,    0,    0,    0,    0,    0,    0,    0,    0,    0,    0,    0,    0,    0,    0,    0,    0,    0,    0,    0,    0,    0,    0,    0,    0,    0,    0,    0,    0,    0,    0,    0,    0,    0,    0,    0,    0,    0,    0,    0,    0,    0,    0,    0,    0,    0,    0,    0,    0,    0,    0,    0,    0,    0,    0,    0,    0,    0,    0,    0,    0,    0,    0,    0,    0,  -48,  -47,    6,
       0,    0,    0,    0,    0,    0,    0,    0,    0,    0,    0,    0,    0,    0,    0,    0,    0,    0,    0,    0,    0,   -2,    0,    0,   -3,    0,    0,    0,    0,    0,    0,    0,    0,    0,    0,    0,    0,    0,    0,    0,    0,    0,    0,    0,    0,    0,    0,    0,    0,    0,    0,    0,    0,    0,    0,    0,    0,    0,    0,    0,    0,    0,    0,    0,    0,    0,    0,    0,    0,    0,    0,    0,    0,    0,    0,    0,    0,    0,    0,    0,    0,    0,    0,    0,    0,    0,    0,    0,    0,    0,    0,    0,    0,    0,    0,    0,    0,    0,    0,    0,    0,    0,    0,    0,    0,    0,    0,    0,    0,    0,    0,    0,    0,    0,    0,    0,    0,    0,    0,    0,    0,    0,    0,    0,    0,    0,    0,    0,    0,    0,    0,    0,    0,    0,    0,    0,    0,    0,    0,    0,    0,    0,    0,    0,    0,    0,    0,    0,    0,    0,    0,    0,    0,    0,    0,    0,    0,    0,
      -6,   -9,   -5,  -11,    0,  -13,    0,  -17,    0,  -14,   -4,   -8,    0,    0,  -10,    0,    0,    0,   -4,  -11,    0,   -7,   -6,  -10,  -16,   -6,   -4,    0,  -17,   -5,    0,    0,    0,    0,    0,    0,    0,    0,    0,    0,    0,    0,    0,    0,    0,    0,    0,    0,    0,    0,    0,  -12,    0,    0,  -16,    0,    0,    0,    0,    0,    0,    0,    0,    0,    0,    0,  -11,    0,  -10,    0,    0,    0,    0,    0,    0,    0,    0,    0,    0,    0,    0,    0,    0,    0,    0,    0,    0,    0,    0,    0,    0,    0,    0,    0,    0,    0,    0,    0,    0,    0,    0,    0,    0,    0,    0,    0,    0,    0,    0,    0,    0,    0,    0,    0,    0,    0,    0,    0,    0,    0,    0,    0,    0,    0,    0,    0,    0,    0,    0,    0,    0,    0,    0,    0,    0,    0,    0,    0,    0,    0,    0,    0,    0,    0,    0,    0,    0,    0,    0,    0,    0,    0,    0,    0,    0,   -6,   -4,  -12,
      -4,    0,   -5,  -10,    0,  -36,    0,  -25,    0,    0,    0,  -20,    0,    0,  -38,    0,    0,    0,    0,    0,    0,    0,    0,   -7,    0,    0,   -6,    0,  -16,   -8,    0,   -8,   -8,  -13,    0,   -8,    0,    0,    0,    0,   -8,   -4,    0,    0,    0,    4,    4,    0,    4,    0,    0,  -10,   -7,    0,  -34,    0,    0,    0,    0,   -6,    0,    0,    0,    0,    0,    0,    0,    0,    0,    0,    0,    0,    0,    0,    0,    0,    0,    0,    0,    0,    0,    0,    0,    0,    0,    0,    0,    0,    0,    0,    0,    0,    0,    0,    0,    0,    0,    0,    0,    0,    0,    0,    0,    0,    0,    0,    0,    0,    0,    0,    0,    0,    0,    0,    0,    0,    0,    0,    0,    0,    0,    0,    0,    0,    0,    0,    0,    0,    0,    0,    0,    0,    0,    0,    0,    0,    0,    0,    0,    0,    0,    0,    0,    0,    0,    0,    0,    0,    0,    0,    0,    0,    0,    0,    0,    0,    4,  -46,
      -6,   -9,   -5,    0,    0,  -13,    0,    0,    0,  -14,   -4,   -8,    0,    0,  -10,    0,    0,    0,   -4,  -11,    0,   -7,   -6,  -10,  -16,   -6,   -4,    0,    0,   -6,    0,    0,    0,    0,    0,    0,    0,    6,    0,    0,    0,    0,    0,    0,    0,    0,    0,    0,    0,    0,    0,    0,    0,    0,  -16,    0,    0,    0,    0,    0,    0,    0,    0,    0,    0,    0,  -11,    0,    0,    0,    0,    0,    0,    0,    0,    0,    0,    0,    0,    0,    0,    0,    0,    0,    0,    0,    0,    0,    0,    0,    0,    0,    0,    0,    0,    0,    0,    0,    0,    0,    0,    0,    0,    0,    0,    0,    0,    0,    0,    0,    0,    0,    0,    0,    0,    0,    0,    0,    0,    0,    0,    0,    0,    0,    0,    0,    0,    0,    0,    0,    0,    0,    0,    0,    0,    0,    0,    0,    0,    0,    0,    0,    0,    0,    0,    0,    0,    0,    0,    0,    0,    0,    0,    0,    0,   -6,   -4,   -8,
       0,    0,   -5,    0,    0,    6,    0,    5,    0,   -5,   -6,   11,   -4,   -4,    9,    0,   -4,   -4,    0,    0,    0,   -4,    0,    8,   -8,    6,    0,    0,  -13,    0,    0,    0,    0,    0,    0,    0,    0,    0,    0,    0,    0,    0,    0,    0,    0,    0,    0,    8,    0,    4,   -7,   -6,   -8,    0,   12,    0,    0,    0,    0,   -6,    0,    0,    0,    0,    0,    0,    0,    0,    0,    0,    0,    0,    0,    0,    0,    0,    0,    0,    0,    0,    0,    0,    0,    0,    0,    0,    0,    0,    0,    0,    0,    0,    0,    0,    0,    0,    0,    0,    0,    0,    0,    0,    0,    0,    0,    0,    0,    0,    0,    0,    0,    0,    0,    0,    0,    0,    0,    0,    0,    0,    0,    0,    0,    0,    0,    0,    0,    0,    0,    0,    0,    0,    0,    0,    0,    0,    0,    0,    0,    0,    0,    0,    0,    0,    0,    0,    0,    0,    0,    0,    0,    0,    0,    0,    0,    0,    0,    6,
       0,    0,  -11,    5,    0,  -30,  -20,  -34,  -34,    9,  -20,  -26,  -11,  -11,  -36,    0,  -11,  -11,    0,   10,    0,   11,    7,    6,   12,    0,    0,    0,  -13,  -18,    0,  -22,  -22,  -22,    0,  -22,    0,    0,    0,  -16,  -22,  -22,  -18,    0,  -14,   -9,  -32,   -7,   -9,  -12,  -10,    0,  -34,  -30,  -29,    0,    0,    8,   12,  -32,   20,    8,    4,    0,  -29,  -26,    0,    0,    0,    0,    0,    0,    0,    0,    0,    0,    0,    0,    0,    0,    0,    0,    0,    0,    0,    0,    0,    0,    0,    0,    0,    0,    0,    0,    0,    0,    0,    0,    0,    0,    0,    0,    0,    0,    0,    0,    0,    0,    0,    0,    0,    0,    0,    0,    0,    0,    0,    0,    0,    0,    0,    0,    0,    0,    0,    0,    0,    0,    0,    0,    0,    0,    0,    0,    0,    0,    0,    0,    0,    0,    0,    0,    0,    0,    0,    0,    0,    0,    0,    0,    0,    0,    0,    0,    0,    0,    0,  -27,
       0,    0,   -4,    0,    0,   -4,    0,  -16,   -4,    0,    0,   -4,    0,    0,   -6,    0,    0,    0,    0,    0,    0,    0,    0,    0,    0,   -6,    0,    0,  -15,   -6,    0,    0,    0,    0,    0,    0,    0,    0,    0,    0,    0,    0,    0,    0,    0,    0,    0,    0,    0,   -7,   -4,   -9,    0,    0,  -14,    0,    0,    0,    0,    0,    0,    0,    0,    0,    0,    0,   -6,    0,    0,    0,    0,    0,    0,    0,    0,    0,    0,    0,    0,    0,    0,    0,    0,    0,    0,    0,    0,    0,    0,    0,    0,    0,    0,    0,    0,    0,    0,    0,    0,    0,    0,    0,    0,    0,    0,    0,    0,    0,    0,    0,    0,    0,    0,    0,    0,    0,    0,    0,    0,    0,    0,    0,    0,    0,    0,    0,    0,    0,    0,    0,    0,    0,    0,    0,    0,    0,    0,    0,    0,    0,    0,    0,    0,    0,    0,    0,    0,    0,    0,    0,    0,    0,    0,    0,    0,    0,    0,   -8,
       0,    6,  -13,    6,    0,  -30,   -4,  -27,   -8,   10,  -15,  -25,   -7,   -7,  -38,   -2,   -7,   -7,    0,   11,    0,   12,    8,    8,   13,    0,    0,    0,  -11,  -10,    0,  -18,  -18,  -18,    0,  -18,    0,    0,    0,  -12,  -18,  -18,   -6,    0,  -10,    0,    0,    0,    0,   -1,  -10,    0,  -17,   -4,  -33,    0,    4,    0,   13,  -20,   16,   12,    4,    0,  -10,  -10,    0,    0,    0,    0,    0,    0,    0,    0,    0,    0,    0,    0,    0,    0,    0,    0,    0,    0,    0,    0,    0,    0,    0,    0,    0,    0,    0,    0,    0,    0,    0,    0,    0,    0,    0,    0,    0,    0,    0,    0,    0,    0,    0,    0,    0,    0,    0,    0,    0,    0,    0,    0,    0,    0,    0,    0,    0,    0,    0,    0,    0,    0,    0,    0,    0,    0,    0,    0,    0,    0,    0,    0,    0,    0,    0,    0,    0,    0,    0,    0,    0,    0,    0,    0,    0,    0,    0,    0,    0,    8,   10,  -30,
       0,    5,   -6,    0,    0,  -15,    0,  -19,   -4,    6,   -8,   -7,   -6,   -6,  -24,    0,   -6,   -6,    0,    8,    0,    9,    5,    4,   10,    0,    0,    0,  -15,  -12,    0,   -9,   -9,   -9,    0,  -10,    0,    0,    0,   -8,   -9,   -9,   -7,    0,   -8,    0,    0,    0,    0,    0,   -7,    0,   -8,    0,  -20,    0,    0,    0,    7,  -10,    4,    0,    0,    0,   -6,    0,    0,    0,    0,    0,    0,    0,    0,    0,    0,    0,    0,    0,    0,    0,    0,    0,    0,    0,    0,    0,    0,    0,    0,    0,    0,    0,    0,    0,    0,    0,    0,    0,    0,    0,    0,    0,    0,    0,    0,    0,    0,    0,    0,    0,    0,    0,    0,    0,    0,    0,    0,    0,    0,    0,    0,    0,    0,    0,    0,    0,    0,    0,    0,    0,    0,    0,    0,    0,    0,    0,    0,    0,    0,    0,    0,    0,    0,    0,    0,    0,    0,    0,    0,    0,    0,    0,    0,    0,    0,    7,   10,  -15,
       0,    0,  -10,    0,  -10,    5,  -11,    4,    0,    0,  -10,   11,  -10,  -10,    8,    0,  -10,  -10,    0,    5,    0,    7,    0,    7,    8,    5,    0,    0,  -14,    0,    0,   -7,   -7,   -7,    0,   -7,    0,    0,    0,    0,   -7,   -7,    0,    0,   -4,   -4,  -15,    8,   -3,    0,  -10,    0,  -19,    0,   11,    0,    0,    0,    0,  -12,    0,    0,    0,    0,    0,   -7,    0,    0,    0,    0,    0,    0,    0,    0,    0,    0,    0,    0,    0,    0,    0,    0,    0,    0,    0,    0,    0,    0,    0,    0,    0,    0,    0,    0,    0,    0,    0,    0,    0,    0,    0,    0,    0,    0,    0,    0,    0,    0,    0,    0,    0,    0,    0,    0,    0,    0,    0,    0,    0,    0,    0,    0,    0,    0,    0,    0,    0,    0,    0,    0,    0,    0,    0,    0,    0,    0,    0,    0,    0,    0,    0,    0,    0,    0,    0,    0,    0,    0,    0,    0,    0,    0,    0,    0,    0,    0,    0,    4,
       0,    0,  -17,    7,    0,  -26,  -20,  -33,  -15,   10,  -23,  -32,  -16,  -16,  -46,   -3,  -16,  -16,    0,   12,    0,   13,    9,    8,   14,    4,    0,    0,  -10,  -16,    0,  -20,  -20,  -20,    0,  -20,    0,    0,    0,  -16,  -20,  -20,   -8,    0,  -14,    0,    0,   -6,    0,  -11,   -9,    0,  -30,  -13,  -32,    0,    0,    0,   16,  -31,   16,   13,    0,    0,  -17,  -16,    0,    0,    0,    0,    0,    0,    0,    0,    0,    0,    0,    0,    0,    0,    0,    0,    0,    0,    0,    0,    0,    0,    0,    0,    0,    0,    0,    0,    0,    0,    0,    0,    0,    0,    0,    0,    0,    0,    0,    0,    0,    0,    0,    0,    0,    0,    0,    0,    0,    0,    0,    0,    0,    0,    0,    0,    0,    0,    0,    0,    0,    0,    0,    0,    0,    0,    0,    0,    0,    0,    0,    0,    0,    0,    0,    0,    0,    0,    0,    0,    0,    0,    0,    0,    0,    0,    0,    0,    0,    4,    7,  -31,
       0,    0,   -8,    0,    0,    4,  -24,    0,    0,    0,   -6,    7,  -14,  -14,    7,    0,  -14,  -14,    0,    0,   -6,    4,    0,    0,    5,    0,   -7,    0,  -17,    0,    0,   -6,   -7,   -6,    0,   -9,    0,    0,    0,    0,   -7,   -6,    0,   -5,   -8,   -9,  -10,    4,   -9,    0,  -14,   -6,  -20,    0,    7,    0,    0,    0,    4,   -6,    5,    0,    0,    0,    0,    0,    0,    0,    0,    0,    0,    0,    0,    0,    0,    0,    0,    0,    0,    0,    0,    0,    0,    0,    0,    0,    0,    0,    0,    0,    0,    0,    0,    0,    0,    0,    0,    0,    0,    0,    0,    0,    0,    0,    0,    0,    0,    0,    0,    0,    0,    0,    0,    0,    0,    0,    0,    0,    0,    0,    0,    0,    0,    0,    0,    0,    0,    0,    0,    0,    0,    0,    0,    0,    0,    0,    0,    0,    0,    0,    0,    0,    0,    0,    0,    0,    0,    0,    0,    0,    0,    0,    0,    0,    0,    0,    0,    0,
       0,    0,    0,    0,    0,    0,    0,    0,    0,    0,    0,  -11,  -17,  -17,  -11,    0,  -17,  -17,  -10,  -13,  -15,  -12,  -15,  -14,  -11,  -16,    0,    0,   32,    0,    0,    0,    0,    0,    0,    0,    0,    0,    0,    0,    0,    0,    0,    0,    0,    0,    0,    0,    0,    0,    0,    0,    0,    0,  -11,    0,    0,    0,    0,    0,    0,    0,    0,    0,    0,    0,    0,    0,    0,    0,  -13,  -17,   -8,   -9,  -10,  -12,  -11,   10,  -12,    0,    0,  -17,  -17,  -14,  -19,    0,  -15,    0,    0,    0,    0,    0,    0,    0,    0,    0,    0,    0,    0,    0,    0,    0,    0,    0,    0,    0,    0,    0,    0,    0,    0,    0,    0,    0,    0,    0,    0,    0,  -19,    0,  -11,    0,    0,  -10,    0,    0,   -6,    0,    0,  -12,    0,    0,    0,    0,    0,    0,    0,    0,    0,    0,    0,    0,    0,    0,    0,    0,    0,    0,    0,    0,    0,    0,    0,    0,    0,    0,    0,    0,
       0,    0,    0,    0,    0,    0,    0,    0,    0,    0,    0,    0,   -4,   -4,    0,    0,   -4,   -4,    0,    0,    0,    0,   -4,   -4,    0,   -6,    0,    0,    0,    0,    0,    0,    0,    0,    0,    0,    0,    0,    0,    0,    0,    0,    0,    0,    0,    0,    0,    0,    0,    0,    0,    0,    0,    0,    0,    0,    0,    0,    0,    0,    0,    0,    0,    0,    0,    0,    0,    0,    0,    0,    0,   -4,   -4,    0,    0,    0,    0,    0,    0,    0,    0,   -4,   -4,   -4,   -8,    0,   -5,    0,    0,    0,    0,    0,    0,    0,    0,    0,    0,    0,    0,    0,    0,    0,    0,    0,    0,    0,    0,    0,    0,    0,    0,    0,    0,    0,    0,    0,    0,    0,   -9,    0,    0,    0,    0,    0,    0,    0,   -8,    0,    0,    0,    0,    0,    0,    0,    0,    0,    0,    0,    0,    0,    0,    0,    0,    0,    0,    0,    0,    0,    0,    0,    0,    0,    0,    0,    0,    0,    0,    0,
       0,  -11,    0,  -10,   -8,    0,    0,    0,    0,  -11,    0,    0,    0,    0,    0,    0,    0,    0,    0,    0,    0,    0,    0,    0,    0,    0,    0,    0,  -12,    0,    0,    0,    0,    0,    0,    0,    0,    0,    0,    0,    0,    0,    0,    0,    0,   -6,   -5,    0,   -6,    0,    0,   -8,    0,    0,    0,    0,    0,    0,    0,    0,    0,    0,    0,    0,    0,    0,    0,    0,    0,    0,    0,    0,    0,    0,    0,    0,    0,    0,    0,    0,    0,    0,    0,    0,    0,    0,    0,    0,    0,    0,    0,    0,    0,    0,    0,    0,    0,    0,    0,    0,    0,    0,    0,    0,    0,    0,    0,    0,    0,    0,    0,    0,    0,    0,    0,    0,    0,    0,    0,    0,    0,    0,    0,    0,    0,    0,    0,    0,    0,    0,    0,    0,    0,    0,    0,    0,    0,    0,    0,    0,    0,    0,    0,    0,    0,    0,    0,    0,    0,    0,    0,    0,    0,    0,    0,    0,  -10,    0,
       0,  -15,    0,  -11,    0,    0,    0,   -9,    0,  -11,    0,    0,    0,    0,    0,    0,    0,    0,    0,    0,    0,    0,    0,    0,    0,    0,    0,    0,  -12,    0,    0,    0,    0,    0,    0,    0,    0,    0,    0,    0,    0,    0,    0,    0,    0,   -5,   -5,   -7,   -5,   -8,    0,   -8,    0,    0,    0,    0,    0,    0,    0,    0,    0,    0,    0,    0,    0,    0,    0,    0,    0,    0,    0,    0,    0,    0,    0,    0,    0,    0,    0,    0,    0,    0,    0,    0,    0,    0,    0,    0,    0,    0,    0,    0,    0,    0,    0,    0,    0,    0,    0,    0,    0,    0,    0,    0,    0,    0,    0,    0,    0,    0,    0,    0,    0,    0,    0,    0,    0,    0,    0,    0,    0,    0,    0,    0,    0,    0,    0,    0,    0,    0,    0,    0,    0,    0,    0,    0,    0,    0,    0,    0,    0,    0,    0,    0,    0,    0,    0,    0,    0,    0,    0,    0,    0,    0,    0,  -13,  -13,    0,
       0,    0,    0,    0,    0,    4,  -13,    0,    0,    0,    0,    0,    0,    0,    0,    0,    0,    0,    0,    0,    0,    0,    0,    0,    0,    0,    0,    0,  -11,    0,    0,    0,   -5,    0,    0,   -6,    0,    0,    0,    0,   -5,    0,    0,    0,    0,    4,    4,    6,    4,    0,   -8,    0,  -12,    0,    0,    0,    0,    0,    0,    0,    0,    0,    0,    0,    0,    0,    0,    0,    0,    0,    0,    0,    0,    0,    0,    0,    0,    0,    0,    0,    0,    0,    0,    0,    0,    0,    0,    0,    0,    0,    0,    0,    0,    0,    0,    0,    0,    0,    0,    0,    0,    0,    0,    0,    0,    0,    0,    0,    0,    0,    0,    0,    0,    0,    0,    0,    0,    0,    0,    0,    0,    0,    0,    0,    0,    0,    0,    0,    0,    0,    0,    0,    0,    0,    0,    0,    0,    0,    0,    0,    0,    0,    0,    0,    0,    0,    0,    0,    0,    0,    0,    0,    0,    0,    0,    0,    0,    0,
       0,    0,    0,   16,    4,  -21,  -14,  -17,    0,   10,    0,    0,    0,    0,    0,    0,    0,    0,    0,    0,    0,    0,    0,    0,    0,    0,    0,    0,   16,    0,    0,    0,    0,    0,    0,    0,    0,    0,    0,    0,    0,    0,    0,    0,    0,    8,    7,    6,    8,    0,    0,   16,   -8,    4,    0,    0,   12,    0,   16,   -7,   16,   12,   16,    0,    0,    0,    0,    0,    0,    0,    0,    0,    0,    0,    0,    0,    0,    0,    0,    0,    0,    0,    0,    0,    0,    0,    0,    0,    0,    0,    0,    0,    0,    0,    0,    0,    0,    0,    0,    0,    0,    0,    0,    0,    0,    0,    0,    0,    0,    0,    0,    0,    0,    0,    0,    0,    0,    0,    0,    0,    0,    0,    0,    0,    0,    0,    0,    0,    0,    0,    0,    0,    0,    0,    0,    0,    0,    0,    0,    0,    0,    0,    0,    0,    0,    0,    0,    0,    0,    0,    0,    0,    0,    0,    0,    0,    8,  -21,
       0,  -15,    0,  -10,   -8,    0,    0,    0,    0,  -11,    0,    0,    0,    0,    0,    0,    0,    0,    0,    0,    0,    0,    0,    0,    0,    0,    0,    0,  -12,    0,    0,    0,    0,    0,    0,    0,    0,    0,    0,    0,    0,    0,    0,    0,    0,   -6,   -5,    0,   -7,    0,    0,   -8,    0,    0,    0,    0,    0,    0,    0,    0,    0,    0,    0,    0,    0,    0,    0,    0,    0,    0,    0,    0,    0,    0,    0,    0,    0,    0,    0,    0,    0,    0,    0,    0,    0,    0,    0,    0,    0,    0,    0,    0,    0,    0,    0,    0,    0,    0,    0,    0,    0,    0,    0,    0,    0,    0,    0,    0,    0,    0,    0,    0,    0,    0,    0,    0,    0,    0,    0,    0,    0,    0,    0,    0,    0,    0,    0,    0,    0,    0,    0,    0,    0,    0,    0,    0,    0,    0,    0,    0,    0,    0,    0,    0,    0,    0,    0,    0,    0,    0,    0,    0,    0,    0,    0,  -12,  -12,    0,
       0,    0,    0,    0,    0,    0,    0,    0,    0,    0,    0,    0,    0,    0,    0,    0,    0,    0,    0,    0,    0,    0,    0,    0,    0,    0,    0,    0,    0,    0,    0,    0,    0,    0,    0,    0,    0,    4,    0,    0,    0,    0,    0,    0,    0,    0,    0,    0,    0,    0,    0,    0,    0,    0,    0,    0,    0,    0,    0,    0,    0,    0,    0,    0,    0,    0,    0,    0,    0,    0,    0,    0,    0,    0,    0,    0,    0,    0,    0,    0,    0,    0,    0,    0,    0,    0,    0,    0,    0,    0,    0,    0,    0,    0,    0,    0,    0,    0,    0,    0,    0,    0,    0,    0,    0,    0,    0,    0,    0,    0,    0,    0,    0,    0,    0,    0,    0,    0,    0,    0,    0,    0,    0,    0,    0,    0,    0,    0,    0,    0,    0,    0,    0,    0,    0,    0,    0,    0,    0,    0,    0,    0,    0,    0,    0,    0,    0,    0,    0,    0,    0,    0,    0,    0,    0,    0,    0,    0,
       0,    0,    0,    0,    0,    0,  -11,    4,    0,    0,   -8,    0,    0,    0,    0,    0,    0,    0,    0,    0,    0,    0,    0,    0,    0,    0,    0,    0,  -10,    0,    0,  -10,  -10,  -10,    0,  -12,    0,    0,    0,    0,  -12,  -10,    0,    0,    0,    0,    0,    8,    0,    0,   -8,    0,  -14,    0,    0,    0,    0,    0,    0,  -11,    0,    0,    0,    0,    0,    0,    0,    0,    0,    0,    0,    0,    0,    0,    0,    0,    0,    0,    0,    0,    0,    0,    0,    0,    0,    0,    0,    0,    0,    0,    0,    0,    0,    0,    0,    0,    0,    0,    0,    0,    0,    0,    0,    0,    0,    0,    0,    0,    0,    0,    0,    0,    0,    0,    0,    0,    0,    0,    0,    0,    0,    0,    0,    0,    0,    0,    0,    0,    0,    0,    0,    0,    0,    0,    0,    0,    0,    0,    0,    0,    0,    0,    0,    0,    0,    0,    0,    0,    0,    0,    0,    0,    0,    0,    0,    0,    0,    0,
       0,  -12,    0,  -10,   -9,    0,    0,    0,    0,  -11,    0,    0,    0,    0,    0,    0,    0,    0,    0,    0,    0,    0,    0,    0,    0,    0,    0,    0,  -12,    0,    0,    0,    0,    0,    0,    0,    0,    0,    0,    0,    0,    0,    0,    0,    0,   -6,   -6,    0,   -7,    0,    0,   -8,    0,    0,    0,    0,    0,    0,    0,    0,    0,    0,    0,    0,    0,    0,    0,    0,    0,    0,    0,    0,    0,    0,    0,    0,    0,    0,    0,    0,    0,    0,    0,    0,    0,    0,    0,    0,    0,    0,    0,    0,    0,    0,    0,    0,    0,    0,    0,    0,    0,    0,    0,    0,    0,    0,    0,    0,    0,    0,    0,    0,    0,    0,    0,    0,    0,    0,    0,    0,    0,    0,    0,    0,    0,    0,    0,    0,    0,    0,    0,    0,    0,    0,    0,    0,    0,    0,    0,    0,    0,    0,    0,    0,    0,    0,    0,    0,    0,    0,    0,    0,    0,    0,    0,   -9,  -10,    0,
       0,  -13,    0,  -11,   -8,    0,    0,   -9,    0,  -12,    0,    0,    0,    0,    0,    0,    0,    0,    0,    0,    0,    0,    0,    0,    0,    0,    0,    0,  -12,    0,    0,    0,    0,    0,    0,    0,    0,    0,    0,    0,    0,    0,    0,    0,    0,   -6,   -5,   -7,   -6,   -8,    0,   -8,    0,    0,    0,    0,    0,    0,    0,    0,    0,    0,    0,    0,    0,    0,    0,    0,    0,    0,    0,    0,    0,    0,    0,    0,    0,    0,    0,    0,    0,    0,    0,    0,    0,    0,    0,    0,    0,    0,    0,    0,    0,    0,    0,    0,    0,    0,    0,    0,    0,    0,    0,    0,    0,    0,    0,    0,    0,    0,    0,    0,    0,    0,    0,    0,    0,    0,    0,    0,    0,    0,    0,    0,    0,    0,    0,    0,    0,    0,    0,    0,    0,    0,    0,    0,    0,    0,    0,    0,    0,    0,    0,    0,    0,    0,    0,    0,    0,    0,    0,    0,    0,    0,    0,   -9,  -11,    0,
       0,  -13,    0,  -11,   -8,    0,    0,   -9,    0,  -11,    0,    0,    0,    0,    0,    0,    0,    0,    0,    0,    0,    0,    0,    0,    0,    0,    0,    0,  -12,    0,    0,    0,    0,    0,    0,    0,    0,    0,    0,    0,    0,    0,    0,    0,    0,   -6,   -5,   -7,   -6,   -7,    0,   -8,    0,    0,    0,    0,    0,    0,    0,    0,    0,    0,    0,    0,    0,    0,    0,    0,    0,    0,    0,    0,    0,    0,    0,    0,    0,    0,    0,    0,    0,    0,    0,    0,    0,    0,    0,    0,    0,    0,    0,    0,    0,    0,    0,    0,    0,    0,    0,    0,    0,    0,    0,    0,    0,    0,    0,    0,    0,    0,    0,    0,    0,    0,    0,    0,    0,    0,    0,    0,    0,    0,    0,    0,    0,    0,    0,    0,    0,    0,    0,    0,    0,    0,    0,    0,    0,    0,    0,    0,    0,    0,    0,    0,    0,    0,    0,    0,    0,    0,    0,    0,    0,    0,    0,   -9,  -11,    0,
       0,    0,    0,    0,    0,    0,    0,    0,    0,    0,    0,    0,    0,    0,    0,    0,    0,    0,    0,    0,    0,    0,    0,    0,    0,    0,    0,    0,    0,    0,    0,    0,    0,    0,    0,    0,    0,   12,    0,    0,    0,    0,    0,    0,    0,    0,    0,    0,    0,    0,    0,    0,    0,    0,    0,    0,    0,    0,    0,    0,    0,    0,    0,    0,    0,    0,    0,    0,    0,    0,    0,    0,    0,    0,    0,    0,    0,    0,    0,    0,    0,    0,    0,    0,    0,    0,    0,    0,    0,    0,    0,    0,    0,    0,    0,    0,    0,    0,    0,    0,    0,    0,    0,    0,    0,    0,    0,    0,    0,    0,    0,    0,    0,    0,    0,    0,    0,    0,    0,    0,    0,    0,    0,    0,    0,    0,    0,    0,    0,    0,    0,    0,    0,    0,    0,    0,    0,    0,    0,    0,    0,    0,    0,    0,    0,    0,    0,    0,    0,    0,    0,    0,    0,    0,    0,    0,    0,    0,
       0,    0,    0,    0,    5,  -22,  -13,  -18,    0,  -17,    0,    0,    0,    0,    0,    0,    0,    0,    0,    0,    0,    0,    0,    0,    0,    0,    0,    0,  -10,    0,    0,    0,    0,    0,    0,    0,    0,    0,    0,    0,    0,   -5,    0,    0,    0,    8,    8,    6,    8,    0,    0,    0,   -8,    0,    0,    0,    0,    0,    0,   -8,    0,    0,    0,    0,    0,    0,    0,    0,    0,    0,    0,    0,    0,    0,    0,    0,    0,    0,    0,    0,    0,    0,    0,    0,    0,    0,    0,    0,    0,    0,    0,    0,    0,    0,    0,    0,    0,    0,    0,    0,    0,    0,    0,    0,    0,    0,    0,    0,    0,    0,    0,    0,    0,    0,    0,    0,    0,    0,    0,    0,    0,    0,    0,    0,    0,    0,    0,    0,    0,    0,    0,    0,    0,    0,    0,    0,    0,    0,    0,    0,    0,    0,    0,    0,    0,    0,    0,    0,    0,    0,    0,    0,    0,    0,    0,    0,    6,  -21,
       0,    0,    0,    0,    0,    4,  -16,    0,    0,    0,    0,    0,    0,    0,    0,    0,    0,    0,    0,    0,    0,    0,    0,    0,    0,    0,    0,    0,  -11,    0,    0,   -5,   -6,   -4,    0,   -4,    0,    0,    0,    0,   -6,   -5,    0,    0,    0,    0,    0,    7,    0,    0,   -8,    0,  -11,    0,    0,    0,    0,    0,    0,   -5,    0,    0,    0,    0,    0,    0,    0,    0,    0,    0,    0,    0,    0,    0,    0,    0,    0,    0,    0,    0,    0,    0,    0,    0,    0,    0,    0,    0,    0,    0,    0,    0,    0,    0,    0,    0,    0,    0,    0,    0,    0,    0,    0,    0,    0,    0,    0,    0,    0,    0,    0,    0,    0,    0,    0,    0,    0,    0,    0,    0,    0,    0,    0,    0,    0,    0,    0,    0,    0,    0,    0,    0,    0,    0,    0,    0,    0,    0,    0,    0,    0,    0,    0,    0,    0,    0,    0,    0,    0,    0,    0,    0,    0,    0,    0,    0,    0,    0,
       0,    0,    0,    0,    4,  -14,    0,  -13,    0,  -16,    0,    0,    0,    0,    0,    0,    0,    0,    0,    0,    0,    0,    0,    0,    0,    0,    0,    0,  -10,    0,    0,   -6,   -6,   -6,    0,   -5,    0,    0,    0,    0,   -6,   -6,    0,    0,    0,    7,    7,    6,    7,    0,    0,    0,    0,    0,    0,    0,    0,    0,    0,   -7,    0,    0,    0,    0,    0,    0,    0,    0,    0,    0,    0,    0,    0,    0,    0,    0,    0,    0,    0,    0,    0,    0,    0,    0,    0,    0,    0,    0,    0,    0,    0,    0,    0,    0,    0,    0,    0,    0,    0,    0,    0,    0,    0,    0,    0,    0,    0,    0,    0,    0,    0,    0,    0,    0,    0,    0,    0,    0,    0,    0,    0,    0,    0,    0,    0,    0,    0,    0,    0,    0,    0,    0,    0,    0,    0,    0,    0,    0,    0,    0,    0,    0,    0,    0,    0,    0,    0,    0,    0,    0,    0,    0,    0,    0,    0,    0,    5,  -14,
       0,    0,    0,    0,    4,  -13,    0,  -11,    0,  -14,    0,    0,    0,    0,    0,    0,    0,    0,    0,    0,    0,    0,    0,    0,    0,    0,    0,    0,  -10,    0,    0,   -5,    0,    0,    0,    0,    0,    0,    0,    0,   -5,    0,    0,    0,    0,    7,    7,    6,    7,    0,    0,    0,    0,    0,    0,    0,    0,    0,    0,   -6,    0,    0,    0,    0,    0,    0,    0,    0,    0,    0,    0,    0,    0,    0,    0,    0,    0,    0,    0,    0,    0,    0,    0,    0,    0,    0,    0,    0,    0,    0,    0,    0,    0,    0,    0,    0,    0,    0,    0,    0,    0,    0,    0,    0,    0,    0,    0,    0,    0,    0,    0,    0,    0,    0,    0,    0,    0,    0,    0,    0,    0,    0,    0,    0,    0,    0,    0,    0,    0,    0,    0,    0,    0,    0,    0,    0,    0,    0,    0,    0,    0,    0,    0,    0,    0,    0,    0,    0,    0,    0,    0,    0,    0,    0,    0,    0,    5,  -12,
       0,    0,    0,    0,    0,    0,    0,    0,    0,    0,    0,    0,    0,    0,    0,    0,    0,    0,    0,    0,    0,    0,    0,    0,    0,    0,    0,    0,  -11,    0,    0,   -8,   -8,   -8,    0,   -8,    0,    0,    0,    0,   -8,   -8,    0,    0,    0,    0,    0,    7,    0,    0,   -8,    0,  -12,    0,    0,    0,    0,    0,    0,  -10,    0,    0,    0,    0,    0,    0,    0,    0,    0,    0,    0,    0,    0,    0,    0,    0,    0,    0,    0,    0,    0,    0,    0,    0,    0,    0,    0,    0,    0,    0,    0,    0,    0,    0,    0,    0,    0,    0,    0,    0,    0,    0,    0,    0,    0,    0,    0,    0,    0,    0,    0,    0,    0,    0,    0,    0,    0,    0,    0,    0,    0,    0,    0,    0,    0,    0,    0,    0,    0,    0,    0,    0,    0,    0,    0,    0,    0,    0,    0,    0,    0,    0,    0,    0,    0,    0,    0,    0,    0,    0,    0,    0,    0,    0,    0,    0,    0,    0,
       0,    0,    0,    0,    0,    0,    0,    0,    0,    0,    0,    0,    0,    0,    0,    0,    0,    0,    0,    0,    0,    0,    0,    0,    0,    0,    0,    0,  -14,    0,    0,   -8,   -8,   -8,   -5,   -9,    0,    0,    0,    0,   -8,   -7,    0,   -5,   -5,    0,    0,    0,    0,    0,  -11,   -8,  -13,    0,    0,    0,    0,    0,    0,   -7,    0,    0,    0,    0,    0,    0,    0,    0,    0,    0,    0,    0,    0,    0,    0,    0,    0,    0,    0,    0,    0,    0,    0,    0,    0,    0,    0,    0,    0,    0,    0,    0,    0,    0,    0,    0,    0,    0,    0,    0,    0,    0,    0,    0,    0,    0,    0,    0,    0,    0,    0,    0,    0,    0,    0,    0,    0,    0,    0,    0,    0,    0,    0,    0,    0,    0,    0,    0,    0,    0,    0,    0,    0,    0,    0,    0,    0,    0,    0,    0,    0,    0,    0,    0,    0,    0,    0,    0,    0,    0,    0,    0,    0,    0,    0,    0,    0,    0,
       0,    0,    0,    0,    0,    0,    0,    0,    0,    0,    0,   -5,  -10,  -12,   -5,    0,  -12,  -12,   -8,    0,   -9,    0,    0,    0,    0,   -7,    0,    0,    0,    0,    0,    0,    0,    0,    0,    0,    0,    0,    0,    0,    0,    0,    0,    0,    0,    0,    0,    0,    0,    0,    0,   32,    0,    0,   -4,    0,    0,    0,    0,    0,    0,    0,    0,    0,    0,    0,    0,    0,    0,    0,    0,  -10,   -7,    0,    0,    0,   -5,   11,    0,    0,    0,  -12,  -12,    0,   -4,    0,   -8,    0,    0,    0,    0,    0,    0,    0,    0,    0,    0,    0,    0,    0,    0,    0,    0,    0,    0,    0,    0,    0,    0,    0,    0,    0,    0,    0,    0,    0,    0,    0,  -13,    0,    0,    0,    0,   -4,    0,    0,   -6,    0,    0,   -4,    0,    0,    0,    0,    0,    0,    0,    0,    0,    0,    0,    0,    0,    0,    0,    0,    0,    0,    0,    0,    0,    0,    0,    0,    0,    0,    0,    0,
       0,    0,    0,    0,    0,    0,    0,    0,    0,    0,    0,   -8,    0,    0,   -8,    0,    0,    0,   -7,  -10,   -4,  -10,   -8,  -12,  -10,  -14,    0,    0,    0,    0,    0,    0,    0,    0,    0,    0,    0,    0,    0,    0,    0,    0,    0,    0,    0,    0,    0,    0,    0,    0,    0,    0,    0,    0,   -8,    0,    0,    0,    0,    0,    0,    0,    0,    0,    0,    0,    0,    0,    0,    0,  -10,    0,   -8,   -6,   -7,  -10,   -8,   -8,   -9,  -10,    0,    0,    0,  -12,    0,   -9,   -6,    0,    0,    0,    0,    0,    0,    0,    0,    0,    0,    0,    0,    0,    0,    0,    0,    0,    0,    0,    0,    0,    0,    0,    0,    0,    0,    0,    0,    0,    0,    0,    0,    0,  -10,    0,    0,    0,    0,    0,    0,    0,    0,   -9,    0,    0,    0,    0,    0,    0,    0,    0,    0,    0,    0,    0,    0,    0,    0,    0,    0,    0,    0,    0,    0,    0,    0,    0,    0,    0,    0,    0,
       0,    0,    0,    0,    0,    0,    0,    0,    0,    0,    0,    0,    0,    0,    0,    0,    0,    0,    0,  -33,   -4,  -12,   -8,    0,  -19,   -4,    0,    0,    0,    0,    0,    0,    0,    0,    0,    0,    0,    0,    0,    0,    0,    0,    0,    0,    0,    0,    0,    0,    0,    0,    0,    0,    0,    0,    0,    0,    0,    0,    0,    0,    0,    0,    0,    0,    0,    0,    0,    0,    0,    0,    0,    0,    0,    0,    0,    0,    0,    0,    0,    0,    0,    0,    0,    0,    0,    0,    0,    0,    0,    0,    0,    0,    0,    0,    0,    0,    0,    0,    0,    0,    0,    0,    0,    0,    0,    0,    0,    0,    0,    0,    0,    0,    0,    0,    0,    0,    0,    0,    0,    0,    0,    0,    0,    0,    0,    0,    0,    0,    0,    0,    0,    0,    0,    0,    0,    0,    0,    0,    0,    0,    0,    0,    0,    0,    0,    0,    0,    0,    0,    0,    0,    0,    0,    0,    0,    0,    0,    0,
       0,    0,    0,    0,    0,    0,    0,    0,    0,    0,    0,    0,    0,    0,    0,    0,    0,    0,    0,  -31,    0,   -5,    0,    0,  -13,    0,    0,    0,    0,    0,    0,    0,    0,    0,    0,    0,    0,    0,    0,    0,    0,    0,    0,    0,    0,    0,    0,    0,    0,    0,    0,    0,    0,    0,    0,    0,    0,    0,    0,    0,    0,    0,    0,    0,    0,    0,    0,    0,    0,    0,  -31,    0,    0,    0,    0,    0,    0,    0,    0,    0,    0,    0,    0,    0,    0,    0,    0,    0,    0,    0,    0,    0,    0,    0,    0,    0,    0,    0,    0,    0,    0,    0,    0,    0,    0,    0,    0,    0,    0,    0,    0,    0,    0,    0,    0,    0,    0,    0,    0,    0,  -13,    0,    0,    0,    0,    0,    0,    0,    0,    0,    0,    0,    0,    0,    0,    0,    0,    0,    0,    0,    0,    0,    0,    0,    0,    0,    0,    0,    0,    0,    0,    0,    0,    0,    0,    0,    0,    0,
       0,    0,    0,    0,    0,    0,    0,    0,    0,    0,    0,   -8,    0,    0,  -17,    0,    0,    0,   -8,  -34,    0,  -18,   -8,  -20,  -31,  -17,    0,    0,    0,    0,    0,    0,    0,    0,    0,    0,    0,    0,    0,    0,    0,    0,    0,    0,    0,    0,    0,    0,    0,    0,    0,    0,    0,    0,  -18,    0,    0,    0,    0,    0,    0,    0,    0,    0,    0,    0,    0,    0,    0,    0,  -34,    0,  -10,  -14,  -14,  -22,   -8,  -13,  -23,  -15,    0,    0,    0,  -20,   -6,  -16,   -9,    0,    0,    0,    0,    0,    0,    0,    0,    0,    0,    0,    0,    0,    0,    0,    0,    0,    0,    0,    0,    0,    0,    0,    0,    0,    0,    0,    0,    0,    0,    0,    0,    0,  -31,    0,    0,   -4,    0,    0,    0,    0,    0,  -16,    0,    0,    0,    0,    0,    0,    0,    0,    0,    0,    0,    0,    0,    0,    0,    0,    0,    0,    0,    0,    0,    0,    0,    0,    0,    0,    0,    0,
       0,    0,    0,    0,    0,    0,    0,    0,    0,    0,    0,  -18,  -15,  -15,  -25,    0,  -15,  -15,  -12,  -44,  -18,  -19,  -16,  -28,  -26,  -27,    0,    0,    0,    0,    0,    0,    0,    0,    0,    0,    0,    0,    0,    0,    0,    0,    0,    0,    0,    0,    0,    0,    0,    0,    0,    0,    0,    0,  -28,    0,    0,    0,    0,    0,    0,    0,    0,    0,    0,    0,    0,    0,    0,    0,    0,    0,    0,    0,    0,    0,    0,    0,    0,    0,    0,    0,    0,    0,    0,    0,    0,    0,    0,    0,    0,    0,    0,    0,    0,    0,    0,    0,    0,    0,    0,    0,    0,    0,    0,    0,    0,    0,    0,    0,    0,    0,    0,    0,    0,    0,    0,    0,    0,    0,    0,    0,    0,    0,    0,    0,    0,    0,    0,    0,    0,    0,    0,    0,    0,    0,    0,    0,    0,    0,    0,    0,    0,    0,    0,    0,    0,    0,    0,    0,    0,    0,    0,    0,    0,    0,    0,    0,
      -6,  -13,    0,  -16,    0,  -24,    0,  -16,    0,  -14,    0,  -11,    0,    0,  -22,    0,    0,    0,    0,  -18,    0,   -8,    0,  -17,  -17,  -19,   -6,    0,  -17,   -6,    0,    0,    0,    0,    0,    0,    0,    0,    0,    0,    0,    0,    0,    0,    0,    0,    0,    0,    0,    0,    0,  -11,    0,    0,  -20,    0,    0,    0,    0,    0,    0,    0,    0,    0,    0,    0,  -16,    0,   -9,    0,    0,    0,    0,    0,    0,    0,    0,    0,    0,    0,    0,    0,    0,    0,    0,    0,    0,    0,    0,    0,    0,    0,    0,    0,    0,    0,    0,    0,    0,    0,    0,    0,    0,    0,    0,    0,    0,    0,    0,    0,    0,    0,    0,    0,    0,    0,    0,    0,    0,    0,    0,    0,    0,    0,    0,    0,    0,    0,    0,    0,    0,    0,    0,    0,    0,    0,    0,    0,    0,    0,    0,    0,    0,    0,    0,    0,    0,    0,    0,    0,    0,    0,    0,    0,    0,  -10,   -6,  -23,
       0,  -16,    0,  -11,  -13,    0,    0,    0,    0,   -8,    0,    0,    0,    0,    0,    0,    0,    0,    0,    0,    0,    0,    0,    0,    0,    0,    0,    0,   -8,    0,    0,    0,    0,    0,    0,    0,    0,    0,    0,    0,    0,    0,    0,    0,    0,  -11,  -10,    0,  -11,    0,    0,   -8,    0,    0,    0,    0,    0,    0,    0,    0,    0,    0,    0,    0,    0,    0,    0,  -14,    0,   -8,    0,    0,    0,    0,    0,    0,    0,    0,    0,    0,    0,    0,    0,    0,    0,    0,    0,    0,    0,    0,    0,    0,    0,    0,    0,    0,    0,    0,    0,    0,    0,    0,    0,    0,    0,    0,    0,    0,    0,    0,    0,    0,    0,    0,    0,    0,    0,    0,    0,    0,    0,    0,    0,    0,    0,    0,    0,    0,    0,    0,    0,    0,    0,    0,    0,    0,    0,    0,    0,    0,    0,    0,    0,    0,    0,    0,    0,    0,    0,    0,    0,    0,    0,    0,    0,  -12,  -12,    0,
       0,    0,    0,    0,    0,    0,    0,   -8,    0,    6,    0,    0,    0,    0,    0,    0,    0,    0,    0,    0,    0,    0,    0,    0,    0,    0,    0,    0,    5,    0,    0,    0,    0,    0,    0,    0,    0,    0,    0,    0,    0,    0,    0,    0,    0,    0,    0,    0,    0,    0,    0,    5,    0,    0,    0,    0,    0,    0,    0,    0,    0,    0,    0,    0,    0,    0,    0,    0,    0,    0,    0,    0,    0,    0,    0,    0,    0,    0,    0,    0,    0,    0,    0,    0,    0,    0,    0,    0,    0,    0,    0,    0,    0,    0,    0,    0,    0,    0,    0,    0,    0,    0,    0,    0,    0,    0,    0,    0,    0,    0,    0,    0,    0,    0,    0,    0,    0,    0,    0,    0,    0,    0,    0,    0,    0,    0,    0,    0,    0,    0,    0,    0,    0,    0,    0,    0,    0,    0,    0,    0,    0,    0,    0,    0,    0,    0,    0,    0,    0,    0,    0,    0,    0,    0,    0,    0,    0,    0,
       0,  -16,    0,  -11,   -8,    0,    0,   -9,    0,  -11,    0,    0,    0,    0,    0,    0,    0,    0,    0,    0,    0,    0,    0,    0,    0,    0,    0,    0,  -12,    0,    0,    0,    0,    0,    0,    0,    0,    0,    0,    0,    0,    0,    0,    0,    0,   -6,   -5,   -7,   -6,   -7,    0,   -8,    0,    0,    0,    0,    0,    0,    0,    0,    0,    0,    0,    0,    0,    0,    0,    0,    0,    0,    0,    0,    0,    0,    0,    0,    0,    0,    0,    0,    0,    0,    0,    0,    0,    0,    0,    0,    0,    0,    0,    0,    0,    0,    0,    0,    0,    0,    0,    0,    0,    0,    0,    0,    0,    0,    0,    0,    0,    0,    0,    0,    0,    0,    0,    0,    0,    0,    0,    0,    0,    0,    0,    0,    0,    0,    0,    0,    0,    0,    0,    0,    0,    0,    0,    0,    0,    0,    0,    0,    0,    0,    0,    0,    0,    0,    0,    0,    0,    0,    0,    0,    0,    0,    0,  -14,  -14,    0,
       0,    7,    0,   24,    0,   -4,   -4,    0,   -4,   18,    0,    0,    0,    0,    0,    0,    0,    0,    0,    0,    0,    0,    0,    0,    0,    0,    0,   36,   28,   -4,    6,   -4,   -4,   -4,    0,   -4,    3,    3,    6,   -4,   -4,   -4,   -4,    4,   -4,    0,    0,    0,    0,    0,    0,   28,    0,    0,    0,    0,   28,   38,   44,    0,   44,   44,   34,    0,    0,    0,    0,    0,    0,    0,    0,    0,    0,    0,    0,    0,    0,    0,    0,    0,    0,    0,    0,    0,    0,    0,    0,    0,    0,    0,    0,    0,    0,    0,    0,    0,    0,    0,    0,    0,    0,    0,    0,    0,    0,    0,    0,    0,    0,    0,    0,    0,    0,    0,    0,    0,    0,    0,    0,    0,    0,    0,    0,    0,    0,    0,    0,    0,    0,    0,    0,    0,    0,    0,    0,    0,    0,    0,    0,    0,    0,    0,    0,    0,    0,    0,    0,    0,    0,    0,    0,    0,    0,    0,    0,    0,    8,    0,
       0,    0,    0,    0,    0,    0,    0,    0,    0,    0,    0,    0,    0,    0,    0,    0,    0,    0,    0,    0,    0,    0,    0,    0,    0,    0,    0,    0,    0,    0,    0,    0,    0,    0,    0,    0,    0,    8,    0,    0,    0,    0,    0,    0,    0,    0,    0,    0,    0,   -5,    0,    0,    0,    0,    0,    0,    0,    0,    0,    0,    0,    0,    0,    0,    0,    0,    0,    0,    0,    0,    0,    0,    0,    0,    0,    0,    0,    0,    0,    0,    0,    0,    0,    0,    0,    0,    0,    0,    0,    0,    0,    0,    0,    0,    0,    0,    0,    0,    0,    0,    0,    0,    0,    0,    0,    0,    0,    0,    0,    0,    0,    0,    0,    0,    0,    0,    0,    0,    0,    0,    0,    0,    0,    0,    0,    0,    0,    0,    0,    0,    0,    0,    0,    0,    0,    0,    0,    0,    0,    0,    0,    0,    0,    0,    0,    0,    0,    0,    0,    0,    0,    0,    0,    0,    0,    0,    0,    0,
       0,  -17,    0,    0,   -8,    0,    0,    0,    0,  -10,    0,    0,    0,    0,    0,    0,    0,    0,    0,    0,    0,    0,    0,    0,    0,    0,    0,    0,    0,    0,    0,    0,    0,    0,    0,    0,    0,    0,    0,    0,    0,    0,    0,    0,    0,   -6,   -5,    0,    0,    0,    0,    0,    0,    0,    0,    0,    0,    0,    0,    0,    0,    0,    0,    0,    0,    0,    0,    0,    0,    0,    0,    0,    0,    0,    0,    0,    0,    0,    0,    0,    0,    0,    0,    0,    0,    0,    0,    0,    0,    0,    0,    0,    0,    0,    0,    0,    0,    0,    0,    0,    0,    0,    0,    0,    0,    0,    0,    0,    0,    0,    0,    0,    0,    0,    0,    0,    0,    0,    0,    0,    0,    0,    0,    0,    0,    0,    0,    0,    0,    0,    0,    0,    0,    0,    0,    0,    0,    0,    0,    0,    0,    0,    0,    0,    0,    0,    0,    0,    0,    0,    0,    0,    0,    0,    0,  -14,  -14,    0,
       0,    0,    0,    0,    0,    0,    0,    0,    0,    0,    0,    0,    0,    0,    0,    0,    0,    0,    0,    0,    0,    0,    0,    0,    0,    0,    0,    0,    0,    0,    0,    0,    0,    0,    0,    0,    0,   -6,    0,    0,    0,    0,    0,    0,    0,   -9,   -8,   -6,   -9,    0,    0,    0,    0,    0,    0,    0,    0,    0,    0,    0,    0,    0,    0,    0,    0,    0,    0,  -13,    0,  -10,    0,    0,    0,    0,    0,    0,    0,    0,    0,    0,    0,    0,    0,    0,    0,    0,    0,    0,    0,    0,    0,    0,    0,    0,    0,    0,    0,    0,    0,    0,    0,    0,    0,    0,    0,    0,    0,    0,    0,    0,    0,    0,    0,    0,    0,    0,    0,    0,    0,    0,    0,    0,    0,    0,    0,    0,    0,    0,    0,    0,    0,    0,    0,    0,    0,    0,    0,    0,    0,    0,    0,    0,    0,    0,    0,    0,    0,    0,    0,    0,    0,    0,    0,    0,    0,    0,    0,    0,
       0,    0,    0,    0,    0,    0,    0,    0,    0,    0,    0,  -14,    0,    0,  -25,    0,    0,    0,    0,    0,    0,    0,    0,  -12,   -6,   -6,    0,    0,    0,   -9,   -5,    0,    0,    0,   -5,    0,   -5,   -5,    0,   -5,    0,    0,    0,    0,    0,    0,    0,    0,    0,    0,    0,    0,    0,    0,  -23,   -5,   -5,   -5,   -5,    0,   -5,   -5,   -5,   -5,    0,    0,   -7,    0,    0,    0,    0,    0,    0,    0,    0,    0,    0,    0,    0,    0,    0,    0,    0,    0,    0,    0,    0,    0,    0,    0,    0,    0,    0,    0,    0,    0,    0,    0,    0,    0,    0,    0,    0,    0,    0,    0,    0,    0,    0,    0,    0,    0,    0,    0,    0,    0,    0,    0,    0,    0,    0,    0,    0,    0,    0,    0,    0,    0,    0,    0,    0,    0,    0,    0,    0,    0,    0,    0,    0,    0,    0,    0,    0,    0,    0,    0,    0,    0,    0,    0,    0,    0,    0,    0,    0,    0,    0,    0,
       0,    0,    0,    0,    0,    0,    0,    0,    0,    0,    0,    0,    0,    0,    0,    0,    0,    0,    0,    0,    0,   -6,    0,    0,   -8,    0,    0,    0,    0,    0,    0,    0,    0,    0,    0,    0,    0,    0,    0,    0,    0,    0,    0,    0,    0,    0,    0,    0,    0,    0,    0,    0,    0,    0,    0,    0,    0,    0,    0,    0,    0,    0,    0,   -5,    0,    0,    0,    0,   -6,    0,    0,    0,    0,    0,    0,    0,    0,    0,    0,    0,    0,    0,    0,    0,    0,    0,    0,    0,    0,    0,    0,    0,    0,    0,    0,    0,    0,    0,    0,    0,    0,    0,    0,    0,    0,    0,    0,    0,    0,    0,    0,    0,    0,    0,    0,    0,    0,    0,    0,    0,    0,    0,    0,    0,    0,    0,    0,    0,    0,    0,    0,    0,    0,    0,    0,    0,    0,    0,    0,    0,    0,    0,    0,    0,    0,    0,    0,    0,    0,    0,    0,    0,    0,    0,    0,    0,    0,    0,
       0,   -6,   -8,    0,   -5,    4,    0,    0,    0,    0,   -6,    0,    0,    0,    0,    0,    0,    0,    0,    0,    0,    0,    0,    0,    0,    0,   -7,    0,  -17,    0,    0,    0,    0,    0,    0,    0,    0,    0,    0,    0,    0,    0,    0,    0,    0,    0,    0,    0,    0,    0,   -8,   -9,   -9,    0,    0,    0,    0,    0,    0,    0,    0,    0,    0,    0,    0,    0,    0,    0,    0,    0,    0,  -11,    0,    6,    0,    0,    7,    0,    0,    0,    0,  -11,  -11,    0,    0,    0,    0,    0,   -6,    0,    0,    0,   -6,    0,    0,    0,    0,   -7,    0,   -6,   -6,  -10,   -7,    4,   -7,    0,   -6,    0,    0,    0,    0,    0,    0,    0,    0,    0,   -6,    0,   -9,   -4,    0,  -10,    0,    0,    0,    0,   -8,    0,    0,    0,   -7,    0,    0,    0,    0,    0,    0,    0,    0,    0,    0,    0,    0,    0,    0,    0,    0,    0,    0,    0,    0,    0,    0,    0,    0,   -5,    0,    0,
      -5,  -15,    0,   -7,  -12,   -5,    6,   -6,   -5,   -4,    0,    0,    0,    0,    0,    0,    0,    0,    0,    0,    0,    0,    0,    0,    0,    0,   -7,    0,  -16,    0,    0,    0,    0,    0,    0,    0,    0,    0,    0,    0,    0,    0,    0,    0,    0,    0,    0,    0,    0,    0,    0,  -10,    0,    0,    0,    0,    0,    0,    0,    0,    0,    0,    0,    0,    0,    0,    0,    0,    0,    0,    0,    0,    0,    0,    0,   -4,    0,    0,   -8,    0,    0,    0,    0,   -7,   -9,    0,   -8,    0,    0,    0,    0,    0,    0,   -7,   -4,    0,    0,    0,    0,    0,  -14,   -6,    0,   -6,    0,    0,  -14,    0,    0,    0,    0,    0,    0,    0,    0,    0,  -13,   -4,    0,    0,    0,   -6,    0,   -7,    0,    0,    0,    0,   -4,    0,  -12,   -4,    0,    0,    0,    0,    0,    0,    0,    0,    0,    0,    0,    0,    0,    0,    0,    0,    0,    0,    0,    0,    0,    0,    0,    0,    0,    0,
       0,    0,  -11,    5,    0,  -30,  -20,  -34,  -34,    9,  -20,    0,    0,    0,    0,    0,    0,    0,    0,    0,    0,    0,    0,    0,    0,    0,    0,    0,  -13,    0,    0,    0,    0,    0,    0,    0,    0,    0,    0,    0,    0,    0,    0,    0,    0,    0,    0,    0,    0,    0,  -10,    0,  -34,  -30,    0,    0,    0,    0,    0,    0,    0,    0,    0,    0,    0,    0,    0,    0,    0,    0,   10,  -11,    0,  -44,  -26,    8,  -26,  -26,    0,    0,    0,  -11,  -11,    6,    0,    7,    0,  -39,    0,  -36,  -37,  -46,  -46,  -30,  -32,  -45,  -42,  -46,  -37,  -46,  -25,  -25,  -32,  -26,  -30,  -37,  -25,  -31,  -44,   11,  -46,  -42,    0,   17,    0,   11,    0,  -30,   -9,  -48,    0,  -25,    0,    0,  -37,  -39,    0,  -39,  -53,    0,  -26,  -45,    0,    0,    0,    0,    0,    0,    0,    0,    0,    0,    0,    0,    0,    0,    0,    0,    0,    0,    0,    0,    0,    0,    0,    0,    0,  -27,
       0,    0,   -9,    0,    0,    9,  -12,    0,    0,    6,   -7,    0,    0,    0,    0,    0,    0,    0,    0,    0,    0,    0,    0,    0,    0,    0,   -4,    0,    0,    0,    0,    0,    0,    0,    0,    0,    0,    0,    0,    0,    0,    0,    0,    0,    0,    0,    0,    0,    0,    0,  -11,    0,  -18,    0,    0,    0,    0,    0,    0,    0,    0,    0,    0,    0,    0,    0,    0,    0,    0,    0,    7,   -8,    0,    8,    7,    0,    9,    7,    0,    0,    0,   -8,   -8,    5,    0,    0,    0,    0,   -6,    0,    0,    7,   -6,    6,    0,    8,    0,   -6,    0,   -6,  -13,   -6,   -6,    6,  -19,    0,  -13,    0,    0,    8,    0,    0,    0,    0,    0,    8,    0,    0,  -12,   -4,    7,   -6,    0,    0,  -20,    0,   -5,    0,    0,    0,  -14,    0,    0,    0,    0,    0,    0,    0,    0,    0,    0,    0,    0,    0,    0,    0,    0,    0,    0,    0,    0,    0,    0,    0,    0,    0,    5,    7,
       0,   -5,    0,    0,   -7,    0,    0,    0,    0,    0,    0,    0,    0,    0,    0,    0,    0,    0,    0,    0,    0,    0,    0,    0,    0,    0,    0,    0,    0,    0,    0,    0,    0,    0,    0,    0,    0,    0,    0,    0,    0,    0,    0,    0,    0,    0,    0,    0,    0,    0,    0,    0,    0,    0,    0,    0,    0,    0,    0,    0,    0,    0,    0,    0,    0,    0,    0,    0,    0,    0,    0,    0,    0,    0,    0,    0,    0,    0,    0,    0,    0,    0,    0,    0,    0,    0,    0,    0,    0,    0,    0,    0,    0,    0,    0,    0,    0,    0,    0,    0,  -18,   -6,    0,    0,    0,    0,  -13,    0,    0,    0,    0,    0,    0,    0,    0,    0,  -10,    0,    0,    0,    0,   -6,    0,    0,    0,    0,    0,    0,    0,    0,   -8,    0,    0,    0,    0,    0,    0,    0,    0,    0,    0,    0,    0,    0,    0,    0,    0,    0,    0,    0,    0,    0,    0,    0,    0,    0,    0,    0,
      -6,  -30,   -8,   -9,  -14,    0,    0,    0,    0,  -12,   -5,    0,    0,    0,    0,    0,    0,    0,    0,    0,    0,    0,    0,    0,    0,    0,   -8,    0,  -21,    0,    0,    0,    0,    0,    0,    0,    0,    0,    0,    0,    0,    0,    0,    0,    0,    0,    0,    0,    0,    0,    0,  -14,    0,    0,    0,    0,    0,    0,    0,    0,    0,    0,    0,    0,    0,    0,    0,    0,    0,    0,  -20,   -5,    0,    0,    0,    0,    0,    0,    0,    0,    0,   -5,   -6,    0,  -12,    0,    0,    0,   -5,    0,    0,    0,    0,    0,    0,    0,    0,    0,    0,    0,  -15,   -9,    0,    0,    0,    0,  -14,    0,    0,   -6,    0,    0,   -8,   -8,   -8,   -6,  -15,   -4,   -5,    0,    0,   -8,   -5,   -8,    0,    0,   -4,    0,    0,    0,  -15,    0,    0,    0,    0,    0,    0,    0,    0,    0,    0,    0,    0,    0,    0,    0,    0,    0,    0,    0,    0,    0,    0,    0,    0,    0,    0,    0,
       0,    0,   -7,    0,  -13,    6,  -19,    7,    0,    4,   -8,    0,    0,    0,    0,    0,    0,    0,    0,    0,    0,    0,    0,    0,    0,    0,    0,    0,  -10,    0,    0,    0,    0,    0,    0,    0,    0,    0,    0,    0,    0,    0,    0,    0,    0,    0,    0,    0,    0,    0,   -8,    0,  -24,    0,    0,    0,    0,    0,    0,    0,    0,    0,    0,    0,    0,    0,    0,    0,    0,    0,    7,  -14,    0,   10,   10,    0,   14,   11,    9,    6,    0,  -14,  -14,   10,    0,    8,    7,    0,  -10,    0,    0,   11,   -8,   11,    0,   10,    0,   -8,    0,   -8,  -16,  -19,  -11,   11,  -24,    0,   -9,    8,    8,    8,   -8,    6,    0,    0,    0,    8,   -9,    0,  -17,   -8,    0,  -19,    0,  -15,  -24,    0,   -8,   -6,    0,    7,  -20,    0,    0,    0,    0,    0,    0,    0,    0,    0,    0,    0,    0,    0,    0,    0,    0,    0,    0,    0,    0,    0,    0,    0,    0,    0,    0,    6,
       0,    6,  -13,    6,    0,  -30,   -4,  -27,   -8,   10,  -15,    0,    0,    0,    0,    0,    0,    0,    0,    0,    0,    0,    0,    0,    0,    0,    0,    0,  -11,    0,    0,    0,    0,    0,    0,    0,    0,    0,    0,    0,    0,    0,    0,    0,    0,    0,    0,    0,    0,    0,  -10,    0,  -17,   -4,    0,    0,    0,    0,    0,    0,    0,    0,    0,    0,    0,    0,    0,    0,    0,    0,   11,   -7,    0,  -32,  -25,   10,  -25,  -24,    6,    0,   -2,   -7,   -7,    8,    0,    8,    0,  -10,   -7,   -7,   -8,  -25,  -15,    0,    0,  -25,  -12,  -15,   -8,  -15,    0,    0,  -16,    0,    0,   -8,    0,    0,  -12,   13,  -15,   -8,    0,   16,    0,   13,    0,    0,   -8,  -15,    0,    0,    0,    0,    0,  -10,    0,  -10,    0,    0,    0,    0,    0,    0,    0,    0,    0,    0,    0,    0,    0,    0,    0,    0,    0,    0,    0,    0,    0,    0,    0,    0,    0,    0,    0,    8,   10,  -30,
       0,  -31,   -8,    0,  -25,   10,    0,    7,    0,    0,   -6,    0,    0,    0,    0,    0,    0,    0,    0,    0,    0,    0,    0,    0,    0,    0,    0,    0,  -11,    0,    0,    0,    0,    0,    0,    0,    0,    0,    0,    0,    0,    0,    0,    0,    0,    0,    0,    0,    0,    0,   -8,   -4,   -8,    0,    0,    0,    0,    0,    0,    0,    0,    0,    0,    0,    0,    0,    0,    0,    0,    0,  -26,   -8,    6,   10,   10,    0,   13,   10,    9,    6,    0,   -8,   -8,   10,  -20,    8,    6,    0,   -6,    0,    0,   10,   -5,   11,    0,   10,    0,   -5,    0,   -5,  -15,   -6,   -5,   10,  -11,    0,  -10,    7,    8,    0,    0,    6,    0,    0,    0,    0,  -10,    0,   -9,    0,  -32,   -8,    0,  -14,   -7,    0,   -6,    0,    0,    8,  -14,    0,    0,    0,    0,    0,    0,    0,    0,    0,    0,    0,    0,    0,    0,    0,    0,    0,    0,    0,    0,    0,    0,    0,    0,  -28,  -27,   10,
       0,   -4,   -4,  -10,   -4,   -4,    0,   -8,   -4,   -8,    0,    0,    0,    0,    0,    0,    0,    0,    0,    0,    0,    0,    0,    0,    0,    0,   -5,    0,  -14,    0,    0,    0,    0,    0,    0,    0,    0,    0,    0,    0,    0,    0,    0,    0,    0,    0,    0,    0,    0,    0,    0,   -9,    0,    0,    0,    0,    0,    0,    0,    0,    0,    0,    0,    0,    0,    0,    0,    0,    0,    0,    0,    0,    0,    0,    0,   -5,    0,    0,   -8,    0,    0,    0,   -4,   -8,   -7,    0,   -6,    0,    0,    0,    0,    0,    0,    0,   -4,    0,    0,    0,    0,    0,    0,    0,    0,    0,    0,    0,    0,    0,    0,    0,    0,    0,    0,    0,   -4,    0,    0,    0,    0,    0,  -10,    0,    0,    0,    0,    0,    0,    0,   -4,    0,    0,   -4,    0,    0,    0,    0,    0,    0,    0,    0,    0,    0,    0,    0,    0,    0,    0,    0,    0,    0,    0,    0,    0,    0,    0,    0,    0,    0,
       0,   -5,    0,   10,   -7,    7,    0,   17,    0,    0,    0,    0,    0,    0,    0,    0,    0,    0,    0,    0,    0,    0,    0,    0,    0,    0,    0,    0,   10,    0,    0,    0,    0,    0,    0,    0,    0,    0,    0,    0,    0,    0,    0,    0,    0,    0,    0,    0,    0,    0,   -6,   10,   -6,    0,    0,    0,    0,    0,    0,    0,    0,    0,    0,    0,    0,    0,    0,    0,    0,    0,    0,   -7,    0,   10,    9,    0,   10,    8,    7,    6,    0,   -7,  -10,    7,  -11,    7,    0,    0,    0,    0,    0,    8,    0,    8,    0,    9,    0,    0,    0,    0,    0,   12,    0,    8,   -8,    0,    0,    0,    6,    0,    0,    0,    0,    0,   26,    0,    0,    0,  -10,    0,    0,    0,    0,    0,    0,    0,   -4,    0,    0,    7,   12,    0,    0,    0,    0,    0,    0,    0,    0,    0,    0,    0,    0,    0,    0,    0,    0,    0,    0,    0,    0,    0,    0,    0,    0,    0,    0,    0,
       0,   -5,   -5,  -10,    0,    0,    0,   -6,   -4,   -5,    0,    0,    0,    0,    0,    0,    0,    0,    0,    0,    0,    0,    0,    0,    0,    0,   -5,    0,  -15,    0,    0,    0,    0,    0,    0,    0,    0,    0,    0,    0,    0,    0,    0,    0,    0,    0,    0,    0,    0,    0,    0,  -11,    0,    0,    0,    0,    0,    0,    0,    0,    0,    0,    0,    0,    0,    0,    0,    0,    0,    0,    0,    0,    0,    0,    0,   -4,    0,    0,   -6,    0,    0,    0,   -5,   -6,   -6,    0,   -6,    0,    0,    0,    0,    0,    0,    0,    0,    0,    0,    0,    0,    0,    0,    0,    0,    0,    0,    0,    0,    0,    0,    0,    0,    0,    0,    0,   -4,    0,    0,    0,    0,    0,    0,    0,    0,    0,    0,    0,    0,    0,    0,    0,    0,    0,    0,    0,    0,    0,    0,    0,    0,    0,    0,    0,    0,    0,    0,    0,    0,    0,    0,    0,    0,    0,    0,    0,    0,    0,    0,    0,
       0,   -6,   -6,   -8,   -6,    0,    0,    0,    0,   -5,   -5,    0,    0,    0,    0,    0,    0,    0,    0,    0,    0,    0,    0,    0,    0,    0,   -4,    0,  -14,    0,    0,    0,    0,    0,    0,    0,    0,    0,    0,    0,    0,    0,    0,    0,    0,    0,    0,    0,    0,    0,    0,   -9,    0,    0,    0,    0,    0,    0,    0,    0,    0,    0,    0,    0,    0,    0,    0,    0,    0,    0,    0,    0,    0,    0,    0,   -2,    0,    0,    0,    0,    0,    0,    0,    0,    0,    0,    0,    0,    0,    0,    0,    0,    0,    0,    0,    0,    0,    0,    0,    0,    0,    0,   -4,    0,   -5,    0,    0,    0,    0,    0,    0,    0,    0,    0,    0,    0,    0,    0,    0,    0,   -3,    0,    0,    0,    0,    0,    0,    0,    0,    0,    0,    0,    0,    0,    0,    0,    0,    0,    0,    0,    0,    0,    0,    0,    0,    0,    0,    0,    0,    0,    0,    0,    0,    0,    0,    0,    0,    0,
      -6,   -9,   -5,  -11,    0,  -13,    6,  -17,    0,  -14,   -4,    0,    0,    0,    0,    0,    0,    0,    0,    0,    0,    0,    0,    0,    0,    0,   -4,    0,  -17,    0,    0,    0,    0,    0,    0,    0,    0,    0,    0,    0,    0,    0,    0,    0,    0,    0,    0,    0,    0,    0,    0,  -12,    0,    0,    0,    0,    0,    0,    0,    0,    0,    0,    0,    0,    0,    0,    0,    0,    0,    0,  -11,    0,    0,   -9,   -9,  -14,   -8,   -8,  -19,  -12,    0,    0,    0,  -10,    0,  -12,    0,   -5,    0,    0,    0,  -10,    0,   -4,   -5,  -11,    0,    0,    0,    0,    0,    0,    0,    0,    0,    0,    0,    0,    0,   -4,    0,    0,   -5,   -5,   -6,    0,    0,    0,    0,    0,  -16,    0,    0,    0,    0,    0,    0,    0,   -5,  -11,    0,   -5,    0,    0,    0,    0,    0,    0,    0,    0,    0,    0,    0,    0,    0,    0,    0,    0,    0,    0,    0,    0,    0,    0,    0,   -6,   -4,  -12,
      -4,    0,   -5,  -10,    0,  -36,    0,  -25,    0,    0,    0,    0,    0,    0,    0,    0,    0,    0,    0,    0,    0,    0,    0,    0,    0,    0,   -6,    0,  -16,    0,    0,    0,    0,    0,    0,    0,    0,    0,    0,    0,    0,    0,    0,    0,    0,    0,    0,    0,    0,    0,    0,  -10,   -7,    0,    0,    0,    0,    0,    0,    0,    0,    0,    0,    0,    0,    0,    0,    0,    0,    0,    0,    0,    0,  -37,  -29,    0,  -20,  -28,  -11,   -6,    0,    0,    0,   -7,    0,    0,    0,   -8,    0,    0,    0,  -18,    0,    0,    0,  -19,   -5,    0,    0,    0,    0,    4,    0,    0,    0,    0,    0,    0,    0,    0,    0,    0,    0,    0,    0,    0,    0,    6,    0,    0,    0,    4,    0,    6,    0,   -5,    0,    0,    0,    0,    0,    0,    0,    0,    0,    0,    0,    0,    0,    0,    0,    0,    0,    0,    0,    0,    0,    0,    0,    0,    0,    0,    0,    0,    0,    0,    4,  -46,
       0,    0,  -11,    5,    0,  -30,  -20,  -34,  -34,    9,  -20,    0,    0,    0,    0,    0,    0,    0,    0,    0,    0,    0,    0,    0,    0,    0,    0,    0,  -13,    0,    0,    0,    0,    0,    0,    0,    0,    0,    0,    0,    0,    0,    0,    0,    0,    0,    0,    0,    0,    0,  -10,    0,  -34,  -30,    0,    0,    0,    0,    0,    0,    0,    0,    0,    0,    0,    0,    0,    0,    0,    0,   10,  -11,    0,  -26,  -26,    8,  -26,  -26,    0,    0,    0,  -11,  -11,    6,    0,    7,    0,  -18,    0,  -30,  -30,  -28,  -22,  -28,  -33,  -27,  -30,  -22,  -16,  -22,  -25,   -9,  -22,   -7,  -30,  -30,  -25,  -31,  -30,   11,  -31,  -31,    0,   17,    0,   11,    0,  -27,   -9,  -31,   12,   -9,    0,    0,  -27,  -32,    0,  -32,  -54,    0,  -26,  -45,    0,    0,    0,    0,    0,    0,    0,    0,    0,    0,    0,    0,    0,    0,    0,    0,    0,    0,    0,    0,    0,    0,    0,    0,    0,  -27,
      -6,   -9,   -5,  -11,    0,  -13,    0,  -17,    0,  -14,   -4,    0,    0,    0,    0,    0,    0,    0,    0,    0,    0,    0,    0,    0,    0,    0,   -4,    0,  -17,    0,    0,    0,    0,    0,    0,    0,    0,    0,    0,    0,    0,    0,    0,    0,    0,    0,    0,    0,    0,    0,    0,  -12,    0,    0,    0,    0,    0,    0,    0,    0,    0,    0,    0,    0,    0,    0,    0,    0,    0,    0,  -11,    0,    0,  -22,  -23,  -15,   -8,  -22,  -24,  -18,    0,    0,    0,  -10,    0,  -16,    0,   -7,    0,   -6,   -5,  -16,    0,   -4,   -4,  -17,   -7,    0,   -6,    0,    0,    0,    0,    0,    0,   -5,    0,    0,    0,   -6,    0,    0,   -6,   -6,   -6,   -6,    0,    0,    0,    0,    0,    0,   -6,    0,    0,   -7,    0,    0,   -4,  -23,    0,   -4,    0,    0,    0,    0,    0,    0,    0,    0,    0,    0,    0,    0,    0,    0,    0,    0,    0,    0,    0,    0,    0,    0,    0,   -6,   -4,  -12,
       0,    0,  -10,    0,  -10,    5,  -11,    4,    0,    0,  -10,    0,    0,    0,    0,    0,    0,    0,    0,    0,    0,    0,    0,    0,    0,    0,    0,    0,  -14,    0,    0,    0,    0,    0,    0,    0,    0,    0,    0,    0,    0,    0,    0,    0,    0,    0,    0,    0,    0,    0,  -10,    0,  -19,    0,    0,    0,    0,    0,    0,    0,    0,    0,    0,    0,    0,    0,    0,    0,    0,    0,    5,  -10,    0,    0,    0,    0,   11,    0,    0,    0,    0,  -10,  -10,    7,    0,    0,    0,    0,  -11,    0,    0,    8,   -7,    8,    0,    8,    0,   -7,    0,   -7,  -12,   -3,   -7,    8,  -18,    0,  -12,    0,    0,    7,   -8,    0,    0,    0,    0,    7,  -11,    0,    0,   -9,    8,   -4,    0,    0,  -19,    0,    0,   -7,    0,    0,  -13,    0,    0,    0,    0,    0,    0,    0,    0,    0,    0,    0,    0,    0,    0,    0,    0,    0,    0,    0,    0,    0,    0,    0,    0,    0,    0,    4,
       0,   -5,    0,   10,   -7,    7,    0,   17,    0,    0,    0,    0,    0,    0,    0,    0,    0,    0,    0,    0,    0,    0,    0,    0,    0,    0,    0,    0,   10,    0,    0,    0,    0,    0,    0,    0,    0,    0,    0,    0,    0,    0,    0,    0,    0,    0,    0,    0,    0,    0,   -6,   10,   -6,    0,    0,    0,    0,    0,    0,    0,    0,    0,    0,    0,    0,    0,    0,    0,    0,    0,    0,   -7,    0,   10,    9,    0,   10,    8,    7,    6,    0,   -7,  -10,    7,  -11,    7,    0,    0,    0,    0,    0,    8,    0,    8,    0,    9,    0,    0,    0,    0,    0,   12,    0,    8,   -8,    0,    0,    0,    6,    0,    0,    0,    0,    0,   28,    0,    0,    0,  -10,    0,    0,    0,    0,    0,    0,    0,   -4,    0,    0,    7,   12,    0,    0,    0,    0,    0,    0,    0,    0,    0,    0,    0,    0,    0,    0,    0,    0,    0,    0,    0,    0,    0,    0,    0,    0,    0,    0,    0,
      -6,   -9,   -5,  -11,    0,  -13,    6,  -17,    0,  -14,   -4,    0,    0,    0,    0,    0,    0,    0,    0,    0,    0,    0,    0,    0,    0,    0,   -4,    0,  -17,    0,    0,    0,    0,    0,    0,    0,    0,    0,    0,    0,    0,    0,    0,    0,    0,    0,    0,    0,    0,    0,    0,  -12,    0,    0,    0,    0,    0,    0,    0,    0,    0,    0,    0,    0,    0,    0,    0,    0,    0,    0,  -11,    0,    0,   -9,   -8,  -14,   -8,   -8,  -18,  -12,    0,    0,    0,  -10,    0,  -11,    0,    0,    0,    0,    0,   -9,    0,    0,   -4,  -10,    0,    0,    0,    0,    0,    0,    0,    0,    0,    0,    0,    0,    0,    0,    0,    0,   -5,   -5,   -6,    0,    0,    0,    0,    0,    0,    0,    0,    0,    0,    0,    0,    0,   -4,  -11,    0,   -4,    0,    0,    0,    0,    0,    0,    0,    0,    0,    0,    0,    0,    0,    0,    0,    0,    0,    0,    0,    0,    0,    0,    0,   -6,   -4,  -12,
       0,  -11,    0,  -10,   -8,    0,    0,    0,    0,  -11,    0,    0,    0,    0,    0,    0,    0,    0,    0,    0,    0,    0,    0,    0,    0,    0,    0,    0,  -12,    0,    0,    0,    0,    0,    0,    0,    0,    0,    0,    0,    0,    0,    0,    0,    0,    0,    0,    0,    0,    0,    0,   -8,    0,    0,    0,    0,    0,    0,    0,    0,    0,    0,    0,    0,    0,    0,    0,    0,    0,    0,    0,    0,    0,    0,    0,    0,    0,    0,    0,    0,    0,    0,    0,    0,    0,    0,    0,    0,    0,    0,    0,    0,    0,    0,    0,    0,    0,    0,    0,    0,    0,   -6,    0,    0,    0,    0,    0,    0,    0,    0,    0,    0,    0,    0,    0,    0,    0,    0,    0,    0,    0,   -6,    0,    0,    0,    0,    0,    0,    0,    0,    0,    0,    0,    0,    0,    0,    0,    0,    0,    0,    0,    0,    0,    0,    0,    0,    0,    0,    0,    0,    0,    0,    0,    0,    0,    0,  -10,    0,
      -5,   -9,   -4,    0,   -8,   -8,    7,   -8,   -7,    0,    0,    0,    0,    0,    0,    0,    0,    0,    0,    0,    0,    0,    0,    0,    0,    0,   -7,    0,    0,    0,    0,    0,    0,    0,    0,    0,    0,    0,    0,    0,    0,    0,    0,    0,    0,    0,    0,    0,    0,    0,    0,    0,    0,    0,    0,    0,    0,    0,    0,    0,    0,    0,    0,    0,    0,    0,    0,    0,    0,    0,    0,    0,    0,    0,    0,    0,    0,    0,    0,    0,    0,    0,    0,    0,    0,    0,    0,    0,    0,    0,    0,    0,    0,   -9,   -6,    0,    0,    0,    0,    0,    0,    0,    0,   -5,    0,    0,    0,    0,    0,    0,    0,    0,    0,    0,    0,    0,    0,    0,    0,    0,    0,    0,    0,    0,    0,    0,    0,    0,   -6,    0,    0,   -6,    0,    0,    0,    0,    0,    0,    0,    0,    0,    0,    0,    0,    0,    0,    0,    0,    0,    0,    0,    0,    0,    0,    0,    0,    0,    0,
       0,  -14,    0,   -9,   -6,    0,    0,    0,    0,   -8,    0,    0,    0,    0,    0,    0,    0,    0,    0,    0,    0,    0,    0,    0,    0,    0,    0,    0,  -11,    0,    0,    0,    0,    0,    0,    0,    0,    0,    0,    0,    0,    0,    0,    0,    0,    0,    0,    0,    0,    0,    0,   -7,    0,    0,    0,    0,    0,    0,    0,    0,    0,    0,    0,    0,    0,    0,    0,    0,    0,    0,    0,    0,    0,    0,    0,    0,    0,    0,    0,    0,    0,    0,    0,    0,    0,    0,    0,    0,    0,    0,    0,    0,    0,    0,    0,    0,    0,    0,    0,    0,    0,    0,    0,    0,    0,    0,    0,    0,    0,    0,    0,    0,    0,    0,    0,    0,    0,    0,    0,    0,    0,    0,    0,    0,    0,    0,    0,    0,    0,    0,    0,    0,    0,    0,    0,    0,    0,    0,    0,    0,    0,    0,    0,    0,    0,    0,    0,    0,    0,    0,    0,    0,    0,    0,    0,    0,    0,    0,
       0,    0,    0,   -6,    0,  -32,  -22,  -18,    0,  -20,    0,    0,    0,    0,    0,    0,    0,    0,    0,    0,    0,    0,    0,    0,    0,    0,    0,    0,  -10,    0,    0,    0,    0,    0,    0,    0,    0,    0,    0,    0,    0,    0,    0,    0,    0,    0,    0,    0,    0,    0,   -7,   -4,   -8,    0,    0,    0,    0,    0,    0,    0,    0,    0,    0,    0,    0,    0,    0,    0,    0,    0,    0,    0,    0,    0,    0,    0,    0,    0,    0,    0,    0,    0,    0,    0,    0,    0,    0,    0,    0,    0,    0,  -18,    0,    0,    0,  -15,    0,    0,    0,    0,    9,    9,    0,    7,    0,    0,    9,    0,    0,    0,    0,    0,    0,    0,    0,    0,    0,    9,    0,    0,    0,    9,    0,    0,    9,    0,    0,    0,    0,    0,    8,    0,    0,    0,    0,    0,    0,    0,    0,    0,    0,    0,    0,    0,    0,    0,    0,    0,    0,    0,    0,    0,    0,    0,    0,    0,    0,    0,
       0,  -12,    0,   10,    0,    0,    0,   14,    0,    0,    0,    0,    0,    0,    0,    0,    0,    0,    0,    0,    0,    0,    0,    0,    0,    0,    0,    0,    9,    0,    0,    0,    0,    0,    0,    0,    0,    0,    0,    0,    0,    0,    0,    0,    0,    0,    0,    0,    0,    0,    0,    9,    0,    0,    0,    0,    0,    0,    0,    0,    0,    0,    0,    0,    0,    0,    0,    0,    0,    0,    0,    0,    0,    0,    0,    0,    0,    0,    0,    0,    0,    0,    0,    0,    0,    0,    0,    0,    0,    0,    0,    8,    0,    8,    0,    8,    0,    0,    0,    0,    0,   10,   -4,    8,   -5,    0,    0,    0,    0,    0,    0,    0,    0,    0,    0,    0,    0,    0,    0,    0,    0,    0,    0,    0,    0,    0,    0,    0,    0,    0,   12,    0,    0,    0,    0,    0,    0,    0,    0,    0,    0,    0,    0,    0,    0,    0,    0,    0,    0,    0,    0,    0,    0,    0,    0,    0,    0,    0,
       0,  -10,    0,  -11,   -7,   -5,    6,   -4,   -5,  -12,    0,    0,    0,    0,    0,    0,    0,    0,    0,    0,    0,    0,    0,    0,    0,    0,   -4,    0,  -12,    0,    0,    0,    0,    0,    0,    0,    0,    0,    0,    0,    0,    0,    0,    0,    0,    0,    0,    0,    0,    0,    0,   -9,    0,    0,    0,    0,    0,    0,    0,    0,    0,    0,    0,    0,    0,    0,    0,    0,    0,    0,    0,    0,    0,    0,    0,    0,    0,    0,    0,    0,    0,    0,    0,    0,    0,    0,    0,    0,    0,    0,    0,    0,    0,    0,   -5,    0,    0,    0,    0,    0,    0,   -5,    0,    0,    0,    0,    0,    0,    0,    0,    0,    0,    0,    0,    0,    0,    0,    0,    0,    0,    0,   -5,    0,    0,    0,    0,    0,    0,   -5,    0,    0,   -5,    0,    0,    0,    0,    0,    0,    0,    0,    0,    0,    0,    0,    0,    0,    0,    0,    0,    0,    0,    0,    0,    0,    0,    0,  -10,    0,
       0,   -4,   -7,    0,    0,    0,  -11,    4,    0,    0,   -8,    0,    0,    0,    0,    0,    0,    0,    0,    0,    0,    0,    0,    0,    0,    0,    0,    0,  -10,    0,    0,    0,    0,    0,    0,    0,    0,    0,    0,    0,    0,    0,    0,    0,    0,    0,    0,    0,    0,    0,   -8,    0,  -14,    0,    0,    0,    0,    0,    0,    0,    0,    0,    0,    0,    0,    0,    0,    0,    0,    0,    0,    0,    0,    0,    0,    0,    0,    0,    0,    0,    0,    0,    0,    0,    0,    0,    0,    0,    0,    0,    0,    9,  -10,    9,    0,    8,    0,  -12,    0,  -10,    0,    0,  -12,    8,    0,    0,    0,    0,    6,    0,   -9,    0,    0,    0,    0,    0,    0,    0,    0,   -9,    0,    0,    0,    0,    0,    0,    0,   -4,    0,    0,    0,    0,    0,    0,    0,    0,    0,    0,    0,    0,    0,    0,    0,    0,    0,    0,    0,    0,    0,    0,    0,    0,    0,    0,    0,    0,    0,    0,
       0,  -15,    0,  -10,   -7,    0,    0,    0,    0,  -10,    0,    0,    0,    0,    0,    0,    0,    0,    0,    0,    0,    0,    0,    0,    0,    0,    0,    0,  -13,    0,    0,    0,    0,    0,    0,    0,    0,    0,    0,    0,    0,    0,    0,    0,    0,    0,    0,    0,    0,    0,    0,   -9,    0,    0,    0,    0,    0,    0,    0,    0,    0,    0,    0,    0,    0,    0,    0,    0,    0,    0,    0,    0,    0,    0,    0,    0,    0,    0,    0,    0,    0,    0,    0,    0,    0,    0,    0,    0,    0,    0,    0,    0,    0,    0,    0,    0,    0,    0,    0,    0,    0,    0,    0,    0,    0,    0,    0,    0,    0,    0,    0,    0,    0,    0,    0,    0,    0,    0,    0,    0,    0,    0,    0,    0,    0,    0,    0,    0,    0,    0,    0,    0,    0,    0,    0,    0,    0,    0,    0,    0,    0,    0,    0,    0,    0,    0,    0,    0,    0,    0,    0,    0,    0,    0,    0,    0,    0,    0,
       0,    0,   -6,    0,    0,    0,  -11,    4,    0,    0,   -8,    0,    0,    0,    0,    0,    0,    0,    0,    0,    0,    0,    0,    0,    0,    0,    0,    0,  -10,    0,    0,    0,    0,    0,    0,    0,    0,    0,    0,    0,    0,    0,    0,    0,    0,    0,    0,    0,    0,    0,   -8,    0,  -14,    0,    0,    0,    0,    0,    0,    0,    0,    0,    0,    0,    0,    0,    0,    0,    0,    0,    0,    0,    0,    0,    0,    0,    0,    0,    0,    0,    0,    0,    0,    0,    0,    0,    0,    0,    0,    0,    0,    9,  -10,    9,    0,    8,    0,  -12,    0,  -10,    0,    0,  -12,    8,    0,    0,    0,    0,    6,    0,   -9,    0,    0,    0,    0,    0,    0,    0,    0,  -10,    0,    0,    0,    0,    0,    0,    0,    0,    0,    0,    0,    0,    0,    0,    0,    0,    0,    0,    0,    0,    0,    0,    0,    0,    0,    0,    0,    0,    0,    0,    0,    0,    0,    0,    0,    0,    0,    0,
       0,  -13,    0,  -11,   -8,   -8,    7,   -9,   -7,  -12,    0,    0,    0,    0,    0,    0,    0,    0,    0,    0,    0,    0,    0,    0,    0,    0,    0,    0,  -12,    0,    0,    0,    0,    0,    0,    0,    0,    0,    0,    0,    0,    0,    0,    0,    0,    0,    0,    0,    0,    0,    0,   -8,    0,    0,    0,    0,    0,    0,    0,    0,    0,    0,    0,    0,    0,    0,    0,    0,    0,    0,    0,    0,    0,    0,    0,    0,    0,    0,    0,    0,    0,    0,    0,    0,    0,    0,    0,    0,    0,    0,    0,    0,    0,   -9,   -7,    0,    0,    0,    0,    0,    0,   -6,    0,   -7,    0,    0,    0,   -4,    0,    0,    0,    0,    0,    0,    0,    0,    0,    0,    0,    0,    0,   -6,    0,    0,    0,    0,    0,    0,   -7,    0,    0,   -7,    0,    0,    0,    0,    0,    0,    0,    0,    0,    0,    0,    0,    0,    0,    0,    0,    0,    0,    0,    0,    0,    0,    0,   -9,  -11,    0,
       0,  -13,   -4,  -11,   -8,   -8,    7,   -9,   -7,  -11,    0,    0,    0,    0,    0,    0,    0,    0,    0,    0,    0,    0,    0,    0,    0,    0,   -8,    0,  -12,    0,    0,    0,    0,    0,    0,    0,    0,    0,    0,    0,    0,    0,    0,    0,    0,    0,    0,    0,    0,    0,    0,   -8,    0,    0,    0,    0,    0,    0,    0,    0,    0,    0,    0,    0,    0,    0,    0,    0,    0,    0,    0,    0,    0,    0,    0,    0,    0,    0,    0,    0,    0,    0,    0,    0,    0,    0,    0,    0,    0,    0,    0,    0,    0,   -9,   -6,    0,    0,    0,    0,    0,    0,   -6,    0,   -7,    0,    0,    0,    0,    0,   -4,    0,    0,    0,    0,    0,    0,    0,    0,    0,    0,    0,   -6,    0,    0,    0,    0,    0,    0,   -6,    0,    0,   -6,    0,    0,    0,    0,    0,    0,    0,    0,    0,    0,    0,    0,    0,    0,    0,    0,    0,    0,    0,    0,    0,    0,    0,   -9,  -11,    0,
       0,    0,    0,    0,    0,    4,  -13,    0,    0,    0,    0,    0,    0,    0,    0,    0,    0,    0,    0,    0,    0,    0,    0,    0,    0,    0,    0,    0,  -11,    0,    0,    0,    0,    0,    0,    0,    0,    0,    0,    0,    0,    0,    0,    0,    0,    0,    0,    0,    0,    0,   -8,   -5,  -12,    0,    0,    0,    0,    0,    0,    0,    0,    0,    0,    0,    0,    0,    0,    0,    0,    0,    0,    0,    0,    0,    0,    0,    0,    0,    0,    0,    0,    0,    0,    0,    0,    0,    0,    0,    0,    0,    0,    8,    0,    8,    0,    8,    0,   -5,    0,    0,    6,    4,   -5,    6,    0,    0,    6,    0,    0,    0,    0,    0,    0,    0,    0,    0,    0,    0,    0,    0,    0,    4,    0,    0,    0,    0,    0,    0,    0,    0,    0,    0,    0,    0,    0,    0,    0,    0,    0,    0,    0,    0,    0,    0,    0,    0,    0,    0,    0,    0,    0,    0,    0,    0,    0,    0,    0,    0,
       0,    0,    0,   -5,    0,  -20,  -12,  -18,    0,  -20,    0,    0,    0,    0,    0,    0,    0,    0,    0,    0,    0,    0,    0,    0,    0,    0,    0,    0,  -10,    0,    0,    0,    0,    0,    0,    0,    0,    0,    0,    0,    0,    0,    0,    0,    0,    0,    0,    0,    0,    0,   -7,   -4,   -8,    0,    0,    0,    0,    0,    0,    0,    0,    0,    0,    0,    0,    0,    0,    0,    0,    0,    0,    0,    0,    0,    0,    0,    0,    0,    0,    0,    0,    0,    0,    0,    0,    0,    0,    0,    0,    0,    0,  -14,    0,    0,    0,  -15,    0,    0,    0,    0,    9,    9,    0,    7,    0,    0,    9,    0,    0,    0,    0,    0,    0,    0,    0,    0,    0,    9,    0,    0,    0,    9,    0,    0,    9,    0,    0,    0,    0,    0,    8,    0,    0,    0,    0,    0,    0,    0,    0,    0,    0,    0,    0,    0,    0,    0,    0,    0,    0,    0,    0,    0,    0,    0,    0,    0,    0,    0,
       0,    0,    0,   -6,    0,   -9,    0,  -12,    0,  -13,    0,    0,    0,    0,    0,    0,    0,    0,    0,    0,    0,    0,    0,    0,    0,    0,    0,    0,  -11,    0,    0,    0,    0,    0,    0,    0,    0,    0,    0,    0,    0,    0,    0,    0,    0,    0,    0,    0,    0,    0,    0,   -4,    0,    0,    0,    0,    0,    0,    0,    0,    0,    0,    0,    0,    0,    0,    0,    0,    0,    0,    0,    0,    0,    0,    0,    0,    0,    0,    0,    0,    0,    0,    0,    0,    0,    0,    0,    0,    0,    0,    0,  -10,   -5,    0,    0,  -11,    0,   -5,    0,   -5,    8,    7,   -5,    5,    0,    0,    8,    0,    0,    0,    0,    0,    0,    0,    0,    0,    0,    7,    0,    0,    0,    7,    0,    0,    0,    0,    0,    0,    0,    0,    8,    0,    0,    0,    0,    0,    0,    0,    0,    0,    0,    0,    0,    0,    0,    0,    0,    0,    0,    0,    0,    0,    0,    0,    0,    0,    4,  -12,
      -8,  -13,    0,  -11,   -8,  -10,    7,   -9,   -9,  -12,    0,    0,    0,    0,    0,    0,    0,    0,    0,    0,    0,    0,    0,    0,    0,    0,   -7,    0,  -12,    0,    0,    0,    0,    0,    0,    0,    0,    0,    0,    0,    0,    0,    0,    0,    0,    0,    0,    0,    0,    0,    0,   -8,    0,    0,    0,    0,    0,    0,    0,    0,    0,    0,    0,    0,    0,    0,    0,    0,    0,    0,    0,    0,    0,    0,    0,    0,    0,    0,    0,    0,    0,    0,    0,    0,    0,    0,    0,    0,    0,    0,    0,    0,    0,  -11,   -9,   -5,    0,    0,    0,    0,    0,   -6,    0,   -7,    0,    0,    0,   -6,    0,   -4,    0,    0,    0,    0,    0,    0,    0,    0,    0,    0,    0,    0,    0,    0,    0,    0,    0,    0,   -9,    0,   -4,   -9,    0,    0,    0,    0,    0,    0,    0,    0,    0,    0,    0,    0,    0,    0,    0,    0,    0,    0,    0,    0,    0,    0,    0,   -9,  -11,    0,
       0,    0,   -6,    0,    0,    0,   -6,    0,    0,   -4,   -5,    0,    0,    0,    0,    0,    0,    0,    0,    0,    0,    0,    0,    0,    0,    0,    0,    0,  -11,    0,    0,    0,    0,    0,    0,    0,    0,    0,    0,    0,    0,    0,    0,    0,    0,    0,    0,    0,    0,    0,   -8,   -4,  -12,    0,    0,    0,    0,    0,    0,    0,    0,    0,    0,    0,    0,    0,    0,    0,    0,    0,    0,    0,    0,    0,    0,    0,    0,    0,    0,    0,    0,    0,    0,    0,    0,    0,    0,    0,    0,    0,    0,    8,   -8,    9,    0,    8,    0,   -8,    0,   -8,    0,    0,   -8,    7,    0,    0,    0,    0,    0,    0,   -6,    0,    0,    0,    0,    0,    0,    0,    0,   -6,    0,    0,    0,    0,    0,    0,    0,    0,    0,    0,    0,    0,    0,    0,    0,    0,    0,    0,    0,    0,    0,    0,    0,    0,    0,    0,    0,    0,    0,    0,    0,    0,    0,    0,    0,    0,    0,    0,
       0,  -12,    0,   10,    0,    0,    0,   14,    0,    0,    0,    0,    0,    0,    0,    0,    0,    0,    0,    0,    0,    0,    0,    0,    0,    0,    0,    0,    9,    0,    0,    0,    0,    0,    0,    0,    0,    0,    0,    0,    0,    0,    0,    0,    0,    0,    0,    0,    0,    0,    0,    9,    0,    0,    0,    0,    0,    0,    0,    0,    0,    0,    0,    0,    0,    0,    0,    0,    0,    0,    0,    0,    0,    0,    0,    0,    0,    0,    0,    0,    0,    0,    0,    0,    0,    0,    0,    0,    0,    0,    0,    8,    0,    8,    0,    8,    0,    0,    0,    0,    0,   10,   -4,    8,   -5,    0,    0,    0,    0,    0,    0,    0,    0,    0,   34,    0,    0,    0,    0,    0,    0,    0,    0,    0,    0,    0,    0,    0,    0,    0,   12,    0,    0,    0,    0,    0,    0,    0,    0,    0,    0,    0,    0,    0,    0,    0,    0,    0,    0,    0,    0,    0,    0,    0,    0,    0,    0,    0,
       0,  -32,    0,  -10,  -21,    0,    0,    0,    0,   -7,    0,    0,    0,    0,    0,    0,    0,    0,    0,    0,    0,    0,    0,    0,    0,    0,    0,    0,  -13,    0,    0,    0,    0,    0,    0,    0,    0,    0,    0,    0,    0,    0,    0,    0,    0,    0,    0,    0,    0,    0,    0,   -7,    0,    0,    0,    0,    0,    0,    0,    0,    0,    0,    0,    0,    0,    0,    0,    0,    0,    0,    0,    0,    0,    0,    0,    0,    0,    0,    0,    0,    0,    0,    0,    0,    0,    0,    0,    0,    0,    0,    0,    0,    0,    0,    0,    0,    0,    0,    0,    0,  -19,   -8,    0,    0,    0,    0,  -14,    0,    0,    0,    0,    0,    0,    0,    0,    0,    0,    0,    0,    0,    0,   -7,    0,    0,    0,    0,    0,    0,    0,    0,   -8,    0,    0,    0,    0,    0,    0,    0,    0,    0,    0,    0,    0,    0,    0,    0,    0,    0,    0,    0,    0,    0,    0,    0,    0,    0,    0,    0,
       0,  -13,    0,  -11,   -8,   -8,    7,   -9,   -6,  -12,    0,    0,    0,    0,    0,    0,    0,    0,    0,    0,    0,    0,    0,    0,    0,    0,    0,    0,  -12,    0,    0,    0,    0,    0,    0,    0,    0,    0,    0,    0,    0,    0,    0,    0,    0,    0,    0,    0,    0,    0,    0,   -8,    0,    0,    0,    0,    0,    0,    0,    0,    0,    0,    0,    0,    0,    0,    0,    0,    0,    0,    0,    0,    0,    0,    0,    0,    0,    0,    0,    0,    0,    0,    0,    0,    0,    0,    0,    0,    0,    0,    0,    0,    0,   -9,   -6,    0,    0,    0,    0,    0,    0,   -6,    0,   -7,    0,    0,    0,   -4,    0,    0,    0,    0,    0,    0,    0,    0,    0,    0,    0,    0,    0,    0,    0,    0,    0,    0,    0,    0,   -6,    0,    0,   -6,    0,    0,    0,    0,    0,    0,    0,    0,    0,    0,    0,    0,    0,    0,    0,    0,    0,    0,    0,    0,    0,    0,    0,   -9,  -11,    0,
       0,  -13,    0,  -11,   -8,   -8,    7,   -9,   -7,  -12,    0,    0,    0,    0,    0,    0,    0,    0,    0,    0,    0,    0,    0,    0,    0,    0,    0,    0,  -12,    0,    0,    0,    0,    0,    0,    0,    0,    0,    0,    0,    0,    0,    0,    0,    0,    0,    0,    0,    0,    0,    0,   -8,    0,    0,    0,    0,    0,    0,    0,    0,    0,    0,    0,    0,    0,    0,    0,    0,    0,    0,    0,    0,    0,    0,    0,    0,    0,    0,    0,    0,    0,    0,    0,    0,    0,    0,    0,    0,    0,    0,    0,    0,    0,   -9,   -7,    0,    0,    0,    0,    0,    0,   -6,    0,   -7,    0,    0,    0,   -4,    0,    0,    0,    0,    0,    0,    0,    0,    0,    0,    0,    0,    0,    0,    0,    0,    0,    0,    0,    0,   -7,    0,    0,   -7,    0,    0,    0,    0,    0,    0,    0,    0,    0,    0,    0,    0,    0,    0,    0,    0,    0,    0,    0,    0,    0,    0,    0,   -9,  -11,    0,
       0,  -23,   -8,    0,  -10,    0,    0,    0,    0,  -12,   -5,    0,    0,    0,    0,    0,    0,    0,    0,    0,    0,    0,    0,    0,    0,    0,   -5,    0,    0,    0,    0,    0,    0,    0,    0,    0,    0,    0,    0,    0,    0,    0,    0,    0,    0,    0,    0,    0,    0,    0,    0,    0,    0,    0,    0,    0,    0,    0,    0,    0,    0,    0,    0,    0,    0,    0,    0,    0,    0,    0,    0,    0,    0,    0,    0,    0,    0,    0,    0,    0,    0,    0,    0,    0,    0,    0,    0,    0,   -4,    0,    0,    0,    0,    0,    0,    0,    0,    0,    0,    0,    0,    0,    0,    0,    0,    0,    0,    0,    0,   -7,    0,    0,    0,    0,    0,    0,    0,    0,    0,    0,    0,    0,    0,    0,    0,    0,    0,    0,    0,    0,    0,    0,    0,    0,    0,    0,    0,    0,    0,    0,    0,    0,    0,    0,    0,    0,    0,    0,    0,    0,    0,    0,    0,    0,    0,    0,    0,    0,
       0,   -5,   -8,    0,    0,    0,   -6,    0,    0,   -6,   -5,    0,    0,    0,    0,    0,    0,    0,    0,    0,    0,    0,    0,    0,    0,    0,   -4,    0,  -14,    0,    0,    0,    0,    0,    0,    0,    0,    0,    0,    0,    0,    0,    0,    0,    0,    0,    0,    0,    0,    0,   -9,   -8,  -12,    0,    0,    0,    0,    0,    0,    0,    0,    0,    0,    0,    0,    0,    0,    0,    0,    0,    0,    0,    0,    0,    0,    0,    0,    0,    0,    0,    0,    0,    0,    0,    0,    0,    0,    0,    0,    0,    0,    0,   -4,    0,    0,    0,    0,   -4,    0,   -4,    0,    0,   -6,    0,    0,    0,    0,    0,    0,    0,   -4,    0,    0,    0,    0,    0,    0,    0,    0,   -4,    0,    0,    0,    0,    0,    0,    0,    0,    0,    0,    0,    0,    0,    0,    0,    0,    0,    0,    0,    0,    0,    0,    0,    0,    0,    0,    0,    0,    0,    0,    0,    0,    0,    0,    0,    0,    0,    0,
       0,   -9,    0,  -10,    0,    0,    0,    0,    0,   -8,    0,    0,    0,    0,    0,    0,    0,    0,    0,    0,    0,    0,    0,    0,    0,    0,    0,    0,  -14,    0,    0,    0,    0,    0,    0,    0,    0,    0,    0,    0,    0,    0,    0,    0,    0,    0,    0,    0,    0,    0,   -4,   -9,    0,    0,    0,    0,    0,    0,    0,    0,    0,    0,    0,    0,    0,    0,    0,    0,    0,    0,    0,    0,    0,    0,    0,    0,    0,    0,    0,    0,    0,    0,    0,    0,    0,    0,    0,    0,    0,    0,    0,    0,    0,    0,    0,    0,    0,    0,    0,    0,    0,    0,    0,    0,    0,    0,    0,    0,    0,    0,    0,    0,    0,    0,    0,    0,    0,    0,    0,    0,    0,    0,    0,    0,    0,    0,    0,    0,    0,    0,    0,    0,    0,    0,    0,    0,    0,    0,    0,    0,    0,    0,    0,    0,    0,    0,    0,    0,    0,    0,    0,    0,    0,    0,    0,    0,    0,    0,
       0,  -23,   -7,   -9,  -10,    0,    0,    0,    0,  -12,   -5,    0,    0,    0,    0,    0,    0,    0,    0,    0,    0,    0,    0,    0,    0,    0,   -5,    0,  -17,    0,    0,    0,    0,    0,    0,    0,    0,    0,    0,    0,    0,    0,    0,    0,    0,    0,    0,    0,    0,    0,    0,  -13,    0,    0,    0,    0,    0,    0,    0,    0,    0,    0,    0,    0,    0,    0,    0,    0,    0,    0,    0,    0,    0,    0,    0,    0,    0,    0,    0,    0,    0,    0,    0,    0,    0,    0,    0,    0,   -4,    0,    0,    0,    0,    0,    0,    0,    0,    0,    0,    0,    0,    0,    0,    0,    0,    0,    0,    0,    0,   -4,    0,    0,    0,    0,    0,    0,    0,    0,    0,    0,    0,    0,    0,    0,    0,    0,    0,    0,    0,    0,    0,    0,    0,    0,    0,    0,    0,    0,    0,    0,    0,    0,    0,    0,    0,    0,    0,    0,    0,    0,    0,    0,    0,    0,    0,    0,    0,    0,
       0,  -30,    0,  -10,  -20,    0,    0,    0,    0,   -7,    0,    0,    0,    0,    0,    0,    0,    0,    0,    0,    0,    0,    0,    0,    0,    0,    0,    0,  -13,    0,    0,    0,    0,    0,    0,    0,    0,    0,    0,    0,    0,    0,    0,    0,    0,    0,    0,    0,    0,    0,    0,   -7,    0,    0,    0,    0,    0,    0,    0,    0,    0,    0,    0,    0,    0,    0,    0,    0,    0,    0,    0,    0,    0,    0,    0,    0,    0,    0,    0,    0,    0,    0,    0,    0,    0,    0,    0,    0,    0,    0,    0,    0,    0,    0,    0,    0,    0,    0,    0,    0,  -16,   -8,    0,    0,    0,    0,  -12,    0,    0,    0,    0,    0,    0,    0,    0,    0,    0,    0,    0,    0,    0,   -7,    0,    0,    0,    0,    0,    0,    0,    0,   -8,    0,    0,    0,    0,    0,    0,    0,    0,    0,    0,    0,    0,    0,    0,    0,    0,    0,    0,    0,    0,    0,    0,    0,    0,    0,    0,    0,
       0,    0,   -7,    8,    0,    0,  -27,  -28,  -19,   15,  -16,    0,    0,    0,    0,    0,    0,    0,    0,    0,    0,    0,    0,    0,    0,    0,    0,    0,    9,    0,    0,    0,    0,    0,    0,    0,    0,    0,    0,    0,    0,    0,    0,    0,    0,    0,    0,    0,    0,    0,    0,    9,  -36,  -18,    0,    0,    0,    0,    0,    0,    0,    0,    0,    0,    0,    0,    0,    0,    0,    0,   15,   -8,    0,    0,  -20,   13,  -27,  -20,    8,    8,    0,   -8,  -12,   10,    7,   13,    0,  -22,    0,  -18,  -20,  -42,  -35,  -13,  -16,  -38,  -25,  -35,  -20,  -36,   -8,   -8,  -31,   -9,  -14,  -20,   -8,  -14,  -30,   18,  -35,  -25,    0,    0,    0,   18,    0,  -13,   -8,  -36,    0,   -8,    0,    0,  -20,  -22,    0,  -22,  -16,    7,   -9,  -16,    0,    0,    0,    0,    0,    0,    0,    0,    0,    0,    0,    0,    0,    0,    0,    0,    0,    0,    0,    0,    0,    0,    0,    0,    0,    0,
       0,    0,    0,    0,    9,  -31,   -8,  -18,    0,  -14,    0,    0,    0,    0,    0,    0,    0,    0,    0,    0,    0,    0,    0,    0,    0,    0,    0,    0,   -6,    0,    0,    0,    0,    0,    0,    0,    0,    0,    0,    0,    0,    0,    0,    0,    0,    0,    0,    0,    0,    0,    0,    0,   -6,    7,    0,    0,    0,    0,    0,    0,    0,    0,    0,    0,    0,    0,    0,    0,    0,    0,    0,    0,    0,    0,    0,    0,    0,    0,    0,    0,    0,    0,    0,    0,    0,    0,    0,    0,    0,    0,    0,  -11,    0,    8,    0,  -11,    0,    0,    0,    0,   13,   13,    0,   12,    7,    0,   13,    7,    0,    0,    0,    0,    0,    0,    0,    0,    0,   12,    0,    0,    0,   13,    0,    0,   10,    0,    0,    0,    0,    0,   12,    0,    0,    0,    0,    0,    0,    0,    0,    0,    0,    0,    0,    0,    0,    0,    0,    0,    0,    0,    0,    0,    0,    0,    0,    0,    0,    0,
       0,  -17,   -4,    0,   -7,    0,    0,    0,    0,   -6,    0,    0,    0,    0,    0,    0,    0,    0,    0,    0,    0,    0,    0,    0,    0,    0,    0,    0,    0,    0,    0,    0,    0,    0,    0,    0,    0,    0,    0,    0,    0,    0,    0,    0,    0,    0,    0,    0,    0,    0,    0,    0,    0,    0,    0,    0,    0,    0,    0,    0,    0,    0,    0,    0,    0,    0,    0,    0,    0,    0,    0,    0,    0,    0,    0,    0,    0,    0,    0,    0,    0,    0,    0,    0,    0,    0,    0,    0,    0,    0,    0,    0,    0,    0,    0,    0,    0,    0,    0,    0,    0,    0,    0,    0,   -8,    0,    0,    0,    0,    0,    0,    0,    0,    0,    0,    0,    0,    0,    0,    0,    0,    0,    0,    0,    0,    0,    0,    0,    0,    0,    0,    0,    0,    0,    0,    0,    0,    0,    0,    0,    0,    0,    0,    0,    0,    0,    0,    0,    0,    0,    0,    0,    0,    0,    0,    0,    0,    0,
       0,  -38,    0,    0,  -26,    0,    0,    0,    0,   -5,    0,    0,    0,    0,    0,    0,    0,    0,    0,    0,    0,    0,    0,    0,    0,    0,    0,    0,    0,    0,    0,    0,    0,    0,    0,    0,    0,    0,    0,    0,    0,    0,    0,    0,    0,    0,    0,    0,    0,    0,    0,    0,    0,    0,    0,    0,    0,    0,    0,    0,    0,    0,    0,    0,    0,    0,    0,    0,    0,    0,    0,    0,    0,    0,    0,    0,    0,    0,    0,    0,    0,    0,    0,    0,    0,    0,    0,    0,    0,    0,    0,    0,    0,    0,    0,    6,    0,    0,    0,    0,  -20,    0,    0,    0,   -6,    0,  -14,    0,    0,    0,    0,    0,    0,    0,    0,    0,    0,    0,    0,    0,    0,  -11,    0,    0,   -6,    0,    0,    0,    0,    0,    0,    0,    0,    0,    0,    0,    0,    0,    0,    0,    0,    0,    0,    0,    0,    0,    0,    0,    0,    0,    0,    0,    0,    0,    0,    0,    0,    0,
      -7,  -23,   -5,    0,   -8,  -14,    7,    0,   -6,  -14,    0,    0,    0,    0,    0,    0,    0,    0,    0,    0,    0,    0,    0,    0,    0,    0,   -8,    0,    0,    0,    0,    0,    0,    0,    0,    0,    0,    0,    0,    0,    0,    0,    0,    0,    0,    0,    0,    0,    0,    0,    0,    0,    0,    0,    0,    0,    0,    0,    0,    0,    0,    0,    0,    0,    0,    0,    0,    0,    0,    0,  -25,    0,   -8,   -6,   -7,  -14,   -6,    0,  -16,   -9,    0,    0,    0,  -15,   -5,   -8,   -7,    0,    0,    0,    0,    0,    0,  -12,   -8,   -8,    0,    0,   -4,    0,    0,    0,    0,   -8,    0,   -6,    0,   -8,    0,   -6,    0,    0,   -6,   -6,   10,   -6,    0,    0,    0,    0,    0,    0,   -6,    0,    0,    0,    0,    0,   -8,   -8,    0,   -8,    0,    0,    0,    0,    0,    0,    0,    0,    0,    0,    0,    0,    0,    0,    0,    0,    0,    0,    0,    0,    0,    0,    0,    0,    0,    0,
       0,  -26,    0,    0,  -12,   -5,    0,    0,   -5,  -12,    0,    0,    0,    0,    0,    0,    0,    0,    0,    0,    0,    0,    0,    0,    0,    0,   -6,    0,    0,    0,    0,    0,    0,    0,    0,    0,    0,    0,    0,    0,    0,    0,    0,    0,    0,    0,    0,    0,    0,    0,    0,    0,    0,    0,    0,    0,    0,    0,    0,    0,    0,    0,    0,    0,    0,    0,    0,    0,    0,    0,    0,    0,    0,    0,    0,    0,    0,    0,    0,    0,    0,    0,    0,    0,    0,    0,    0,    0,    0,    0,    0,    0,    0,   -6,    0,    0,    0,    0,    0,    0,  -14,    0,    0,   -6,    0,    0,  -14,    0,    0,    0,    0,    0,    0,    0,    0,    0,    0,    0,    0,    0,    0,   -6,    0,    0,    0,    0,    0,    0,    0,    0,    0,    0,    0,    0,    0,    0,    0,    0,    0,    0,    0,    0,    0,    0,    0,    0,    0,    0,    0,    0,    0,    0,    0,    0,    0,    0,    0,    0,
       0,    0,  -17,    7,    0,  -26,  -20,  -33,  -15,   10,  -23,    0,    0,    0,    0,    0,    0,    0,    0,    0,    0,    0,    0,    0,    0,    0,    0,    0,  -10,    0,    0,    0,    0,    0,    0,    0,    0,    0,    0,    0,    0,    0,    0,    0,    0,    0,    0,    0,    0,    0,   -9,    0,  -30,  -13,    0,    0,    0,    0,    0,    0,    0,    0,    0,    0,    0,    0,    0,    0,    0,    0,   12,  -16,    0,    0,    0,    0,  -32,    0,    0,    0,   -3,  -16,    0,    8,    0,    0,    0,  -16,  -10,  -14,  -15,  -30,  -20,   -7,  -10,  -30,  -19,  -20,  -16,  -20,    0,    0,  -28,   -6,   -8,  -15,    0,   -8,  -22,   13,  -26,  -17,    0,    0,    0,   13,    0,   -5,    0,  -26,   14,    0,    0,    0,  -10,  -17,    0,  -16,  -10,    0,    0,  -10,    0,    0,    0,    0,    0,    0,    0,    0,    0,    0,    0,    0,    0,    0,    0,    0,    0,    0,    0,    0,    0,    0,    0,    4,    7,  -31,
       0,    0,    0,   -5,    4,  -14,    0,  -13,    0,  -16,    0,    0,    0,    0,    0,    0,    0,    0,    0,    0,    0,    0,    0,    0,    0,    0,    0,    0,  -10,    0,    0,    0,    0,    0,    0,    0,    0,    0,    0,    0,    0,    0,    0,    0,    0,    0,    0,    0,    0,    0,    0,   -4,    0,    0,    0,    0,    0,    0,    0,    0,    0,    0,    0,    0,    0,    0,    0,    0,    0,    0,    0,    0,    0,    0,    0,    0,    0,    0,    0,    0,    0,    0,    0,    0,    0,    0,    0,    0,    0,    0,    0,  -11,   -6,    0,    0,  -14,    0,   -6,    0,   -6,    9,    7,    0,    6,    0,    0,    9,    0,    0,    0,    0,    0,    0,    0,    0,    0,    0,    8,    0,    0,    0,    7,    0,    0,    0,    0,    0,    0,    0,    0,    8,    0,    0,    0,    0,    0,    0,    0,    0,    0,    0,    0,    0,    0,    0,    0,    0,    0,    0,    0,    0,    0,    0,    0,    0,    0,    5,  -14,
      -4,  -35,   -6,   -7,  -11,    0,    0,    0,    0,  -10,    0,    0,    0,    0,    0,    0,    0,    0,    0,    0,    0,    0,    0,    0,    0,    0,   -7,    0,  -19,    0,    0,    0,    0,    0,    0,    0,    0,    0,    0,    0,    0,    0,    0,    0,    0,    0,    0,    0,    0,    0,    0,  -13,    0,    0,    0,    0,    0,    0,    0,    0,    0,    0,    0,    0,    0,    0,    0,    0,    0,    0,  -33,    0,    0,    0,    0,    0,    0,    0,    0,    0,    0,    0,    0,    0,   -9,    0,    0,    0,    0,    0,    0,    0,    0,    0,    0,    0,    0,    0,    0,    0,    0,    0,    0,    0,    0,    0,    0,    0,    0,    0,    0,    0,    0,    0,    0,    0,    0,    0,    0,    0,    0,    0,    0,   -4,    0,    0,    0,    0,    0,    0,    0,    0,    0,    0,    0,    0,    0,    0,    0,    0,    0,    0,    0,    0,    0,    0,    0,    0,    0,    0,    0,    0,    0,    0,    0,    0,    0,    0,
       0,  -23,   -7,   -9,  -10,    0,    0,    0,    0,  -12,   -5,    0,    0,    0,    0,    0,    0,    0,    0,    0,    0,    0,    0,    0,    0,    0,   -6,    0,  -18,    0,    0,    0,    0,    0,    0,    0,    0,    0,    0,    0,    0,    0,    0,    0,    0,    0,    0,    0,    0,    0,    0,  -14,    0,    0,    0,    0,    0,    0,    0,    0,    0,    0,    0,    0,    0,    0,    0,    0,    0,    0,    0,    0,    0,    0,    0,    0,    0,    0,    0,    0,    0,    0,    0,    0,    0,    0,    0,    0,   -4,    0,    0,    0,    0,    0,    0,    0,    0,    0,    0,    0,    0,    0,    0,    0,    0,    0,    0,    0,    0,   -4,    0,    0,    0,    0,    0,    0,    0,    0,    0,    0,    0,    0,    0,    0,    0,    0,    0,    0,    0,    0,    0,    0,    0,    0,    0,    0,    0,    0,    0,    0,    0,    0,    0,    0,    0,    0,    0,    0,    0,    0,    0,    0,    0,    0,    0,    0,    0,    0,
       0,   -7,   -5,  -13,    0,   -8,    0,   -8,    0,   -8,    0,    0,    0,    0,    0,    0,    0,    0,    0,    0,    0,    0,    0,    0,    0,    0,   -7,    0,  -18,    0,    0,    0,    0,    0,    0,    0,    0,    0,    0,    0,    0,    0,    0,    0,    0,    0,    0,    0,    0,    0,    0,  -12,    0,    0,    0,    0,    0,    0,    0,    0,    0,    0,    0,    0,    0,    0,    0,    0,    0,    0,    0,    0,    0,    0,    0,   -8,    0,    0,   -5,   -5,    0,    0,    0,   -5,    0,   -4,    0,   -8,    0,    0,    0,    0,    0,    0,    0,    0,   -5,    0,    0,    0,    0,    0,    0,    0,    0,    0,    0,    0,    0,    0,    0,    0,   -6,   -6,   -6,    0,    0,    0,    0,    0,    0,    0,    0,    0,    0,   -8,    0,   -6,    0,   -4,    0,    0,    0,    0,    0,    0,    0,    0,    0,    0,    0,    0,    0,    0,    0,    0,    0,    0,    0,    0,    0,    0,    0,    0,    0,    0,    0,    0,
       0,  -18,    0,  -12,   -7,   -5,    6,   -4,   -5,  -13,    0,    0,    0,    0,    0,    0,    0,    0,    0,    0,    0,    0,    0,    0,    0,    0,   -4,    0,  -16,    0,    0,    0,    0,    0,    0,    0,    0,    0,    0,    0,    0,    0,    0,    0,    0,    0,    0,    0,    0,    0,    0,  -11,    0,    0,    0,    0,    0,    0,    0,    0,    0,    0,    0,    0,    0,    0,    0,    0,    0,    0,    0,    0,    0,    0,    0,    0,    0,    0,    0,    0,    0,    0,    0,    0,    0,    0,    0,    0,    0,    0,    0,    0,    0,    0,   -5,    0,    0,    0,    0,    0,    0,    0,    0,    0,    0,    0,    0,    0,    0,    0,    0,    0,    0,    0,    0,    0,    0,    0,    0,    0,    0,    0,    0,    0,    0,    0,    0,    0,   -5,    0,    0,   -5,    0,    0,    0,    0,    0,    0,    0,    0,    0,    0,    0,    0,    0,    0,    0,    0,    0,    0,    0,    0,    0,    0,    0,    0,    0,    0,
       0,    0,   -4,    0,    0,    0,    0,    0,    0,   -5,    0,    0,    0,    0,    0,    0,    0,    0,    0,    0,    0,    0,    0,    0,    0,    0,    0,    0,    0,    0,    0,    0,    0,    0,    0,    0,    0,    0,    0,    0,    0,    0,    0,    0,    0,    0,    0,    0,    0,    0,   -7,    0,   -6,    0,    0,    0,    0,    0,    0,    0,    0,    0,    0,    0,    0,    0,    0,    0,    0,    0,    0,    0,    0,    0,    0,    0,    0,    0,    0,    0,    0,    0,    0,    0,    0,    0,    0,    0,    0,    0,    0,    0,    0,    0,    0,    0,    0,    0,    0,    0,    0,    0,    0,    0,    0,    0,    0,    0,    0,    0,    0,    0,    0,    0,    0,    0,    0,    0,    0,    0,    0,    0,    0,    0,    0,    0,    0,    0,    0,    0,    0,    0,    0,    0,    0,    0,    0,    0,    0,    0,    0,    0,    0,    0,    0,    0,    0,    0,    0,    0,    0,    0,    0,    0,    0,    0,    0,    0,
       0,  -10,   -5,    0,    0,    0,    0,    0,    0,  -10,    0,    0,    0,    0,    0,    0,    0,    0,    0,    0,    0,    0,    0,    0,    0,    0,    0,    0,    0,    0,    0,    0,    0,    0,    0,    0,    0,    0,    0,    0,    0,    0,    0,    0,    0,    0,    0,    0,    0,    0,    0,    0,    0,    0,    0,    0,    0,    0,    0,    0,    0,    0,    0,    0,    0,    0,    0,    0,    0,    0,    0,    0,    0,    0,    0,    0,    0,    0,    0,    0,    0,    0,    0,    0,    0,    0,    0,    0,    0,    0,    0,    0,    0,    0,    0,    0,    0,    0,    0,    0,    0,    0,   -4,    0,    0,    0,    0,    0,    0,    0,    0,    0,    0,    0,    0,    0,    0,    0,    0,   -4,    0,    0,    0,    0,    0,    0,    0,    0,    0,    0,    0,    0,    0,    0,    0,    0,    0,    0,    0,    0,    0,    0,    0,    0,    0,    0,    0,    0,    0,    0,    0,    0,    0,    0,    0,    0,    0,    0,
       0,  -17,    0,  -12,   -7,   -6,    6,   -4,   -5,  -12,    0,    0,    0,    0,    0,    0,    0,    0,    0,    0,    0,    0,    0,    0,    0,    0,   -4,    0,  -15,    0,    0,    0,    0,    0,    0,    0,    0,    0,    0,    0,    0,    0,    0,    0,    0,    0,    0,    0,    0,    0,    0,  -11,    0,    0,    0,    0,    0,    0,    0,    0,    0,    0,    0,    0,    0,    0,    0,    0,    0,    0,    0,    0,    0,    0,    0,    0,    0,    0,    0,    0,    0,    0,    0,    0,    0,    0,    0,    0,    0,    0,    0,    0,    0,    0,   -5,    0,    0,    0,    0,    0,    0,    0,    0,    0,    0,    0,    0,    0,    0,    0,    0,    0,    0,    0,    0,    0,    0,    0,    0,    0,    0,    0,    0,    0,    0,    0,    0,    0,   -5,    0,    0,   -5,    0,    0,    0,    0,    0,    0,    0,    0,    0,    0,    0,    0,    0,    0,    0,    0,    0,    0,    0,    0,    0,    0,    0,    0,    0,    0,
      -6,   -9,   -5,  -11,    0,  -13,    6,  -17,    0,  -14,   -4,    0,    0,    0,    0,    0,    0,    0,    0,    0,    0,    0,    0,    0,    0,    0,   -4,    0,  -17,    0,    0,    0,    0,    0,    0,    0,    0,    0,    0,    0,    0,    0,    0,    0,    0,    0,    0,    0,    0,    0,    0,  -12,    0,    0,    0,    0,    0,    0,    0,    0,    0,    0,    0,    0,    0,    0,    0,    0,    0,    0,  -11,    0,    0,    0,    0,    0,   -8,    0,    0,    0,    0,    0,    0,  -10,    0,    0,    0,   -5,    0,    0,    0,   -9,    0,    0,   -4,  -10,    0,    0,    0,    0,    0,    0,    0,    0,    0,    0,    0,    0,    0,    0,    0,    0,   -5,   -5,   -5,    0,    0,    0,    0,    0,  -16,    0,    0,    0,    0,    0,    0,    0,   -4,    0,    0,   -4,    0,    0,    0,    0,    0,    0,    0,    0,    0,    0,    0,    0,    0,    0,    0,    0,    0,    0,    0,    0,    0,    0,    0,   -6,   -4,  -12,
       0,  -13,    0,  -11,   -8,   -8,    7,   -9,   -6,  -12,    0,    0,    0,    0,    0,    0,    0,    0,    0,    0,    0,    0,    0,    0,    0,    0,    0,    0,  -12,    0,    0,    0,    0,    0,    0,    0,    0,    0,    0,    0,    0,    0,    0,    0,    0,    0,    0,    0,    0,    0,    0,   -8,    0,    0,    0,    0,    0,    0,    0,    0,    0,    0,    0,    0,    0,    0,    0,    0,    0,    0,    0,    0,    0,    0,    0,    0,    0,    0,    0,    0,    0,    0,    0,    0,    0,    0,    0,    0,    0,    0,    0,    0,    0,   -9,   -7,    0,    0,    0,    0,    0,    0,   -6,    0,   -7,    0,    0,    0,   -4,    0,    0,    0,    0,    0,    0,    0,    0,    0,    0,    0,    0,    0,   -6,    0,    0,    0,    0,    0,    0,   -7,    0,    0,   -7,    0,    0,    0,    0,    0,    0,    0,    0,    0,    0,    0,    0,    0,    0,    0,    0,    0,    0,    0,    0,    0,    0,    0,   -9,  -11,    0,
       0,    0,   -4,    0,   -8,   -4,    0,   -6,   -4,    0,    0,    0,    0,    0,    0,    0,    0,    0,    0,    0,    0,    0,    0,    0,    0,    0,   -6,    0,  -17,    0,    0,    0,    0,    0,    0,    0,    0,    0,    0,    0,    0,    0,    0,    0,    0,    0,    0,    0,    0,    0,    0,   -6,    0,    0,    0,    0,    0,    0,    0,    0,    0,    0,    0,    0,    0,    0,    0,    0,    0,    0,    0,    0,    0,    0,    0,    0,    0,    0,    0,    0,    0,    0,   -4,    0,    0,    0,   -7,    0,    0,    0,    0,    0,    0,   -6,    0,    0,    0,    0,    0,    0,  -13,   -8,    0,   -4,    0,    0,  -13,    0,   -5,    0,    0,    0,   -4,   -4,   -4,    0,  -10,   -4,    0,    0,    0,   -8,    0,  -10,    0,    0,    0,    0,    0,    0,  -12,    0,    0,    0,    0,    0,    0,    0,    0,    0,    0,    0,    0,    0,    0,    0,    0,    0,    0,    0,    0,    0,    0,    0,    0,    0,    0,    0,
       0,   -8,   -8,    0,    0,    0,    0,    0,    0,   -6,   -5,    0,    0,    0,    0,    0,    0,    0,    0,    0,    0,    0,    0,    0,    0,    0,    0,    0,    0,    0,    0,    0,    0,    0,    0,    0,    0,    0,    0,    0,    0,    0,    0,    0,    0,    0,    0,    0,    0,    0,   -9,    0,   -9,    0,    0,    0,    0,    0,    0,    0,    0,    0,    0,    0,    0,    0,    0,    0,    0,    0,    0,    0,    0,    0,    0,    0,    0,    0,    0,    0,    0,    0,    0,    0,    0,    0,    0,    0,    0,    0,    0,    0,    0,    0,    0,    0,    0,   -4,    0,    0,    0,    0,   -5,    0,    0,    0,    0,    0,    0,    0,    0,    0,    0,    0,    0,    0,    0,    0,    0,   -4,    0,    0,    0,    0,    0,    0,    0,    0,    0,    0,    0,    0,    0,    0,    0,    0,    0,    0,    0,    0,    0,    0,    0,    0,    0,    0,    0,    0,    0,    0,    0,    0,    0,    0,    0,    0,    0,    0,
       0,    0,    0,    0,    0,    0,    0,    0,    0,    0,    0,    0,    0,    0,    0,    0,    0,    0,    0,    0,    0,    0,    0,    0,    0,    0,    0,    0,    0,    0,    0,    0,    0,    0,    0,    0,    0,    0,    0,    0,    0,    0,    0,    0,    0,    0,    0,    0,    0,    0,    0,    0,    0,    0,    0,    0,    0,    0,    0,    0,    0,    0,    0,    0,    0,    0,    0,    0,    0,    0,    0,    0,    0,    0,    0,    0,    0,    0,    0,    0,    0,    0,    0,    0,    0,    0,    0,    0,    0,    0,    0,    0,    0,    0,    0,    0,    0,    0,    0,    0,    0,    0,    0,    0,    0,    0,    0,    0,    0,    0,    0,    0,    0,    0,    0,    0,    0,    0,    0,    0,    0,    0,    0,    0,    0,    0,    0,    0,    0,    0,    0,    0,    0,    0,    0,    0,    0,    0,    0,    0,   -8,    0,   -2,   -2,    0,    0,    0,    0,    0,   -8,    0,   -4,    0,   -8,    0,    0,    0,    0,
       0,    0,    0,    0,    0,    0,    0,    0,    0,    0,    0,    0,    0,    0,    0,    0,    0,    0,    0,    0,    0,    0,    0,    0,    0,    0,    0,    0,    0,    0,    0,    0,    0,    0,    0,    0,    0,    0,    0,    0,    0,    0,    0,    0,    0,    0,    0,    0,    0,    0,    0,    0,    0,    0,    0,    0,    0,    0,    0,    0,    0,    0,    0,    0,    0,    0,    0,    0,    0,    0,    0,    0,    0,    0,    0,    0,    0,    0,    0,    0,    0,    0,    0,    0,    0,    0,    0,    0,    0,    0,    0,    0,    0,    0,    0,    0,    0,    0,    0,    0,    0,    0,    0,    0,    0,    0,    0,    0,    0,    0,    0,    0,    0,    0,    0,    0,    0,    0,    0,    0,    0,    0,    0,    0,    0,    0,    0,    0,    0,    0,    0,    0,    0,    0,    0,   -5,    0,    0,    0,    0,    0,   -8,    0,    0,    0,    0,  -13,    0,    0,  -13,    0,    0,  -10,    0,    0,    0,    0,    0,
       0,    0,    0,    0,    0,    0,    0,    0,    0,    0,    0,    0,    0,    0,    0,    0,    0,    0,    0,    0,    0,    0,    0,    0,    0,    0,    0,    0,    0,    0,    0,    0,    0,    0,    0,    0,    0,    0,    0,    0,    0,    0,    0,    0,    0,    0,    0,    0,    0,    0,    0,    0,    0,    0,    0,    0,    0,    0,    0,    0,    0,    0,    0,    0,    0,    0,    0,    0,    0,    0,    0,    0,    0,    0,    0,    0,    0,    0,    0,    0,    0,    0,    0,    0,    0,    0,    0,    0,    0,    0,    0,    0,    0,    0,    0,    0,    0,    0,    0,    0,    0,    0,    0,    0,    0,    0,    0,    0,    0,    0,    0,    0,    0,    0,    0,    0,    0,    0,    0,    0,    0,    0,    0,    0,    0,    0,    0,    0,    0,    0,    0,    0,    0,    2,    0,    0,    0,    0,    0,   -8,  -13,    0,   -5,   -6,    0,   -9,    0,    0,    0,  -10,    0,    0,    0,    0,    0,    0,    0,    0,
       0,    0,    0,    0,    0,    0,    0,    0,    0,    0,    0,    0,    0,    0,    0,    0,    0,    0,    0,    0,    0,    0,    0,    0,    0,    0,    0,    0,    0,    0,    0,    0,    0,    0,    0,    0,    0,    0,    0,    0,    0,    0,    0,    0,    0,    0,    0,    0,    0,    0,    0,    0,    0,    0,    0,    0,    0,    0,    0,    0,    0,    0,    0,    0,    0,    0,    0,    0,    0,    0,    0,    0,    0,    0,    0,    0,    0,    0,    0,    0,    0,    0,    0,    0,    0,    0,    0,    0,    0,    0,    0,    0,    0,    0,    0,    0,    0,    0,    0,    0,    0,    0,    0,    0,    0,    0,    0,    0,    0,    0,    0,    0,    0,    0,    0,    0,    0,    0,    0,    0,    0,    0,    0,    0,    0,    0,    0,    0,    0,    0,    0,    0,    0,  -16,    0,    0,   -8,    0,    0,   -8,    0,  -20,  -14,    0,  -10,   -5,  -13,    0,  -20,  -14,    0,    0,  -14,    0,    0,    0,    0,    0,
       0,    0,    0,    0,    0,    0,    0,    0,    0,    0,    0,    0,    0,    0,    0,    0,    0,    0,    0,    0,    0,    0,    0,    0,    0,    0,    0,    0,    0,    0,    0,    0,    0,    0,    0,    0,    0,    0,    0,    0,    0,    0,    0,    0,    0,    0,    0,    0,    0,    0,    0,    0,    0,    0,    0,    0,    0,    0,    0,    0,    0,    0,    0,    0,    0,    0,    0,    0,    0,    0,    0,    0,    0,    0,    0,    0,    0,    0,    0,    0,    0,    0,    0,    0,    0,    0,    0,    0,    0,    0,    0,    0,    0,    0,    0,    0,    0,    0,    0,    0,    0,    0,    0,    0,    0,    0,    0,    0,    0,    0,    0,    0,    0,    0,    0,    0,    0,    0,    0,    0,    0,    0,    0,    0,    0,    0,    0,    0,    0,    0,    0,    0,    0,   -2,    0,    0,    0,    0,    0,   -6,    0,    0,    0,    0,   -4,    0,   -3,    0,    0,   -8,    0,    0,   -4,    0,    0,    0,    0,    0,
       0,    0,    0,    0,    0,    0,    0,    0,    0,    0,    0,    0,    0,    0,    0,    0,    0,    0,    0,    0,    0,    0,    0,    0,    0,    0,    0,    0,    0,    0,    0,    0,    0,    0,    0,    0,    0,    0,    0,    0,    0,    0,    0,    0,    0,    0,    0,    0,    0,    0,    0,    0,    0,    0,    0,    0,    0,    0,    0,    0,    0,    0,    0,    0,    0,    0,    0,    0,    0,    0,    0,    0,    0,    0,    0,    0,    0,    0,    0,    0,    0,    0,    0,    0,    0,    0,    0,    0,    0,    0,    0,    0,    0,    0,    0,    0,    0,    0,    0,    0,    0,    0,    0,    0,    0,    0,    0,    0,    0,    0,    0,    0,    0,    0,    0,    0,    0,    0,    0,    0,    0,    0,    0,    0,    0,    0,    0,    0,    0,    0,    0,    0,    0,   -8,    0,    0,    0,    0,    0,    0,    0,    0,    0,    0,    0,    0,    0,    0,    0,    0,    0,    0,    0,    0,    0,    0,    0,    0,
       0,    0,    0,    0,    0,    0,    0,    0,    0,    0,    0,    0,    0,    0,    0,    0,    0,    0,    0,    0,    0,    0,    0,    0,    0,    0,    0,    0,    0,    0,    0,    0,    0,    0,    0,    0,    0,    0,    0,    0,    0,    0,    0,    0,    0,    0,    0,    0,    0,    0,    0,    0,    0,    0,    0,    0,    0,    0,    0,    0,    0,    0,    0,    0,    0,    0,    0,    0,    0,    0,    0,    0,    0,    0,    0,    0,    0,    0,    0,    0,    0,    0,    0,    0,    0,    0,    0,    0,    0,    0,    0,    0,    0,    0,    0,    0,    0,    0,    0,    0,    0,    0,    0,    0,    0,    0,    0,    0,    0,    0,    0,    0,    0,    0,    0,    0,    0,    0,    0,    0,    0,    0,    0,    0,    0,    0,    0,    0,    0,    0,    0,    0,    0,    0,    0,   -5,    0,    0,    0,   -8,    0,   -8,   -2,    0,    0,    0,    0,    0,   -4,   -9,   -8,   -8,   -5,    0,    0,    0,    0,    0,
       0,    0,    0,    0,    0,    0,    0,    0,    0,    0,    0,    0,    0,    0,    0,    0,    0,    0,    0,    0,    0,    0,    0,    0,    0,    0,    0,    0,    0,    0,    0,    0,    0,    0,    0,    0,    0,    0,    0,    0,    0,    0,    0,    0,    0,    0,    0,    0,    0,    0,    0,    0,    0,    0,    0,    0,    0,    0,    0,    0,    0,    0,    0,    0,    0,    0,    0,    0,    0,    0,    0,    0,    0,    0,    0,    0,    0,    0,    0,    0,    0,    0,    0,    0,    0,    0,    0,    0,    0,    0,    0,    0,    0,    0,    0,    0,    0,    0,    0,    0,    0,    0,    0,    0,    0,    0,    0,    0,    0,    0,    0,    0,    0,    0,    0,    0,    0,    0,    0,    0,    0,    0,    0,    0,    0,    0,    0,    0,    0,    0,    0,    0,    0,  -26,    0,    0,   -8,    0,   -3,   -3,    0,    0,   -3,    0,  -12,   -3,   -3,    0,    0,   -9,    0,    0,   -8,    0,   -8,    0,    0,    0,
       0,    0,    0,    0,    0,    0,    0,    0,    0,    0,    0,    0,    0,    0,    0,    0,    0,    0,    0,    0,    0,    0,    0,    0,    0,    0,    0,    0,    0,    0,    0,    0,    0,    0,    0,    0,    0,    0,    0,    0,    0,    0,    0,    0,    0,    0,    0,    0,    0,    0,    0,    0,    0,    0,    0,    0,    0,    0,    0,    0,    0,    0,    0,    0,    0,    0,    0,    0,    0,    0,    0,    0,    0,    0,    0,    0,    0,    0,    0,    0,    0,    0,    0,    0,    0,    0,    0,    0,    0,    0,    0,    0,    0,    0,    0,    0,    0,    0,    0,    0,    0,    0,    0,    0,    0,    0,    0,    0,    0,    0,    0,    0,    0,    0,    0,    0,    0,    0,    0,    0,    0,    0,    0,    0,    0,    0,    0,    0,    0,    0,    0,    0,    0,    0,    0,    0,    0,    0,    0,   -8,    0,    0,   -5,    0,    0,   -6,   -6,    0,  -10,  -10,    0,    0,    0,    0,    0,    0,    0,    0,
       0,    0,    0,    0,    0,    0,    0,    0,    0,    0,    0,    0,    0,    0,    0,    0,    0,    0,    0,    0,    0,    0,    0,    0,    0,    0,    0,    0,    0,    0,    0,    0,    0,    0,    0,    0,    0,    0,    0,    0,    0,    0,    0,    0,    0,    0,    0,    0,    0,    0,    0,    0,    0,    0,    0,    0,    0,    0,    0,    0,    0,    0,    0,    0,    0,    0,    0,    0,    0,    0,    0,    0,    0,    0,    0,    0,    0,    0,    0,    0,    0,    0,    0,    0,    0,    0,    0,    0,    0,    0,    0,    0,    0,    0,    0,    0,    0,    0,    0,    0,    0,    0,    0,    0,    0,    0,    0,    0,    0,    0,    0,    0,    0,    0,    0,    0,    0,    0,    0,    0,    0,    0,    0,    0,    0,    0,    0,    0,    0,    0,    0,    0,    0,  -16,   -2,    0,    0,    0,    0,   -8,    0,  -12,  -10,    0,    0,    0,   -8,    0,  -15,   -6,    0,    0,    0,    8,   -2,    0,    0,    0,
       0,    0,    0,    0,    0,    0,    0,    0,    0,    0,    0,    0,    0,    0,    0,    0,    0,    0,    0,    0,    0,    0,    0,    0,    0,    0,    0,    0,    0,    0,    0,    0,    0,    0,    0,    0,    0,    0,    0,    0,    0,    0,    0,    0,    0,    0,    0,    0,    0,    0,    0,    0,    0,    0,    0,    0,    0,    0,    0,    0,    0,    0,    0,    0,    0,    0,    0,    0,    0,    0,    0,    0,    0,    0,    0,    0,    0,    0,    0,    0,    0,    0,    0,    0,    0,    0,    0,    0,    0,    0,    0,    0,    0,    0,    0,    0,    0,    0,    0,    0,    0,    0,    0,    0,    0,    0,    0,    0,    0,    0,    0,    0,    0,    0,    0,    0,    0,    0,    0,    0,    0,    0,    0,    0,    0,    0,    0,    0,    0,    0,    0,    0,    0,    0,    0,    0,    0,    0,    0,    0,    0,    0,   -8,    0,   -5,   -8,   -9,    0,    0,  -11,    0,    0,    0,    0,    0,    0,    0,    0,
       0,    0,    0,    0,    0,    0,    0,    0,    0,    0,    0,    0,    0,    0,    0,    0,    0,    0,    0,    0,    0,    0,    0,    0,    0,    0,    0,    0,    0,    0,    0,    0,    0,    0,    0,    0,    0,    0,    0,    0,    0,    0,    0,    0,    0,    0,    0,    0,    0,    0,    0,    0,    0,    0,    0,    0,    0,    0,    0,    0,    0,    0,    0,    0,    0,    0,    0,    0,    0,    0,    0,    0,    0,    0,    0,    0,    0,    0,    0,    0,    0,    0,    0,    0,    0,    0,    0,    0,    0,    0,    0,    0,    0,    0,    0,    0,    0,    0,    0,    0,    0,    0,    0,    0,    0,    0,    0,    0,    0,    0,    0,    0,    0,    0,    0,    0,    0,    0,    0,    0,    0,    0,    0,    0,    0,    0,    0,    0,    0,    0,    0,    0,    0,    0,    0,    0,    0,    0,    0,   -6,   -6,    0,  -10,    0,    0,    0,    0,    0,    0,    0,    0,    0,    0,    0,    0,    0,    0,    0,
       0,    0,    0,    0,    0,    0,    0,    0,    0,    0,    0,    0,    0,    0,    0,    0,    0,    0,    0,    0,    0,    0,    0,    0,    0,    0,    0,    0,    0,    0,    0,    0,    0,    0,    0,    0,    0,    0,    0,    0,    0,    0,    0,    0,    0,    0,    0,    0,    0,    0,    0,    0,    0,    0,    0,    0,    0,    0,    0,    0,    0,    0,    0,    0,    0,    0,    0,    0,    0,    0,    0,    0,    0,    0,    0,    0,    0,    0,    0,    0,    0,    0,    0,    0,    0,    0,    0,    0,    0,    0,    0,    0,    0,    0,    0,    0,    0,    0,    0,    0,    0,    0,    0,    0,    0,    0,    0,    0,    0,    0,    0,    0,    0,    0,    0,    0,    0,    0,    0,    0,    0,    0,    0,    0,    0,    0,    0,    0,    0,    0,    0,    0,    0,    0,    0,    0,    0,    0,    0,   -2,    0,  -12,    0,   -2,    0,    0,   -2,    0,  -12,   -5,    0,    0,   -4,    0,    0,    0,    0,    0,
       0,    0,    0,    0,    0,    0,    0,    0,    0,    0,    0,    0,    0,    0,    0,    0,    0,    0,    0,    0,    0,    0,    0,    0,    0,    0,    0,    0,    0,    0,    0,    0,    0,    0,    0,    0,    0,    0,    0,    0,    0,    0,    0,    0,    0,    0,    0,    0,    0,    0,    0,    0,    0,    0,    0,    0,    0,    0,    0,    0,    0,    0,    0,    0,    0,    0,    0,    0,    0,    0,    0,    0,    0,    0,    0,    0,    0,    0,    0,    0,    0,    0,    0,    0,    0,    0,    0,    0,    0,    0,    0,    0,    0,    0,    0,    0,    0,    0,    0,    0,    0,    0,    0,    0,    0,    0,    0,    0,    0,    0,    0,    0,    0,    0,    0,    0,    0,    0,    0,    0,    0,    0,    0,    0,    0,    0,    0,    0,    0,    0,    0,    0,    0,    0,    0,    0,    0,    0,    0,   -3,    0,    0,    0,    0,    0,    0,  -10,    0,    0,    0,    0,    0,    0,    0,    0,    0,    0,    0,
       0,    0,    0,    0,    0,    0,    0,    0,    0,    0,    0,    0,    0,    0,    0,    0,    0,    0,    0,    0,    0,    0,    0,    0,    0,    0,    0,    0,    0,    0,    0,    0,    0,    0,    0,    0,    0,    0,    0,    0,    0,    0,    0,    0,    0,    0,    0,    0,    0,    0,    0,    0,    0,    0,    0,    0,    0,    0,    0,    0,    0,    0,    0,    0,    0,    0,    0,    0,    0,    0,    0,    0,    0,    0,    0,    0,    0,    0,    0,    0,    0,    0,    0,    0,    0,    0,    0,    0,    0,    0,    0,    0,    0,    0,    0,    0,    0,    0,    0,    0,    0,    0,    0,    0,    0,    0,    0,    0,    0,    0,    0,    0,    0,    0,    0,    0,    0,    0,    0,    0,    0,    0,    0,    0,    0,    0,    0,    0,    0,    0,    0,    0,    0,    0,    0,    0,    0,    0,    0,    0,    0,   -3,   -8,   -3,    0,    0,   -3,    0,  -11,   -2,    0,    0,    0,   -3,    0,    0,    0,    0,
       0,    0,    0,    0,    0,    0,    0,    0,    0,    0,    0,    0,    0,    0,    0,    0,    0,    0,    0,    0,    0,    0,    0,    0,    0,    0,    0,    0,    0,    0,    0,    0,    0,    0,    0,    0,    0,    0,    0,    0,    0,    0,    0,    0,    0,    0,    0,    0,    0,    0,    0,    0,    0,    0,    0,    0,    0,    0,    0,    0,    0,    0,    0,    0,    0,    0,    0,    0,    0,    0,    0,    0,    0,    0,    0,    0,    0,    0,    0,    0,    0,    0,    0,    0,    0,    0,    0,    0,    0,    0,    0,    0,    0,    0,    0,    0,    0,    0,    0,    0,    0,    0,    0,    0,    0,    0,    0,    0,    0,    0,    0,    0,    0,    0,    0,    0,    0,    0,    0,    0,    0,    0,    0,    0,    0,    0,    0,    0,    0,    0,    0,    0,   -5,  -10,    0,   -8,    0,    0,    0,    0,   -8,    0,    0,    0,  -10,    0,  -13,    0,    0,  -10,    0,    0,    0,    0,    0,    0,    0,    0,
       0,    0,    0,    0,    0,    0,    0,    0,    0,    0,    0,    0,    0,    0,    0,    0,    0,    0,    0,    0,    0,    0,    0,    0,    0,    0,    0,    0,    0,    0,    0,    0,    0,    0,    0,    0,    0,    0,    0,    0,    0,    0,    0,    0,    0,    0,    0,    0,    0,    0,    0,    0,    0,    0,    0,    0,    0,    0,    0,    0,    0,    0,    0,    0,    0,    0,    0,    0,    0,    0,    0,    0,    0,    0,    0,    0,    0,    0,    0,    0,    0,    0,    0,    0,    0,    0,    0,    0,    0,    0,    0,    0,    0,    0,    0,    0,    0,    0,    0,    0,    0,    0,    0,    0,    0,    0,    0,    0,    0,    0,    0,    0,    0,    0,    0,    0,    0,    0,    0,    0,    0,    0,    0,    0,    0,    0,    0,    0,    0,    0,    0,    0,    0,  -16,    0,    0,    0,    0,    0,   -8,    0,   -6,   -8,    0,    0,   -3,   -4,    0,  -12,   -4,    0,    0,   -8,    0,   -9,    0,    0,    0,
       0,    0,    0,    0,    0,    0,    0,    0,    0,    0,    0,    0,    0,    0,    0,    0,    0,    0,    0,    0,    0,    0,    0,    0,    0,    0,    0,    0,    0,    0,    0,    0,    0,    0,    0,    0,    0,    0,    0,    0,    0,    0,    0,    0,    0,    0,    0,    0,    0,    0,    0,    0,    0,    0,    0,    0,    0,    0,    0,    0,    0,    0,    0,    0,    0,    0,    0,    0,    0,    0,    0,    0,    0,    0,    0,    0,    0,    0,    0,    0,    0,    0,    0,    0,    0,    0,    0,    0,    0,    0,    0,    0,    0,    0,    0,    0,    0,    0,    0,    0,    0,    0,    0,    0,    0,    0,    0,    0,    0,    0,    0,    0,    0,    0,    0,    0,    0,    0,    0,    0,    0,    0,    0,    0,    0,    0,    0,    0,    0,    0,    0,    0,    0,  -10,    0,    0,    0,    0,    0,   -2,    0,    0,  -10,    0,   -3,    0,   -4,    0,    0,   -3,    0,    0,   -3,    0,    0,    0,    0,    0,
       0,    0,    0,    0,    0,    0,    0,    0,    0,    0,    0,    0,    0,    0,    0,    0,    0,    0,    0,    0,    0,    0,    0,    0,    0,    0,    0,    0,    0,    0,    0,    0,    0,    0,    0,    0,    0,    0,    0,    0,    0,    0,    0,    0,    0,    0,    0,    0,    0,    0,    0,    0,    0,    0,    0,    0,    0,    0,    0,    0,    0,    0,    0,    0,    0,    0,    0,    0,    0,    0,    0,    0,    0,    0,    0,    0,    0,    0,    0,    0,    0,    0,    0,    0,    0,    0,    0,    0,    0,    0,    0,    0,    0,    0,    0,    0,    0,    0,    0,    0,    0,    0,    0,    0,    0,    0,    0,    0,    0,    0,    0,    0,    0,    0,    0,    0,    0,    0,    0,    0,    0,    0,    0,    0,    0,    0,    0,    0,    0,    0,    0,    0,    0,    0,    0,  -18,    0,  -20,    0,    0,   -6,    0,   -8,   -2,    0,  -14,  -16,  -16,    0,  -10,    0,    0,    0,   -8,    0,    0,    0,    0,
       0,    0,    0,    0,    0,    0,    0,    0,    0,    0,    0,  -30,   -8,   -8,  -46,    0,   -8,   -8,    0,    0,    0,    8,    7,    0,    5,    0,    0,    0,    0,    0,    0,    0,    0,    0,    0,    0,    0,    0,    0,    0,    0,    0,    0,    0,    0,    0,    0,    0,    0,    0,    0,    0,    0,    0,  -53,    0,    0,    0,    0,    0,    0,    0,    0,    0,    0,    0,    0,    0,    0,    0,    0,   -8,    0,    0,    0,    0,  -30,    0,    0,    0,    0,   -8,   -8,    0,    0,    0,    0,    0,    0,    0,    0,    0,    0,    0,    0,    0,    0,    0,    0,    0,    0,    0,    0,    0,    0,    0,    0,    0,    0,    0,    0,    0,    0,    0,    0,    0,    0,    0,    0,    0,    5,    0,    0,    0,    0,    0,    0,    0,    0,    0,    0,    0,    0,    0,    0,    0,    0,    0,    0,    0,    0,    0,    0,    0,    0,    0,    0,    0,    0,    0,    0,    0,    0,    0,    0,    0,    0,    0,
       0,    0,    0,    0,    0,    0,    0,    0,    0,    0,    0,   10,  -10,  -10,   11,    0,  -11,  -12,    6,  -27,   -8,  -30,  -14,    5,  -31,    8,    0,    0,    0,    0,    0,    0,    0,    0,    0,    0,    0,    0,    0,    0,    0,    0,    0,    0,    0,    0,    0,    0,    0,    0,    0,    0,    0,    0,    8,    0,    0,    0,    0,    0,    0,    0,    0,    0,    0,    0,    0,    0,    0,    0,  -27,  -10,    0,    0,    0,    0,   10,    0,    0,    0,    0,  -11,  -11,    5,    0,    0,    0,    0,    0,    0,    0,    0,    0,    0,    0,    0,    0,    0,    0,    0,    0,    0,    0,    0,    0,    0,    0,    0,    0,    0,    0,    0,    0,    0,    0,    0,    0,    0,    0,    0,  -31,    0,    0,    0,    0,    0,    0,    0,    0,    0,    0,    0,    0,    0,    0,    0,    0,    0,    0,    0,    0,    0,    0,    0,    0,    0,    0,    0,    0,    0,    0,    0,    0,    0,    0,    0,    0,    0,
};

static const EpdLigaturePair ubuntu_12_regularLigaturePairs[] = {
    { 0x00660066, 0xFB00 }, // f f -> U+FB00
    { 0x00660069, 0xFB01 }, // f i -> U+FB01
    { 0x0066006C, 0xFB02 }, // f l -> U+FB02
    { 0xFB000069, 0xFB03 }, // U+FB00 i -> U+FB03
    { 0xFB00006C, 0xFB04 }, // U+FB00 l -> U+FB04
};

static const EpdFontData ubuntu_12_regular = {
    ubuntu_12_regularBitmaps,
    ubuntu_12_regularGlyphs,
    ubuntu_12_regularIntervals,
    463,
    29,
    24,
    -5,
    false,
    nullptr,
    0,
    nullptr,
    ubuntu_12_regularKernLeftClasses,
    ubuntu_12_regularKernRightClasses,
    ubuntu_12_regularKernMatrix,
    436,
    494,
    151,
    158,
    ubuntu_12_regularLigaturePairs,
    5,
};
