/**
 * generated by fontconvert.py
 * name: ubuntu_10_bold
 * size: 10
 * mode: 1-bit
 * Command used: /Users/rocry/w/_hw/rcwodle/firmware/crosspoint/vendor/lib/EpdFont/scripts/fontconvert.py ubuntu_10_bold 10 /Users/rocry/w/_hw/crosspoint-reader/lib/EpdFont/builtinFonts/source/Ubuntu/Ubuntu-Bold.ttf /Users/rocry/w/_hw/crosspoint-reader/lib/EpdFont/builtinFonts/source/NotoSansHebrew/NotoSansHebrew-Bold.ttf /Users/rocry/w/_hw/rcwodle/tools/.font-cache/LXGWWenKai-Medium.ttf --additional-intervals 0x05D0,0x05EA --additional-intervals 0x00A1,0x00A1 --additional-intervals 0x00AB,0x00AB --additional-intervals 0x00B0,0x00B0 --additional-intervals 0x00B7,0x00B7 --additional-intervals 0x00BA,0x00BB --additional-intervals 0x00BF,0x00BF --additional-intervals 0x00C1,0x00C1 --additional-intervals 0x00C4,0x00C7 --additional-intervals 0x00C9,0x00CA --additional-intervals 0x00CD,0x00CE --additional-intervals 0x00D2,0x00D3 --additional-intervals 0x00D6,0x00D6 --additional-intervals 0x00D9,0x00DA --additional-intervals 0x00DC,0x00DC --additional-intervals 0x00DF,0x00EF --additional-intervals 0x00F1,0x00F3 --additional-intervals 0x00F5,0x00F6 --additional-intervals 0x00F8,0x00FA --additional-intervals 0x00FC,0x00FD --additional-intervals 0x0103,0x0103 --additional-intervals 0x0105,0x0105 --additional-intervals 0x0107,0x0107 --additional-intervals 0x010C,0x010D --additional-intervals 0x010F,0x010F --additional-intervals 0x0117,0x0117 --additional-intervals 0x0119,0x011B --additional-intervals 0x011F,0x011F --additional-intervals 0x012E,0x0131 --additional-intervals 0x0141,0x0142 --additional-intervals 0x0144,0x0144 --additional-intervals 0x0151,0x0151 --additional-intervals 0x0158,0x015B --additional-intervals 0x015E,0x0161 --additional-intervals 0x0163,0x0163 --additional-intervals 0x0165,0x0165 --additional-intervals 0x016B,0x016B --additional-intervals 0x016F,0x016F --additional-intervals 0x0171,0x0171 --additional-intervals 0x0173,0x0173 --additional-intervals 0x017A,0x017A --additional-intervals 0x017C,0x017E --additional-intervals 0x0218,0x0218 --additional-intervals 0x021B,0x021B --additional-intervals 0x0406,0x0406 --additional-intervals 0x0410,0x0429 --additional-intervals 0x042B,0x042D --additional-intervals 0x042F,0x0449 --additional-intervals 0x044B,0x044F --additional-intervals 0x0451,0x0451 --additional-intervals 0x0454,0x0454 --additional-intervals 0x0456,0x0457 --additional-intervals 0x045E,0x045E --additional-intervals 0x0493,0x0493 --additional-intervals 0x049A,0x049B --additional-intervals 0x04A3,0x04A3 --additional-intervals 0x04AE,0x04B1 --additional-intervals 0x04D8,0x04D9 --additional-intervals 0x04E8,0x04E9 --additional-intervals 0x05D0,0x05EA --additional-intervals 0x05F4,0x05F4 --additional-intervals 0x2014,0x2014 --additional-intervals 0x2018,0x2019 --additional-intervals 0x201C,0x201E --additional-intervals 0x2026,0x2026 --additional-intervals 0x2190,0x2190 --additional-intervals 0x3002,0x3002 --additional-intervals 0x300C,0x300D --additional-intervals 0x4E00,0x4E00 --additional-intervals 0x4E0A,0x4E0B --additional-intervals 0x4E0D,0x4E0D --additional-intervals 0x4E13,0x4E13 --additional-intervals 0x4E22,0x4E22 --additional-intervals 0x4E24,0x4E24 --additional-intervals 0x4E2A,0x4E2A --additional-intervals 0x4E2D,0x4E2D --additional-intervals 0x4E32,0x4E32 --additional-intervals 0x4E3A,0x4E3B --additional-intervals 0x4E49,0x4E49 --additional-intervals 0x4E66,0x4E66 --additional-intervals 0x4E8C,0x4E8C --additional-intervals 0x4EA4,0x4EA4 --additional-intervals 0x4ECA,0x4ECA --additional-intervals 0x4ECE,0x4ECE --additional-intervals 0x4ED6,0x4ED6 --additional-intervals 0x4EE5,0x4EE5 --additional-intervals 0x4EF6,0x4EF6 --additional-intervals 0x4F11,0x4F11 --additional-intervals 0x4F1A,0x4F1A --additional-intervals 0x4F20,0x4F20 --additional-intervals 0x4F4D,0x4F4D --additional-intervals 0x4F4F,0x4F4F --additional-intervals 0x4F53,0x4F53 --additional-intervals 0x4F59,0x4F59 --additional-intervals 0x4F5C,0x4F5C --additional-intervals 0x4F60,0x4F60 --additional-intervals 0x4F7F,0x4F7F --additional-intervals 0x4F9B,0x4F9B --additional-intervals 0x4FA7,0x4FA7 --additional-intervals 0x4FBF,0x4FBF --additional-intervals 0x4FDD,0x4FDD --additional-intervals 0x4FE1,0x4FE1 --additional-intervals 0x4FEE,0x4FEE --additional-intervals 0x5012,0x5012 --additional-intervals 0x503E,0x503E --additional-intervals 0x504F,0x504F --additional-intervals 0x5145,0x5145 --additional-intervals 0x5148,0x5149 --additional-intervals 0x5165,0x5165 --additional-intervals 0x5168,0x5168 --additional-intervals 0x5173,0x5173 --additional-intervals 0x5176,0x5176 --additional-intervals 0x5178,0x5178 --additional-intervals 0x5185,0x5185 --additional-intervals 0x518D,0x518D --additional-intervals 0x5199,0x5199 --additional-intervals 0x51C6,0x51C6 --additional-intervals 0x51D1,0x51D1 --additional-intervals 0x51E0,0x51E0 --additional-intervals 0x51FA,0x51FA --additional-intervals 0x5206,0x5207 --additional-intervals 0x5217,0x5217 --additional-intervals 0x521B,0x521B --additional-intervals 0x5220,0x5220 --additional-intervals 0x5230,0x5230 --additional-intervals 0x5236,0x5237 --additional-intervals 0x524D,0x524D --additional-intervals 0x5269,0x526A --additional-intervals 0x526F,0x526F --additional-intervals 0x529F,0x52A1 --additional-intervals 0x52A8,0x52A8 --additional-intervals 0x52FF,0x52FF --additional-intervals 0x5339,0x533A --additional-intervals 0x5360,0x5361 --additional-intervals 0x5373,0x5373 --additional-intervals 0x539F,0x539F --additional-intervals 0x53D1,0x53D1 --additional-intervals 0x53D6,0x53D6 --additional-intervals 0x53E3,0x53E3 --additional-intervals 0x53EF,0x53EF --additional-intervals 0x53F3,0x53F3 --additional-intervals 0x53F7,0x53F7 --additional-intervals 0x540C,0x540E --additional-intervals 0x5411,0x5411 --additional-intervals 0x5426,0x5426 --additional-intervals 0x542F,0x542F --additional-intervals 0x544A,0x544A --additional-intervals 0x547D,0x547D --additional-intervals 0x54C8,0x54C8 --additional-intervals 0x5668,0x5668 --additional-intervals 0x56DE,0x56DE --additional-intervals 0x56E0,0x56E0 --additional-intervals 0x56F4,0x56F4 --additional-intervals 0x56FA,0x56FA --additional-intervals 0x56FE,0x56FE --additional-intervals 0x5728,0x5728 --additional-intervals 0x5730,0x5730 --additional-intervals 0x5740,0x5740 --additional-intervals 0x5747,0x5747 --additional-intervals 0x5907,0x5907 --additional-intervals 0x590D,0x590D --additional-intervals 0x5916,0x5916 --additional-intervals 0x5927,0x5927 --additional-intervals 0x5929,0x5929 --additional-intervals 0x5931,0x5931 --additional-intervals 0x5939,0x5939 --additional-intervals 0x5982,0x5982 --additional-intervals 0x59CB,0x59CB --additional-intervals 0x5B57,0x5B58 --additional-intervals 0x5B83,0x5B83 --additional-intervals 0x5B89,0x5B89 --additional-intervals 0x5B8C,0x5B8C --additional-intervals 0x5B9A,0x5B9A --additional-intervals 0x5BBD,0x5BBD --additional-intervals 0x5BC6,0x5BC6 --additional-intervals 0x5BF9,0x5BF9 --additional-intervals 0x5C01,0x5C01 --additional-intervals 0x5C04,0x5C04 --additional-intervals 0x5C06,0x5C06 --additional-intervals 0x5C0F,0x5C0F --additional-intervals 0x5C31,0x5C31 --additional-intervals 0x5C3D,0x5C3D --additional-intervals 0x5C40,0x5C40 --additional-intervals 0x5C45,0x5C45 --additional-intervals 0x5C4F,0x5C4F --additional-intervals 0x5C55,0x5C55 --additional-intervals 0x5D29,0x5D29 --additional-intervals 0x5D4C,0x5D4C --additional-intervals 0x5DE6,0x5DE6 --additional-intervals 0x5DF2,0x5DF2 --additional-intervals 0x5E03,0x5E03 --additional-intervals 0x5E0C,0x5E0C --additional-intervals 0x5E26,0x5E26 --additional-intervals 0x5E38,0x5E38 --additional-intervals 0x5E45,0x5E45 --additional-intervals 0x5E55,0x5E55 --additional-intervals 0x5E73,0x5E73 --additional-intervals 0x5E76,0x5E76 --additional-intervals 0x5E94,0x5E95 --additional-intervals 0x5EA6,0x5EA6 --additional-intervals 0x5EFA,0x5EFA --additional-intervals 0x5F00,0x5F00 --additional-intervals 0x5F0F,0x5F0F --additional-intervals 0x5F15,0x5F15 --additional-intervals 0x5F53,0x5F53 --additional-intervals 0x5F55,0x5F55 --additional-intervals 0x5FEB,0x5FEB --additional-intervals 0x5FFD,0x5FFD --additional-intervals 0x6001,0x6001 --additional-intervals 0x603B,0x603B --additional-intervals 0x6062,0x6062 --additional-intervals 0x606F,0x606F --additional-intervals 0x60C5,0x60C5 --additional-intervals 0x6210,0x6210 --additional-intervals 0x6216,0x6216 --additional-intervals 0x622A,0x622A --additional-intervals 0x6237,0x6237 --additional-intervals 0x6240,0x6240 --additional-intervals 0x624B,0x624B --additional-intervals 0x6253,0x6253 --additional-intervals 0x6269,0x6269 --additional-intervals 0x626B,0x626B --additional-intervals 0x627E,0x627E --additional-intervals 0x6297,0x6297 --additional-intervals 0x62A5,0x62A5 --additional-intervals 0x62E9,0x62E9 --additional-intervals 0x6301,0x6301 --additional-intervals 0x6309,0x6309 --additional-intervals 0x6362,0x6362 --additional-intervals 0x636E,0x636E --additional-intervals 0x63A5,0x63A5 --additional-intervals 0x63CF,0x63D0 --additional-intervals 0x63D2,0x63D2 --additional-intervals 0x641C,0x641C --additional-intervals 0x64CD,0x64CD --additional-intervals 0x6536,0x6536 --additional-intervals 0x653E,0x653E --additional-intervals 0x6548,0x6548 --additional-intervals 0x6570,0x6570 --additional-intervals 0x6587,0x6587 --additional-intervals 0x659C,0x659C --additional-intervals 0x65AD,0x65AD --additional-intervals 0x65B0,0x65B0 --additional-intervals 0x65B9,0x65B9 --additional-intervals 0x65E0,0x65E0 --additional-intervals 0x65E5,0x65E5 --additional-intervals 0x65F6,0x65F6 --additional-intervals 0x6620,0x6620 --additional-intervals 0x662F,0x662F --additional-intervals 0x663E,0x663E --additional-intervals 0x6682,0x6682 --additional-intervals 0x66F4,0x66F4 --additional-intervals 0x6700,0x6700 --additional-intervals 0x6709,0x6709 --additional-intervals 0x670D,0x670D --additional-intervals 0x672A,0x672A --additional-intervals 0x672C,0x672C --additional-intervals 0x673A,0x673A --additional-intervals 0x6761,0x6761 --additional-intervals 0x6765,0x6765 --additional-intervals 0x677E,0x677E --additional-intervals 0x6790,0x6790 --additional-intervals 0x679C,0x679C --additional-intervals 0x67E5,0x67E5 --additional-intervals 0x6807,0x6807 --additional-intervals 0x680F,0x680F --additional-intervals 0x6821,0x6821 --additional-intervals 0x6837,0x6837 --additional-intervals 0x6839,0x6839 --additional-intervals 0x683C,0x683C --additional-intervals 0x6863,0x6863 --additional-intervals 0x68C0,0x68C0 --additional-intervals 0x6A21,0x6A21 --additional-intervals 0x6A2A,0x6A2A --additional-intervals 0x6B21,0x6B21 --additional-intervals 0x6B63,0x6B65 --additional-intervals 0x6BB5,0x6BB5 --additional-intervals 0x6BCF,0x6BCF --additional-intervals 0x6BD4,0x6BD4 --additional-intervals 0x6CA1,0x6CA1 --additional-intervals 0x6CD5,0x6CD5 --additional-intervals 0x6CE8,0x6CE8 --additional-intervals 0x6D45,0x6D45 --additional-intervals 0x6D4F,0x6D4F --additional-intervals 0x6D88,0x6D88 --additional-intervals 0x6DF1,0x6DF1 --additional-intervals 0x6DFB,0x6DFB --additional-intervals 0x6E05,0x6E05 --additional-intervals 0x6E29,0x6E29 --additional-intervals 0x6E7F,0x6E7F --additional-intervals 0x6E83,0x6E83 --additional-intervals 0x6E90,0x6E90 --additional-intervals 0x6EE4,0x6EE4 --additional-intervals 0x706F,0x706F --additional-intervals 0x70B9,0x70B9 --additional-intervals 0x70ED,0x70ED --additional-intervals 0x7247,0x7248 --additional-intervals 0x7279,0x7279 --additional-intervals 0x72B6,0x72B6 --additional-intervals 0x7387,0x7387 --additional-intervals 0x73B0,0x73B0 --additional-intervals 0x7406,0x7406 --additional-intervals 0x7528,0x7528 --additional-intervals 0x7535,0x7535 --additional-intervals 0x754C,0x754C --additional-intervals 0x7565,0x7565 --additional-intervals 0x767B,0x767B --additional-intervals 0x767E,0x767E --additional-intervals 0x7684,0x7684 --additional-intervals 0x76D8,0x76D8 --additional-intervals 0x76EE,0x76EE --additional-intervals 0x7720,0x7720 --additional-intervals 0x77ED,0x77ED --additional-intervals 0x7801,0x7801 --additional-intervals 0x786C,0x786C --additional-intervals 0x786E,0x786E --additional-intervals 0x793A,0x793A --additional-intervals 0x7981,0x7981 --additional-intervals 0x79D2,0x79D2 --additional-intervals 0x79F0,0x79F0 --additional-intervals 0x79FB,0x79FB --additional-intervals 0x7A0B,0x7A0B --additional-intervals 0x7A7A,0x7A7A --additional-intervals 0x7ACB,0x7ACB --additional-intervals 0x7AD6,0x7AD6 --additional-intervals 0x7AE0,0x7AE0 --additional-intervals 0x7AEF,0x7AEF --additional-intervals 0x7B26,0x7B26 --additional-intervals 0x7B2C,0x7B2C --additional-intervals 0x7B7E,0x7B7E --additional-intervals 0x7B80,0x7B80 --additional-intervals 0x7B97,0x7B97 --additional-intervals 0x7BA1,0x7BA1 --additional-intervals 0x7C4D,0x7C4D --additional-intervals 0x7C97,0x7C97 --additional-intervals 0x7CFB,0x7CFB --additional-intervals 0x7D22,0x7D22 --additional-intervals 0x7D27,0x7D27 --additional-intervals 0x7D2F,0x7D2F --additional-intervals 0x7EBF,0x7EBF --additional-intervals 0x7EC6,0x7EC6 --additional-intervals 0x7ECF,0x7ECF --additional-intervals 0x7EDC,0x7EDC --additional-intervals 0x7EDF,0x7EDF --additional-intervals 0x7EE7,0x7EE7 --additional-intervals 0x7EEA,0x7EEA --additional-intervals 0x7EED,0x7EED --additional-intervals 0x7EF4,0x7EF4 --additional-intervals 0x7F13,0x7F13 --additional-intervals 0x7F16,0x7F16 --additional-intervals 0x7F51,0x7F51 --additional-intervals 0x7F6E,0x7F6E --additional-intervals 0x7FFB,0x7FFB --additional-intervals 0x8017,0x8017 --additional-intervals 0x80FD,0x80FD --additional-intervals 0x811A,0x811A --additional-intervals 0x81EA,0x81EA --additional-intervals 0x8272,0x8272 --additional-intervals 0x8282,0x8282 --additional-intervals 0x8303,0x8303 --additional-intervals 0x83B7,0x83B7 --additional-intervals 0x843D,0x843D --additional-intervals 0x85CF,0x85CF --additional-intervals 0x884C,0x884C --additional-intervals 0x8868,0x8868 --additional-intervals 0x88AB,0x88AB --additional-intervals 0x88C1,0x88C1 --additional-intervals 0x88C5,0x88C5 --additional-intervals 0x892A,0x892A --additional-intervals 0x8981,0x8981 --additional-intervals 0x89C1,0x89C1 --additional-intervals 0x89C8,0x89C8 --additional-intervals 0x89E3,0x89E3 --additional-intervals 0x8A00,0x8A00 --additional-intervals 0x8BA1,0x8BA1 --additional-intervals 0x8BA4,0x8BA4 --additional-intervals 0x8BB0,0x8BB0 --additional-intervals 0x8BBE,0x8BBE --additional-intervals 0x8BC1,0x8BC1 --additional-intervals 0x8BCA,0x8BCA --additional-intervals 0x8BCD,0x8BCD --additional-intervals 0x8BD5,0x8BD5 --additional-intervals 0x8BE5,0x8BE6 --additional-intervals 0x8BED,0x8BED --additional-intervals 0x8BEF,0x8BEF --additional-intervals 0x8BF7,0x8BF7 --additional-intervals 0x8BFB,0x8BFB --additional-intervals 0x8D25,0x8D26 --additional-intervals 0x8D85,0x8D85 --additional-intervals 0x8DB3,0x8DB3 --additional-intervals 0x8DDD,0x8DDD --additional-intervals 0x8DDF,0x8DDF --additional-intervals 0x8DF3,0x8DF3 --additional-intervals 0x8F6C,0x8F6C --additional-intervals 0x8F7D,0x8F7D --additional-intervals 0x8F91,0x8F91 --additional-intervals 0x8F93,0x8F93 --additional-intervals 0x8FB9,0x8FB9 --additional-intervals 0x8FC7,0x8FC7 --additional-intervals 0x8FD1,0x8FD1 --additional-intervals 0x8FD4,0x8FD4 --additional-intervals 0x8FDB,0x8FDC --additional-intervals 0x8FDE,0x8FDE --additional-intervals 0x9000,0x9002 --additional-intervals 0x9006,0x9006 --additional-intervals 0x9009,0x9009 --additional-intervals 0x901F,0x901F --additional-intervals 0x90E8,0x90E8 --additional-intervals 0x90FD,0x90FD --additional-intervals 0x914D,0x914D --additional-intervals 0x91CD,0x91CD --additional-intervals 0x91CF,0x91CF --additional-intervals 0x9488,0x9488 --additional-intervals 0x949F,0x949F --additional-intervals 0x94FE,0x94FE --additional-intervals 0x9519,0x9519 --additional-intervals 0x952E,0x952F --additional-intervals 0x955C,0x955C --additional-intervals 0x957F,0x957F --additional-intervals 0x95ED,0x95EE --additional-intervals 0x95F4,0x95F4 --additional-intervals 0x9605,0x9605 --additional-intervals 0x9633,0x9633 --additional-intervals 0x9644,0x9644 --additional-intervals 0x9664,0x9664 --additional-intervals 0x968F,0x9690 --additional-intervals 0x9700,0x9700 --additional-intervals 0x9762,0x9762 --additional-intervals 0x9875,0x9876 --additional-intervals 0x9879,0x987A --additional-intervals 0x9884,0x9884 --additional-intervals 0x9891,0x9891 --additional-intervals 0x9898,0x9898 --additional-intervals 0x989D,0x989D --additional-intervals 0x9A8C,0x9A8C --additional-intervals 0x9ED8,0x9ED8 --additional-intervals 0x9F50,0x9F50 --additional-intervals 0x9F7F,0x9F7F --additional-intervals 0xFF01,0xFF01 --additional-intervals 0xFF08,0xFF09 --additional-intervals 0xFF0C,0xFF0C --additional-intervals 0xFF1A,0xFF1A --additional-intervals 0xFF1F,0xFF1F
 */
#pragma once
#include "EpdFontData.h"

static const uint8_t ubuntu_10_boldBitmaps[46427] = {
    0xFF, 0xFF, 0xFF, 0xFF, 0xFF, 0x0F, 0xFF, 0xF0, 0xFF, 0xFF, 0xEF, 0xEF, 0xE7, 0xE7, 0x1E, 0xF0,
    0xF7, 0x87, 0x3C, 0x39, 0xCF, 0xFF, 0xFF, 0xFC, 0xF7, 0x87, 0x3C, 0x39, 0xC7, 0xFF, 0xFF, 0xFE,
    0xF7, 0x87, 0xBC, 0x39, 0xE1, 0xCE, 0x00, 0x0F, 0x01, 0xE0, 0x7F, 0x9F, 0xF7, 0xFC, 0xF3, 0x9E,
    0x03, 0xF8, 0x3F, 0xC3, 0xFC, 0x1F, 0x80, 0xF7, 0x1E, 0xFF, 0xDF, 0xFB, 0xFC, 0x0F, 0x01, 0xE0,
    0x3C, 0x00, 0x3E, 0x0E, 0x0F, 0xE3, 0xC1, 0xDC, 0xF0, 0x7B, 0xDE, 0x0F, 0x7F, 0x80, 0xEE, 0xF0,
    0x1F, 0xFC, 0x01, 0xF7, 0x7C, 0x01, 0xFF, 0xC0, 0x3B, 0xBC, 0x0F, 0x73, 0x81, 0xCE, 0x70, 0x79,
    0xDE, 0x1E, 0x3F, 0x83, 0xC3, 0xE0, 0x1F, 0x80, 0x7F, 0x80, 0xFF, 0x81, 0xEF, 0x03, 0xDE, 0x07,
    0xF8, 0x07, 0xE0, 0x1F, 0xDE, 0x7F, 0xBC, 0xE7, 0xF3, 0xC7, 0xE7, 0xC7, 0xC7, 0xFF, 0x8F, 0xFF,
    0x8F, 0xF7, 0x80, 0xFF, 0xEE, 0xEE, 0x1C, 0x3C, 0xF1, 0xE7, 0x8F, 0x1C, 0x78, 0xF1, 0xE3, 0xC7,
    0x8F, 0x0E, 0x1E, 0x3C, 0x3C, 0x78, 0x78, 0xE0, 0x63, 0xCF, 0x1E, 0x78, 0xF3, 0xCF, 0x3C, 0x71,
    0xCF, 0x3C, 0xF3, 0xDE, 0x7B, 0xCF, 0x18, 0x0E, 0x03, 0x87, 0xF9, 0xFF, 0x7F, 0xCF, 0xC3, 0xF8,
    0x6C, 0x1E, 0x07, 0x81, 0xE0, 0x78, 0xFF, 0xFF, 0xFF, 0xFC, 0x78, 0x1E, 0x07, 0x81, 0xE0, 0x7B,
    0xDE, 0xEF, 0x78, 0xFF, 0xFF, 0xF8, 0x77, 0xFE, 0xE0, 0x01, 0xE0, 0x3C, 0x0F, 0x01, 0xE0, 0x3C,
    0x0F, 0x01, 0xE0, 0x38, 0x0F, 0x01, 0xE0, 0x78, 0x0F, 0x01, 0xE0, 0x78, 0x0F, 0x01, 0xE0, 0x78,
    0x0F, 0x01, 0xE0, 0x78, 0x00, 0x1F, 0x83, 0xFC, 0x7F, 0xE7, 0xBE, 0x79, 0xEF, 0x1E, 0xF0, 0xFF,
    0x0F, 0xF0, 0xFF, 0x1E, 0x79, 0xE7, 0xBE, 0x7F, 0xE3, 0xFC, 0x1F, 0x80, 0x0F, 0x1F, 0x3F, 0x7F,
    0xFF, 0x7F, 0x0F, 0x0F, 0x0F, 0x0F, 0x0F, 0x0F, 0x0F, 0x0F, 0x0F, 0x3F, 0x8F, 0xF9, 0xFF, 0xBD,
    0xF2, 0x1E, 0x03, 0x80, 0xF0, 0x3C, 0x0F, 0x03, 0xC0, 0xF0, 0x3C, 0x07, 0xFE, 0xFF, 0xDF, 0xF8,
    0x3F, 0x8F, 0xF9, 0xFF, 0x39, 0xE0, 0x3C, 0x0F, 0x87, 0xE0, 0xFE, 0x03, 0xE0, 0x3C, 0x07, 0xB1,
    0xF7, 0xFD, 0xFF, 0x9F, 0xE0, 0x03, 0xC0, 0x7C, 0x0F, 0xC0, 0xFC, 0x1F, 0xC3, 0xFC, 0x3B, 0xC7,
    0xBC, 0xF3, 0xCF, 0xFF, 0xFF, 0xFF, 0xFF, 0x03, 0xC0, 0x3C, 0x03, 0xC0, 0x3F, 0xE7, 0xFC, 0xFF,
    0x9C, 0x03, 0x80, 0x7E, 0x1F, 0xF3, 0xFE, 0x0F, 0xE0, 0x3C, 0x07, 0xB1, 0xF7, 0xFC, 0xFF, 0x9F,
    0xE0, 0x03, 0xC0, 0xFE, 0x1F, 0xE3, 0xF8, 0x78, 0x07, 0xF8, 0x7F, 0xE7, 0xFE, 0xF9, 0xEF, 0x0F,
    0x78, 0xE7, 0xDE, 0x7F, 0xE3, 0xFC, 0x1F, 0x80, 0x7F, 0xE7, 0xFE, 0x7F, 0xE0, 0x3E, 0x03, 0xC0,
    0x78, 0x07, 0x80, 0x70, 0x0F, 0x00, 0xF0, 0x0E, 0x01, 0xE0, 0x1E, 0x01, 0xE0, 0x1E, 0x00, 0x1F,
    0x83, 0xFC, 0x7F, 0xE7, 0x9E, 0x79, 0xE7, 0x9E, 0x7F, 0xC3, 0xFC, 0x3F, 0xE7, 0xBE, 0x70, 0xE7,
    0x9E, 0x7F, 0xE7, 0xFE, 0x3F, 0x80, 0x1F, 0x83, 0xFC, 0x7F, 0xEF, 0xBE, 0xF1, 0xEF, 0x1E, 0xF9,
    0xE7, 0xFE, 0x7F, 0xE3, 0xFE, 0x01, 0xE0, 0xFC, 0x7F, 0xC7, 0xF0, 0x7E, 0x00, 0x77, 0xFE, 0xE0,
    0x00, 0x0E, 0xFF, 0xDC, 0x77, 0xFE, 0xE0, 0x00, 0x00, 0x7B, 0xDE, 0xEF, 0x78, 0x01, 0xC3, 0xF3,
    0xFF, 0xFE, 0xFE, 0x3C, 0x0F, 0xE3, 0xFE, 0x3F, 0xC3, 0xF0, 0x1C, 0xFF, 0xFF, 0xFF, 0xFC, 0x00,
    0x00, 0x3F, 0xFF, 0xFF, 0xFF, 0xE0, 0x3F, 0x0F, 0xF1, 0xFF, 0x1F, 0xC1, 0xF1, 0xFD, 0xFF, 0xFF,
    0x3F, 0x0E, 0x00, 0x7F, 0x3F, 0xEF, 0xF9, 0x9E, 0x07, 0x81, 0xE0, 0xF8, 0x7C, 0x1E, 0x0F, 0x03,
    0xC0, 0x00, 0x3C, 0x0F, 0x03, 0xC0, 0xF0, 0x07, 0xFC, 0x03, 0xFF, 0xE0, 0xFC, 0x7E, 0x3E, 0x03,
    0xE7, 0x3F, 0xDD, 0xEF, 0xFB, 0xB9, 0xEF, 0x7F, 0x79, 0xE7, 0xEF, 0x3C, 0xFD, 0xE7, 0xBF, 0xBC,
    0xF7, 0x73, 0xDE, 0xEF, 0x7F, 0xF8, 0xE7, 0xFE, 0x1E, 0x00, 0x01, 0xF8, 0xC0, 0x1F, 0xFC, 0x00,
    0xFF, 0x80, 0x07, 0xC0, 0x0F, 0x80, 0x1F, 0x80, 0x7F, 0x00, 0xFE, 0x03, 0xDE, 0x07, 0xBC, 0x0E,
    0x3C, 0x3C, 0x78, 0x7F, 0xF1, 0xFF, 0xF3, 0xFF, 0xE7, 0x83, 0xDE, 0x03, 0xFC, 0x07, 0x80, 0xFF,
    0xC7, 0xFF, 0x3F, 0xFD, 0xE3, 0xEF, 0x1F, 0x7F, 0xF3, 0xFF, 0x9F, 0xFE, 0xF1, 0xF7, 0x87, 0xBC,
    0x3D, 0xE3, 0xEF, 0xFF, 0x7F, 0xF3, 0xFF, 0x00, 0x0F, 0xF1, 0xFF, 0x9F, 0xFC, 0xFD, 0xEF, 0x80,
    0x78, 0x03, 0xC0, 0x1E, 0x00, 0xF0, 0x07, 0x80, 0x3E, 0x01, 0xF8, 0xE7, 0xFF, 0x1F, 0xF8, 0x7F,
    0xC0, 0xFF, 0xC3, 0xFF, 0x8F, 0xFF, 0x3C, 0x7E, 0xF0, 0x7B, 0xC1, 0xFF, 0x03, 0xFC, 0x0F, 0xF0,
    0x3F, 0xC1, 0xFF, 0x07, 0xBC, 0x7E, 0xFF, 0xF3, 0xFF, 0x8F, 0xFC, 0x00, 0xFF, 0xFF, 0xFF, 0xFF,
    0xF8, 0x0F, 0x01, 0xE0, 0x3F, 0xF7, 0xFE, 0xFF, 0xDE, 0x03, 0xC0, 0x78, 0x0F, 0xFF, 0xFF, 0xFF,
    0xF8, 0xFF, 0xFF, 0xFF, 0xFF, 0xF8, 0x0F, 0x01, 0xE0, 0x3F, 0xF7, 0xFE, 0xFF, 0xDE, 0x03, 0xC0,
    0x78, 0x0F, 0x01, 0xE0, 0x3C, 0x00, 0x0F, 0xF1, 0xFF, 0x9F, 0xFC, 0xFC, 0xEF, 0x80, 0x78, 0x03,
    0xC0, 0x1E, 0x0F, 0xF0, 0x7F, 0x83, 0xFE, 0x1E, 0xF8, 0xF7, 0xFF, 0x9F, 0xFC, 0x7F, 0xC0, 0xF0,
    0x7F, 0x83, 0xFC, 0x1F, 0xE0, 0xFF, 0x07, 0xF8, 0x3F, 0xFF, 0xFF, 0xFF, 0xFF, 0xFF, 0x83, 0xFC,
    0x1F, 0xE0, 0xFF, 0x07, 0xF8, 0x3F, 0xC1, 0xE0, 0xFF, 0xFF, 0xFF, 0xFF, 0xFF, 0xFF, 0xFF, 0xF0,
    0x03, 0xC0, 0xF0, 0x3C, 0x0F, 0x03, 0xC0, 0xF0, 0x3C, 0x0F, 0x03, 0xC0, 0xF0, 0x3D, 0x9F, 0xFF,
    0xFF, 0xE7, 0xF0, 0xF0, 0xFB, 0xC7, 0xCF, 0x3E, 0x3D, 0xF0, 0xFF, 0x83, 0xFC, 0x0F, 0xE0, 0x3F,
    0xC0, 0xFF, 0x83, 0xDF, 0x0F, 0x3C, 0x3C, 0xF8, 0xF1, 0xF3, 0xC3, 0xCF, 0x0F, 0x80, 0xF0, 0x1E,
    0x03, 0xC0, 0x78, 0x0F, 0x01, 0xE0, 0x3C, 0x07, 0x80, 0xF0, 0x1E, 0x03, 0xC0, 0x78, 0x0F, 0xFF,
    0xFF, 0xFF, 0xF8, 0x78, 0x0F, 0x3E, 0x0F, 0x9F, 0x07, 0xCF, 0xC7, 0xE7, 0xE3, 0xF7, 0xF1, 0xFB,
    0xFD, 0xFD, 0xEE, 0xEF, 0xF7, 0xF7, 0xFB, 0xF3, 0xFC, 0xF9, 0xFE, 0x7C, 0xFF, 0x1C, 0x7F, 0x80,
    0x3F, 0xC0, 0x1E, 0xF0, 0x3F, 0xE0, 0xFF, 0xC3, 0xFF, 0x8F, 0xFE, 0x3F, 0xFC, 0xFF, 0x7B, 0xFD,
    0xEF, 0xF3, 0xFF, 0xC7, 0xFF, 0x1F, 0xFC, 0x3F, 0xF0, 0x7F, 0xC1, 0xFF, 0x03, 0xC0, 0x0F, 0xE0,
    0x7F, 0xE1, 0xFF, 0xE3, 0xE7, 0xEF, 0x83, 0xDE, 0x07, 0xFC, 0x07, 0xF8, 0x0F, 0xF0, 0x1F, 0xE0,
    0x7F, 0xE0, 0xF3, 0xE7, 0xE7, 0xFF, 0x87, 0xFF, 0x03, 0xF8, 0x00, 0xFF, 0xCF, 0xFE, 0xFF, 0xFF,
    0x1F, 0xF0, 0xFF, 0x0F, 0xF3, 0xFF, 0xFF, 0xFF, 0xEF, 0xFC, 0xF0, 0x0F, 0x00, 0xF0, 0x0F, 0x00,
    0xF0, 0x00, 0x0F, 0xE0, 0x7F, 0xE1, 0xFF, 0xE3, 0xE7, 0xEF, 0x83, 0xDE, 0x07, 0xFC, 0x07, 0xF8,
    0x0F, 0xF0, 0x1F, 0xE0, 0x7F, 0xE0, 0xF3, 0xE7, 0xE7, 0xFF, 0x87, 0xFF, 0x07, 0xF8, 0x01, 0xF8,
    0x01, 0xFC, 0x01, 0xF0, 0xFF, 0x87, 0xFF, 0x3F, 0xF9, 0xE7, 0xEF, 0x0F, 0x78, 0x7B, 0xCF, 0xDF,
    0xFE, 0xFF, 0xE7, 0xFE, 0x3C, 0xF1, 0xE7, 0xCF, 0x1F, 0x78, 0x7B, 0xC3, 0xE0, 0x1F, 0xC3, 0xFE,
    0x7F, 0xE7, 0xCC, 0x78, 0x07, 0xC0, 0x7F, 0x83, 0xFC, 0x0F, 0xE0, 0x1F, 0x00, 0xF7, 0x1F, 0x7F,
    0xE7, 0xFE, 0x7F, 0xC0, 0xFF, 0xFF, 0xFF, 0xFF, 0xFE, 0x1E, 0x00, 0xF0, 0x07, 0x80, 0x3C, 0x01,
    0xE0, 0x0F, 0x00, 0x78, 0x03, 0xC0, 0x1E, 0x00, 0xF0, 0x07, 0x80, 0x3C, 0x00, 0xF0, 0x7F, 0x83,
    0xFC, 0x1F, 0xE0, 0xFF, 0x07, 0xF8, 0x3F, 0xC1, 0xFE, 0x0F, 0xF0, 0x7F, 0x83, 0xFC, 0x3F, 0xFB,
    0xE7, 0xFF, 0x1F, 0xF0, 0x7F, 0x00, 0xF0, 0x1F, 0xF0, 0x3D, 0xE0, 0xFB, 0xC1, 0xE7, 0xC3, 0xC7,
    0x8F, 0x0F, 0x1E, 0x1F, 0x3C, 0x1E, 0xF0, 0x3D, 0xE0, 0x3F, 0x80, 0x7F, 0x00, 0x7E, 0x00, 0xF8,
    0x01, 0xF0, 0x00, 0xF0, 0x00, 0xFF, 0x80, 0x1F, 0x78, 0xF1, 0xE7, 0x8F, 0x1E, 0x78, 0xF9, 0xE7,
    0x9F, 0x9E, 0x7D, 0xF9, 0xC3, 0xDF, 0xBC, 0x3F, 0xFF, 0xC3, 0xF9, 0xFC, 0x3F, 0x9F, 0x81, 0xF9,
    0xF8, 0x1F, 0x0F, 0x81, 0xF0, 0xF8, 0x0F, 0x0F, 0x00, 0xF8, 0x7D, 0xF1, 0xE3, 0xCF, 0x8F, 0xFC,
    0x1F, 0xE0, 0x3F, 0x80, 0xFC, 0x01, 0xF0, 0x0F, 0xC0, 0x7F, 0x81, 0xFF, 0x0F, 0xFC, 0x7C, 0xF9,
    0xE1, 0xFF, 0x87, 0xC0, 0xF8, 0x3F, 0xE1, 0xE7, 0xC7, 0x8F, 0x3C, 0x3F, 0xF0, 0x7F, 0x81, 0xFE,
    0x03, 0xF0, 0x0F, 0x80, 0x1E, 0x00, 0x78, 0x01, 0xE0, 0x07, 0x80, 0x1E, 0x00, 0x78, 0x00, 0x7F,
    0xF3, 0xFF, 0x9F, 0xFC, 0x03, 0xE0, 0x3E, 0x03, 0xE0, 0x3E, 0x01, 0xE0, 0x1F, 0x01, 0xF0, 0x0F,
    0x00, 0xF8, 0x07, 0xFF, 0xFF, 0xFF, 0xFF, 0xE0, 0x7E, 0xFD, 0xFB, 0x87, 0x0E, 0x1C, 0x38, 0x70,
    0xE1, 0xC3, 0x87, 0x0E, 0x1C, 0x38, 0x70, 0xFD, 0xFB, 0xF0, 0xF0, 0x0F, 0x01, 0xE0, 0x3C, 0x03,
    0xC0, 0x78, 0x0F, 0x00, 0xF0, 0x1E, 0x03, 0xC0, 0x3C, 0x07, 0x80, 0xF0, 0x0F, 0x01, 0xE0, 0x1C,
    0x03, 0xC0, 0x78, 0x07, 0x80, 0xF0, 0xFF, 0xFF, 0xC7, 0x1C, 0x71, 0xC7, 0x1C, 0x71, 0xC7, 0x1C,
    0x71, 0xC7, 0x1F, 0xFF, 0xFF, 0x0F, 0x01, 0xF0, 0x1F, 0x83, 0xFC, 0x3F, 0xC7, 0x9E, 0x79, 0xEF,
    0x0F, 0x70, 0xE0, 0xFF, 0xFF, 0xFF, 0xFF, 0x80, 0x63, 0xCF, 0x8E, 0x18, 0x3F, 0x87, 0xF8, 0xFF,
    0x19, 0xF3, 0xFE, 0xFF, 0xDE, 0x7F, 0xCF, 0x7F, 0xEF, 0xFC, 0xFF, 0x00, 0xF0, 0x1E, 0x03, 0xC0,
    0x78, 0x0F, 0x01, 0xFF, 0x3F, 0xF7, 0xFF, 0xFB, 0xFE, 0x3F, 0xC7, 0xF8, 0xFF, 0x3F, 0xFF, 0xBF,
    0xF7, 0xF8, 0x1F, 0xCF, 0xF7, 0xFD, 0xF2, 0x78, 0x1E, 0x07, 0x81, 0xF3, 0x7F, 0xCF, 0xF1, 0xFC,
    0x00, 0xF0, 0x0F, 0x00, 0xF0, 0x0F, 0x00, 0xF1, 0xFF, 0x3F, 0xF7, 0xFF, 0x7D, 0xF7, 0x8F, 0x78,
    0xF7, 0x8F, 0x7C, 0xF7, 0xFF, 0x3F, 0xF1, 0xFE, 0x1F, 0x83, 0xFE, 0x7F, 0xE7, 0x9F, 0x7F, 0xF7,
    0xFF, 0x78, 0x07, 0xC6, 0x7F, 0xE3, 0xFE, 0x1F, 0xE0, 0x3F, 0x3F, 0xBF, 0xDF, 0x6F, 0x07, 0xFB,
    0xFD, 0xFE, 0xF0, 0x78, 0x3C, 0x1E, 0x0F, 0x07, 0x83, 0xC1, 0xE0, 0x1F, 0xE7, 0xFD, 0xFF, 0xBE,
    0xF7, 0x9E, 0xF3, 0xDE, 0x7B, 0xFF, 0x3F, 0xE3, 0xFC, 0x07, 0x99, 0xF7, 0xFE, 0xFF, 0x9F, 0xE0,
    0xF0, 0x3C, 0x0F, 0x03, 0xC0, 0xF0, 0x3F, 0xEF, 0xFF, 0xFF, 0xF3, 0xFC, 0xFF, 0x3F, 0xCF, 0xF3,
    0xFC, 0xFF, 0x3F, 0xCF, 0xFF, 0xFF, 0x0F, 0xFF, 0xFF, 0xFF, 0xFF, 0xFF, 0x1E, 0x3C, 0x78, 0xF0,
    0x03, 0xC7, 0x8F, 0x1E, 0x3C, 0x78, 0xF1, 0xE3, 0xC7, 0x8F, 0x1F, 0xFF, 0xF7, 0xC0, 0xF0, 0x1E,
    0x03, 0xC0, 0x78, 0x0F, 0x01, 0xE7, 0xFD, 0xF7, 0xFC, 0xFF, 0x1F, 0xC3, 0xFC, 0x7F, 0x8F, 0x79,
    0xEF, 0xBC, 0xFF, 0x8F, 0xF3, 0xCF, 0x3C, 0xF3, 0xCF, 0x3C, 0xF3, 0xCF, 0x3C, 0xFB, 0xF7, 0x9E,
    0xFF, 0xFC, 0xFF, 0xFE, 0xFF, 0xFF, 0xF7, 0xDF, 0xF3, 0xCF, 0xF3, 0xCF, 0xF3, 0xCF, 0xF3, 0xCF,
    0xF3, 0xCF, 0xF3, 0xCF, 0xF3, 0xCF, 0xFF, 0xBF, 0xEF, 0xFF, 0xCF, 0xF3, 0xFC, 0xFF, 0x3F, 0xCF,
    0xF3, 0xFC, 0xFF, 0x3C, 0x1F, 0xC3, 0xFE, 0x7F, 0xE7, 0xDF, 0x78, 0xF7, 0x8F, 0x78, 0xF7, 0xDF,
    0x7F, 0xE3, 0xFE, 0x1F, 0xC0, 0xFF, 0x1F, 0xFB, 0xFF, 0x79, 0xFF, 0x1F, 0xE3, 0xFC, 0x7F, 0x9F,
    0xFF, 0xDF, 0xFB, 0xFE, 0x78, 0x0F, 0x01, 0xE0, 0x3C, 0x00, 0x1F, 0xE3, 0xFF, 0x7F, 0xF7, 0xCF,
    0x78, 0xF7, 0x8F, 0x78, 0xF7, 0xDF, 0x7F, 0xF3, 0xFF, 0x1F, 0xF0, 0x0F, 0x00, 0xF0, 0x0F, 0x00,
    0xF0, 0xFF, 0xFF, 0xFF, 0xF2, 0xF0, 0xF0, 0xF0, 0xF0, 0xF0, 0xF0, 0xF0, 0x3F, 0x9F, 0xE7, 0xF9,
    0xE6, 0x7F, 0x9F, 0xE3, 0xFD, 0x8F, 0x7F, 0xDF, 0xE7, 0xF0, 0xF0, 0xF0, 0xF0, 0xFF, 0xFF, 0xFF,
    0xF0, 0xF0, 0xF0, 0xF0, 0xFA, 0xFF, 0x7F, 0x3F, 0xF3, 0xFC, 0xFF, 0x3F, 0xCF, 0xF3, 0xFC, 0xFF,
    0x3F, 0xEF, 0xFF, 0xDF, 0xF3, 0xFC, 0xF0, 0xFF, 0x1E, 0x79, 0xE7, 0x9E, 0x7B, 0xC3, 0xFC, 0x3F,
    0x83, 0xF8, 0x1F, 0x81, 0xF0, 0x0F, 0x00, 0xF1, 0xC7, 0x79, 0xE7, 0x9C, 0xF3, 0xCF, 0x7D, 0xE7,
    0xBE, 0xE1, 0xFF, 0xF0, 0xFF, 0xF8, 0x7E, 0xF8, 0x1E, 0x7C, 0x0F, 0x3E, 0x07, 0x8E, 0x00, 0xF1,
    0xE7, 0x9E, 0x3F, 0xC3, 0xF8, 0x1F, 0x80, 0xF0, 0x1F, 0x83, 0xFC, 0x7B, 0xC7, 0x9E, 0xF1, 0xF0,
    0xF0, 0xFF, 0x1E, 0x79, 0xE7, 0x9E, 0x7B, 0xC3, 0xFC, 0x3F, 0x81, 0xF8, 0x1F, 0x81, 0xF0, 0x0F,
    0x01, 0xE0, 0xFE, 0x0F, 0xC0, 0xF8, 0x00, 0x7F, 0xDF, 0xF7, 0xFC, 0x1E, 0x0F, 0x07, 0x83, 0xC1,
    0xE0, 0x7F, 0xFF, 0xFF, 0xFC, 0x0F, 0x1F, 0x3F, 0x3C, 0x3C, 0x3C, 0x3C, 0x3C, 0x7C, 0xF8, 0xF8,
    0xFC, 0x7C, 0x3C, 0x3C, 0x3C, 0x3C, 0x3F, 0x1F, 0x1F, 0x77, 0x77, 0x77, 0x77, 0x77, 0x77, 0x77,
    0x77, 0x77, 0x77, 0xF0, 0xF8, 0xF8, 0x7C, 0x3C, 0x3C, 0x3C, 0x3C, 0x3C, 0x1E, 0x1E, 0x3E, 0x3C,
    0x3C, 0x3C, 0x3C, 0x7C, 0xF8, 0xF8, 0xF0, 0x3C, 0x77, 0xFF, 0x7F, 0xEF, 0xFE, 0xE3, 0xC0, 0xFF,
    0xFF, 0x0F, 0xFF, 0xFF, 0xFF, 0xFF, 0xF0, 0x0F, 0x03, 0xC0, 0xF0, 0x7F, 0x3F, 0xDF, 0xF7, 0xC9,
    0xE0, 0x78, 0x1F, 0x37, 0xFC, 0xFF, 0x1F, 0xC3, 0xC0, 0xF0, 0x3C, 0x0F, 0xC3, 0xF8, 0xFF, 0x1F,
    0x63, 0xC0, 0x78, 0x3F, 0xE7, 0xFC, 0xFF, 0x87, 0x80, 0xF0, 0x1E, 0x03, 0xFE, 0x7F, 0xDF, 0xF8,
    0x00, 0x07, 0x0E, 0xFF, 0xF7, 0xFE, 0x3B, 0xC7, 0x9E, 0x79, 0xE3, 0xBC, 0x7F, 0xEF, 0xFF, 0x70,
    0xC0, 0x78, 0x79, 0xF3, 0xE3, 0xCF, 0x0F, 0x3C, 0x1F, 0xE0, 0x7F, 0x80, 0xFC, 0x0F, 0xFC, 0x3F,
    0xF0, 0x1E, 0x00, 0x78, 0x0F, 0xFC, 0x3F, 0xF0, 0x1E, 0x00, 0x78, 0x00, 0xFF, 0xFF, 0xFF, 0xFF,
    0x00, 0x00, 0xFF, 0xFF, 0xFF, 0xFF, 0x1F, 0xC7, 0xF9, 0xFF, 0x3C, 0xC7, 0x80, 0x7E, 0x0F, 0xE3,
    0xFE, 0x73, 0xDE, 0x39, 0xE7, 0x3F, 0xE3, 0xF8, 0x3F, 0x80, 0xF3, 0x9E, 0x7F, 0xDF, 0xF9, 0xFE,
    0x00, 0x77, 0xFB, 0xDD, 0xE0, 0x0F, 0xE0, 0x7F, 0xE1, 0xF3, 0xE3, 0x80, 0xEE, 0x7D, 0xDD, 0xF9,
    0xFB, 0x93, 0xFF, 0x07, 0xEE, 0x4F, 0xDF, 0x9F, 0x9F, 0x73, 0x80, 0xE7, 0xCF, 0x87, 0xFE, 0x03,
    0xF8, 0x00, 0x7E, 0x7F, 0x0F, 0x7F, 0xFF, 0xFF, 0xFF, 0x7F, 0x00, 0x01, 0xC7, 0x3C, 0xF7, 0xDE,
    0x7B, 0xEF, 0xBC, 0x7B, 0xE7, 0xDE, 0x3C, 0xF1, 0xC7, 0x00, 0x00, 0xFF, 0xFF, 0xFF, 0xFC, 0x07,
    0x01, 0xC0, 0x70, 0x1C, 0x07, 0xFF, 0xFF, 0xF8, 0x0F, 0xE0, 0x7F, 0xE1, 0xF3, 0xE3, 0x80, 0xEE,
    0xFD, 0xDD, 0xFD, 0xFB, 0xBB, 0xF7, 0xE7, 0xEF, 0xCF, 0xDF, 0x9F, 0xBB, 0xF3, 0x80, 0xE7, 0xCF,
    0x87, 0xFE, 0x03, 0xF8, 0x00, 0xFF, 0xFF, 0x7C, 0xFE, 0xEE, 0xEE, 0xFE, 0x7C, 0x1E, 0x07, 0x81,
    0xE0, 0x78, 0xFF, 0xFF, 0xFF, 0xFC, 0x78, 0x1E, 0x07, 0x81, 0xE0, 0x00, 0xFF, 0xFF, 0xFF, 0xFC,
    0x7D, 0xFD, 0xB8, 0xF3, 0xCF, 0x1C, 0x7F, 0xFE, 0xFD, 0xFD, 0x79, 0xE3, 0xE1, 0xD3, 0xFF, 0xFC,
    0x10, 0xE7, 0xBC, 0x60, 0xF3, 0xFC, 0xFF, 0x3F, 0xCF, 0xF3, 0xFC, 0xFF, 0x3F, 0xEF, 0xFF, 0xFF,
    0xFF, 0xFF, 0xC0, 0xF0, 0x3C, 0x0F, 0x00, 0x0F, 0xF8, 0xFF, 0xF7, 0xFF, 0xDF, 0xEF, 0x7F, 0xBD,
    0xFE, 0xF7, 0xFB, 0xDF, 0xEF, 0x3F, 0xBC, 0x3E, 0xF0, 0x7B, 0xC1, 0xEF, 0x07, 0xBC, 0x1E, 0xF0,
    0x7B, 0xC1, 0xEF, 0x07, 0xBC, 0x1E, 0xF0, 0x7B, 0xC0, 0x77, 0xFE, 0xE0, 0x18, 0xE3, 0xDF, 0x7D,
    0xE0, 0x1D, 0xF7, 0xDF, 0x1C, 0x71, 0xC7, 0x1C, 0x3E, 0x3F, 0x9D, 0xFE, 0x7F, 0x3B, 0xBD, 0xFC,
    0x7E, 0x00, 0x03, 0x8E, 0x1E, 0xF0, 0xF3, 0xC3, 0xDF, 0x1F, 0x78, 0xF7, 0xCF, 0x3C, 0x7B, 0xC3,
    0x8E, 0x00, 0x00, 0x3C, 0x1C, 0x0F, 0x87, 0x83, 0xF0, 0xF0, 0x3E, 0x3C, 0x01, 0xC7, 0x80, 0x39,
    0xE0, 0x07, 0x3C, 0xF0, 0xEF, 0x3E, 0x1D, 0xEF, 0xC0, 0x7B, 0xB8, 0x0E, 0x7F, 0x03, 0xCF, 0xE0,
    0x70, 0x1C, 0x1E, 0x03, 0x83, 0x80, 0x00, 0x3C, 0x3C, 0x1F, 0x0F, 0x0F, 0xC7, 0x81, 0xF1, 0xC0,
    0x1C, 0xF0, 0x07, 0x38, 0x01, 0xDE, 0xF8, 0x77, 0x7E, 0x1F, 0xCF, 0xC0, 0xE0, 0xF0, 0x78, 0x78,
    0x1C, 0x3C, 0x0F, 0x0E, 0x03, 0x87, 0xF1, 0xE1, 0xFC, 0x7C, 0x1E, 0x0F, 0xC3, 0xC1, 0xB8, 0xF0,
    0x1E, 0x1E, 0x03, 0xE7, 0x80, 0x1C, 0xE0, 0x13, 0xBC, 0xF7, 0xF7, 0x3E, 0xFD, 0xEF, 0xC0, 0x3B,
    0xB8, 0x0F, 0x7F, 0x01, 0xCF, 0xE0, 0x78, 0x1C, 0x0E, 0x03, 0x83, 0xC0, 0x00, 0x0E, 0x07, 0xC1,
    0xF0, 0x38, 0x00, 0x03, 0x81, 0xE0, 0xF8, 0x7C, 0x1E, 0x0F, 0x03, 0xEE, 0xFF, 0x9F, 0xE3, 0xF8,
    0x03, 0x00, 0x0E, 0x00, 0x1E, 0x00, 0x1E, 0x00, 0x1C, 0x00, 0x00, 0x01, 0xF0, 0x03, 0xE0, 0x07,
    0xE0, 0x1F, 0xC0, 0x3F, 0x80, 0xF7, 0x81, 0xEF, 0x03, 0x8F, 0x0F, 0x1E, 0x1F, 0xFC, 0x7F, 0xFC,
    0xFF, 0xF9, 0xE0, 0xF7, 0x80, 0xFF, 0x01, 0xE0, 0x01, 0x80, 0x03, 0x80, 0x0F, 0x00, 0x3C, 0x00,
    0x70, 0x00, 0x00, 0x01, 0xF0, 0x03, 0xE0, 0x07, 0xE0, 0x1F, 0xC0, 0x3F, 0x80, 0xF7, 0x81, 0xEF,
    0x03, 0x8F, 0x0F, 0x1E, 0x1F, 0xFC, 0x7F, 0xFC, 0xFF, 0xF9, 0xE0, 0xF7, 0x80, 0xFF, 0x01, 0xE0,
    0x01, 0x80, 0x07, 0x00, 0x1F, 0x00, 0x7F, 0x00, 0x44, 0x00, 0x00, 0x01, 0xF0, 0x03, 0xE0, 0x07,
    0xE0, 0x1F, 0xC0, 0x3F, 0x80, 0xF7, 0x81, 0xEF, 0x03, 0x8F, 0x0F, 0x1E, 0x1F, 0xFC, 0x7F, 0xFC,
    0xFF, 0xF9, 0xE0, 0xF7, 0x80, 0xFF, 0x01, 0xE0, 0x0F, 0x60, 0x1F, 0xE0, 0x37, 0x80, 0x00, 0x00,
    0x7C, 0x00, 0xF8, 0x01, 0xF8, 0x07, 0xF0, 0x0F, 0xE0, 0x3D, 0xE0, 0x7B, 0xC0, 0xE3, 0xC3, 0xC7,
    0x87, 0xFF, 0x1F, 0xFF, 0x3F, 0xFE, 0x78, 0x3D, 0xE0, 0x3F, 0xC0, 0x78, 0x1E, 0xE0, 0x3D, 0xE0,
    0x7B, 0x80, 0x00, 0x00, 0x7C, 0x00, 0xF8, 0x01, 0xF8, 0x07, 0xF0, 0x0F, 0xE0, 0x3D, 0xE0, 0x7B,
    0xC0, 0xE3, 0xC3, 0xC7, 0x87, 0xFF, 0x1F, 0xFF, 0x3F, 0xFE, 0x78, 0x3D, 0xE0, 0x3F, 0xC0, 0x78,
    0x07, 0xC0, 0x0D, 0x80, 0x1B, 0x00, 0x3E, 0x00, 0x7C, 0x00, 0xF8, 0x03, 0xF8, 0x07, 0xF0, 0x0F,
    0xF0, 0x3D, 0xE0, 0x7B, 0xC1, 0xE3, 0xC3, 0xC7, 0x87, 0xFF, 0x1F, 0xFF, 0x3F, 0xFE, 0x78, 0x3D,
    0xE0, 0x3F, 0xC0, 0x78, 0x00, 0xFF, 0xF0, 0x07, 0xFF, 0x80, 0x7F, 0xFC, 0x03, 0xF8, 0x00, 0x3F,
    0xC0, 0x03, 0xDE, 0x00, 0x1E, 0xFF, 0x81, 0xE7, 0xFC, 0x0F, 0x3F, 0xE0, 0xFF, 0xE0, 0x0F, 0xFF,
    0x00, 0x7F, 0xF8, 0x07, 0xC3, 0xFF, 0xBC, 0x1F, 0xFF, 0xC0, 0xFF, 0xE0, 0x0F, 0xF1, 0xFF, 0x9F,
    0xFC, 0xFD, 0xEF, 0x80, 0x78, 0x03, 0xC0, 0x1E, 0x00, 0xF0, 0x07, 0x80, 0x3E, 0x00, 0xF8, 0xE7,
    0xFF, 0x1F, 0xF8, 0x3F, 0xC0, 0xE0, 0x07, 0x80, 0x1C, 0x03, 0xE0, 0x1F, 0x00, 0x0C, 0x03, 0x80,
    0x78, 0x07, 0x80, 0x70, 0x00, 0x3F, 0xFF, 0xFF, 0xFF, 0xFE, 0x03, 0xC0, 0x78, 0x0F, 0xFD, 0xFF,
    0xBF, 0xF7, 0x80, 0xF0, 0x1E, 0x03, 0xFF, 0xFF, 0xFF, 0xFE, 0x02, 0x00, 0xE0, 0x3C, 0x0F, 0x01,
    0xC0, 0x00, 0x3F, 0xFF, 0xFF, 0xFF, 0xFE, 0x03, 0xC0, 0x78, 0x0F, 0xFD, 0xFF, 0xBF, 0xF7, 0x80,
    0xF0, 0x1E, 0x03, 0xFF, 0xFF, 0xFF, 0xFE, 0x06, 0x01, 0xE0, 0x7E, 0x1F, 0xC1, 0x98, 0x00, 0x3F,
    0xFF, 0xFF, 0xFF, 0xFE, 0x03, 0xC0, 0x78, 0x0F, 0xFD, 0xFF, 0xBF, 0xF7, 0x80, 0xF0, 0x1E, 0x03,
    0xFF, 0xFF, 0xFF, 0xFE, 0x3B, 0xCF, 0x78, 0xEF, 0x00, 0x0F, 0xFF, 0xFF, 0xFF, 0xFF, 0x80, 0xF0,
    0x1E, 0x03, 0xFF, 0x7F, 0xEF, 0xFD, 0xE0, 0x3C, 0x07, 0x80, 0xFF, 0xFF, 0xFF, 0xFF, 0x80, 0x21,
    0xC7, 0x8F, 0x1C, 0x07, 0x9E, 0x79, 0xE7, 0x9E, 0x79, 0xE7, 0x9E, 0x79, 0xE7, 0x9E, 0x78, 0x33,
    0xDF, 0xEE, 0x03, 0xDE, 0xF7, 0xBD, 0xEF, 0x7B, 0xDE, 0xF7, 0xBD, 0xEF, 0x00, 0x30, 0xF3, 0xF7,
    0xFC, 0xC0, 0x1E, 0x3C, 0x78, 0xF1, 0xE3, 0xC7, 0x8F, 0x1E, 0x3C, 0x78, 0xF1, 0xE3, 0xC7, 0x80,
    0xF7, 0x7B, 0xFD, 0xC0, 0x03, 0xC1, 0xE0, 0xF0, 0x78, 0x3C, 0x1E, 0x0F, 0x07, 0x83, 0xC1, 0xE0,
    0xF0, 0x78, 0x3C, 0x1E, 0x0F, 0x00, 0x3F, 0xE0, 0x7F, 0xF0, 0xFF, 0xF1, 0xE7, 0xE3, 0xC3, 0xE7,
    0x83, 0xFF, 0xC7, 0xFF, 0x8F, 0x3C, 0x1E, 0x78, 0x3C, 0xF0, 0xF9, 0xE7, 0xE3, 0xFF, 0x87, 0xFE,
    0x0F, 0xF8, 0x00, 0x0F, 0x60, 0x7F, 0x81, 0xBC, 0x00, 0x00, 0xF0, 0x3F, 0xE0, 0xFF, 0xC3, 0xFF,
    0x8F, 0xFE, 0x3F, 0xFC, 0xFF, 0x7B, 0xFD, 0xEF, 0xF3, 0xFF, 0xC7, 0xFF, 0x1F, 0xFC, 0x3F, 0xF0,
    0x7F, 0xC1, 0xFF, 0x03, 0xC0, 0x02, 0x00, 0x0E, 0x00, 0x1E, 0x00, 0x1E, 0x00, 0x1C, 0x00, 0x00,
    0x03, 0xF8, 0x1F, 0xF8, 0x7F, 0xF8, 0xF9, 0xFB, 0xE0, 0xF7, 0x81, 0xFF, 0x01, 0xFE, 0x03, 0xFC,
    0x07, 0xF8, 0x1F, 0xF8, 0x3C, 0xF9, 0xF9, 0xFF, 0xE1, 0xFF, 0xC0, 0xFE, 0x00, 0x01, 0x80, 0x07,
    0x80, 0x0F, 0x00, 0x3C, 0x00, 0x60, 0x00, 0x00, 0x03, 0xF8, 0x1F, 0xF8, 0x7F, 0xF8, 0xF9, 0xFB,
    0xE0, 0xF7, 0x81, 0xFF, 0x01, 0xFE, 0x03, 0xFC, 0x07, 0xF8, 0x1F, 0xF8, 0x3C, 0xF9, 0xF9, 0xFF,
    0xE1, 0xFF, 0xC0, 0xFE, 0x00, 0x03, 0x00, 0x0F, 0x00, 0x3F, 0x00, 0x7F, 0x00, 0xCC, 0x00, 0x00,
    0x03, 0xF8, 0x1F, 0xF8, 0x7F, 0xF8, 0xF9, 0xFB, 0xE0, 0xF7, 0x81, 0xFF, 0x01, 0xFE, 0x03, 0xFC,
    0x07, 0xF8, 0x1F, 0xF8, 0x3C, 0xF9, 0xF9, 0xFF, 0xE1, 0xFF, 0xC0, 0xFE, 0x00, 0x0F, 0x60, 0x3F,
    0xC0, 0x37, 0x80, 0x00, 0x00, 0xFE, 0x07, 0xFE, 0x1F, 0xFE, 0x3E, 0x7E, 0xF8, 0x3D, 0xE0, 0x7F,
    0xC0, 0x7F, 0x80, 0xFF, 0x01, 0xFE, 0x07, 0xFE, 0x0F, 0x3E, 0x7E, 0x7F, 0xF8, 0x7F, 0xF0, 0x3F,
    0x80, 0x1C, 0xE0, 0x3D, 0xC0, 0x73, 0x80, 0x00, 0x00, 0xFE, 0x07, 0xFE, 0x1F, 0xFE, 0x3E, 0x7E,
    0xF8, 0x3D, 0xE0, 0x7F, 0xC0, 0x7F, 0x80, 0xFF, 0x01, 0xFE, 0x07, 0xFE, 0x0F, 0x3E, 0x7E, 0x7F,
    0xF8, 0x7F, 0xF0, 0x3F, 0x80, 0x61, 0xBC, 0xFF, 0xF8, 0xFC, 0x3E, 0x0F, 0xC7, 0xFB, 0xCF, 0x61,
    0x80, 0x00, 0x08, 0x1F, 0xF8, 0xFF, 0xF3, 0xFF, 0xC7, 0xCF, 0xDF, 0x1F, 0xBC, 0x7F, 0xF9, 0xEF,
    0xF7, 0x9F, 0xEE, 0x3F, 0xFC, 0xFF, 0xF1, 0xE7, 0xCF, 0xCF, 0xFF, 0x1F, 0xFE, 0x7F, 0xF0, 0x20,
    0x00, 0x0C, 0x00, 0xF0, 0x07, 0xC0, 0x0E, 0x00, 0x30, 0x00, 0x03, 0xC1, 0xFE, 0x0F, 0xF0, 0x7F,
    0x83, 0xFC, 0x1F, 0xE0, 0xFF, 0x07, 0xF8, 0x3F, 0xC1, 0xFE, 0x0F, 0xF0, 0xFF, 0xEF, 0x9F, 0xFC,
    0x7F, 0xC1, 0xFC, 0x00, 0x01, 0x00, 0x1C, 0x01, 0xE0, 0x1E, 0x00, 0xE0, 0x00, 0x03, 0xC1, 0xFE,
    0x0F, 0xF0, 0x7F, 0x83, 0xFC, 0x1F, 0xE0, 0xFF, 0x07, 0xF8, 0x3F, 0xC1, 0xFE, 0x0F, 0xF0, 0xFF,
    0xEF, 0x9F, 0xFC, 0x7F, 0xC1, 0xFC, 0x00, 0x06, 0x00, 0x78, 0x07, 0xE0, 0x3F, 0x80, 0x98, 0x00,
    0x03, 0xC1, 0xFE, 0x0F, 0xF0, 0x7F, 0x83, 0xFC, 0x1F, 0xE0, 0xFF, 0x07, 0xF8, 0x3F, 0xC1, 0xFE,
    0x0F, 0xF0, 0xFF, 0xEF, 0x9F, 0xFC, 0x7F, 0xC1, 0xFC, 0x00, 0x3D, 0xC1, 0xEF, 0x0F, 0x70, 0x00,
    0x0F, 0x07, 0xF8, 0x3F, 0xC1, 0xFE, 0x0F, 0xF0, 0x7F, 0x83, 0xFC, 0x1F, 0xE0, 0xFF, 0x07, 0xF8,
    0x3F, 0xC3, 0xFF, 0xBE, 0x7F, 0xF1, 0xFF, 0x07, 0xF0, 0x01, 0x80, 0x0F, 0x00, 0x3C, 0x01, 0xE0,
    0x07, 0x00, 0x00, 0x0F, 0x83, 0xFE, 0x1E, 0x7C, 0x78, 0xF3, 0xC3, 0xFF, 0x07, 0xF8, 0x1F, 0xE0,
    0x3F, 0x00, 0xF8, 0x01, 0xE0, 0x07, 0x80, 0x1E, 0x00, 0x78, 0x01, 0xE0, 0x07, 0x80, 0xF0, 0x0F,
    0x00, 0xFF, 0xCF, 0xFE, 0xFF, 0xFF, 0x1F, 0xF0, 0xFF, 0x0F, 0xF3, 0xFF, 0xFF, 0xFF, 0xEF, 0xF8,
    0xF0, 0x0F, 0x00, 0xF0, 0x00, 0x3F, 0x83, 0xFE, 0x1F, 0xF1, 0xF7, 0x8F, 0x1C, 0x79, 0xE3, 0xDE,
    0x1E, 0xF0, 0xF7, 0x87, 0xBF, 0x3C, 0xFD, 0xE1, 0xEF, 0x6F, 0x7B, 0xFB, 0xFF, 0xDF, 0xFC, 0x0C,
    0x03, 0x80, 0x78, 0x07, 0x80, 0x70, 0x00, 0x0F, 0xE1, 0xFE, 0x3F, 0xC6, 0x7C, 0xFF, 0xBF, 0xF7,
    0x9F, 0xF3, 0xDF, 0xFB, 0xFF, 0x3F, 0xC0, 0x02, 0x00, 0xE0, 0x3C, 0x0F, 0x00, 0xC0, 0x00, 0x0F,
    0xE1, 0xFE, 0x3F, 0xC6, 0x7C, 0xFF, 0xBF, 0xF7, 0x9F, 0xF3, 0xDF, 0xFB, 0xFF, 0x3F, 0xC0, 0x0C,
    0x01, 0xC0, 0x7C, 0x1F, 0xC1, 0x10, 0x00, 0x0F, 0xE1, 0xFE, 0x3F, 0xC6, 0x7C, 0xFF, 0xBF, 0xF7,
    0x9F, 0xF3, 0xDF, 0xFB, 0xFF, 0x3F, 0xC0, 0x3D, 0x87, 0xF8, 0xDE, 0x00, 0x00, 0x00, 0x7F, 0x0F,
    0xF1, 0xFE, 0x33, 0xE7, 0xFD, 0xFF, 0xBC, 0xFF, 0x9E, 0xFF, 0xDF, 0xF9, 0xFE, 0x3B, 0xCF, 0x78,
    0xEF, 0x00, 0x00, 0x00, 0x7F, 0x0F, 0xF1, 0xFE, 0x33, 0xE7, 0xFD, 0xFF, 0xBC, 0xFF, 0x9E, 0xFF,
    0xDF, 0xF9, 0xFE, 0x0F, 0x03, 0xE0, 0x6E, 0x0F, 0xC1, 0xF0, 0x1E, 0x00, 0x01, 0xFC, 0x3F, 0xC7,
    0xF8, 0xCF, 0x9F, 0xF7, 0xFE, 0xF3, 0xFE, 0x7B, 0xFF, 0x7F, 0xE7, 0xF8, 0x3F, 0xFF, 0x0F, 0xFF,
    0xE3, 0xFF, 0xF8, 0xCF, 0x9F, 0x3F, 0xFF, 0xDF, 0xFF, 0xF7, 0x9E, 0x03, 0xE7, 0xC6, 0x7F, 0xFF,
    0x9F, 0xFF, 0xE3, 0xFF, 0xF8, 0x1F, 0xCF, 0xF7, 0xFD, 0xF2, 0x78, 0x1E, 0x07, 0x81, 0xF3, 0x7F,
    0xCF, 0xF0, 0xFC, 0x3C, 0x07, 0x07, 0xC1, 0xF0, 0x0C, 0x00, 0xE0, 0x0F, 0x00, 0x78, 0x03, 0x00,
    0x00, 0x1F, 0x83, 0xFE, 0x7F, 0xE7, 0x9F, 0x7F, 0xF7, 0xFF, 0x78, 0x07, 0xC6, 0x7F, 0xE3, 0xFE,
    0x1F, 0xE0, 0x03, 0x00, 0x78, 0x07, 0x80, 0xF0, 0x0C, 0x00, 0x00, 0x1F, 0x83, 0xFE, 0x7F, 0xE7,
    0x9F, 0x7F, 0xF7, 0xFF, 0x78, 0x07, 0xC6, 0x7F, 0xE3, 0xFE, 0x1F, 0xE0, 0x06, 0x00, 0xF0, 0x1F,
    0x81, 0xFC, 0x19, 0x80, 0x00, 0x1F, 0x83, 0xFE, 0x7F, 0xE7, 0x9F, 0x7F, 0xF7, 0xFF, 0x78, 0x07,
    0xC6, 0x7F, 0xE3, 0xFE, 0x1F, 0xE0, 0x3D, 0xC3, 0xDE, 0x3D, 0xC0, 0x00, 0x00, 0x01, 0xF8, 0x3F,
    0xE7, 0xFE, 0x79, 0xF7, 0xFF, 0x7F, 0xF7, 0x80, 0x7C, 0x67, 0xFE, 0x3F, 0xE1, 0xFE, 0x63, 0xC7,
    0x8E, 0x18, 0x07, 0x9E, 0x79, 0xE7, 0x9E, 0x79, 0xE7, 0x9E, 0x78, 0x18, 0xF3, 0xDE, 0x60, 0x07,
    0x9E, 0x79, 0xE7, 0x9E, 0x79, 0xE7, 0x9E, 0x78, 0x18, 0x3C, 0x7E, 0x7F, 0x66, 0x00, 0x3C, 0x3C,
    0x3C, 0x3C, 0x3C, 0x3C, 0x3C, 0x3C, 0x3C, 0x3C, 0x3C, 0x73, 0xBF, 0xDC, 0xE0, 0x00, 0x00, 0xF0,
    0x78, 0x3C, 0x1E, 0x0F, 0x07, 0x83, 0xC1, 0xE0, 0xF0, 0x78, 0x3C, 0x07, 0x00, 0x3F, 0x81, 0xFC,
    0x1F, 0xC0, 0x7E, 0x00, 0x78, 0x7F, 0xC7, 0xFE, 0x7F, 0xF3, 0xEF, 0x9E, 0x3C, 0xF1, 0xE7, 0x9F,
    0x3F, 0xF0, 0xFF, 0x03, 0xF0, 0x3D, 0x9F, 0xE7, 0xF8, 0x00, 0x00, 0x3F, 0xEF, 0xFB, 0xFF, 0xF3,
    0xFC, 0xFF, 0x3F, 0xCF, 0xF3, 0xFC, 0xFF, 0x3F, 0xCF, 0x04, 0x00, 0xE0, 0x0F, 0x00, 0x78, 0x03,
    0x80, 0x00, 0x1F, 0xC3, 0xFE, 0x7F, 0xE7, 0xDF, 0x78, 0xF7, 0x8F, 0x78, 0xF7, 0xDF, 0x7F, 0xE3,
    0xFE, 0x1F, 0xC0, 0x03, 0x00, 0x38, 0x07, 0x80, 0xF0, 0x0E, 0x00, 0x00, 0x1F, 0xC3, 0xFE, 0x7F,
    0xE7, 0xDF, 0x78, 0xF7, 0x8F, 0x78, 0xF7, 0xDF, 0x7F, 0xE3, 0xFE, 0x1F, 0xC0, 0x06, 0x00, 0xF0,
    0x1F, 0x81, 0xFC, 0x19, 0x80, 0x00, 0x1F, 0xC3, 0xFE, 0x7F, 0xE7, 0xDF, 0x78, 0xF7, 0x8F, 0x78,
    0xF7, 0xDF, 0x7F, 0xE3, 0xFE, 0x1F, 0xC0, 0x1E, 0xC3, 0xFC, 0x1B, 0xC0, 0x00, 0x00, 0x01, 0xFC,
    0x3F, 0xE7, 0xFE, 0x7D, 0xF7, 0x8F, 0x78, 0xF7, 0x8F, 0x7D, 0xF7, 0xFE, 0x3F, 0xE1, 0xFC, 0x3D,
    0xC3, 0xDE, 0x3D, 0xC0, 0x00, 0x00, 0x01, 0xFC, 0x3F, 0xE7, 0xFE, 0x7D, 0xF7, 0x8F, 0x78, 0xF7,
    0x8F, 0x7D, 0xF7, 0xFE, 0x3F, 0xE1, 0xFC, 0x1E, 0x07, 0x81, 0xE0, 0x78, 0x00, 0x3F, 0xFF, 0xFF,
    0xFF, 0x00, 0x07, 0x81, 0xE0, 0x78, 0x1E, 0x00, 0x00, 0x21, 0xFF, 0x3F, 0xE7, 0xFE, 0x7F, 0xF7,
    0xBF, 0x77, 0xF7, 0xEF, 0x7D, 0xF7, 0xFE, 0x7F, 0xE7, 0xFC, 0x20, 0x00, 0x18, 0x0F, 0x03, 0xC0,
    0x78, 0x0E, 0x00, 0x0F, 0x3F, 0xCF, 0xF3, 0xFC, 0xFF, 0x3F, 0xCF, 0xF3, 0xFE, 0xFF, 0xFD, 0xFF,
    0x3F, 0xC0, 0x06, 0x03, 0xC0, 0xF0, 0x78, 0x18, 0x00, 0x0F, 0x3F, 0xCF, 0xF3, 0xFC, 0xFF, 0x3F,
    0xCF, 0xF3, 0xFE, 0xFF, 0xFD, 0xFF, 0x3F, 0xC0, 0x0C, 0x07, 0x83, 0xF0, 0xFE, 0x33, 0x00, 0x0F,
    0x3F, 0xCF, 0xF3, 0xFC, 0xFF, 0x3F, 0xCF, 0xF3, 0xFE, 0xFF, 0xFD, 0xFF, 0x3F, 0xC0, 0x73, 0x9E,
    0xE7, 0x38, 0x00, 0x00, 0x3C, 0xFF, 0x3F, 0xCF, 0xF3, 0xFC, 0xFF, 0x3F, 0xCF, 0xFB, 0xFF, 0xF7,
    0xFC, 0xFF, 0x03, 0x00, 0x38, 0x07, 0x80, 0xF0, 0x0E, 0x00, 0x00, 0xF0, 0xFF, 0x1E, 0x79, 0xE7,
    0x9E, 0x7B, 0xC3, 0xFC, 0x3F, 0x81, 0xF8, 0x1F, 0x81, 0xF0, 0x0F, 0x01, 0xE0, 0xFE, 0x0F, 0xC0,
    0xF8, 0x00, 0xF0, 0x1E, 0x03, 0xC0, 0x78, 0x0F, 0x01, 0xFE, 0x3F, 0xF7, 0xFE, 0xF3, 0xFE, 0x3F,
    0xC7, 0xF8, 0xFF, 0x3F, 0xFF, 0xBF, 0xF7, 0xFC, 0xF0, 0x1E, 0x03, 0xC0, 0x78, 0x00, 0x39, 0xC3,
    0xBC, 0x39, 0xC0, 0x00, 0x00, 0x0F, 0x0F, 0xF1, 0xE7, 0x9E, 0x79, 0xE7, 0xBC, 0x3F, 0xC3, 0xF8,
    0x1F, 0x81, 0xF8, 0x1F, 0x00, 0xF0, 0x1E, 0x0F, 0xE0, 0xFC, 0x0F, 0x80, 0x0F, 0xE0, 0x1F, 0xC0,
    0x00, 0x00, 0x3E, 0x00, 0x7C, 0x00, 0xFC, 0x03, 0xF8, 0x07, 0xF0, 0x1E, 0xF0, 0x3D, 0xE0, 0x71,
    0xE1, 0xE3, 0xC3, 0xFF, 0x8F, 0xFF, 0x9F, 0xFF, 0x3C, 0x1E, 0xF0, 0x1F, 0xE0, 0x3C, 0x3F, 0x87,
    0xF0, 0x00, 0x00, 0x03, 0xF8, 0x7F, 0x8F, 0xF1, 0x9F, 0x3F, 0xEF, 0xFD, 0xE7, 0xFC, 0xF7, 0xFE,
    0xFF, 0xCF, 0xF0, 0x0E, 0xF0, 0x1F, 0xC0, 0x1F, 0x00, 0x00, 0x00, 0x7C, 0x00, 0xF8, 0x01, 0xF8,
    0x07, 0xF0, 0x0F, 0xE0, 0x3D, 0xE0, 0x7B, 0xC0, 0xE3, 0xC3, 0xC7, 0x87, 0xFF, 0x1F, 0xFF, 0x3F,
    0xFE, 0x78, 0x3D, 0xE0, 0x3F, 0xC0, 0x78, 0x3B, 0xC7, 0xF0, 0x7C, 0x00, 0x00, 0x00, 0x7F, 0x0F,
    0xF1, 0xFE, 0x33, 0xE7, 0xFD, 0xFF, 0xBC, 0xFF, 0x9E, 0xFF, 0xDF, 0xF9, 0xFE, 0x07, 0xC0, 0x07,
    0xC0, 0x07, 0xE0, 0x0F, 0xE0, 0x0F, 0xE0, 0x1E, 0xF0, 0x1E, 0xF0, 0x1C, 0x78, 0x3C, 0x78, 0x3F,
    0xF8, 0x7F, 0xFC, 0x7F, 0xFC, 0x78, 0x3C, 0xF0, 0x1E, 0xF0, 0x1E, 0x00, 0x1E, 0x00, 0x1C, 0x00,
    0x3C, 0x00, 0x3F, 0x00, 0x1F, 0x3F, 0x87, 0xF8, 0xFF, 0x19, 0xF3, 0xFE, 0xFF, 0xDE, 0x7F, 0xCF,
    0x7F, 0xEF, 0xFC, 0xFF, 0x81, 0xE0, 0x78, 0x0F, 0xC0, 0xF8, 0x01, 0x80, 0x1E, 0x00, 0xF0, 0x0F,
    0x00, 0x70, 0x00, 0x00, 0x3F, 0xC7, 0xFE, 0x7F, 0xF3, 0xF7, 0xBE, 0x01, 0xE0, 0x0F, 0x00, 0x78,
    0x03, 0xC0, 0x1E, 0x00, 0xF8, 0x07, 0xE3, 0x9F, 0xFC, 0x7F, 0xE1, 0xFF, 0x00, 0x03, 0x00, 0xE0,
    0x78, 0x3C, 0x0E, 0x00, 0x01, 0xFC, 0xFF, 0x7F, 0xDF, 0x27, 0x81, 0xE0, 0x78, 0x1F, 0x37, 0xFC,
    0xFF, 0x1F, 0xC0, 0x03, 0x00, 0x3C, 0x03, 0xF0, 0x1F, 0xC0, 0xCC, 0x00, 0x00, 0x3F, 0xC7, 0xFE,
    0x7F, 0xF3, 0xF7, 0xBE, 0x01, 0xE0, 0x0F, 0x00, 0x78, 0x03, 0xC0, 0x1E, 0x00, 0xF8, 0x07, 0xE3,
    0x9F, 0xFC, 0x7F, 0xE1, 0xFF, 0x00, 0x06, 0x03, 0xC1, 0xF8, 0x7F, 0x19, 0x80, 0x01, 0xFC, 0xFF,
    0x7F, 0xDF, 0x27, 0x81, 0xE0, 0x78, 0x1F, 0x37, 0xFC, 0xFF, 0x1F, 0xC0, 0x03, 0x80, 0x3C, 0x00,
    0xE0, 0x00, 0x00, 0xFF, 0x1F, 0xF9, 0xFF, 0xCF, 0xDE, 0xF8, 0x07, 0x80, 0x3C, 0x01, 0xE0, 0x0F,
    0x00, 0x78, 0x03, 0xE0, 0x1F, 0x8E, 0x7F, 0xF1, 0xFF, 0x87, 0xFC, 0x07, 0x03, 0xC0, 0x70, 0x00,
    0x00, 0x07, 0xF3, 0xFD, 0xFF, 0x7C, 0x9E, 0x07, 0x81, 0xE0, 0x7C, 0xDF, 0xF3, 0xFC, 0x7F, 0x0C,
    0xC0, 0x7F, 0x03, 0xF0, 0x0F, 0x00, 0x30, 0x00, 0x00, 0x3F, 0xC7, 0xFE, 0x7F, 0xF3, 0xF7, 0xBE,
    0x01, 0xE0, 0x0F, 0x00, 0x78, 0x03, 0xC0, 0x1E, 0x00, 0xF8, 0x07, 0xE3, 0x9F, 0xFC, 0x7F, 0xE1,
    0xFF, 0x00, 0x19, 0x87, 0xF1, 0xF8, 0x3C, 0x06, 0x00, 0x01, 0xFC, 0xFF, 0x7F, 0xDF, 0x27, 0x81,
    0xE0, 0x78, 0x1F, 0x37, 0xFC, 0xFF, 0x1F, 0xC0, 0x09, 0x80, 0x7F, 0x00, 0xF8, 0x03, 0xC0, 0x06,
    0x00, 0x00, 0x0F, 0xFC, 0x3F, 0xF8, 0xFF, 0xF3, 0xC7, 0xEF, 0x07, 0xBC, 0x1F, 0xF0, 0x3F, 0xC0,
    0xFF, 0x03, 0xFC, 0x1F, 0xF0, 0x7B, 0xC7, 0xEF, 0xFF, 0x3F, 0xF8, 0xFF, 0xC0, 0x00, 0xFF, 0x00,
    0xFE, 0x00, 0xFE, 0x00, 0xFE, 0x00, 0xFE, 0x1F, 0xF0, 0x3F, 0xF0, 0x7F, 0xF0, 0x7D, 0xF0, 0x78,
    0xF0, 0x78, 0xF0, 0x78, 0xF0, 0x7C, 0xF0, 0x7F, 0xF0, 0x3F, 0xF0, 0x1F, 0xE0, 0x3F, 0xE0, 0x7F,
    0xF0, 0xFF, 0xF1, 0xE7, 0xE3, 0xC3, 0xE7, 0x83, 0xFF, 0xC7, 0xFF, 0x8F, 0x3C, 0x1E, 0x78, 0x3C,
    0xF0, 0xF9, 0xE7, 0xE3, 0xFF, 0x87, 0xFE, 0x0F, 0xF8, 0x00, 0x00, 0xF0, 0x3F, 0xC1, 0xFE, 0x01,
    0xE0, 0x0F, 0x0F, 0xF8, 0xFF, 0xCF, 0xFE, 0x7D, 0xF3, 0xC7, 0x9E, 0x3C, 0xF1, 0xE7, 0xCF, 0x3F,
    0xF8, 0xFF, 0xC3, 0xFC, 0x3F, 0x87, 0xF0, 0x00, 0x7F, 0xFF, 0xFF, 0xFF, 0xFC, 0x07, 0x80, 0xF0,
    0x1F, 0xFB, 0xFF, 0x7F, 0xEF, 0x01, 0xE0, 0x3C, 0x07, 0xFF, 0xFF, 0xFF, 0xFC, 0x3F, 0xC3, 0xFC,
    0x00, 0x00, 0x00, 0x1F, 0x83, 0xFE, 0x7F, 0xE7, 0x9F, 0x7F, 0xF7, 0xFF, 0x78, 0x07, 0xC6, 0x7F,
    0xE3, 0xFE, 0x1F, 0xE0, 0x3B, 0x87, 0xF0, 0x7C, 0x00, 0x0F, 0xFF, 0xFF, 0xFF, 0xFF, 0x80, 0xF0,
    0x1E, 0x03, 0xFF, 0x7F, 0xEF, 0xFD, 0xE0, 0x3C, 0x07, 0x80, 0xFF, 0xFF, 0xFF, 0xFF, 0x80, 0x3D,
    0xC1, 0xFC, 0x0F, 0x80, 0x00, 0x00, 0x01, 0xF8, 0x3F, 0xE7, 0xFE, 0x79, 0xF7, 0xFF, 0x7F, 0xF7,
    0x80, 0x7C, 0x67, 0xFE, 0x3F, 0xE1, 0xFE, 0x0E, 0x01, 0xE0, 0x38, 0x00, 0x0F, 0xFF, 0xFF, 0xFF,
    0xFF, 0x80, 0xF0, 0x1E, 0x03, 0xFF, 0x7F, 0xEF, 0xFD, 0xE0, 0x3C, 0x07, 0x80, 0xFF, 0xFF, 0xFF,
    0xFF, 0x80, 0x0F, 0x00, 0xF0, 0x0F, 0x00, 0x00, 0x00, 0x01, 0xF8, 0x3F, 0xE7, 0xFE, 0x79, 0xF7,
    0xFF, 0x7F, 0xF7, 0x80, 0x7C, 0x67, 0xFE, 0x3F, 0xE1, 0xFE, 0xFF, 0xEF, 0xFE, 0xFF, 0xEF, 0x00,
    0xF0, 0x0F, 0x00, 0xFF, 0xCF, 0xFC, 0xFF, 0xCF, 0x00, 0xF0, 0x0F, 0x00, 0xFF, 0xEF, 0xFE, 0xFF,
    0xE0, 0x1E, 0x01, 0xC0, 0x3C, 0x03, 0xF0, 0x1F, 0x1F, 0x83, 0xFE, 0x7F, 0xE7, 0x9F, 0x7F, 0xF7,
    0xFF, 0x78, 0x07, 0xC6, 0x7F, 0xE3, 0xFE, 0x1F, 0xE0, 0x3C, 0x03, 0x80, 0x3E, 0x03, 0xE0, 0x19,
    0x87, 0xF0, 0x7E, 0x07, 0x80, 0x60, 0x00, 0x3F, 0xFF, 0xFF, 0xFF, 0xFE, 0x03, 0xC0, 0x78, 0x0F,
    0xFD, 0xFF, 0xBF, 0xF7, 0x80, 0xF0, 0x1E, 0x03, 0xFF, 0xFF, 0xFF, 0xFE, 0x19, 0x81, 0xFC, 0x1F,
    0x80, 0xF0, 0x06, 0x00, 0x00, 0x1F, 0x83, 0xFE, 0x7F, 0xE7, 0x9F, 0x7F, 0xF7, 0xFF, 0x78, 0x07,
    0xC6, 0x7F, 0xE3, 0xFE, 0x1F, 0xE0, 0x03, 0x00, 0x3C, 0x03, 0xF0, 0x1F, 0xC0, 0xCC, 0x00, 0x00,
    0x3F, 0xC7, 0xFE, 0x7F, 0xF3, 0xF3, 0xBE, 0x01, 0xE0, 0x0F, 0x00, 0x78, 0x3F, 0xC1, 0xFE, 0x0F,
    0xF8, 0x7B, 0xE3, 0xDF, 0xFE, 0x7F, 0xF1, 0xFF, 0x00, 0x03, 0x00, 0xF0, 0x3F, 0x0F, 0xE0, 0xCC,
    0x00, 0x07, 0xF9, 0xFF, 0x7F, 0xEF, 0xBD, 0xE7, 0xBC, 0xF7, 0x9E, 0xFF, 0xCF, 0xF8, 0xFF, 0x01,
    0xE6, 0x7D, 0xFF, 0xBF, 0xE7, 0xF8, 0x1E, 0xE0, 0x7F, 0x01, 0xF0, 0x00, 0x00, 0xFF, 0x1F, 0xF9,
    0xFF, 0xCF, 0xCE, 0xF8, 0x07, 0x80, 0x3C, 0x01, 0xE0, 0xFF, 0x07, 0xF8, 0x3F, 0xE1, 0xEF, 0x8F,
    0x7F, 0xF9, 0xFF, 0xC7, 0xFC, 0x1D, 0xC3, 0xF8, 0x3E, 0x00, 0x00, 0x00, 0x3F, 0xCF, 0xFB, 0xFF,
    0x7D, 0xEF, 0x3D, 0xE7, 0xBC, 0xF7, 0xFE, 0x7F, 0xC7, 0xF8, 0x0F, 0x33, 0xEF, 0xFD, 0xFF, 0x3F,
    0xC0, 0x03, 0x80, 0x3C, 0x00, 0xE0, 0x00, 0x00, 0xFF, 0x1F, 0xF9, 0xFF, 0xCF, 0xCE, 0xF8, 0x07,
    0x80, 0x3C, 0x01, 0xE0, 0xFF, 0x07, 0xF8, 0x3F, 0xE1, 0xEF, 0x8F, 0x7F, 0xF9, 0xFF, 0xC7, 0xFC,
    0x07, 0x01, 0xE0, 0x1C, 0x00, 0x00, 0x00, 0x3F, 0xCF, 0xFB, 0xFF, 0x7D, 0xEF, 0x3D, 0xE7, 0xBC,
    0xF7, 0xFE, 0x7F, 0xC7, 0xF8, 0x0F, 0x33, 0xEF, 0xFD, 0xFF, 0x3F, 0xC0, 0x0F, 0xF1, 0xFF, 0x9F,
    0xFC, 0xFC, 0xEF, 0x80, 0x78, 0x03, 0xC0, 0x1E, 0x0F, 0xF0, 0x7F, 0x83, 0xFE, 0x1E, 0xF8, 0xF7,
    0xFF, 0x9F, 0xFC, 0x7F, 0xC0, 0x00, 0x03, 0x80, 0x3C, 0x03, 0xE0, 0x1E, 0x00, 0x03, 0x80, 0xF0,
    0x1C, 0x03, 0x80, 0x00, 0x00, 0x07, 0xF9, 0xFF, 0x7F, 0xEF, 0xBD, 0xE7, 0xBC, 0xF7, 0x9E, 0xFF,
    0xCF, 0xF8, 0xFF, 0x01, 0xE6, 0x7D, 0xFF, 0xBF, 0xE7, 0xF8, 0x03, 0x00, 0x3C, 0x03, 0xF0, 0x3F,
    0x80, 0xCC, 0x00, 0x03, 0xC1, 0xFE, 0x0F, 0xF0, 0x7F, 0x83, 0xFC, 0x1F, 0xE0, 0xFF, 0xFF, 0xFF,
    0xFF, 0xFF, 0xFE, 0x0F, 0xF0, 0x7F, 0x83, 0xFC, 0x1F, 0xE0, 0xFF, 0x07, 0x80, 0x38, 0x3F, 0x8E,
    0xE0, 0x00, 0xF0, 0x3C, 0x0F, 0x03, 0xC0, 0xF0, 0x3F, 0xEF, 0xFF, 0xFF, 0xF3, 0xFC, 0xFF, 0x3F,
    0xCF, 0xF3, 0xFC, 0xFF, 0x3F, 0xCF, 0x3C, 0x3C, 0x3C, 0x3C, 0xFF, 0xFF, 0xFF, 0xFF, 0x3C, 0x3C,
    0x3C, 0x3C, 0x3F, 0xFC, 0x3F, 0xFC, 0x3F, 0xFC, 0x3C, 0x3C, 0x3C, 0x3C, 0x3C, 0x3C, 0x3C, 0x3C,
    0x3C, 0x3C, 0x3C, 0x3C, 0x78, 0x07, 0x80, 0xFF, 0x0F, 0xF0, 0x78, 0x07, 0xFC, 0x7F, 0xE7, 0xFE,
    0x79, 0xE7, 0x8F, 0x78, 0xF7, 0x8F, 0x78, 0xF7, 0x8F, 0x78, 0xF7, 0x8F, 0x7B, 0x7F, 0x9B, 0xC0,
    0x03, 0xC1, 0xE0, 0xF0, 0x78, 0x3C, 0x1E, 0x0F, 0x07, 0x83, 0xC1, 0xE0, 0xF0, 0x78, 0x3C, 0x1E,
    0x0F, 0x00, 0x7B, 0xFF, 0xFE, 0x00, 0x00, 0x3C, 0x3C, 0x3C, 0x3C, 0x3C, 0x3C, 0x3C, 0x3C, 0x3C,
    0x3C, 0x3C, 0x7F, 0x7F, 0x00, 0x3C, 0x3C, 0x3C, 0x3C, 0x3C, 0x3C, 0x3C, 0x3C, 0x3C, 0x3C, 0x3C,
    0x3C, 0x3C, 0x3C, 0x3C, 0xFF, 0xFF, 0x00, 0x00, 0x3C, 0x3C, 0x3C, 0x3C, 0x3C, 0x3C, 0x3C, 0x3C,
    0x3C, 0x3C, 0x3C, 0xEF, 0xFD, 0xF0, 0x07, 0x8F, 0x1E, 0x3C, 0x78, 0xF1, 0xE3, 0xC7, 0x8F, 0x1E,
    0x3C, 0x78, 0xF1, 0xE0, 0xF7, 0x7E, 0x7E, 0x00, 0x00, 0x3C, 0x3C, 0x3C, 0x3C, 0x3C, 0x3C, 0x3C,
    0x3C, 0x3C, 0x3C, 0x3C, 0x79, 0xE7, 0x9E, 0x79, 0xE7, 0x9E, 0x79, 0xE7, 0x9E, 0x79, 0xE7, 0x9E,
    0x73, 0xCF, 0xDF, 0x79, 0xE7, 0x9E, 0x01, 0xE7, 0x9E, 0x79, 0xE7, 0x9E, 0x79, 0xE7, 0x9E, 0x7B,
    0xCF, 0x3E, 0x78, 0x7F, 0x70, 0xFF, 0xFF, 0xFF, 0xFF, 0xFF, 0xFF, 0xFF, 0xF0, 0xFF, 0xFF, 0xFF,
    0xFF, 0xFF, 0xF0, 0xF0, 0x0F, 0xF0, 0x0F, 0xF0, 0x0F, 0xF0, 0x0F, 0xF0, 0x0F, 0xF0, 0x0F, 0xF0,
    0x0F, 0xF0, 0x0F, 0xF0, 0x0F, 0xF0, 0x0F, 0xF0, 0x1E, 0xF3, 0xBE, 0xF3, 0xFE, 0xF3, 0xFC, 0xF3,
    0xF8, 0xF3, 0xFC, 0xFF, 0x3F, 0xCF, 0x00, 0x3C, 0xFF, 0x3F, 0xCF, 0xF3, 0xFC, 0xFF, 0x3F, 0xCF,
    0xF3, 0xFC, 0xFF, 0x3F, 0xCF, 0x03, 0xC7, 0xF1, 0xF8, 0x7C, 0x01, 0x80, 0x3C, 0x07, 0xE0, 0xFE,
    0x06, 0x60, 0x00, 0x03, 0xC0, 0x3C, 0x03, 0xC0, 0x3C, 0x03, 0xC0, 0x3C, 0x03, 0xC0, 0x3C, 0x03,
    0xC0, 0x3C, 0x03, 0xC6, 0x7C, 0xFF, 0xCF, 0xF8, 0x7F, 0x00, 0x0C, 0x0F, 0x0F, 0xC7, 0xE3, 0x30,
    0x00, 0x78, 0x3C, 0x1E, 0x0F, 0x07, 0x83, 0xC1, 0xE0, 0xF0, 0x78, 0x3C, 0x1E, 0x0F, 0x3F, 0x9F,
    0x8F, 0x80, 0xF0, 0xFB, 0xC7, 0xCF, 0x3E, 0x3D, 0xF0, 0xFF, 0x83, 0xFC, 0x0F, 0xE0, 0x3F, 0xC0,
    0xFF, 0x83, 0xDF, 0x0F, 0x3C, 0x3C, 0xF8, 0xF1, 0xF3, 0xC3, 0xCF, 0x0F, 0x80, 0x00, 0x07, 0x00,
    0x1C, 0x00, 0xF0, 0x03, 0x80, 0xF0, 0x1E, 0x03, 0xC0, 0x78, 0x0F, 0x01, 0xE7, 0xFD, 0xF7, 0xFC,
    0xFF, 0x1F, 0xC3, 0xFC, 0x7F, 0x8F, 0x79, 0xEF, 0xBC, 0xFF, 0x8F, 0x00, 0x01, 0xC0, 0x78, 0x1F,
    0x03, 0xC0, 0xF3, 0xEF, 0x7C, 0xFF, 0x8F, 0xF0, 0xFE, 0x0F, 0xF0, 0xFF, 0x0F, 0x78, 0xF7, 0xCF,
    0x3C, 0xF1, 0xE0, 0x18, 0x07, 0x01, 0xE0, 0x78, 0x06, 0x00, 0x00, 0x3C, 0x07, 0x80, 0xF0, 0x1E,
    0x03, 0xC0, 0x78, 0x0F, 0x01, 0xE0, 0x3C, 0x07, 0x80, 0xF0, 0x1E, 0x03, 0xFF, 0xFF, 0xFF, 0xFE,
    0x19, 0xEF, 0xB8, 0x03, 0xCF, 0x3C, 0xF3, 0xCF, 0x3C, 0xF3, 0xCF, 0x3C, 0xF3, 0xEF, 0xDE, 0x78,
    0xF0, 0x1E, 0x03, 0xC0, 0x78, 0x0F, 0x01, 0xE0, 0x3C, 0x07, 0x80, 0xF0, 0x1E, 0x03, 0xC0, 0x78,
    0x0F, 0xFF, 0xFF, 0xFF, 0xF8, 0x00, 0x0F, 0x01, 0xE0, 0x78, 0x0F, 0x00, 0xF3, 0xCF, 0x3C, 0xF3,
    0xCF, 0x3C, 0xF3, 0xCF, 0x3C, 0xFB, 0xF7, 0x9E, 0x01, 0xC7, 0x3C, 0xE0, 0xF0, 0x1E, 0x73, 0xCE,
    0x79, 0xCF, 0x39, 0xE6, 0x3C, 0x07, 0x80, 0xF0, 0x1E, 0x03, 0xC0, 0x78, 0x0F, 0xFF, 0xFF, 0xFF,
    0xF8, 0xF7, 0xF7, 0xF7, 0xF6, 0xF6, 0xF0, 0xF0, 0xF0, 0xF0, 0xF0, 0xF0, 0xF0, 0xF8, 0xFC, 0x78,
    0x78, 0xF0, 0x1E, 0x03, 0xC0, 0x78, 0x0F, 0x3D, 0xE7, 0xBC, 0xF7, 0x9E, 0xF0, 0x1E, 0x03, 0xC0,
    0x78, 0x0F, 0xFF, 0xFF, 0xFF, 0xF8, 0xF0, 0x3C, 0x0F, 0x03, 0xC0, 0xF0, 0x3C, 0xEF, 0x7F, 0xDF,
    0xF3, 0xBC, 0x0F, 0x03, 0xC0, 0xF8, 0x3F, 0x07, 0x81, 0xE0, 0x3C, 0x01, 0xE0, 0x0F, 0x00, 0x78,
    0x03, 0xF8, 0x1F, 0xC0, 0xFE, 0x1F, 0xC0, 0xFC, 0x07, 0xE0, 0x0F, 0x00, 0x78, 0x03, 0xFF, 0x1F,
    0xF8, 0xFF, 0xC0, 0x1E, 0x0F, 0x07, 0x83, 0xC1, 0xF0, 0xFC, 0xFE, 0xFC, 0x7E, 0x0F, 0x07, 0x83,
    0xC1, 0xE0, 0xF8, 0x7C, 0x1E, 0x01, 0x80, 0x0F, 0x00, 0x7C, 0x01, 0xC0, 0x06, 0x00, 0x00, 0x0F,
    0x03, 0xFE, 0x0F, 0xFC, 0x3F, 0xF8, 0xFF, 0xE3, 0xFF, 0xCF, 0xF7, 0xBF, 0xDE, 0xFF, 0x3F, 0xFC,
    0x7F, 0xF1, 0xFF, 0xC3, 0xFF, 0x07, 0xFC, 0x1F, 0xF0, 0x3C, 0x06, 0x03, 0xC1, 0xF0, 0x70, 0x18,
    0x00, 0x0F, 0xFB, 0xFE, 0xFF, 0xFC, 0xFF, 0x3F, 0xCF, 0xF3, 0xFC, 0xFF, 0x3F, 0xCF, 0xF3, 0xC0,
    0xF0, 0x3F, 0xE0, 0xFF, 0xC3, 0xFF, 0x8F, 0xFE, 0x3F, 0xFC, 0xFF, 0x7B, 0xFD, 0xEF, 0xF3, 0xFF,
    0xC7, 0xFF, 0x1F, 0xFC, 0x3F, 0xF0, 0x7F, 0xC1, 0xFF, 0x03, 0xC0, 0x00, 0x03, 0x80, 0x1E, 0x00,
    0xF8, 0x03, 0xC0, 0xFF, 0xBF, 0xEF, 0xFF, 0xCF, 0xF3, 0xFC, 0xFF, 0x3F, 0xCF, 0xF3, 0xFC, 0xFF,
    0x3C, 0x00, 0x0E, 0x07, 0x83, 0xE0, 0xF0, 0x0C, 0xC0, 0x7F, 0x00, 0xFC, 0x01, 0xE0, 0x03, 0x00,
    0x00, 0x0F, 0x03, 0xFE, 0x0F, 0xFC, 0x3F, 0xF8, 0xFF, 0xE3, 0xFF, 0xCF, 0xF7, 0xBF, 0xDE, 0xFF,
    0x3F, 0xFC, 0x7F, 0xF1, 0xFF, 0xC3, 0xFF, 0x07, 0xFC, 0x1F, 0xF0, 0x3C, 0x33, 0x0F, 0xE3, 0xF0,
    0x78, 0x0C, 0x00, 0x0F, 0xFB, 0xFE, 0xFF, 0xFC, 0xFF, 0x3F, 0xCF, 0xF3, 0xFC, 0xFF, 0x3F, 0xCF,
    0xF3, 0xC0, 0x70, 0x03, 0x80, 0x1C, 0x00, 0xE0, 0x0E, 0x00, 0x0F, 0xF0, 0x7F, 0xC3, 0xFF, 0x1E,
    0xF8, 0xF3, 0xC7, 0x9E, 0x3C, 0xF1, 0xE7, 0x8F, 0x3C, 0x79, 0xE3, 0xCF, 0xF0, 0x3F, 0xE0, 0xFF,
    0xC3, 0xFF, 0x8F, 0xFE, 0x3F, 0xFC, 0xFF, 0x7B, 0xFD, 0xEF, 0xF3, 0xFF, 0xC7, 0xFF, 0x1F, 0xFC,
    0x3F, 0xF0, 0x7F, 0xC1, 0xFF, 0x03, 0xC0, 0x1F, 0x01, 0xF8, 0x07, 0xE0, 0x1F, 0x00, 0xFF, 0xBF,
    0xEF, 0xFF, 0xCF, 0xF3, 0xFC, 0xFF, 0x3F, 0xCF, 0xF3, 0xFC, 0xFF, 0x3C, 0x0F, 0x03, 0xC3, 0xF0,
    0xF8, 0x0F, 0xE0, 0x1F, 0xC0, 0x00, 0x00, 0x7F, 0x03, 0xFF, 0x0F, 0xFF, 0x1F, 0x3F, 0x7C, 0x1E,
    0xF0, 0x3F, 0xE0, 0x3F, 0xC0, 0x7F, 0x80, 0xFF, 0x03, 0xFF, 0x07, 0x9F, 0x3F, 0x3F, 0xFC, 0x3F,
    0xF8, 0x1F, 0xC0, 0x1F, 0xC1, 0xFC, 0x00, 0x00, 0x00, 0x1F, 0xC3, 0xFE, 0x7F, 0xE7, 0xDF, 0x78,
    0xF7, 0x8F, 0x78, 0xF7, 0xDF, 0x7F, 0xE3, 0xFE, 0x1F, 0xC0, 0x0E, 0xE0, 0x1F, 0xC0, 0x1F, 0x00,
    0x00, 0x00, 0xFE, 0x07, 0xFE, 0x1F, 0xFE, 0x3E, 0x7E, 0xF8, 0x3D, 0xE0, 0x7F, 0xC0, 0x7F, 0x80,
    0xFF, 0x01, 0xFE, 0x07, 0xFE, 0x0F, 0x3E, 0x7E, 0x7F, 0xF8, 0x7F, 0xF0, 0x3F, 0x80, 0x1D, 0xC1,
    0xFC, 0x0F, 0x80, 0x00, 0x00, 0x01, 0xFC, 0x3F, 0xE7, 0xFE, 0x7D, 0xF7, 0x8F, 0x78, 0xF7, 0x8F,
    0x7D, 0xF7, 0xFE, 0x3F, 0xE1, 0xFC, 0x03, 0x30, 0x0E, 0xF0, 0x3D, 0xC0, 0x77, 0x00, 0xCC, 0x00,
    0x00, 0x03, 0xF8, 0x1F, 0xF8, 0x7F, 0xF8, 0xF9, 0xFB, 0xE0, 0xF7, 0x81, 0xFF, 0x01, 0xFE, 0x03,
    0xFC, 0x07, 0xF8, 0x1F, 0xF8, 0x3C, 0xF9, 0xF9, 0xFF, 0xE1, 0xFF, 0xC0, 0xFE, 0x00, 0x06, 0x60,
    0xEE, 0x1C, 0xE1, 0xDC, 0x19, 0x80, 0x00, 0x1F, 0xC3, 0xFE, 0x7F, 0xE7, 0xDF, 0x78, 0xF7, 0x8F,
    0x78, 0xF7, 0xDF, 0x7F, 0xE3, 0xFE, 0x1F, 0xC0, 0x0F, 0xFF, 0xE3, 0xFF, 0xFE, 0x7F, 0xFF, 0xE7,
    0xE7, 0x80, 0xF8, 0x78, 0x0F, 0x07, 0x80, 0xF0, 0x7F, 0xCF, 0x07, 0xFC, 0xF0, 0x7F, 0xCF, 0x07,
    0x80, 0xF8, 0x78, 0x07, 0xE7, 0x80, 0x7F, 0xFF, 0xF3, 0xFF, 0xFF, 0x0F, 0xFF, 0xF0, 0x1F, 0x9F,
    0x87, 0xFF, 0xF9, 0xFF, 0xFF, 0xBE, 0xFC, 0xF7, 0x8F, 0xFE, 0xF1, 0xFF, 0xDE, 0x3C, 0x03, 0xEF,
    0xE6, 0x7F, 0xFF, 0xC7, 0xFF, 0xF8, 0x7E, 0x7F, 0x00, 0x02, 0x00, 0x38, 0x03, 0xC0, 0x3C, 0x00,
    0xC0, 0x00, 0x03, 0xFE, 0x1F, 0xFC, 0xFF, 0xE7, 0x9F, 0xBC, 0x3D, 0xE1, 0xEF, 0x3F, 0x7F, 0xFB,
    0xFF, 0x9F, 0xF8, 0xF3, 0xC7, 0x9F, 0x3C, 0x7D, 0xE1, 0xEF, 0x0F, 0x80, 0x0C, 0x1E, 0x3E, 0x38,
    0x30, 0x00, 0xFF, 0xFF, 0xFF, 0xF2, 0xF0, 0xF0, 0xF0, 0xF0, 0xF0, 0xF0, 0xF0, 0xFF, 0x87, 0xFF,
    0x3F, 0xF9, 0xE7, 0xEF, 0x0F, 0x78, 0x7B, 0xCF, 0xDF, 0xFE, 0xFF, 0xE7, 0xFE, 0x3C, 0xF1, 0xE7,
    0xCF, 0x1F, 0x78, 0x7B, 0xC3, 0xE0, 0x00, 0x07, 0x00, 0x78, 0x07, 0xC0, 0x3C, 0x00, 0x7F, 0xBF,
    0xDF, 0xEF, 0x27, 0x83, 0xC1, 0xE0, 0xF0, 0x78, 0x3C, 0x1E, 0x00, 0x07, 0x83, 0xC3, 0xC1, 0xE0,
    0x19, 0x81, 0xFC, 0x07, 0xE0, 0x1E, 0x00, 0x60, 0x7F, 0xC3, 0xFF, 0x9F, 0xFC, 0xF3, 0xF7, 0x87,
    0xBC, 0x3D, 0xE7, 0xEF, 0xFF, 0x7F, 0xF3, 0xFF, 0x1E, 0x78, 0xF3, 0xE7, 0x8F, 0xBC, 0x3D, 0xE1,
    0xF0, 0x66, 0x7F, 0x7E, 0x3C, 0x18, 0x00, 0xFF, 0xFF, 0xFF, 0xF2, 0xF0, 0xF0, 0xF0, 0xF0, 0xF0,
    0xF0, 0xF0, 0x03, 0x00, 0x38, 0x07, 0x80, 0xF0, 0x0E, 0x00, 0x00, 0x1F, 0xC3, 0xFE, 0x7F, 0xE7,
    0xCC, 0x78, 0x07, 0xC0, 0x7F, 0x83, 0xFC, 0x0F, 0xE0, 0x1F, 0x00, 0xF7, 0x1F, 0x7F, 0xE7, 0xFE,
    0x7F, 0xC0, 0x06, 0x01, 0xC0, 0xF0, 0x78, 0x1C, 0x00, 0x03, 0xF9, 0xFE, 0x7F, 0x9E, 0x67, 0xF9,
    0xFE, 0x3F, 0xD8, 0xF7, 0xFD, 0xFE, 0x7F, 0x00, 0x06, 0x00, 0xF0, 0x1F, 0x81, 0xFC, 0x19, 0x80,
    0x00, 0x1F, 0xC3, 0xFE, 0x7F, 0xE7, 0xCC, 0x78, 0x07, 0xC0, 0x7F, 0x83, 0xFC, 0x0F, 0xE0, 0x1F,
    0x00, 0xF7, 0x1F, 0x7F, 0xE7, 0xFE, 0x7F, 0xC0, 0x0C, 0x07, 0x83, 0xF0, 0xFE, 0x13, 0x00, 0x03,
    0xF9, 0xFE, 0x7F, 0x9E, 0x67, 0xF9, 0xFE, 0x3F, 0xD8, 0xF7, 0xFD, 0xFE, 0x7F, 0x00, 0x1F, 0xC3,
    0xFE, 0x7F, 0xE7, 0xCC, 0x78, 0x07, 0xC0, 0x7F, 0x83, 0xFC, 0x0F, 0xE0, 0x1F, 0x00, 0xF7, 0x1F,
    0x7F, 0xE7, 0xFE, 0x7F, 0xC0, 0xE0, 0x0F, 0x00, 0x70, 0x1F, 0x01, 0xF0, 0x3F, 0x9F, 0xE7, 0xF9,
    0xE6, 0x7F, 0x9F, 0xE3, 0xFD, 0x8F, 0x7F, 0x9F, 0xE7, 0xF0, 0x70, 0x1E, 0x03, 0x83, 0xE0, 0xF0,
    0x09, 0x81, 0xFC, 0x1F, 0x80, 0xF0, 0x06, 0x00, 0x00, 0x1F, 0xC3, 0xFE, 0x7F, 0xE7, 0xCC, 0x78,
    0x07, 0xC0, 0x7F, 0x83, 0xFC, 0x0F, 0xE0, 0x1F, 0x00, 0xF7, 0x1F, 0x7F, 0xE7, 0xFE, 0x7F, 0xC0,
    0x13, 0x0F, 0xE1, 0xF0, 0x78, 0x0C, 0x00, 0x03, 0xF9, 0xFE, 0x7F, 0x9E, 0x67, 0xF9, 0xFE, 0x3F,
    0xD8, 0xF7, 0xFD, 0xFE, 0x7F, 0x00, 0xFF, 0xFF, 0xFF, 0xFF, 0xFE, 0x1E, 0x00, 0xF0, 0x07, 0x80,
    0x3C, 0x01, 0xE0, 0x0F, 0x00, 0x78, 0x03, 0xC0, 0x1E, 0x00, 0xF0, 0x07, 0x80, 0x3C, 0x00, 0xE0,
    0x07, 0x00, 0xFC, 0x07, 0xC0, 0xF0, 0xF0, 0xF0, 0xFF, 0xFF, 0xFF, 0xF0, 0xF0, 0xF0, 0xF0, 0xFA,
    0xFF, 0x7F, 0x3F, 0x1C, 0x0E, 0x3E, 0x3C, 0x09, 0x80, 0xFE, 0x03, 0xE0, 0x1E, 0x00, 0x60, 0x00,
    0x03, 0xFF, 0xFF, 0xFF, 0xFF, 0xF8, 0x78, 0x03, 0xC0, 0x1E, 0x00, 0xF0, 0x07, 0x80, 0x3C, 0x01,
    0xE0, 0x0F, 0x00, 0x78, 0x03, 0xC0, 0x1E, 0x00, 0xF0, 0x00, 0x0F, 0x0E, 0xFE, 0xFE, 0xF0, 0xFF,
    0xFF, 0xFF, 0xF0, 0xF0, 0xF0, 0xF0, 0xFA, 0xFF, 0x7F, 0x3F, 0xFF, 0xFF, 0xFF, 0xFF, 0xFE, 0x1E,
    0x00, 0xF0, 0x07, 0x80, 0x3C, 0x0F, 0xFC, 0x7F, 0xE0, 0x78, 0x03, 0xC0, 0x1E, 0x00, 0xF0, 0x07,
    0x80, 0x3C, 0x00, 0xF0, 0xF0, 0xF0, 0xFF, 0xFF, 0xFF, 0xF0, 0xFF, 0xFF, 0xF0, 0xFA, 0xFF, 0x7F,
    0x3F, 0x1E, 0xC1, 0xFE, 0x06, 0xF0, 0x00, 0x0F, 0x07, 0xF8, 0x3F, 0xC1, 0xFE, 0x0F, 0xF0, 0x7F,
    0x83, 0xFC, 0x1F, 0xE0, 0xFF, 0x07, 0xF8, 0x3F, 0xC3, 0xFF, 0xBE, 0x7F, 0xF1, 0xFF, 0x07, 0xF0,
    0x3D, 0x9F, 0xE7, 0xF0, 0x00, 0x00, 0x3C, 0xFF, 0x3F, 0xCF, 0xF3, 0xFC, 0xFF, 0x3F, 0xCF, 0xFB,
    0xFF, 0xF7, 0xFC, 0xFF, 0x1F, 0xC0, 0xFE, 0x00, 0x01, 0xE0, 0xFF, 0x07, 0xF8, 0x3F, 0xC1, 0xFE,
    0x0F, 0xF0, 0x7F, 0x83, 0xFC, 0x1F, 0xE0, 0xFF, 0x07, 0xF8, 0x7F, 0xF7, 0xCF, 0xFE, 0x3F, 0xE0,
    0xFE, 0x00, 0x7F, 0x9F, 0xE0, 0x00, 0x00, 0xF3, 0xFC, 0xFF, 0x3F, 0xCF, 0xF3, 0xFC, 0xFF, 0x3F,
    0xEF, 0xFF, 0xDF, 0xF3, 0xFC, 0x1D, 0xC0, 0xFE, 0x03, 0xE0, 0x00, 0x0F, 0x07, 0xF8, 0x3F, 0xC1,
    0xFE, 0x0F, 0xF0, 0x7F, 0x83, 0xFC, 0x1F, 0xE0, 0xFF, 0x07, 0xF8, 0x3F, 0xC3, 0xFF, 0xBE, 0x7F,
    0xF1, 0xFF, 0x07, 0xF0, 0x7B, 0x8F, 0xE1, 0xF0, 0x00, 0x00, 0x3C, 0xFF, 0x3F, 0xCF, 0xF3, 0xFC,
    0xFF, 0x3F, 0xCF, 0xFB, 0xFF, 0xF7, 0xFC, 0xFF, 0x07, 0x00, 0x7C, 0x03, 0x60, 0x1B, 0x00, 0xF8,
    0x07, 0x83, 0xC1, 0xFE, 0x0F, 0xF0, 0x7F, 0x83, 0xFC, 0x1F, 0xE0, 0xFF, 0x07, 0xF8, 0x3F, 0xC1,
    0xFE, 0x0F, 0xF0, 0xFF, 0xEF, 0x9F, 0xFC, 0x7F, 0xC1, 0xFC, 0x00, 0x1E, 0x07, 0xC3, 0xF0, 0xFC,
    0x1F, 0x07, 0x80, 0x03, 0xCF, 0xF3, 0xFC, 0xFF, 0x3F, 0xCF, 0xF3, 0xFC, 0xFF, 0xBF, 0xFF, 0x7F,
    0xCF, 0xF0, 0x06, 0x60, 0x77, 0x83, 0xB8, 0x3B, 0x81, 0x98, 0x00, 0x03, 0xC1, 0xFE, 0x0F, 0xF0,
    0x7F, 0x83, 0xFC, 0x1F, 0xE0, 0xFF, 0x07, 0xF8, 0x3F, 0xC1, 0xFE, 0x0F, 0xF0, 0xFF, 0xEF, 0x9F,
    0xFC, 0x7F, 0xC1, 0xFC, 0x00, 0x1C, 0xC3, 0xB8, 0xEE, 0x3D, 0xC3, 0x30, 0x00, 0x3C, 0xF7, 0x9E,
    0xF3, 0xDE, 0x7B, 0xCF, 0x79, 0xEF, 0x3D, 0xF7, 0xBF, 0xF3, 0xFE, 0x3F, 0xC0, 0xF0, 0x7F, 0x83,
    0xFC, 0x1F, 0xE0, 0xFF, 0x07, 0xF8, 0x3F, 0xC1, 0xFE, 0x0F, 0xF0, 0x7F, 0x83, 0xFC, 0x3F, 0xFB,
    0xE7, 0xFF, 0x1F, 0xF0, 0x7F, 0x00, 0xF0, 0x07, 0x00, 0x3E, 0x01, 0xF0, 0xF3, 0xFC, 0xFF, 0x3F,
    0xCF, 0xF3, 0xFC, 0xFF, 0x3F, 0xEF, 0xFF, 0xDF, 0xF3, 0xFC, 0x0E, 0x07, 0x01, 0xF0, 0x7C, 0x00,
    0x60, 0x00, 0x0F, 0x00, 0x01, 0xF8, 0x00, 0x3F, 0x80, 0x01, 0x98, 0x00, 0x00, 0x00, 0xF0, 0x00,
    0xFF, 0x80, 0x1F, 0x78, 0xF1, 0xE7, 0x8F, 0x1E, 0x78, 0xF9, 0xE7, 0x9F, 0x9E, 0x7D, 0xF9, 0xC3,
    0xDF, 0xBC, 0x3F, 0xFF, 0xC3, 0xF9, 0xFC, 0x3F, 0x9F, 0x81, 0xF9, 0xF8, 0x1F, 0x0F, 0x81, 0xF0,
    0xF8, 0x0F, 0x0F, 0x00, 0x01, 0x80, 0x01, 0xE0, 0x01, 0xF8, 0x00, 0xFE, 0x00, 0x66, 0x00, 0x00,
    0x03, 0xC7, 0x1D, 0xE7, 0x9E, 0x73, 0xCF, 0x3D, 0xF7, 0x9E, 0xFB, 0x87, 0xFF, 0xC3, 0xFF, 0xE1,
    0xFB, 0xE0, 0x79, 0xF0, 0x3C, 0xF8, 0x1E, 0x38, 0x00, 0x03, 0x00, 0x1E, 0x00, 0xFC, 0x07, 0xF0,
    0x0C, 0xC0, 0x00, 0x0F, 0x83, 0xFE, 0x1E, 0x7C, 0x78, 0xF3, 0xC3, 0xFF, 0x07, 0xF8, 0x1F, 0xE0,
    0x3F, 0x00, 0xF8, 0x01, 0xE0, 0x07, 0x80, 0x1E, 0x00, 0x78, 0x01, 0xE0, 0x07, 0x80, 0x06, 0x00,
    0xF0, 0x1F, 0x83, 0xF8, 0x19, 0x80, 0x00, 0xF0, 0xFF, 0x1E, 0x79, 0xE7, 0x9E, 0x7B, 0xC3, 0xFC,
    0x3F, 0x81, 0xF8, 0x1F, 0x81, 0xF0, 0x0F, 0x01, 0xE0, 0xFE, 0x0F, 0xC0, 0xF8, 0x00, 0x1C, 0xE0,
    0x7F, 0x81, 0xCE, 0x00, 0x00, 0xF8, 0x3F, 0xE1, 0xE7, 0xC7, 0x8F, 0x3C, 0x3F, 0xF0, 0x7F, 0x81,
    0xFE, 0x03, 0xF0, 0x0F, 0x80, 0x1E, 0x00, 0x78, 0x01, 0xE0, 0x07, 0x80, 0x1E, 0x00, 0x78, 0x00,
    0x01, 0x00, 0x1C, 0x01, 0xE0, 0x1E, 0x00, 0xE0, 0x00, 0x01, 0xFF, 0xCF, 0xFE, 0x7F, 0xF0, 0x0F,
    0x80, 0xF8, 0x0F, 0x80, 0xF8, 0x07, 0x80, 0x7C, 0x07, 0xC0, 0x3C, 0x03, 0xE0, 0x1F, 0xFF, 0xFF,
    0xFF, 0xFF, 0x80, 0x06, 0x01, 0xC0, 0xF0, 0x78, 0x1C, 0x00, 0x07, 0xFD, 0xFF, 0x7F, 0xC1, 0xE0,
    0xF0, 0x78, 0x3C, 0x1E, 0x07, 0xFF, 0xFF, 0xFF, 0xC0, 0x07, 0x00, 0x78, 0x01, 0xC0, 0x00, 0x07,
    0xFF, 0x3F, 0xF9, 0xFF, 0xC0, 0x3E, 0x03, 0xE0, 0x3E, 0x03, 0xE0, 0x1E, 0x01, 0xF0, 0x1F, 0x00,
    0xF0, 0x0F, 0x80, 0x7F, 0xFF, 0xFF, 0xFF, 0xFE, 0x0E, 0x07, 0x80, 0xE0, 0x00, 0x00, 0x1F, 0xF7,
    0xFD, 0xFF, 0x07, 0x83, 0xC1, 0xE0, 0xF0, 0x78, 0x1F, 0xFF, 0xFF, 0xFF, 0x08, 0x80, 0xFE, 0x03,
    0xE0, 0x0E, 0x00, 0x30, 0x00, 0x01, 0xFF, 0xCF, 0xFE, 0x7F, 0xF0, 0x0F, 0x80, 0xF8, 0x0F, 0x80,
    0xF8, 0x07, 0x80, 0x7C, 0x07, 0xC0, 0x3C, 0x03, 0xE0, 0x1F, 0xFF, 0xFF, 0xFF, 0xFF, 0x80, 0x13,
    0x0F, 0xE3, 0xF0, 0x78, 0x0C, 0x00, 0x07, 0xFD, 0xFF, 0x7F, 0xC1, 0xE0, 0xF0, 0x78, 0x3C, 0x1E,
    0x07, 0xFF, 0xFF, 0xFF, 0xC0, 0x3F, 0x3F, 0xBF, 0xDF, 0x6F, 0x07, 0x83, 0xC1, 0xE0, 0xF0, 0x78,
    0x3C, 0x1E, 0x0F, 0x07, 0x83, 0xC1, 0xE0, 0x00, 0x1E, 0x00, 0x3C, 0x3F, 0xF9, 0xFF, 0xE7, 0xFF,
    0xCF, 0x9F, 0xBE, 0x0F, 0x78, 0x1F, 0xF0, 0x1F, 0xE0, 0x3F, 0xC0, 0x7F, 0x81, 0xFF, 0x83, 0xCF,
    0x9F, 0x9F, 0xFE, 0x1F, 0xFC, 0x0F, 0xE0, 0x00, 0x38, 0x01, 0xC7, 0xFE, 0x7F, 0xE7, 0xFF, 0x3E,
    0xF9, 0xE3, 0xCF, 0x1E, 0x78, 0xF3, 0xEF, 0x9F, 0xFC, 0x7F, 0xC1, 0xFC, 0x00, 0x00, 0x0E, 0x00,
    0x3F, 0xC1, 0xFF, 0x83, 0xEF, 0x07, 0x9E, 0x0F, 0x3C, 0x1E, 0x78, 0x3C, 0xF0, 0x79, 0xE0, 0xF3,
    0xC1, 0xE7, 0x83, 0xCF, 0x0F, 0x9F, 0xBE, 0x1F, 0xFC, 0x1F, 0xF0, 0x1F, 0xC0, 0x00, 0x78, 0x03,
    0xFC, 0xFD, 0xE7, 0xEF, 0x3C, 0x79, 0xE3, 0xCF, 0x1E, 0x78, 0xF3, 0xC7, 0xDE, 0x3F, 0xF0, 0xFF,
    0x83, 0xFC, 0x00, 0x00, 0x00, 0x66, 0x00, 0x00, 0x1F, 0xC0, 0x00, 0x07, 0xE0, 0x00, 0x00, 0xF0,
    0x00, 0x00, 0x18, 0x3F, 0xF0, 0xFF, 0xFF, 0xFE, 0x3F, 0xFF, 0xFF, 0xCF, 0xFF, 0xF1, 0xF8, 0x0F,
    0xBC, 0x1E, 0x07, 0xCF, 0x07, 0xC1, 0xE3, 0xC0, 0xF0, 0xF8, 0xF0, 0x3C, 0x7C, 0x3C, 0x0F, 0x1E,
    0x0F, 0x07, 0xCF, 0x03, 0xC1, 0xE7, 0xC0, 0xF1, 0xF9, 0xE0, 0x3F, 0xFC, 0xFF, 0xFF, 0xFE, 0x3F,
    0xFF, 0xFF, 0x0F, 0xFF, 0x00, 0x00, 0x4C, 0x00, 0x00, 0xFE, 0xFF, 0xC0, 0x7C, 0xFF, 0xE0, 0x78,
    0xFF, 0xF0, 0x30, 0xF1, 0xF8, 0x00, 0xF0, 0x79, 0xFF, 0xF0, 0x7D, 0xFF, 0xF0, 0x3D, 0xFF, 0xF0,
    0x3C, 0x1E, 0xF0, 0x3C, 0x3C, 0xF0, 0x7C, 0x78, 0xF0, 0x78, 0xF0, 0xF1, 0xF9, 0xE0, 0xFF, 0xF1,
    0xFF, 0xFF, 0xE3, 0xFF, 0xFF, 0xC3, 0xFF, 0x00, 0x01, 0x98, 0x01, 0xE7, 0xF0, 0x03, 0xC7, 0xE0,
    0x07, 0x87, 0x80, 0x0F, 0x06, 0x00, 0x1E, 0x00, 0x07, 0xFD, 0xFF, 0x9F, 0xFB, 0xFF, 0x7F, 0xF7,
    0xFE, 0xFB, 0xE0, 0xF9, 0xE3, 0xC3, 0xE3, 0xC7, 0x8F, 0x87, 0x8F, 0x1E, 0x0F, 0x9E, 0x78, 0x1F,
    0xFD, 0xFF, 0x9F, 0xFB, 0xFF, 0x1F, 0xE7, 0xFE, 0xF0, 0x00, 0x7F, 0x80, 0x03, 0xFC, 0x00, 0x1F,
    0xE0, 0x00, 0xFF, 0x00, 0x07, 0xF8, 0x00, 0x3F, 0xC0, 0x01, 0xFE, 0x00, 0x0F, 0xF0, 0x00, 0x7F,
    0x80, 0x03, 0xFC, 0x00, 0x1F, 0xE0, 0x19, 0xFF, 0xFF, 0xFF, 0x7F, 0xFF, 0xFB, 0xFF, 0xFF, 0x80,
    0x00, 0x0E, 0xF0, 0x0F, 0xF0, 0x0F, 0xF0, 0x0E, 0xF0, 0x00, 0xF0, 0x0F, 0xF0, 0x0F, 0xF0, 0x0F,
    0xF0, 0x0F, 0xF0, 0x0F, 0xF0, 0x0F, 0xF0, 0x0F, 0xF0, 0x0F, 0xFF, 0xEF, 0xFF, 0xEF, 0xFF, 0xEF,
    0x00, 0x1F, 0x00, 0x7E, 0x00, 0x7E, 0x00, 0x7C, 0xF1, 0xDE, 0x7F, 0xCF, 0xF8, 0xEF, 0x01, 0xE3,
    0xFC, 0x7F, 0x8F, 0xF1, 0xFE, 0x3F, 0xC7, 0xF8, 0xFF, 0x9F, 0xFB, 0xDE, 0x7B, 0xCF, 0x03, 0xC1,
    0xF8, 0x3F, 0x07, 0xC0, 0xF0, 0x3C, 0x07, 0xFC, 0x1E, 0x03, 0xFF, 0x0F, 0x01, 0xFF, 0xC7, 0x80,
    0xFF, 0xE3, 0xC0, 0x7F, 0xF9, 0xE0, 0x3F, 0xDE, 0xF0, 0x1F, 0xEF, 0x78, 0x0F, 0xF3, 0xFC, 0x07,
    0xF8, 0xFE, 0x03, 0xFC, 0x7F, 0x01, 0xFE, 0x1F, 0x99, 0xFF, 0x07, 0xDF, 0xF7, 0x83, 0xEF, 0xFB,
    0xC0, 0xF7, 0xF8, 0x00, 0x00, 0xFF, 0x03, 0xCF, 0xF8, 0x3C, 0xFF, 0xC3, 0xCF, 0xFE, 0x3C, 0x0F,
    0xE3, 0xCF, 0xFF, 0x3C, 0xFF, 0x7B, 0xCF, 0xF7, 0xBC, 0xFF, 0x3F, 0xCF, 0xF1, 0xFC, 0xFF, 0x1F,
    0xCF, 0xF0, 0xFC, 0xFF, 0x07, 0xCF, 0xF0, 0x7C, 0xFF, 0x03, 0xCF, 0x00, 0x01, 0xF0, 0x00, 0x7F,
    0x00, 0x07, 0xE0, 0x00, 0x7C, 0x00, 0x07, 0x00, 0x07, 0xC0, 0x03, 0xE0, 0x00, 0xE0, 0x00, 0x07,
    0xFC, 0x7B, 0xFE, 0x3D, 0xFF, 0x9E, 0xF3, 0xCF, 0x79, 0xE7, 0xBC, 0xF3, 0xDE, 0x79, 0xEF, 0x3C,
    0xF7, 0x9E, 0x7B, 0xCF, 0x3D, 0xE7, 0x9E, 0x00, 0x0F, 0x00, 0x1F, 0x80, 0x0F, 0xC0, 0x07, 0xC0,
    0x04, 0x40, 0x1F, 0xC0, 0x1F, 0x00, 0x1C, 0x00, 0x10, 0x00, 0x00, 0x01, 0xF0, 0x03, 0xE0, 0x07,
    0xE0, 0x1F, 0xC0, 0x3F, 0x80, 0xF7, 0x81, 0xEF, 0x03, 0x8F, 0x0F, 0x1E, 0x1F, 0xFC, 0x7F, 0xFC,
    0xFF, 0xF9, 0xE0, 0xF7, 0x80, 0xFF, 0x01, 0xE0, 0x19, 0x87, 0xF0, 0x7E, 0x07, 0x80, 0x60, 0x00,
    0x0F, 0xE1, 0xFE, 0x3F, 0xC6, 0x7C, 0xFF, 0xBF, 0xF7, 0x9F, 0xF3, 0xDF, 0xFB, 0xFF, 0x3F, 0xC0,
    0xCD, 0xFF, 0xF3, 0xC3, 0x00, 0x1E, 0x3C, 0x78, 0xF1, 0xE3, 0xC7, 0x8F, 0x1E, 0x3C, 0x78, 0xF1,
    0xE3, 0xC7, 0x80, 0x66, 0x7F, 0x7E, 0x3C, 0x18, 0x00, 0x3C, 0x3C, 0x3C, 0x3C, 0x3C, 0x3C, 0x3C,
    0x3C, 0x3C, 0x3C, 0x3C, 0x0C, 0xC0, 0x1F, 0xC0, 0x3F, 0x00, 0x3C, 0x00, 0x30, 0x00, 0x00, 0x03,
    0xF8, 0x1F, 0xF8, 0x7F, 0xF8, 0xF9, 0xFB, 0xE0, 0xF7, 0x81, 0xFF, 0x01, 0xFE, 0x03, 0xFC, 0x07,
    0xF8, 0x1F, 0xF8, 0x3C, 0xF9, 0xF9, 0xFF, 0xE1, 0xFF, 0xC0, 0xFE, 0x00, 0x19, 0x81, 0xFC, 0x1F,
    0x80, 0xF0, 0x06, 0x00, 0x00, 0x1F, 0xC3, 0xFE, 0x7F, 0xE7, 0xDF, 0x78, 0xF7, 0x8F, 0x78, 0xF7,
    0xDF, 0x7F, 0xE3, 0xFE, 0x1F, 0xC0, 0x09, 0x80, 0xFE, 0x03, 0xE0, 0x1E, 0x00, 0x60, 0x00, 0x03,
    0xC1, 0xFE, 0x0F, 0xF0, 0x7F, 0x83, 0xFC, 0x1F, 0xE0, 0xFF, 0x07, 0xF8, 0x3F, 0xC1, 0xFE, 0x0F,
    0xF0, 0xFF, 0xEF, 0x9F, 0xFC, 0x7F, 0xC1, 0xFC, 0x00, 0x33, 0x0F, 0xE3, 0xF0, 0x78, 0x0C, 0x00,
    0x0F, 0x3F, 0xCF, 0xF3, 0xFC, 0xFF, 0x3F, 0xCF, 0xF3, 0xFE, 0xFF, 0xFD, 0xFF, 0x3F, 0xC0, 0x1F,
    0xC0, 0xFE, 0x00, 0x00, 0x3B, 0x81, 0xDC, 0x0E, 0xE0, 0x00, 0x1E, 0x0F, 0xF0, 0x7F, 0x83, 0xFC,
    0x1F, 0xE0, 0xFF, 0x07, 0xF8, 0x3F, 0xC1, 0xFE, 0x0F, 0xF0, 0x7F, 0x87, 0xFF, 0x7C, 0xFF, 0xE3,
    0xFE, 0x0F, 0xE0, 0x3F, 0x0F, 0xC0, 0x00, 0xEC, 0x7F, 0x8E, 0xC0, 0x03, 0xCF, 0xF3, 0xFC, 0xFF,
    0x3F, 0xCF, 0xF3, 0xFC, 0xFF, 0xBF, 0xFF, 0x7F, 0xCF, 0xF0, 0x01, 0x00, 0x1C, 0x01, 0xE0, 0x7D,
    0x83, 0x9E, 0x1C, 0x60, 0x00, 0x1E, 0x0F, 0xF0, 0x7F, 0x83, 0xFC, 0x1F, 0xE0, 0xFF, 0x07, 0xF8,
    0x3F, 0xC1, 0xFE, 0x0F, 0xF0, 0x7F, 0x87, 0xFF, 0x7C, 0xFF, 0xE3, 0xFE, 0x0F, 0xE0, 0x03, 0x01,
    0xC0, 0xF0, 0x38, 0x7F, 0x9C, 0xF7, 0x38, 0x00, 0xF3, 0xFC, 0xFF, 0x3F, 0xCF, 0xF3, 0xFC, 0xFF,
    0x3F, 0xEF, 0xFF, 0xDF, 0xF3, 0xFC, 0x0F, 0x80, 0x7C, 0x0F, 0xF8, 0x73, 0xC3, 0x8E, 0x00, 0x03,
    0xC1, 0xFE, 0x0F, 0xF0, 0x7F, 0x83, 0xFC, 0x1F, 0xE0, 0xFF, 0x07, 0xF8, 0x3F, 0xC1, 0xFE, 0x0F,
    0xF0, 0xFF, 0xEF, 0x9F, 0xFC, 0x7F, 0xC1, 0xFC, 0x00, 0x00, 0x0C, 0xC3, 0xF0, 0x78, 0x7F, 0x9C,
    0xF7, 0x18, 0x00, 0xF3, 0xFC, 0xFF, 0x3F, 0xCF, 0xF3, 0xFC, 0xFF, 0x3F, 0xEF, 0xFF, 0xDF, 0xF3,
    0xFC, 0x0C, 0x00, 0x70, 0x03, 0xC0, 0x7F, 0xC3, 0x9E, 0x1C, 0x70, 0x00, 0x1E, 0x0F, 0xF0, 0x7F,
    0x83, 0xFC, 0x1F, 0xE0, 0xFF, 0x07, 0xF8, 0x3F, 0xC1, 0xFE, 0x0F, 0xF0, 0x7F, 0x87, 0xFF, 0x7C,
    0xFF, 0xE3, 0xFE, 0x0F, 0xE0, 0x18, 0x0E, 0x01, 0xC0, 0x70, 0x7F, 0x9C, 0xF7, 0x38, 0x00, 0xF3,
    0xFC, 0xFF, 0x3F, 0xCF, 0xF3, 0xFC, 0xFF, 0x3F, 0xEF, 0xFF, 0xDF, 0xF3, 0xFC, 0x7F, 0x87, 0xFC,
    0x7F, 0xE3, 0x3E, 0x00, 0xF7, 0xFF, 0x7F, 0xF7, 0x9E, 0x7F, 0xE3, 0xFC, 0x1F, 0x80, 0x0F, 0xE0,
    0x1F, 0xC0, 0x00, 0x00, 0x77, 0x00, 0xEE, 0x01, 0xDC, 0x00, 0x00, 0x03, 0xE0, 0x07, 0xC0, 0x0F,
    0xC0, 0x3F, 0x80, 0x7F, 0x01, 0xEF, 0x03, 0xDE, 0x07, 0x1E, 0x1E, 0x3C, 0x3F, 0xF8, 0xFF, 0xF9,
    0xFF, 0xF3, 0xC1, 0xEF, 0x01, 0xFE, 0x03, 0xC0, 0x3F, 0x87, 0xF0, 0x00, 0x1D, 0xC3, 0xB8, 0x77,
    0x00, 0x01, 0xFC, 0x3F, 0xC7, 0xF8, 0xCF, 0x9F, 0xF7, 0xFE, 0xF3, 0xFE, 0x7B, 0xFF, 0x7F, 0xE7,
    0xF8, 0x0F, 0xE0, 0x1F, 0xC0, 0x00, 0x00, 0x1C, 0x00, 0x38, 0x00, 0x70, 0x00, 0x00, 0x03, 0xE0,
    0x07, 0xC0, 0x0F, 0xC0, 0x3F, 0x80, 0x7F, 0x01, 0xEF, 0x03, 0xDE, 0x07, 0x1E, 0x1E, 0x3C, 0x3F,
    0xF8, 0xFF, 0xF9, 0xFF, 0xF3, 0xC1, 0xEF, 0x01, 0xFE, 0x03, 0xC0, 0x1F, 0x83, 0xF0, 0x00, 0x07,
    0x00, 0xE0, 0x1C, 0x00, 0x01, 0xFC, 0x3F, 0xC7, 0xF8, 0xCF, 0x9F, 0xF7, 0xFE, 0xF3, 0xFE, 0x7B,
    0xFF, 0x7F, 0xE7, 0xF8, 0x00, 0x7F, 0x00, 0x03, 0xF8, 0x00, 0x00, 0x00, 0x01, 0xFF, 0xE0, 0x0F,
    0xFF, 0x00, 0xFF, 0xF8, 0x07, 0xF0, 0x00, 0x7F, 0x80, 0x07, 0xBC, 0x00, 0x3D, 0xFF, 0x03, 0xCF,
    0xF8, 0x1E, 0x7F, 0xC1, 0xFF, 0xC0, 0x1F, 0xFE, 0x00, 0xFF, 0xF0, 0x0F, 0x87, 0xFF, 0x78, 0x3F,
    0xFF, 0x81, 0xFF, 0xC0, 0x07, 0xF8, 0x01, 0xFE, 0x00, 0x00, 0x00, 0x00, 0x00, 0x3F, 0xFF, 0x0F,
    0xFF, 0xE3, 0xFF, 0xF8, 0xCF, 0x9F, 0x3F, 0xFF, 0xDF, 0xFF, 0xF7, 0x9E, 0x03, 0xE7, 0xC6, 0x7F,
    0xFF, 0x9F, 0xFF, 0xE3, 0xFF, 0xF8, 0x0F, 0xF0, 0x7F, 0xE1, 0xFF, 0xC3, 0xF3, 0x8F, 0x80, 0x1E,
    0x00, 0x3C, 0x1E, 0x78, 0x3C, 0xF1, 0xFD, 0xE3, 0xFB, 0xE1, 0xE3, 0xE3, 0xC7, 0xFF, 0x87, 0xFF,
    0x07, 0xFC, 0x00, 0x1F, 0xE1, 0xFF, 0x1F, 0xF8, 0xFB, 0xC7, 0xBF, 0xBD, 0xFD, 0xE7, 0x8F, 0xFC,
    0x3F, 0xE0, 0xFF, 0x00, 0x78, 0x67, 0xC7, 0xFE, 0x3F, 0xE1, 0xFE, 0x00, 0x04, 0xC0, 0x7F, 0x03,
    0xF0, 0x0F, 0x00, 0x30, 0x00, 0x00, 0x3F, 0xC7, 0xFE, 0x7F, 0xF3, 0xF3, 0xBE, 0x01, 0xE0, 0x0F,
    0x00, 0x78, 0x3F, 0xC1, 0xFE, 0x0F, 0xF8, 0x7B, 0xE3, 0xDF, 0xFE, 0x7F, 0xF1, 0xFF, 0x00, 0x0C,
    0xC3, 0xF8, 0x3F, 0x03, 0xC0, 0x30, 0x00, 0x07, 0xF9, 0xFF, 0x7F, 0xEF, 0xBD, 0xE7, 0xBC, 0xF7,
    0x9E, 0xFF, 0xCF, 0xF8, 0xFF, 0x01, 0xE6, 0x7D, 0xFF, 0xBF, 0xE7, 0xF8, 0x19, 0x80, 0x7F, 0x01,
    0xF8, 0x03, 0xC0, 0x06, 0x00, 0x00, 0x0F, 0x0F, 0xBC, 0x7C, 0xF3, 0xE3, 0xDF, 0x0F, 0xF8, 0x3F,
    0xC0, 0xFE, 0x03, 0xFC, 0x0F, 0xF8, 0x3D, 0xF0, 0xF3, 0xC3, 0xCF, 0x8F, 0x1F, 0x3C, 0x3C, 0xF0,
    0xF8, 0x7E, 0x0F, 0xC0, 0xE0, 0x00, 0x0F, 0x01, 0xE0, 0x3C, 0x07, 0x80, 0xF0, 0x1E, 0x7F, 0xDF,
    0x7F, 0xCF, 0xF1, 0xFC, 0x3F, 0xC7, 0xF8, 0xF7, 0x9E, 0xFB, 0xCF, 0xF8, 0xF0, 0x0F, 0xE0, 0x7F,
    0xE1, 0xFF, 0xE3, 0xE7, 0xEF, 0x83, 0xDE, 0x07, 0xFC, 0x07, 0xF8, 0x0F, 0xF0, 0x1F, 0xE0, 0x7F,
    0xE0, 0xF3, 0xE7, 0xE7, 0xFF, 0x87, 0xFE, 0x03, 0xF8, 0x01, 0xE0, 0x03, 0x80, 0x0F, 0xC0, 0x0F,
    0x80, 0x1F, 0xC3, 0xFE, 0x7F, 0xE7, 0xDF, 0x78, 0xF7, 0x8F, 0x78, 0xF7, 0xDF, 0x7F, 0xE3, 0xFE,
    0x1F, 0xC0, 0x70, 0x0F, 0x00, 0xF8, 0x07, 0x80, 0x0F, 0xE0, 0x1F, 0xC0, 0x00, 0x00, 0x7F, 0x03,
    0xFF, 0x0F, 0xFF, 0x1F, 0x3F, 0x7C, 0x1E, 0xF0, 0x3F, 0xE0, 0x3F, 0xC0, 0x7F, 0x80, 0xFF, 0x03,
    0xFF, 0x07, 0x9F, 0x3F, 0x3F, 0xFC, 0x3F, 0xF0, 0x1F, 0xC0, 0x0F, 0x00, 0x1C, 0x00, 0x7E, 0x00,
    0x7C, 0x00, 0x1F, 0xC1, 0xFC, 0x00, 0x00, 0x00, 0x1F, 0xC3, 0xFE, 0x7F, 0xE7, 0xDF, 0x78, 0xF7,
    0x8F, 0x78, 0xF7, 0xDF, 0x7F, 0xE3, 0xFE, 0x1F, 0xC0, 0x70, 0x0F, 0x00, 0xF8, 0x07, 0x80, 0x19,
    0x81, 0xFC, 0x1F, 0x80, 0xF0, 0x06, 0x00, 0x00, 0x7F, 0xF7, 0xFF, 0x7F, 0xF0, 0x3E, 0x07, 0xC0,
    0xF8, 0x1F, 0xC1, 0xFE, 0x03, 0xF0, 0x0F, 0x00, 0xF7, 0x1F, 0xFF, 0xFF, 0xFE, 0x7F, 0xC0, 0x33,
    0x0F, 0xE3, 0xF0, 0x78, 0x0C, 0x00, 0x00, 0x03, 0xFF, 0xFF, 0xFF, 0xF0, 0x78, 0x3C, 0x1E, 0x0F,
    0xC1, 0xF8, 0x1F, 0x03, 0xC0, 0xFE, 0x7F, 0xFF, 0xFF, 0xBF, 0xC0, 0x33, 0x1F, 0xCF, 0xC3, 0xC0,
    0xC0, 0x00, 0x78, 0x3C, 0x1E, 0x0F, 0x07, 0x83, 0xC1, 0xE0, 0xF0, 0x78, 0x3C, 0x1E, 0x0F, 0x3F,
    0x9F, 0x8F, 0x80, 0xFF, 0xC3, 0xFF, 0xFF, 0xF8, 0xFF, 0xFF, 0xFF, 0x3F, 0xFF, 0xC7, 0xE0, 0x3E,
    0xF0, 0x78, 0x1F, 0x3C, 0x1F, 0x07, 0x8F, 0x03, 0xC3, 0xE3, 0xC0, 0xF1, 0xF0, 0xF0, 0x3C, 0x78,
    0x3C, 0x1F, 0x3C, 0x0F, 0x07, 0x9F, 0x03, 0xC7, 0xE7, 0x80, 0xFF, 0xF3, 0xFF, 0xFF, 0xF8, 0xFF,
    0xFF, 0xFC, 0x3F, 0xFC, 0xFF, 0xC0, 0x00, 0xFF, 0xE0, 0x00, 0xFF, 0xF0, 0x00, 0xF1, 0xF8, 0x00,
    0xF0, 0x79, 0xFF, 0xF0, 0x7D, 0xFF, 0xF0, 0x3D, 0xFF, 0xF0, 0x3C, 0x1E, 0xF0, 0x3C, 0x3C, 0xF0,
    0x7C, 0x78, 0xF0, 0x78, 0xF0, 0xF1, 0xF9, 0xE0, 0xFF, 0xF1, 0xFF, 0xFF, 0xE3, 0xFF, 0xFF, 0xC3,
    0xFF, 0x00, 0xF0, 0x00, 0x01, 0xE0, 0x00, 0x03, 0xC0, 0x00, 0x07, 0x80, 0x00, 0x0F, 0x00, 0x03,
    0xFE, 0xFF, 0xCF, 0xFD, 0xFF, 0xBF, 0xFB, 0xFF, 0x7D, 0xF0, 0x7C, 0xF1, 0xE1, 0xF1, 0xE3, 0xC7,
    0xC3, 0xC7, 0x8F, 0x07, 0xCF, 0x3C, 0x0F, 0xFE, 0xFF, 0xCF, 0xFD, 0xFF, 0x8F, 0xF3, 0xFF, 0x00,
    0x80, 0x0E, 0x00, 0xF0, 0x0F, 0x00, 0x70, 0x00, 0x00, 0x3F, 0xC7, 0xFE, 0x7F, 0xF3, 0xF3, 0xBE,
    0x01, 0xE0, 0x0F, 0x00, 0x78, 0x3F, 0xC1, 0xFE, 0x0F, 0xF8, 0x7B, 0xE3, 0xDF, 0xFE, 0x7F, 0xF1,
    0xFF, 0x00, 0x01, 0x80, 0x38, 0x0F, 0x03, 0xC0, 0x70, 0x00, 0x07, 0xF9, 0xFF, 0x7F, 0xEF, 0xBD,
    0xE7, 0xBC, 0xF7, 0x9E, 0xFF, 0xCF, 0xF8, 0xFF, 0x01, 0xE6, 0x7D, 0xFF, 0xBF, 0xE7, 0xF8, 0xF0,
    0x78, 0x07, 0x83, 0xC0, 0x3C, 0x1E, 0x01, 0xE0, 0xF1, 0xEF, 0x07, 0x8F, 0x78, 0x3C, 0x7B, 0xFF,
    0xE3, 0xDF, 0xFF, 0x1E, 0xFF, 0xF8, 0xF7, 0x83, 0xC7, 0xBC, 0x1E, 0x3D, 0xE0, 0xFB, 0xEF, 0x07,
    0xFF, 0x78, 0x1F, 0xF3, 0xC0, 0x7F, 0x00, 0x7F, 0xC7, 0xFF, 0x3F, 0xFD, 0xE3, 0xEF, 0x0F, 0xF8,
    0x7F, 0xC3, 0xFE, 0x1E, 0xF0, 0xF7, 0x8F, 0xBC, 0xF9, 0xFF, 0x8F, 0xF8, 0x7F, 0x83, 0xF0, 0x1E,
    0x00, 0xF0, 0x07, 0x80, 0x3C, 0x00, 0x04, 0x00, 0x38, 0x00, 0xF0, 0x01, 0xE0, 0x03, 0x00, 0x00,
    0x0F, 0x03, 0xFE, 0x0F, 0xFC, 0x3F, 0xF8, 0xFF, 0xE3, 0xFF, 0xCF, 0xF7, 0xBF, 0xDE, 0xFF, 0x3F,
    0xFC, 0x7F, 0xF1, 0xFF, 0xC3, 0xFF, 0x07, 0xFC, 0x1F, 0xF0, 0x3C, 0x18, 0x0F, 0x03, 0xC0, 0x78,
    0x06, 0x00, 0x0F, 0xFB, 0xFE, 0xFF, 0xFC, 0xFF, 0x3F, 0xCF, 0xF3, 0xFC, 0xFF, 0x3F, 0xCF, 0xF3,
    0xC0, 0x01, 0x80, 0x0F, 0x80, 0x1C, 0x00, 0x00, 0x00, 0x38, 0x00, 0xD8, 0x01, 0xB0, 0x03, 0xE0,
    0x07, 0xC0, 0x1F, 0xC0, 0x3F, 0x80, 0xFF, 0x81, 0xEF, 0x03, 0xDE, 0x0F, 0x1E, 0x1E, 0x3C, 0x3F,
    0xF8, 0xFF, 0xF9, 0xFF, 0xF3, 0xC1, 0xEF, 0x01, 0xFE, 0x03, 0xC0, 0x07, 0x01, 0xE0, 0x70, 0x00,
    0x00, 0xF0, 0x3E, 0x07, 0xC0, 0x78, 0x00, 0x07, 0xF0, 0xFF, 0x1F, 0xE3, 0x3E, 0x7F, 0xDF, 0xFB,
    0xCF, 0xF9, 0xEF, 0xFD, 0xFF, 0x9F, 0xE0, 0x00, 0x06, 0x00, 0x00, 0x78, 0x00, 0x07, 0xC0, 0x00,
    0x38, 0x00, 0x01, 0x80, 0x00, 0x00, 0x00, 0x03, 0xFF, 0xC0, 0x1F, 0xFE, 0x01, 0xFF, 0xF0, 0x0F,
    0xE0, 0x00, 0xFF, 0x00, 0x0F, 0x78, 0x00, 0x7B, 0xFE, 0x07, 0x9F, 0xF0, 0x3C, 0xFF, 0x83, 0xFF,
    0x80, 0x3F, 0xFC, 0x01, 0xFF, 0xE0, 0x1F, 0x0F, 0xFE, 0xF0, 0x7F, 0xFF, 0x03, 0xFF, 0x80, 0x00,
    0x30, 0x00, 0x1E, 0x00, 0x0F, 0x00, 0x03, 0x80, 0x00, 0xC0, 0x00, 0x00, 0x03, 0xFF, 0xF0, 0xFF,
    0xFE, 0x3F, 0xFF, 0x8C, 0xF9, 0xF3, 0xFF, 0xFD, 0xFF, 0xFF, 0x79, 0xE0, 0x3E, 0x7C, 0x67, 0xFF,
    0xF9, 0xFF, 0xFE, 0x3F, 0xFF, 0x80, 0x01, 0x80, 0x07, 0x80, 0x0F, 0x00, 0x3C, 0x00, 0x60, 0x81,
    0xFF, 0x8F, 0xFF, 0x3F, 0xFC, 0x7C, 0xFD, 0xF1, 0xFB, 0xC7, 0xFF, 0x9E, 0xFF, 0x79, 0xFE, 0xE3,
    0xFF, 0xCF, 0xFF, 0x1E, 0x7C, 0xFC, 0xFF, 0xF1, 0xFF, 0xE7, 0xFF, 0x02, 0x00, 0x00, 0x03, 0x00,
    0x38, 0x07, 0x80, 0xF0, 0x0E, 0x00, 0x02, 0x1F, 0xF3, 0xFE, 0x7F, 0xE7, 0xFF, 0x7B, 0xF7, 0x7F,
    0x7E, 0xF7, 0xDF, 0x7F, 0xE7, 0xFE, 0x7F, 0xC2, 0x00, 0x19, 0xC0, 0x3B, 0x80, 0x3B, 0x80, 0x73,
    0x80, 0x66, 0x00, 0x00, 0x01, 0xF0, 0x03, 0xE0, 0x07, 0xE0, 0x1F, 0xC0, 0x3F, 0x80, 0xF7, 0x81,
    0xEF, 0x03, 0x8F, 0x0F, 0x1E, 0x1F, 0xFC, 0x7F, 0xFC, 0xFF, 0xF9, 0xE0, 0xF7, 0x80, 0xFF, 0x01,
    0xE0, 0x67, 0x0E, 0xE1, 0xEE, 0x1D, 0xC1, 0x98, 0x00, 0x0F, 0xE1, 0xFE, 0x3F, 0xC6, 0x7C, 0xFF,
    0xBF, 0xF7, 0x9F, 0xF3, 0xDF, 0xFB, 0xFF, 0x3F, 0xC0, 0x07, 0xC0, 0x1F, 0xC0, 0x3B, 0x80, 0x00,
    0x00, 0x7C, 0x00, 0xF8, 0x01, 0xF8, 0x07, 0xF0, 0x0F, 0xE0, 0x3D, 0xE0, 0x7B, 0xC0, 0xE3, 0xC3,
    0xC7, 0x87, 0xFF, 0x1F, 0xFF, 0x3F, 0xFE, 0x78, 0x3D, 0xE0, 0x3F, 0xC0, 0x78, 0x1F, 0x07, 0xF0,
    0xEE, 0x00, 0x03, 0xF8, 0x7F, 0x8F, 0xF1, 0x9F, 0x3F, 0xEF, 0xFD, 0xE7, 0xFC, 0xF7, 0xFE, 0xFF,
    0xCF, 0xF0, 0x67, 0x0E, 0xE0, 0xEE, 0x1C, 0xE1, 0x98, 0x00, 0x3F, 0xFF, 0xFF, 0xFF, 0xFE, 0x03,
    0xC0, 0x78, 0x0F, 0xFD, 0xFF, 0xBF, 0xF7, 0x80, 0xF0, 0x1E, 0x03, 0xFF, 0xFF, 0xFF, 0xFE, 0x33,
    0x03, 0xB8, 0x39, 0xC1, 0xDC, 0x0C, 0xC0, 0x00, 0x1F, 0x83, 0xFE, 0x7F, 0xE7, 0x9F, 0x7F, 0xF7,
    0xFF, 0x78, 0x07, 0xC6, 0x7F, 0xE3, 0xFE, 0x1F, 0xE0, 0x1F, 0x07, 0xF0, 0xEE, 0x00, 0x0F, 0xFF,
    0xFF, 0xFF, 0xFF, 0x80, 0xF0, 0x1E, 0x03, 0xFF, 0x7F, 0xEF, 0xFD, 0xE0, 0x3C, 0x07, 0x80, 0xFF,
    0xFF, 0xFF, 0xFF, 0x80, 0x0F, 0x81, 0xFC, 0x1D, 0xC0, 0x00, 0x1F, 0x83, 0xFE, 0x7F, 0xE7, 0x9F,
    0x7F, 0xF7, 0xFF, 0x78, 0x07, 0xC6, 0x7F, 0xE3, 0xFE, 0x1F, 0xE0, 0x66, 0x3D, 0xC7, 0x78, 0xEE,
    0x19, 0x80, 0x01, 0xE0, 0x78, 0x1E, 0x07, 0x81, 0xE0, 0x78, 0x1E, 0x07, 0x81, 0xE0, 0x78, 0x1E,
    0x07, 0x81, 0xE0, 0x78, 0x1E, 0x00, 0xE6, 0x77, 0x9D, 0xC7, 0x73, 0x98, 0x00, 0x78, 0x3C, 0x1E,
    0x0F, 0x07, 0x83, 0xC1, 0xE0, 0xF0, 0x78, 0x3C, 0x1E, 0x00, 0x3E, 0x7F, 0x77, 0x00, 0x3C, 0x3C,
    0x3C, 0x3C, 0x3C, 0x3C, 0x3C, 0x3C, 0x3C, 0x3C, 0x3C, 0x3C, 0x3C, 0x3C, 0x3C, 0x7E, 0x7E, 0xF7,
    0x00, 0x3C, 0x3C, 0x3C, 0x3C, 0x3C, 0x3C, 0x3C, 0x3C, 0x3C, 0x3C, 0x3C, 0x39, 0x80, 0x77, 0x80,
    0x77, 0x00, 0x77, 0x00, 0xE6, 0x00, 0x00, 0x03, 0xF8, 0x1F, 0xF8, 0x7F, 0xF8, 0xF9, 0xFB, 0xE0,
    0xF7, 0x81, 0xFF, 0x01, 0xFE, 0x03, 0xFC, 0x07, 0xF8, 0x1F, 0xF8, 0x3C, 0xF9, 0xF9, 0xFF, 0xE1,
    0xFF, 0xC0, 0xFE, 0x00, 0x33, 0x03, 0xB8, 0x39, 0xC1, 0xDC, 0x0C, 0xC0, 0x00, 0x1F, 0xC3, 0xFE,
    0x7F, 0xE7, 0xDF, 0x78, 0xF7, 0x8F, 0x78, 0xF7, 0xDF, 0x7F, 0xE3, 0xFE, 0x1F, 0xC0, 0x07, 0xC0,
    0x1F, 0xC0, 0x3B, 0x80, 0x00, 0x00, 0xFE, 0x07, 0xFE, 0x1F, 0xFE, 0x3E, 0x7E, 0xF8, 0x3D, 0xE0,
    0x7F, 0xC0, 0x7F, 0x80, 0xFF, 0x01, 0xFE, 0x07, 0xFE, 0x0F, 0x3E, 0x7E, 0x7F, 0xF8, 0x7F, 0xF0,
    0x3F, 0x80, 0x0F, 0x81, 0xFC, 0x1D, 0xC0, 0x00, 0x1F, 0xC3, 0xFE, 0x7F, 0xE7, 0xDF, 0x78, 0xF7,
    0x8F, 0x78, 0xF7, 0xDF, 0x7F, 0xE3, 0xFE, 0x1F, 0xC0, 0x66, 0x03, 0xB8, 0x1E, 0xE0, 0x77, 0x01,
    0x98, 0x7F, 0xC3, 0xFF, 0x9F, 0xFC, 0xF3, 0xF7, 0x87, 0xBC, 0x3D, 0xE7, 0xEF, 0xFF, 0x7F, 0xF3,
    0xFF, 0x1E, 0x78, 0xF3, 0xE7, 0x8F, 0xBC, 0x3D, 0xE1, 0xF0, 0xEE, 0x77, 0x1D, 0xCE, 0x73, 0x38,
    0x01, 0xFE, 0xFF, 0x7F, 0xBC, 0x9E, 0x0F, 0x07, 0x83, 0xC1, 0xE0, 0xF0, 0x78, 0x00, 0x1F, 0x01,
    0xFC, 0x0E, 0xF0, 0x00, 0x0F, 0xF8, 0x7F, 0xF3, 0xFF, 0x9E, 0x7E, 0xF0, 0xF7, 0x87, 0xBC, 0xFD,
    0xFF, 0xEF, 0xFE, 0x7F, 0xE3, 0xCF, 0x1E, 0x7C, 0xF1, 0xF7, 0x87, 0xBC, 0x3E, 0x3E, 0x7F, 0xF7,
    0x00, 0xFF, 0xFF, 0xFF, 0xF2, 0xF0, 0xF0, 0xF0, 0xF0, 0xF0, 0xF0, 0xF0, 0x33, 0x03, 0xDC, 0x0E,
    0xF0, 0x3B, 0x80, 0xCC, 0x00, 0x03, 0xC1, 0xFE, 0x0F, 0xF0, 0x7F, 0x83, 0xFC, 0x1F, 0xE0, 0xFF,
    0x07, 0xF8, 0x3F, 0xC1, 0xFE, 0x0F, 0xF0, 0xFF, 0xEF, 0x9F, 0xFC, 0x7F, 0xC1, 0xFC, 0x00, 0xE6,
    0x3B, 0xC7, 0x71, 0xEE, 0x33, 0x80, 0x0F, 0x3F, 0xCF, 0xF3, 0xFC, 0xFF, 0x3F, 0xCF, 0xF3, 0xFE,
    0xFF, 0xFD, 0xFF, 0x3F, 0xC0, 0x0F, 0x80, 0xFE, 0x07, 0x70, 0x00, 0x0F, 0x07, 0xF8, 0x3F, 0xC1,
    0xFE, 0x0F, 0xF0, 0x7F, 0x83, 0xFC, 0x1F, 0xE0, 0xFF, 0x07, 0xF8, 0x3F, 0xC3, 0xFF, 0xBE, 0x7F,
    0xF1, 0xFF, 0x07, 0xF0, 0x1F, 0x0F, 0xE7, 0xB8, 0x00, 0xF3, 0xFC, 0xFF, 0x3F, 0xCF, 0xF3, 0xFC,
    0xFF, 0x3F, 0xEF, 0xFF, 0xDF, 0xF3, 0xFC, 0x1F, 0xC3, 0xFE, 0x7F, 0xE7, 0xCC, 0x78, 0x07, 0xC0,
    0x7F, 0x83, 0xFC, 0x0F, 0xE0, 0x1F, 0x00, 0xF7, 0x1F, 0x7F, 0xE7, 0xFE, 0x7F, 0xC0, 0x00, 0x07,
    0x00, 0xF0, 0x1F, 0x01, 0xE0, 0x3F, 0x9F, 0xE7, 0xF9, 0xE6, 0x7F, 0x9F, 0xE3, 0xFD, 0x8F, 0x7F,
    0xDF, 0xE7, 0xF0, 0x00, 0x0E, 0x07, 0x83, 0xE0, 0xF0, 0xFF, 0xFF, 0xFF, 0xFF, 0xFE, 0x1E, 0x00,
    0xF0, 0x07, 0x80, 0x3C, 0x01, 0xE0, 0x0F, 0x00, 0x78, 0x03, 0xC0, 0x1E, 0x00, 0xF0, 0x07, 0x80,
    0x3C, 0x00, 0x00, 0x07, 0x00, 0x78, 0x07, 0xC0, 0x3C, 0x00, 0xF0, 0xF0, 0xF0, 0xFF, 0xFF, 0xFF,
    0xF0, 0xF0, 0xF0, 0xF0, 0xFA, 0xFF, 0x7F, 0x3F, 0x00, 0x1C, 0x3C, 0x7C, 0x78, 0x7F, 0x1F, 0xF9,
    0xFF, 0x3B, 0xE0, 0x3E, 0x07, 0xC1, 0xF1, 0xFE, 0x3F, 0x87, 0xF8, 0x1F, 0x80, 0xF0, 0x1E, 0x03,
    0xC0, 0xF8, 0x7F, 0xFF, 0xDF, 0xF3, 0xF8, 0x00, 0xFE, 0x3F, 0xCF, 0xF9, 0x1E, 0x0F, 0x8F, 0xC3,
    0xF0, 0xFE, 0x0F, 0x81, 0xE0, 0x78, 0xFE, 0xFF, 0xBF, 0xCF, 0xC0, 0x0C, 0xC0, 0xFE, 0x03, 0xF0,
    0x0F, 0x00, 0x30, 0x00, 0x03, 0xC1, 0xFE, 0x0F, 0xF0, 0x7F, 0x83, 0xFC, 0x1F, 0xE0, 0xFF, 0xFF,
    0xFF, 0xFF, 0xFF, 0xFE, 0x0F, 0xF0, 0x7F, 0x83, 0xFC, 0x1F, 0xE0, 0xFF, 0x07, 0x80, 0x7E, 0x1F,
    0x83, 0x80, 0x00, 0xF0, 0x3C, 0x0F, 0x03, 0xC0, 0xF0, 0x3F, 0xEF, 0xFF, 0xFF, 0xF3, 0xFC, 0xFF,
    0x3F, 0xCF, 0xF3, 0xFC, 0xFF, 0x3F, 0xCF, 0x78, 0x7C, 0x3C, 0x0E, 0x1E, 0x7D, 0xE3, 0x80, 0x1E,
    0x1F, 0x9F, 0xCE, 0x70, 0x00, 0x3F, 0xFF, 0xFF, 0xE0, 0xFF, 0xFF, 0xFF, 0xFF, 0xFF, 0xFF, 0xC3,
    0xFF, 0x7E, 0x7E, 0xFF, 0xF0, 0x66, 0xE7, 0xE7, 0x7F, 0xDE, 0xE6, 0x00, 0x7B, 0xFD, 0xF7, 0x78,
    0x00, 0x3F, 0xCF, 0x73, 0xDC, 0x00, 0x63, 0x9D, 0xE3, 0xF0, 0x78, 0xFF, 0xF0, 0x00, 0x3B, 0x8F,
    0xF8, 0xEE, 0x00, 0x00, 0x7E, 0x7F, 0xF7, 0x43, 0xC7, 0x87, 0x18, 0xF7, 0xB8, 0x0F, 0xFF, 0xC3,
    0x63, 0xFF, 0xD8, 0xFF, 0xF0, 0xC3, 0x31, 0x8D, 0xE7, 0x00, 0x66, 0x66, 0x20, 0x31, 0xBF, 0xF0,
    0xFF, 0xCC, 0x60, 0x30, 0xCF, 0xFF, 0x30, 0xC0, 0x00, 0xFF, 0xF0, 0x7D, 0x80, 0x00, 0x66, 0x7E,
    0x66, 0x79, 0xE7, 0x9E, 0x30, 0xFF, 0xE0, 0x71, 0xE1, 0xFE, 0xF8, 0x39, 0xC6, 0x1E, 0x79, 0xE0,
    0xFF, 0xFC, 0x7F, 0xFF, 0x9B, 0x30, 0xC3, 0xE7, 0x7E, 0x3C, 0x00, 0x18, 0x3C, 0x7E, 0xE7, 0x00,
    0x42, 0xE7, 0x7E, 0x3C, 0x18, 0x7E, 0xFF, 0x42, 0x00, 0x7B, 0xFE, 0xCC, 0xFF, 0xF0, 0x00, 0xFF,
    0xFF, 0xFF, 0x00, 0x7F, 0xFE, 0x4C, 0x00, 0x7F, 0x7F, 0x00, 0x00, 0x01, 0xFF, 0xFF, 0xFD, 0xFF,
    0xFF, 0xF0, 0x03, 0x07, 0x06, 0x06, 0x0E, 0x0C, 0x0C, 0x18, 0x18, 0x38, 0x30, 0x30, 0x70, 0x60,
    0x60, 0xE0, 0xC0, 0x00, 0x66, 0x66, 0x40, 0x67, 0xCF, 0xFB, 0xF0, 0x7F, 0xFF, 0xFB, 0xF0, 0x7F,
    0x3F, 0xFF, 0x7D, 0xB0, 0x4B, 0xF7, 0x9E, 0xFC, 0x00, 0x01, 0xCF, 0x87, 0x00, 0x00, 0xE7, 0xF8,
    0x00, 0x7D, 0x80, 0x03, 0xE0, 0x07, 0xFF, 0x03, 0xFF, 0xF1, 0xC0, 0x1E, 0xC0, 0x01, 0xC0, 0x00,
    0x00, 0x0C, 0x03, 0x80, 0x78, 0x07, 0x80, 0x70, 0x00, 0x3F, 0xFF, 0xFF, 0xFF, 0xFE, 0x03, 0xC0,
    0x78, 0x0F, 0xFD, 0xFF, 0xBF, 0xF7, 0x80, 0xF0, 0x1E, 0x03, 0xFF, 0xFF, 0xFF, 0xFE, 0x3B, 0xCF,
    0x78, 0xEF, 0x00, 0x00, 0x01, 0xFF, 0xFF, 0xFF, 0xFF, 0xF0, 0x1E, 0x03, 0xC0, 0x7F, 0xEF, 0xFD,
    0xFF, 0xBC, 0x07, 0x80, 0xF0, 0x1F, 0xFF, 0xFF, 0xFF, 0xF0, 0xFF, 0xF8, 0x7F, 0xFC, 0x3F, 0xFE,
    0x01, 0xE0, 0x00, 0xF0, 0x00, 0x7F, 0xE0, 0x3F, 0xF8, 0x1F, 0xFE, 0x0F, 0x1F, 0x07, 0x83, 0x83,
    0xC1, 0xE1, 0xE1, 0xE0, 0xF7, 0xF0, 0x7B, 0xF0, 0x3D, 0xF0, 0x02, 0x00, 0xE0, 0x3C, 0x0F, 0x00,
    0xC0, 0x00, 0x3F, 0xFF, 0xFF, 0xFF, 0xFE, 0x03, 0xC0, 0x78, 0x0F, 0x01, 0xE0, 0x3C, 0x07, 0x80,
    0xF0, 0x1E, 0x03, 0xC0, 0x78, 0x0F, 0x00, 0x0F, 0xF1, 0xFF, 0xDF, 0xFC, 0xF8, 0xEF, 0x80, 0x78,
    0x03, 0xFF, 0x1F, 0xF8, 0xFF, 0xC7, 0x80, 0x3E, 0x00, 0xF8, 0xE7, 0xFF, 0x1F, 0xFC, 0x7F, 0xC0,
    0x1F, 0xC3, 0xFE, 0x7F, 0xE7, 0xCC, 0x78, 0x07, 0xC0, 0x7F, 0x83, 0xFC, 0x0F, 0xE0, 0x1F, 0x00,
    0xF7, 0x1F, 0x7F, 0xE7, 0xFE, 0x7F, 0xC0, 0xFF, 0xFF, 0xFF, 0xFF, 0xFF, 0xFF, 0xFF, 0xF0, 0xF7,
    0x7B, 0xFD, 0xC0, 0x03, 0xC1, 0xE0, 0xF0, 0x78, 0x3C, 0x1E, 0x0F, 0x07, 0x83, 0xC1, 0xE0, 0xF0,
    0x78, 0x3C, 0x1E, 0x0F, 0x00, 0x03, 0xC0, 0xF0, 0x3C, 0x0F, 0x03, 0xC0, 0xF0, 0x3C, 0x0F, 0x03,
    0xC0, 0xF0, 0x3D, 0x9F, 0xFF, 0xFF, 0xE7, 0xF0, 0x07, 0xFE, 0x00, 0x0F, 0xFC, 0x00, 0x1F, 0xF8,
    0x00, 0x78, 0xF0, 0x00, 0xF1, 0xE0, 0x01, 0xE3, 0xFF, 0x03, 0xC7, 0xFF, 0x07, 0x8F, 0xFF, 0x0F,
    0x1E, 0x7E, 0x1E, 0x3C, 0x3C, 0x78, 0x78, 0x7B, 0xF0, 0xF1, 0xFF, 0xC1, 0xFF, 0xFF, 0x83, 0xFF,
    0xBC, 0x07, 0xFC, 0x00, 0xF0, 0x78, 0x07, 0x83, 0xC0, 0x3C, 0x1E, 0x01, 0xE0, 0xF0, 0x0F, 0x07,
    0x80, 0x7F, 0xFF, 0xE3, 0xFF, 0xFF, 0xDF, 0xFF, 0xFE, 0xF0, 0x79, 0xFF, 0x83, 0xC3, 0xFC, 0x1E,
    0x1F, 0xE0, 0xF3, 0xFF, 0x07, 0xFF, 0x78, 0x3F, 0xFB, 0xC1, 0xFF, 0x00, 0xFF, 0xF8, 0xFF, 0xF8,
    0xFF, 0xF8, 0x0F, 0x00, 0x0F, 0x00, 0x0F, 0x00, 0x0F, 0xFC, 0x0F, 0xFE, 0x0F, 0xFE, 0x0F, 0x3F,
    0x0F, 0x0F, 0x0F, 0x0F, 0x0F, 0x0F, 0x0F, 0x0F, 0x0F, 0x0F, 0x01, 0x80, 0x07, 0x00, 0x3C, 0x01,
    0xE0, 0x07, 0x00, 0x00, 0x0F, 0x0F, 0xBC, 0x7C, 0xF3, 0xE3, 0xDF, 0x0F, 0xF8, 0x3F, 0xC0, 0xFE,
    0x03, 0xFC, 0x0F, 0xF8, 0x3D, 0xF0, 0xF3, 0xC3, 0xCF, 0x8F, 0x1F, 0x3C, 0x3C, 0xF0, 0xF8, 0x06,
    0x00, 0x3C, 0x00, 0xF8, 0x00, 0xE0, 0x01, 0x80, 0x00, 0x0F, 0x03, 0xFC, 0x1F, 0xF0, 0xFF, 0xC7,
    0xFF, 0x1F, 0xFC, 0xFF, 0xF7, 0xBF, 0xDE, 0xFF, 0xF3, 0xFF, 0x8F, 0xFE, 0x3F, 0xF0, 0xFF, 0x83,
    0xFE, 0x0F, 0xF0, 0x3C, 0x0C, 0xC0, 0x7B, 0x80, 0xFE, 0x01, 0xF0, 0x00, 0x03, 0xE1, 0xF7, 0x87,
    0x9F, 0x1E, 0x3C, 0x78, 0xF3, 0xC1, 0xEF, 0x07, 0xB8, 0x0F, 0xE0, 0x3F, 0x80, 0x7C, 0x01, 0xF0,
    0x4F, 0x81, 0xFE, 0x07, 0xF0, 0x1F, 0x80, 0xF0, 0x7F, 0x83, 0xFC, 0x1F, 0xE0, 0xFF, 0x07, 0xF8,
    0x3F, 0xC1, 0xFE, 0x0F, 0xF0, 0x7F, 0x83, 0xFC, 0x1F, 0xE0, 0xFF, 0xFF, 0xFF, 0xFF, 0xFF, 0xE0,
    0xF0, 0x07, 0x80, 0x3C, 0x01, 0xE0, 0x07, 0xC0, 0x0F, 0x80, 0x1F, 0x80, 0x7F, 0x00, 0xFE, 0x03,
    0xDE, 0x07, 0xBC, 0x0E, 0x3C, 0x3C, 0x78, 0x7F, 0xF1, 0xFF, 0xF3, 0xFF, 0xE7, 0x83, 0xDE, 0x03,
    0xFC, 0x07, 0x80, 0xFF, 0xEF, 0xFE, 0xFF, 0xEF, 0x00, 0xF0, 0x0F, 0xF8, 0xFF, 0xEF, 0xFF, 0xF3,
    0xFF, 0x0F, 0xF0, 0xFF, 0x3F, 0xFF, 0xEF, 0xFE, 0xFF, 0x80, 0xFF, 0xC7, 0xFF, 0x3F, 0xFD, 0xE3,
    0xEF, 0x1F, 0x7F, 0xF3, 0xFF, 0x9F, 0xFE, 0xF1, 0xF7, 0x87, 0xBC, 0x3D, 0xE3, 0xEF, 0xFF, 0x7F,
    0xF3, 0xFF, 0x00, 0xFF, 0xFF, 0xFF, 0xFF, 0xF8, 0x0F, 0x01, 0xE0, 0x3C, 0x07, 0x80, 0xF0, 0x1E,
    0x03, 0xC0, 0x78, 0x0F, 0x01, 0xE0, 0x3C, 0x00, 0x0F, 0xFE, 0x07, 0xFF, 0x03, 0xFF, 0x81, 0xE3,
    0xC0, 0xF1, 0xE0, 0x78, 0xF0, 0x3C, 0x78, 0x1E, 0x3C, 0x0F, 0x1E, 0x0F, 0x0F, 0x07, 0x87, 0x87,
    0xC3, 0xCF, 0xFF, 0xFF, 0xFF, 0xFF, 0xFF, 0xFF, 0xE0, 0x0F, 0xF0, 0x07, 0xF8, 0x03, 0xFC, 0x01,
    0xE0, 0xFF, 0xFF, 0xFF, 0xFF, 0xF8, 0x0F, 0x01, 0xE0, 0x3F, 0xF7, 0xFE, 0xFF, 0xDE, 0x03, 0xC0,
    0x78, 0x0F, 0xFF, 0xFF, 0xFF, 0xF8, 0xF8, 0xF0, 0xF3, 0xE7, 0x8F, 0x8F, 0x3C, 0xF8, 0x7D, 0xEF,
    0x81, 0xFF, 0x7C, 0x07, 0xFF, 0xC0, 0x1F, 0xFC, 0x00, 0xFF, 0xC0, 0x0F, 0xFF, 0x00, 0x7F, 0xFC,
    0x07, 0xFD, 0xF0, 0x7D, 0xE7, 0xC7, 0xCF, 0x1E, 0x3C, 0x78, 0xFB, 0xE3, 0xC3, 0xE0, 0x3F, 0x87,
    0xFE, 0x7F, 0xE3, 0x1F, 0x01, 0xF0, 0x3E, 0x1F, 0xE1, 0xFE, 0x1F, 0xF0, 0x1F, 0x00, 0xF7, 0x1F,
    0x7F, 0xFF, 0xFE, 0x7F, 0xC0, 0xF0, 0x3F, 0xC1, 0xFF, 0x0F, 0xFC, 0x7F, 0xF1, 0xFF, 0xCF, 0xFF,
    0x7B, 0xFD, 0xEF, 0xFF, 0x3F, 0xF8, 0xFF, 0xE3, 0xFF, 0x0F, 0xF8, 0x3F, 0xE0, 0xFF, 0x03, 0xC0,
    0x0C, 0xC0, 0x7B, 0x80, 0xFE, 0x01, 0xF0, 0x00, 0x03, 0xC0, 0xFF, 0x07, 0xFC, 0x3F, 0xF1, 0xFF,
    0xC7, 0xFF, 0x3F, 0xFD, 0xEF, 0xF7, 0xBF, 0xFC, 0xFF, 0xE3, 0xFF, 0x8F, 0xFC, 0x3F, 0xE0, 0xFF,
    0x83, 0xFC, 0x0F, 0xF0, 0xFB, 0xC7, 0xCF, 0x3E, 0x3D, 0xF0, 0xFF, 0x83, 0xFC, 0x0F, 0xE0, 0x3F,
    0xC0, 0xFF, 0x83, 0xDF, 0x0F, 0x3C, 0x3C, 0xF8, 0xF1, 0xF3, 0xC3, 0xCF, 0x0F, 0x80, 0x07, 0xFE,
    0x0F, 0xFC, 0x1F, 0xF8, 0x78, 0xF0, 0xF1, 0xE1, 0xE3, 0xC3, 0xC7, 0x87, 0x8F, 0x0F, 0x1E, 0x1E,
    0x3C, 0x78, 0x7B, 0xF0, 0xFF, 0xC1, 0xFF, 0x83, 0xFC, 0x07, 0x80, 0x78, 0x0F, 0x3E, 0x0F, 0x9F,
    0x07, 0xCF, 0xC7, 0xE7, 0xE3, 0xF7, 0xF1, 0xFB, 0xFD, 0xFD, 0xEE, 0xEF, 0xF7, 0xF7, 0xFB, 0xF3,
    0xFC, 0xF9, 0xFE, 0x7C, 0xFF, 0x1C, 0x7F, 0x80, 0x3F, 0xC0, 0x1E, 0xF0, 0x7F, 0x83, 0xFC, 0x1F,
    0xE0, 0xFF, 0x07, 0xF8, 0x3F, 0xFF, 0xFF, 0xFF, 0xFF, 0xFF, 0x83, 0xFC, 0x1F, 0xE0, 0xFF, 0x07,
    0xF8, 0x3F, 0xC1, 0xE0, 0x0F, 0xE0, 0x7F, 0xE1, 0xFF, 0xE3, 0xE7, 0xEF, 0x83, 0xDE, 0x07, 0xFC,
    0x07, 0xF8, 0x0F, 0xF0, 0x1F, 0xE0, 0x7F, 0xE0, 0xF3, 0xE7, 0xE7, 0xFF, 0x87, 0xFF, 0x03, 0xF8,
    0x00, 0xFF, 0xFF, 0xFF, 0xFF, 0xFF, 0xE0, 0xFF, 0x07, 0xF8, 0x3F, 0xC1, 0xFE, 0x0F, 0xF0, 0x7F,
    0x83, 0xFC, 0x1F, 0xE0, 0xFF, 0x07, 0xF8, 0x3F, 0xC1, 0xE0, 0xFF, 0xCF, 0xFE, 0xFF, 0xFF, 0x1F,
    0xF0, 0xFF, 0x0F, 0xF3, 0xFF, 0xFF, 0xFF, 0xEF, 0xFC, 0xF0, 0x0F, 0x00, 0xF0, 0x0F, 0x00, 0xF0,
    0x00, 0x0F, 0xF1, 0xFF, 0x9F, 0xFC, 0xFD, 0xEF, 0x80, 0x78, 0x03, 0xC0, 0x1E, 0x00, 0xF0, 0x07,
    0x80, 0x3E, 0x01, 0xF8, 0xE7, 0xFF, 0x1F, 0xF8, 0x7F, 0xC0, 0xFF, 0xFF, 0xFF, 0xFF, 0xFE, 0x1E,
    0x00, 0xF0, 0x07, 0x80, 0x3C, 0x01, 0xE0, 0x0F, 0x00, 0x78, 0x03, 0xC0, 0x1E, 0x00, 0xF0, 0x07,
    0x80, 0x3C, 0x00, 0xF8, 0x7D, 0xE1, 0xE7, 0xC7, 0x8F, 0x1E, 0x3C, 0xF0, 0x7B, 0xC1, 0xEE, 0x03,
    0xF8, 0x0F, 0xE0, 0x1F, 0x00, 0x7C, 0x13, 0xE0, 0x7F, 0x81, 0xFC, 0x07, 0xE0, 0x00, 0x01, 0xE0,
    0x00, 0x78, 0x00, 0xFF, 0xC0, 0x7F, 0xFC, 0x3F, 0xFF, 0x1F, 0xFF, 0xE7, 0x9E, 0x79, 0xE7, 0x8F,
    0x79, 0xE3, 0xDE, 0x79, 0xE7, 0xFF, 0xF8, 0xFF, 0xFE, 0x1F, 0xFF, 0x03, 0xFF, 0x00, 0x1E, 0x00,
    0x07, 0x80, 0xF8, 0x7D, 0xF1, 0xE3, 0xCF, 0x8F, 0xFC, 0x1F, 0xE0, 0x3F, 0x80, 0xFC, 0x01, 0xF0,
    0x0F, 0xC0, 0x7F, 0x81, 0xFF, 0x0F, 0xFC, 0x7C, 0xF9, 0xE1, 0xFF, 0x87, 0xC0, 0xF0, 0x78, 0xF0,
    0x78, 0xF0, 0x78, 0xF0, 0x78, 0xF0, 0x78, 0xF0, 0x78, 0xF0, 0x78, 0xF0, 0x78, 0xF0, 0x78, 0xF0,
    0x78, 0xF0, 0x78, 0xF0, 0x78, 0xFF, 0xFF, 0xFF, 0xFF, 0xFF, 0xFF, 0x00, 0x0F, 0x00, 0x0F, 0x00,
    0x0F, 0x00, 0x0F, 0xF0, 0x7F, 0x83, 0xFC, 0x1F, 0xE0, 0xFF, 0x87, 0xBC, 0x3D, 0xF1, 0xEF, 0xFF,
    0x3F, 0xF8, 0xFF, 0xC0, 0x1E, 0x00, 0xF0, 0x07, 0x80, 0x3C, 0x01, 0xE0, 0xF0, 0xF1, 0xFE, 0x1E,
    0x3F, 0xC3, 0xC7, 0xF8, 0x78, 0xFF, 0x0F, 0x1F, 0xE1, 0xE3, 0xFC, 0x3C, 0x7F, 0x87, 0x8F, 0xF0,
    0xF1, 0xFE, 0x1E, 0x3F, 0xC3, 0xC7, 0xF8, 0x78, 0xFF, 0xFF, 0xFF, 0xFF, 0xFF, 0xFF, 0xFF, 0xF8,
    0xF0, 0xF1, 0xE3, 0xC3, 0xC7, 0x8F, 0x0F, 0x1E, 0x3C, 0x3C, 0x78, 0xF0, 0xF1, 0xE3, 0xC3, 0xC7,
    0x8F, 0x0F, 0x1E, 0x3C, 0x3C, 0x78, 0xF0, 0xF1, 0xE3, 0xC3, 0xC7, 0x8F, 0x0F, 0x1E, 0x3C, 0x3C,
    0x78, 0xFF, 0xFF, 0xFF, 0xFF, 0xFF, 0xFF, 0xFF, 0xFF, 0xC0, 0x00, 0x0F, 0x00, 0x00, 0x3C, 0x00,
    0x00, 0xF0, 0x00, 0x03, 0xC0, 0xFF, 0x00, 0xFF, 0x00, 0xFF, 0x00, 0x0F, 0x00, 0x0F, 0x00, 0x0F,
    0xF8, 0x0F, 0xFC, 0x0F, 0xFE, 0x0F, 0x3E, 0x0F, 0x1F, 0x0F, 0x1F, 0x0F, 0x3E, 0x0F, 0xFE, 0x0F,
    0xFC, 0x0F, 0xF8, 0xF0, 0x07, 0xF8, 0x03, 0xFC, 0x01, 0xFE, 0x00, 0xFF, 0x00, 0x7F, 0xFC, 0x3F,
    0xFF, 0x9F, 0xFF, 0xCF, 0xF3, 0xF7, 0xF8, 0x7B, 0xFC, 0x3D, 0xFE, 0x7E, 0xFF, 0xFE, 0x7F, 0xFF,
    0x3F, 0xFE, 0x1E, 0xF0, 0x0F, 0x00, 0xF0, 0x0F, 0x00, 0xF0, 0x0F, 0xFC, 0xFF, 0xEF, 0xFF, 0xF3,
    0xFF, 0x0F, 0xF0, 0xFF, 0x3F, 0xFF, 0xFF, 0xFE, 0xFF, 0x80, 0x3F, 0xC1, 0xFF, 0x87, 0xFF, 0x1C,
    0x7E, 0x00, 0x78, 0x01, 0xE1, 0xFF, 0xC7, 0xFF, 0x1F, 0xFC, 0x01, 0xE0, 0x07, 0x9C, 0x7E, 0x7F,
    0xF1, 0xFF, 0x83, 0xFC, 0x00, 0xF0, 0x3F, 0x87, 0x83, 0xFF, 0x3C, 0x3F, 0xF9, 0xE3, 0xF3, 0xEF,
    0x1E, 0x0F, 0xF9, 0xF0, 0x3F, 0xFF, 0x01, 0xFF, 0xF8, 0x0F, 0xFF, 0xC0, 0x7F, 0x9F, 0x03, 0xFC,
    0x78, 0x3F, 0xE3, 0xF3, 0xEF, 0x0F, 0xFF, 0x78, 0x7F, 0xF3, 0xC0, 0xFE, 0x00, 0x0F, 0xF8, 0xFF,
    0xCF, 0xFE, 0x7C, 0xF7, 0x87, 0xBC, 0x3D, 0xF9, 0xE7, 0xFF, 0x3F, 0xF8, 0xFF, 0xC7, 0x9E, 0x7C,
    0xF3, 0xC7, 0xBE, 0x3D, 0xE1, 0xE0, 0x3F, 0x87, 0xF8, 0xFF, 0x19, 0xF3, 0xFE, 0xFF, 0xDE, 0x7F,
    0xCF, 0x7F, 0xEF, 0xFC, 0xFF, 0x00, 0x03, 0xE0, 0xFE, 0x1F, 0xE3, 0xFC, 0x7C, 0x07, 0xFC, 0x7F,
    0xE7, 0xFE, 0x79, 0xF7, 0x8F, 0x78, 0xF7, 0x8F, 0x7D, 0xF7, 0xFE, 0x3F, 0xE1, 0xF8, 0xFF, 0x9F,
    0xFB, 0xFF, 0x79, 0xEF, 0xFD, 0xFF, 0xBC, 0x7F, 0x8F, 0xFF, 0xFF, 0xFB, 0xFE, 0x00, 0xFF, 0xFF,
    0xFF, 0xFE, 0x0F, 0x07, 0x83, 0xC1, 0xE0, 0xF0, 0x78, 0x3C, 0x00, 0x1F, 0xF0, 0x7F, 0xC1, 0xFF,
    0x07, 0xBC, 0x1E, 0xF0, 0x73, 0xC3, 0xCF, 0x0F, 0x3C, 0xFF, 0xFF, 0xFF, 0xFF, 0xFF, 0xF8, 0x07,
    0xE0, 0x1F, 0x80, 0x70, 0x1F, 0x83, 0xFE, 0x7F, 0xE7, 0x9F, 0x7F, 0xF7, 0xFF, 0x78, 0x07, 0xC6,
    0x7F, 0xE3, 0xFE, 0x1F, 0xE0, 0xF9, 0xE7, 0x9F, 0x7B, 0xE3, 0xDF, 0xF0, 0x7F, 0xF8, 0x1F, 0xFC,
    0x03, 0xFF, 0x01, 0xFF, 0xE0, 0xFF, 0xF8, 0x3D, 0xEF, 0x1E, 0x79, 0xEF, 0x9E, 0x7C, 0x7F, 0x1F,
    0xE7, 0xFD, 0x9F, 0x3F, 0x8F, 0xE0, 0x3D, 0x8F, 0x7F, 0xFF, 0xE7, 0xF0, 0xF1, 0xFE, 0x7F, 0xDF,
    0xFB, 0xFF, 0xFF, 0xFF, 0xFF, 0xFF, 0xEF, 0xF9, 0xFF, 0x3F, 0xC7, 0x80, 0x31, 0x87, 0x70, 0xFE,
    0x0F, 0x80, 0x00, 0x00, 0x3C, 0x7F, 0x9F, 0xF7, 0xFE, 0xFF, 0xFF, 0xFF, 0xFF, 0xFF, 0xFB, 0xFE,
    0x7F, 0xCF, 0xF1, 0xE0, 0xF3, 0xEF, 0x7C, 0xFF, 0x8F, 0xF0, 0xFE, 0x0F, 0xE0, 0xFF, 0x0F, 0xF8,
    0xF7, 0xCF, 0x3C, 0xF1, 0xE0, 0x1F, 0xF1, 0xFF, 0x1F, 0xF1, 0xEF, 0x1E, 0xF1, 0xEF, 0x3C, 0xF7,
    0xCF, 0xFC, 0xFF, 0x8F, 0xF0, 0xF0, 0x70, 0x39, 0xE1, 0xEF, 0x8F, 0xFF, 0x3F, 0xFD, 0xFF, 0xFF,
    0xFF, 0xFF, 0xFF, 0xEF, 0xF7, 0xBF, 0xDE, 0xFF, 0x03, 0xC0, 0xF3, 0xFC, 0xFF, 0x3F, 0xCF, 0xFF,
    0xFF, 0xFF, 0xFF, 0xCF, 0xF3, 0xFC, 0xFF, 0x3C, 0x1F, 0xC3, 0xFE, 0x7F, 0xE7, 0xDF, 0x78, 0xF7,
    0x8F, 0x78, 0xF7, 0xDF, 0x7F, 0xE3, 0xFE, 0x1F, 0xC0, 0xFF, 0xFF, 0xFF, 0xFF, 0xCF, 0xF3, 0xFC,
    0xFF, 0x3F, 0xCF, 0xF3, 0xFC, 0xFF, 0x3C, 0xFF, 0x1F, 0xFB, 0xFF, 0x79, 0xFF, 0x1F, 0xE3, 0xFC,
    0x7F, 0x9F, 0xFF, 0xDF, 0xFB, 0xFE, 0x78, 0x0F, 0x01, 0xE0, 0x3C, 0x00, 0x1F, 0xCF, 0xF7, 0xFD,
    0xF2, 0x78, 0x1E, 0x07, 0x81, 0xF3, 0x7F, 0xCF, 0xF1, 0xFC, 0xFF, 0xFF, 0xFF, 0xFF, 0x87, 0x00,
    0xE0, 0x1C, 0x03, 0x80, 0x70, 0x0E, 0x01, 0xC0, 0x38, 0x00, 0xF0, 0xFF, 0x1E, 0x79, 0xE7, 0x9E,
    0x7B, 0xC3, 0xFC, 0x3F, 0x81, 0xF8, 0x1F, 0x81, 0xF0, 0x0F, 0x01, 0xE0, 0xFE, 0x0F, 0xC0, 0xF8,
    0x00, 0x01, 0xC0, 0x03, 0xC0, 0x03, 0xC0, 0x03, 0xC0, 0x03, 0xC0, 0x0F, 0xF8, 0x3F, 0xFC, 0x7F,
    0xFE, 0x7F, 0xDF, 0x7B, 0xCF, 0x7B, 0xCF, 0x7B, 0xCF, 0x7F, 0xDF, 0x7F, 0xFE, 0x3F, 0xFC, 0x0F,
    0xF8, 0x03, 0xC0, 0x03, 0xC0, 0x03, 0xC0, 0x03, 0xC0, 0xF1, 0xE7, 0x9E, 0x3F, 0xC3, 0xF8, 0x1F,
    0x80, 0xF0, 0x1F, 0x83, 0xFC, 0x7B, 0xC7, 0x9E, 0xF1, 0xF0, 0xF3, 0xCF, 0x3C, 0xF3, 0xCF, 0x3C,
    0xF3, 0xCF, 0x3C, 0xF3, 0xCF, 0x3C, 0xFF, 0xFF, 0xFF, 0xFF, 0xF0, 0x07, 0x00, 0x70, 0x07, 0x71,
    0xEE, 0x3D, 0xC7, 0xB8, 0xF7, 0x9E, 0xFF, 0xDF, 0xF9, 0xFF, 0x01, 0xE0, 0x3C, 0x07, 0x80, 0xF3,
    0xCF, 0xF3, 0xCF, 0xF3, 0xCF, 0xF3, 0xCF, 0xF3, 0xCF, 0xF3, 0xCF, 0xF3, 0xCF, 0xF3, 0xCF, 0xFF,
    0xFF, 0xFF, 0xFF, 0xFF, 0xFF, 0xF3, 0xCF, 0x3C, 0xF3, 0xCF, 0x3C, 0xF3, 0xCF, 0x3C, 0xF3, 0xCF,
    0x3C, 0xF3, 0xCF, 0x3C, 0xF3, 0xCF, 0x3C, 0xFF, 0xFF, 0xFF, 0xFF, 0xFF, 0xFF, 0xFC, 0x00, 0x0F,
    0x00, 0x03, 0xC0, 0x00, 0xF0, 0xFE, 0x07, 0xF0, 0x3F, 0x80, 0x3C, 0x01, 0xFE, 0x0F, 0xF8, 0x7F,
    0xE3, 0xCF, 0x1F, 0xF8, 0xFF, 0xC7, 0xF8, 0xF0, 0x1F, 0xE0, 0x3F, 0xC0, 0x7F, 0x80, 0xFF, 0xF9,
    0xFF, 0xFB, 0xFF, 0xF7, 0xF9, 0xEF, 0xFF, 0xDF, 0xFF, 0xBF, 0xFE, 0x78, 0xF0, 0x1E, 0x03, 0xC0,
    0x78, 0x0F, 0xF9, 0xFF, 0xBF, 0xF7, 0x9E, 0xFF, 0xDF, 0xFB, 0xFE, 0x00, 0x7F, 0x0F, 0xF1, 0xFF,
    0x31, 0xE3, 0xFC, 0x7F, 0xC0, 0xF3, 0x3E, 0x7F, 0xDF, 0xF3, 0xFC, 0x00, 0xF0, 0xFC, 0x78, 0xFF,
    0x3C, 0xFF, 0xDE, 0x7D, 0xEF, 0xFC, 0x7F, 0xFC, 0x3F, 0xFF, 0x1F, 0xE7, 0x9E, 0xF3, 0xFF, 0x78,
    0xFF, 0x3C, 0x3F, 0x00, 0x1F, 0xE7, 0xFD, 0xFF, 0xBC, 0xF7, 0x9E, 0xFF, 0xDF, 0xF9, 0xFF, 0x3D,
    0xEF, 0x3D, 0xE7, 0x80, 0x0C, 0x00, 0xE0, 0x0F, 0x00, 0x78, 0x03, 0x00, 0x00, 0x1F, 0x83, 0xFE,
    0x7F, 0xE7, 0x9F, 0x7F, 0xF7, 0xFF, 0x78, 0x07, 0xC6, 0x7F, 0xE3, 0xFE, 0x1F, 0xE0, 0x3D, 0xC3,
    0xDE, 0x3D, 0xC0, 0x00, 0x00, 0x01, 0xF8, 0x3F, 0xE7, 0xFE, 0x79, 0xF7, 0xFF, 0x7F, 0xF7, 0x80,
    0x7C, 0x67, 0xFE, 0x3F, 0xE1, 0xFE, 0x78, 0x07, 0x80, 0xFF, 0x0F, 0xF0, 0x78, 0x07, 0xFC, 0x7F,
    0xE7, 0xFE, 0x79, 0xE7, 0x8F, 0x78, 0xF7, 0x8F, 0x78, 0xF7, 0x8F, 0x78, 0xF7, 0x8F, 0x01, 0xF0,
    0x7E, 0x07, 0xE0, 0x7C, 0x0C, 0x07, 0x07, 0x87, 0x83, 0x80, 0x03, 0xFF, 0xFF, 0xFF, 0xF8, 0x3C,
    0x1E, 0x0F, 0x07, 0x83, 0xC1, 0xE0, 0xF0, 0x00, 0x1F, 0xC7, 0xF9, 0xFF, 0x3C, 0x6F, 0xF1, 0xFE,
    0x3C, 0x03, 0xE6, 0x7F, 0xC7, 0xFC, 0x7F, 0x00, 0x3F, 0x9F, 0xE7, 0xF9, 0xE6, 0x7F, 0x9F, 0xE3,
    0xFD, 0x8F, 0x7F, 0xDF, 0xE7, 0xF0, 0xFF, 0xFF, 0x0F, 0xFF, 0xFF, 0xFF, 0xFF, 0xFF, 0x73, 0xBF,
    0xDC, 0xE0, 0x00, 0x00, 0xF0, 0x78, 0x3C, 0x1E, 0x0F, 0x07, 0x83, 0xC1, 0xE0, 0xF0, 0x78, 0x3C,
    0x1E, 0x3C, 0x78, 0xF0, 0x03, 0xC7, 0x8F, 0x1E, 0x3C, 0x78, 0xF1, 0xE3, 0xC7, 0x8F, 0x1F, 0xFF,
    0xF7, 0xC0, 0x1F, 0xF0, 0x03, 0xFE, 0x00, 0x7F, 0xC0, 0x0F, 0x78, 0x01, 0xEF, 0xF8, 0x3D, 0xFF,
    0x8F, 0x3F, 0xF3, 0xE7, 0x9F, 0xFC, 0xFF, 0xDF, 0x1F, 0xFB, 0xC3, 0xFE, 0x00, 0xF3, 0xC0, 0x79,
    0xE0, 0x3C, 0xF0, 0x1E, 0x78, 0x0F, 0xFF, 0xE7, 0xFF, 0xFB, 0xFF, 0xFF, 0xE7, 0x9F, 0xF3, 0xFF,
    0xF9, 0xFF, 0xBC, 0x7F, 0x80, 0x78, 0x07, 0x80, 0xFF, 0x0F, 0xF0, 0x78, 0x07, 0xFC, 0x7F, 0xE7,
    0xFE, 0x79, 0xE7, 0x8F, 0x78, 0xF7, 0x8F, 0x78, 0xF7, 0x8F, 0x78, 0xF7, 0x8F, 0x02, 0x00, 0x70,
    0x0F, 0x01, 0xE0, 0x0C, 0x00, 0x00, 0xF3, 0xEF, 0x7C, 0xFF, 0x8F, 0xF0, 0xFE, 0x0F, 0xE0, 0xFF,
    0x0F, 0xF8, 0xF7, 0xCF, 0x3C, 0xF1, 0xE0, 0x18, 0x07, 0x80, 0xF0, 0x0F, 0x00, 0xE0, 0x00, 0x3C,
    0x7F, 0x9F, 0xF7, 0xFE, 0xFF, 0xFF, 0xFF, 0xFF, 0xFF, 0xFB, 0xFE, 0x7F, 0xCF, 0xF1, 0xE0, 0x19,
    0x83, 0xBC, 0x3F, 0x81, 0xF0, 0x00, 0x00, 0x00, 0xF0, 0xFF, 0x1E, 0x79, 0xE7, 0x9E, 0x7B, 0xC3,
    0xFC, 0x3F, 0x81, 0xF8, 0x1F, 0x81, 0xF0, 0x0F, 0x01, 0xE0, 0xFE, 0x0F, 0xC0, 0xF8, 0x00, 0xF3,
    0xFC, 0xFF, 0x3F, 0xCF, 0xF3, 0xFC, 0xFF, 0x3F, 0xCF, 0xFF, 0xFF, 0xFF, 0xFC, 0x78, 0x1E, 0x07,
    0x80, 0x1E, 0x00, 0x3C, 0x03, 0xFF, 0x87, 0xFF, 0x0F, 0xFE, 0x03, 0xC0, 0x07, 0xFC, 0x0F, 0xFE,
    0x1F, 0xFE, 0x3C, 0xFC, 0x78, 0x78, 0xF0, 0xF1, 0xE7, 0xE3, 0xFF, 0x87, 0xFF, 0x0F, 0xF8, 0x1C,
    0x01, 0xE0, 0x0F, 0x00, 0x78, 0x03, 0xC0, 0x7F, 0xE3, 0xFF, 0x1F, 0xF8, 0x3C, 0x01, 0xE0, 0x0F,
    0xF8, 0x7F, 0xE3, 0xCF, 0x9F, 0xFC, 0xFF, 0xC3, 0xFC, 0x1F, 0xFF, 0x03, 0xFF, 0xE0, 0x38, 0x38,
    0x03, 0x06, 0x00, 0x71, 0xC0, 0x07, 0x70, 0x00, 0x7C, 0x00, 0x3F, 0xE0, 0x07, 0xFE, 0x01, 0xDD,
    0xC0, 0x33, 0x9C, 0x0E, 0x71, 0x83, 0x8E, 0x38, 0xE1, 0xC3, 0x9C, 0x38, 0x3B, 0x02, 0x06, 0x1F,
    0xF0, 0x7F, 0xF0, 0x7F, 0xC0, 0x77, 0x00, 0x7C, 0x01, 0xFC, 0x07, 0xFC, 0x0D, 0xF8, 0x3B, 0xB8,
    0xE7, 0x3B, 0x8E, 0x3A, 0x08, 0x60, 0x0F, 0xE0, 0x7F, 0xE1, 0xFF, 0xE3, 0xE7, 0xEF, 0x03, 0xDF,
    0xF7, 0xFF, 0xFF, 0xFF, 0xFF, 0xFB, 0xFF, 0xE0, 0x7F, 0xE0, 0xF3, 0xF7, 0xE7, 0xFF, 0x87, 0xFF,
    0x03, 0xF8, 0x00, 0x1F, 0xC3, 0xFE, 0x7F, 0xE7, 0xDF, 0x7E, 0xF7, 0xFF, 0x7F, 0xF7, 0xDF, 0x7F,
    0xE3, 0xFE, 0x1F, 0xC0, 0xF0, 0x0F, 0xBE, 0x07, 0xE7, 0x83, 0xF9, 0xE0, 0xF4, 0x7C, 0x3C, 0x0F,
    0x1E, 0x03, 0xC7, 0x80, 0x7B, 0xC0, 0x1E, 0xF0, 0x07, 0xFC, 0x00, 0xFE, 0x00, 0x3F, 0x80, 0x0F,
    0xC0, 0x01, 0xF0, 0x00, 0x7C, 0x00, 0xF0, 0xFF, 0x8F, 0xDE, 0x7E, 0xF3, 0x87, 0xBC, 0x1D, 0xE0,
    0xFE, 0x03, 0xF0, 0x1F, 0x00, 0xF8, 0x03, 0xC0, 0x00, 0x00, 0x00, 0x03, 0xF8, 0x00, 0x07, 0xFE,
    0x00, 0x07, 0x83, 0x80, 0x03, 0x80, 0xC0, 0x03, 0x80, 0x78, 0x09, 0x80, 0x3E, 0x0E, 0xC0, 0x0F,
    0x87, 0x60, 0x07, 0xC7, 0x30, 0x03, 0x63, 0x18, 0x03, 0xBB, 0x8C, 0x01, 0xCD, 0xC7, 0x00, 0xC7,
    0xC1, 0xC0, 0xE1, 0xE0, 0xFB, 0xE0, 0xE0, 0x3F, 0xE0, 0x70, 0x07, 0xC0, 0x30, 0x00, 0x01, 0xB8,
    0x00, 0x00, 0xF8, 0x00, 0x00, 0x38, 0x00, 0x0E, 0x20, 0x23, 0xF7, 0x06, 0x7F, 0xB0, 0x6E, 0x1F,
    0x8E, 0xE0, 0xD8, 0xCC, 0x0D, 0xDC, 0xC0, 0xCD, 0x8C, 0x1C, 0xF8, 0xE1, 0xCF, 0x0F, 0x78, 0x70,
    0x7F, 0x06, 0x01, 0xE0, 0xE0, 0x00, 0x6C, 0x00, 0x07, 0xC0, 0x00, 0x78, 0x00, 0x1E, 0xE0, 0x0F,
    0xE0, 0x0F, 0xC0, 0x00, 0x00, 0xF0, 0x3C, 0xF0, 0x7C, 0xF0, 0xFC, 0xF1, 0xFC, 0xF1, 0xFC, 0xF3,
    0xFC, 0xF7, 0xBC, 0xF7, 0xBC, 0xFF, 0x3C, 0xFE, 0x3C, 0xFE, 0x3C, 0xFC, 0x3C, 0xF8, 0x3F, 0xF8,
    0x3F, 0xF0, 0x3F, 0x00, 0x1E, 0x00, 0x1E, 0x00, 0x3C, 0x00, 0x1C, 0x7B, 0x83, 0xFC, 0x0F, 0xC0,
    0x00, 0x00, 0x00, 0x78, 0xE3, 0xCF, 0x1E, 0xF8, 0xFF, 0xC7, 0xFE, 0x3F, 0xF1, 0xFB, 0x8F, 0x9C,
    0x7C, 0xFB, 0xC7, 0xDE, 0x3E, 0x00, 0xF0, 0x0F, 0x00, 0x30, 0x38, 0x01, 0xC0, 0x3F, 0xC1, 0xFE,
    0x03, 0x80, 0x1F, 0xF0, 0xFF, 0xC7, 0xFF, 0x38, 0xF9, 0xC3, 0xCE, 0x1E, 0x71, 0xF3, 0xFF, 0x9F,
    0xF8, 0xFF, 0x80, 0x78, 0x0F, 0xF0, 0xFF, 0x07, 0x80, 0x7F, 0xC7, 0xFE, 0x79, 0xE7, 0x9F, 0x7F,
    0xE7, 0xFE, 0x7F, 0xC0, 0xFF, 0xCF, 0xFE, 0xFF, 0xFF, 0x1F, 0xF2, 0xFF, 0xFF, 0xF7, 0xFF, 0xFF,
    0xFF, 0xEF, 0xFC, 0xF1, 0xEF, 0x0E, 0xF0, 0x8F, 0x00, 0xF0, 0x00, 0xFF, 0x9F, 0xFB, 0xFF, 0xF9,
    0xFF, 0x1F, 0xE3, 0xFF, 0xFF, 0xFF, 0xFF, 0xFF, 0xFB, 0xFF, 0x78, 0xEF, 0x1D, 0xE1, 0x3C, 0x00,
    0x01, 0xE0, 0x3C, 0x07, 0xFF, 0xFF, 0xFF, 0xFF, 0xFC, 0x07, 0x80, 0xF0, 0x1E, 0x03, 0xC0, 0x78,
    0x0F, 0x01, 0xE0, 0x3C, 0x07, 0x80, 0xF0, 0x1E, 0x00, 0x07, 0x83, 0xC1, 0xFF, 0xFF, 0xFF, 0xFF,
    0xC1, 0xE0, 0xF0, 0x78, 0x3C, 0x1E, 0x0F, 0x07, 0x80, 0x3F, 0xF3, 0xFF, 0x3F, 0xF3, 0xC0, 0x3C,
    0x03, 0xC0, 0xFF, 0x8F, 0xF8, 0xFF, 0x83, 0xC0, 0x3C, 0x03, 0xC0, 0x3C, 0x03, 0xC0, 0x3C, 0x00,
    0x7F, 0xDF, 0xF7, 0xFD, 0xE0, 0x78, 0x3F, 0xCF, 0xF1, 0xE0, 0x78, 0x1E, 0x07, 0x80, 0xFF, 0xE7,
    0xFF, 0x3F, 0xF9, 0xE0, 0x0F, 0x00, 0x78, 0x03, 0xFF, 0x1F, 0xFC, 0xFF, 0xF7, 0x8F, 0xBC, 0x3D,
    0xE0, 0xFF, 0x07, 0xF8, 0x3F, 0xC3, 0xC0, 0x3E, 0x07, 0xF0, 0x3F, 0x01, 0xF0, 0xFF, 0x9F, 0xF3,
    0xFE, 0x78, 0x0F, 0x01, 0xFE, 0x3F, 0xE7, 0xFE, 0xF3, 0xDE, 0x3F, 0xC7, 0x81, 0xE0, 0xFC, 0x1F,
    0x83, 0xE0, 0xF8, 0xF0, 0xF1, 0xF3, 0xC7, 0xC3, 0xCF, 0x3E, 0x0F, 0xBD, 0xF0, 0x1F, 0xF7, 0xC0,
    0x3F, 0xFE, 0x00, 0x7F, 0xF0, 0x01, 0xFF, 0x80, 0x0F, 0xFF, 0x00, 0x3F, 0xFE, 0x01, 0xFF, 0x7C,
    0x0F, 0xBD, 0xF8, 0x7C, 0xF3, 0xF9, 0xE3, 0xC7, 0xEF, 0x8F, 0x0F, 0x80, 0x00, 0x0E, 0x00, 0x00,
    0x38, 0x00, 0x00, 0xE0, 0x00, 0x03, 0x80, 0xF9, 0xE7, 0x9F, 0x7B, 0xE3, 0xDF, 0xF0, 0x7F, 0xF8,
    0x1F, 0xFC, 0x03, 0xFF, 0x01, 0xFF, 0xE0, 0xFF, 0xFC, 0x3D, 0xFF, 0xDE, 0x7B, 0xFF, 0x9E, 0x7C,
    0x00, 0x07, 0x00, 0x01, 0xC0, 0x00, 0x70, 0x3F, 0x87, 0xFE, 0x7F, 0xE3, 0x1F, 0x01, 0xF0, 0x3E,
    0x1F, 0xE1, 0xFE, 0x1F, 0xF0, 0x1F, 0x00, 0xF7, 0x1F, 0x7F, 0xFF, 0xFE, 0x7F, 0xC0, 0x60, 0x0F,
    0x00, 0x70, 0x1F, 0x01, 0xF0, 0x7F, 0x1F, 0xE7, 0xFD, 0x9F, 0x3F, 0x8F, 0xE0, 0x3D, 0x8F, 0x7F,
    0xFF, 0xEF, 0xF8, 0x30, 0x0E, 0x03, 0x83, 0xE0, 0xF8, 0xF0, 0xF9, 0xE3, 0xE3, 0xCF, 0x87, 0xBE,
    0x0F, 0xF8, 0x1F, 0xE0, 0x3F, 0x80, 0x7F, 0x80, 0xFF, 0x81, 0xFF, 0x83, 0xDF, 0x87, 0x9F, 0x0F,
    0x1F, 0xDE, 0x1F, 0xBC, 0x1F, 0x00, 0x0E, 0x00, 0x1C, 0x00, 0x38, 0x00, 0x70, 0xF3, 0xEF, 0x3C,
    0xF7, 0x8F, 0xF0, 0xFE, 0x0F, 0xE0, 0xFF, 0x0F, 0xF8, 0xF7, 0xFF, 0x3F, 0xF1, 0xF0, 0x0F, 0x00,
    0xF0, 0x0F, 0xF0, 0x3E, 0xF0, 0x3C, 0xF6, 0x7C, 0xF6, 0xF8, 0xF7, 0xF0, 0xFF, 0xE0, 0xFF, 0xE0,
    0xFF, 0xE0, 0xF7, 0xF0, 0xF6, 0xF8, 0xF6, 0xF8, 0xF0, 0x7C, 0xF0, 0x3C, 0xF0, 0x3E, 0xF0, 0x1E,
    0xF0, 0xFB, 0xF3, 0xCF, 0xDE, 0x3F, 0xF0, 0xFF, 0x83, 0xFF, 0x0F, 0xFE, 0x3F, 0x78, 0xF1, 0xF3,
    0xC3, 0xEF, 0x07, 0x80, 0x3C, 0x00, 0x78, 0x7F, 0xF9, 0xF7, 0xF7, 0xC3, 0xDF, 0x07, 0xFC, 0x0F,
    0xF0, 0x1F, 0xC0, 0x3F, 0x80, 0x7F, 0x00, 0xFF, 0x81, 0xEF, 0x03, 0xCF, 0x07, 0x9F, 0x0F, 0x1F,
    0x1E, 0x1E, 0x78, 0x07, 0xF7, 0xFF, 0xFD, 0xFF, 0xC7, 0xFC, 0x3F, 0xC1, 0xFC, 0x0F, 0xF0, 0x7F,
    0xC3, 0xDF, 0x1E, 0x7C, 0xF1, 0xE0, 0xFF, 0x1F, 0x7F, 0x9F, 0x3F, 0xCF, 0x01, 0xEF, 0x00, 0xFF,
    0x80, 0x7F, 0x80, 0x3F, 0x80, 0x1F, 0xE0, 0x0F, 0xF0, 0x07, 0xBC, 0x03, 0xDF, 0x01, 0xE7, 0xC0,
    0xF1, 0xE0, 0x78, 0xF8, 0x3C, 0x3E, 0xFE, 0x7B, 0xFB, 0xCF, 0xFE, 0x07, 0xF0, 0x1F, 0xC0, 0x7F,
    0x01, 0xFE, 0x07, 0xFC, 0x1E, 0xF8, 0x79, 0xE1, 0xE7, 0xC0, 0xF0, 0x78, 0xF0, 0x78, 0xF0, 0x78,
    0xF0, 0x78, 0xF0, 0x78, 0xF0, 0x78, 0xFF, 0xF8, 0xFF, 0xF8, 0xFF, 0xF8, 0xF0, 0x78, 0xF0, 0x78,
    0xF0, 0x78, 0xF0, 0x7F, 0xF0, 0x7F, 0xF0, 0x7F, 0x00, 0x0F, 0x00, 0x0F, 0x00, 0x0F, 0x00, 0x0F,
    0xF3, 0xCF, 0x3C, 0xF3, 0xCF, 0x3C, 0xFF, 0xCF, 0xFC, 0xFF, 0xCF, 0x3C, 0xF3, 0xFF, 0x3F, 0xF3,
    0xF0, 0x07, 0x00, 0x70, 0x07, 0xF0, 0x7F, 0xF8, 0x3F, 0xFC, 0x1F, 0xFE, 0x0F, 0x0F, 0x07, 0x87,
    0x83, 0xC3, 0xFF, 0xE1, 0xFF, 0xF0, 0xFF, 0xF8, 0x78, 0x3C, 0x3C, 0x1E, 0x1E, 0x0F, 0x0F, 0x07,
    0x87, 0x83, 0xC3, 0xC1, 0xE0, 0xF3, 0xFF, 0x9F, 0xFC, 0xFF, 0xE7, 0x8F, 0xFC, 0x7F, 0xE3, 0xFF,
    0x1E, 0x78, 0xF3, 0xC7, 0x9E, 0x3C, 0xF0, 0xFF, 0xF8, 0x03, 0xFF, 0xE0, 0x0F, 0xFF, 0x80, 0x3C,
    0x1E, 0x00, 0xF0, 0x78, 0x03, 0xC1, 0xE0, 0x0F, 0x07, 0xFE, 0x3C, 0x1F, 0xFC, 0xF0, 0x7F, 0xFB,
    0xC1, 0xE3, 0xEF, 0x07, 0x87, 0xBC, 0x1E, 0x0F, 0xF0, 0x78, 0x3F, 0xC1, 0xE0, 0xFF, 0x07, 0x87,
    0x80, 0x00, 0x3E, 0x00, 0x03, 0xF8, 0x00, 0x0F, 0xC0, 0x00, 0x3E, 0x00, 0xFF, 0xC0, 0x7F, 0xE0,
    0x3F, 0xF0, 0x1E, 0x78, 0x0F, 0x3F, 0xE7, 0x9F, 0xFB, 0xCF, 0xFD, 0xE7, 0x9F, 0xF3, 0xC7, 0xF9,
    0xE3, 0xFC, 0xF1, 0xE0, 0x01, 0xF0, 0x03, 0xF0, 0x01, 0xF8, 0x00, 0xF8, 0x0F, 0xE0, 0x3F, 0xE0,
    0x7F, 0xE0, 0x7E, 0x60, 0xF8, 0x00, 0xF1, 0xFC, 0xF3, 0xFE, 0xF3, 0xFE, 0xF7, 0xDE, 0xF7, 0x8E,
    0xF7, 0x9E, 0xFF, 0xBE, 0x7F, 0xFE, 0x3F, 0xFC, 0x1F, 0xF0, 0x01, 0xFC, 0x00, 0xFE, 0x00, 0x7E,
    0x00, 0x1E, 0x1F, 0xC1, 0xFE, 0x1F, 0xE0, 0xFF, 0xE7, 0x3F, 0xBB, 0xDD, 0xDC, 0xEF, 0xEF, 0x7F,
    0xF9, 0xFF, 0x87, 0xF8, 0x07, 0xE0, 0x1F, 0x80, 0x7C, 0x0F, 0xF1, 0xFF, 0x9F, 0xFC, 0xFD, 0xEF,
    0x80, 0x78, 0x03, 0xC0, 0x1E, 0x00, 0xF0, 0x07, 0x80, 0x3E, 0x00, 0xF8, 0xE7, 0xFF, 0x1F, 0xF8,
    0x3F, 0xC0, 0xE0, 0x07, 0x80, 0x1C, 0x03, 0xE0, 0x1F, 0x00, 0x1F, 0xCF, 0xF7, 0xFD, 0xF2, 0x78,
    0x1E, 0x07, 0x81, 0xF3, 0x7F, 0xCF, 0xF0, 0xFC, 0x3C, 0x07, 0x07, 0xC1, 0xF0, 0xFF, 0xFF, 0xFF,
    0xFF, 0xFE, 0x1E, 0x00, 0xF0, 0x07, 0x80, 0x3C, 0x01, 0xE0, 0x0F, 0x00, 0x78, 0x03, 0xC0, 0x1E,
    0x00, 0xFE, 0x07, 0xF0, 0x3F, 0x80, 0x3C, 0x01, 0xE0, 0x0F, 0x00, 0x78, 0xFF, 0xFF, 0xFF, 0xFF,
    0x8F, 0x01, 0xE0, 0x3C, 0x07, 0x80, 0xF0, 0x1F, 0x83, 0xF0, 0x7E, 0x01, 0xC0, 0x38, 0x07, 0x00,
    0xF8, 0x3F, 0xE1, 0xE7, 0xC7, 0x8F, 0x3C, 0x3F, 0xF0, 0x7F, 0x81, 0xFE, 0x03, 0xF0, 0x0F, 0x80,
    0x1E, 0x00, 0x78, 0x01, 0xE0, 0x07, 0x80, 0x1E, 0x00, 0x78, 0x00, 0xF1, 0xFF, 0x1E, 0x79, 0xE7,
    0x9E, 0x7B, 0xC3, 0xFC, 0x3F, 0x81, 0xF8, 0x1F, 0x80, 0xF0, 0x0F, 0x00, 0xF0, 0x0F, 0x00, 0xF0,
    0x0F, 0x00, 0xF8, 0x3F, 0xE1, 0xE7, 0x87, 0x8F, 0x3C, 0x3F, 0xF0, 0x7F, 0x81, 0xFE, 0x03, 0xF0,
    0x0F, 0xC0, 0xFF, 0xC3, 0xFF, 0x01, 0xE0, 0x07, 0x80, 0x1E, 0x00, 0x78, 0x00, 0xF1, 0xFF, 0x1E,
    0x79, 0xE7, 0x9E, 0x7B, 0xC3, 0xFC, 0x3F, 0x81, 0xF8, 0x1F, 0x87, 0xFC, 0x7F, 0xC0, 0xF0, 0x0F,
    0x00, 0xF0, 0x0F, 0x00, 0xF8, 0x7C, 0xF8, 0xF0, 0xF3, 0xE1, 0xFF, 0x81, 0xFE, 0x01, 0xFC, 0x03,
    0xF0, 0x03, 0xE0, 0x0F, 0xC0, 0x3F, 0xC0, 0x7F, 0xC1, 0xFF, 0x87, 0xCF, 0xEF, 0x0F, 0xFE, 0x1F,
    0x80, 0x0F, 0x00, 0x1E, 0x00, 0x3C, 0x00, 0x78, 0xF9, 0xE7, 0x9E, 0x3F, 0xC3, 0xF8, 0x1F, 0x80,
    0xF0, 0x1F, 0x83, 0xFC, 0x7F, 0xF7, 0x9F, 0xF1, 0xF0, 0x07, 0x00, 0x70, 0x07, 0xFF, 0xF7, 0x8F,
    0xFF, 0x78, 0xFF, 0xF7, 0x80, 0xF0, 0x78, 0x0F, 0x07, 0x80, 0xF0, 0x78, 0x0F, 0x07, 0x80, 0xF0,
    0x78, 0x0F, 0x07, 0x80, 0xF0, 0x78, 0x0F, 0x07, 0x80, 0xF0, 0x78, 0x0F, 0xFF, 0xE0, 0xFF, 0xFE,
    0x0F, 0xFF, 0xE0, 0x00, 0x0E, 0x00, 0x00, 0xE0, 0x00, 0x0E, 0x00, 0x00, 0xE0, 0xFF, 0x79, 0xFE,
    0xF3, 0xFD, 0xE1, 0xE3, 0xC3, 0xC7, 0x87, 0x8F, 0x0F, 0x1E, 0x1E, 0x3C, 0x3F, 0xFE, 0x7F, 0xFC,
    0xFF, 0xF8, 0x00, 0xF0, 0x01, 0xE0, 0x03, 0xC0, 0xF0, 0xF3, 0xC3, 0xCF, 0x0F, 0x3C, 0x3C, 0xF0,
    0xF3, 0xC3, 0xCF, 0x8F, 0x3F, 0xFC, 0x7F, 0xF0, 0xFF, 0xC0, 0x0F, 0x00, 0x3C, 0x00, 0xFC, 0x03,
    0xF0, 0x0F, 0xC0, 0x0F, 0x00, 0x3C, 0x00, 0xF0, 0x03, 0xC0, 0xF1, 0xE7, 0x8F, 0x3C, 0x79, 0xE3,
    0xCF, 0x9E, 0x7F, 0xF1, 0xFF, 0x87, 0xFC, 0x01, 0xF8, 0x0F, 0xC0, 0x7E, 0x00, 0xF0, 0x07, 0x80,
    0x3C, 0xF0, 0xFF, 0x0F, 0xF0, 0xFF, 0x0F, 0xF0, 0xFF, 0x6F, 0xFE, 0xFF, 0xFF, 0x7F, 0xF3, 0xFF,
    0x06, 0xF0, 0x6F, 0x00, 0xF0, 0x0F, 0x00, 0xF0, 0xF1, 0xFE, 0x3F, 0xC7, 0xFB, 0xFF, 0xFF, 0xFF,
    0xDF, 0xF9, 0xFF, 0x07, 0xE0, 0xFC, 0x07, 0x80, 0xF0, 0x07, 0x80, 0x3C, 0x01, 0xE0, 0x0F, 0x00,
    0x7F, 0xF3, 0xFF, 0xDF, 0xFE, 0xF1, 0xFF, 0x83, 0xFC, 0x1F, 0xE0, 0xFF, 0x07, 0xF8, 0x3F, 0xC1,
    0xE0, 0xF0, 0x3C, 0x0F, 0x03, 0xC0, 0xF0, 0x3F, 0xEF, 0xFF, 0xFF, 0xF3, 0xFC, 0xFF, 0x3F, 0xCF,
    0xF3, 0xFC, 0xFF, 0x3F, 0xCF, 0x01, 0xFE, 0x00, 0xFF, 0xCE, 0x7F, 0xFB, 0xBF, 0x3E, 0xFF, 0x07,
    0xFF, 0xFF, 0xF7, 0xFF, 0xFC, 0xFF, 0xFF, 0x0F, 0x00, 0x03, 0xC0, 0x00, 0xF8, 0x00, 0x1F, 0x9C,
    0x07, 0xFF, 0x80, 0xFF, 0xE0, 0x0F, 0xF0, 0xC3, 0xF3, 0x9F, 0xEE, 0xFF, 0xFF, 0xCF, 0x7F, 0xFC,
    0xFF, 0xF1, 0xE0, 0x03, 0xE6, 0x0F, 0xF8, 0x1F, 0xF0, 0x3F, 0x80, 0x01, 0xFC, 0x00, 0xFF, 0xC0,
    0x7F, 0xFB, 0x9F, 0x3E, 0xEF, 0x87, 0xBF, 0xC0, 0xFF, 0xFF, 0xFD, 0xFF, 0xFF, 0x3F, 0xFF, 0xC3,
    0xC0, 0x00, 0xF8, 0x00, 0x1F, 0x1C, 0x07, 0xFF, 0x80, 0xFF, 0xE0, 0x1F, 0xF0, 0x01, 0xE0, 0x00,
    0x78, 0x00, 0x1E, 0x00, 0x07, 0x80, 0x03, 0xF3, 0x1F, 0xEE, 0xFF, 0xFB, 0xDF, 0xFE, 0x3D, 0xFF,
    0xF3, 0xFF, 0xC7, 0xC6, 0x0F, 0xF8, 0x3F, 0xF0, 0x3F, 0x80, 0x78, 0x01, 0xE0, 0x07, 0x80, 0xFF,
    0xFF, 0xFF, 0xFF, 0xFF, 0xFF, 0xFF, 0xF0, 0x01, 0x98, 0x00, 0x1E, 0xE0, 0x00, 0x7F, 0x00, 0x01,
    0xF0, 0x00, 0x00, 0x00, 0x7C, 0x78, 0x79, 0xF3, 0xC7, 0xC7, 0x9E, 0x7C, 0x3E, 0xF7, 0xC0, 0xFF,
    0xBE, 0x03, 0xFF, 0xE0, 0x0F, 0xFE, 0x00, 0x7F, 0xE0, 0x07, 0xFF, 0x80, 0x3F, 0xFE, 0x03, 0xFE,
    0xF8, 0x3E, 0xF3, 0xE3, 0xE7, 0x8F, 0x1E, 0x3C, 0x7D, 0xF1, 0xE1, 0xF0, 0x03, 0x30, 0x01, 0xDE,
    0x00, 0x7F, 0x00, 0x0F, 0x80, 0x00, 0x00, 0x00, 0x00, 0x0F, 0x9E, 0x79, 0xF7, 0xBE, 0x3D, 0xFF,
    0x07, 0xFF, 0x81, 0xFF, 0xC0, 0x3F, 0xF0, 0x1F, 0xFE, 0x0F, 0xFF, 0x83, 0xDE, 0xF1, 0xE7, 0x9E,
    0xF9, 0xE7, 0xC0, 0xF0, 0xFF, 0x8F, 0xBC, 0xF9, 0xEF, 0x8F, 0x78, 0x7F, 0x83, 0xFF, 0x1F, 0xFC,
    0xFF, 0xF7, 0x9F, 0xBC, 0x3F, 0xE0, 0xFF, 0x07, 0xF8, 0x3F, 0xC3, 0xE0, 0x3E, 0x07, 0xF0, 0x3F,
    0x01, 0xF0, 0xF3, 0xFE, 0x7B, 0xDE, 0x7F, 0x8F, 0xE1, 0xFF, 0x3F, 0xF7, 0xBE, 0xF1, 0xFE, 0x3F,
    0xC7, 0x80, 0xF0, 0x3C, 0x1F, 0x83, 0xE0, 0x0F, 0xFE, 0x03, 0xFF, 0x80, 0xFF, 0xE0, 0x3C, 0x78,
    0x0F, 0x1E, 0x03, 0xC7, 0x80, 0xF1, 0xE0, 0x3C, 0x78, 0x0F, 0x1E, 0x07, 0x87, 0x81, 0xE1, 0xE1,
    0xF8, 0x78, 0xFC, 0x1F, 0xBE, 0x07, 0xEF, 0x01, 0xF8, 0x00, 0x1E, 0x00, 0x0F, 0x00, 0x03, 0xC0,
    0x00, 0x60, 0x1F, 0xF0, 0x7F, 0xC1, 0xFF, 0x07, 0xBC, 0x1E, 0xF0, 0x7B, 0xC3, 0xCF, 0x1F, 0x3C,
    0xFC, 0xFF, 0xE3, 0xFF, 0x0F, 0xC0, 0x0E, 0x00, 0x78, 0x00, 0xC0, 0xF0, 0x7F, 0x83, 0xFC, 0x1F,
    0xE0, 0xFF, 0x07, 0xF8, 0x3F, 0xFF, 0xFF, 0xFF, 0xFF, 0xFF, 0x83, 0xFC, 0x1F, 0xE0, 0xFF, 0x07,
    0xF8, 0x3F, 0xC1, 0xE0, 0x0F, 0x01, 0xF8, 0x0F, 0x80, 0x7C, 0xF1, 0xFE, 0x3F, 0xC7, 0xF8, 0xFF,
    0xFF, 0xFF, 0xFF, 0xFF, 0x8F, 0xF1, 0xFE, 0x3F, 0xC7, 0x01, 0xE0, 0xFC, 0x1F, 0x83, 0xE0, 0xF0,
    0x78, 0xF0, 0x78, 0xF0, 0x78, 0xF0, 0x78, 0xF0, 0x78, 0xF0, 0x78, 0xFF, 0xF8, 0xFF, 0xF8, 0xFF,
    0xF8, 0xF0, 0x78, 0xF0, 0x78, 0xF0, 0x78, 0xF0, 0x7E, 0xF0, 0x7E, 0xF0, 0x7E, 0x00, 0x1E, 0x00,
    0x1C, 0x00, 0x3C, 0x00, 0x18, 0xF3, 0xCF, 0x3C, 0xF3, 0xCF, 0x3C, 0xFF, 0xCF, 0xFC, 0xFF, 0xCF,
    0x3C, 0xF3, 0xFF, 0x3F, 0xF3, 0xF0, 0x0E, 0x01, 0xE0, 0x1C, 0xF0, 0x7F, 0x83, 0xFC, 0x1F, 0xE0,
    0xFF, 0x87, 0xBC, 0x3D, 0xF1, 0xEF, 0xFF, 0x3F, 0xF8, 0xFF, 0xC0, 0x1E, 0x00, 0xF0, 0x3F, 0x81,
    0xFC, 0x0F, 0xE0, 0x78, 0x03, 0xC0, 0x1E, 0x00, 0xF0, 0x71, 0xEE, 0x3D, 0xC7, 0xBC, 0xF7, 0xFE,
    0xFF, 0xCF, 0xF8, 0x0F, 0x01, 0xE0, 0xFC, 0x1F, 0x83, 0x80, 0x70, 0x0E, 0x00, 0x78, 0x0F, 0x0F,
    0x83, 0xE1, 0xF0, 0x7C, 0x3F, 0x1F, 0x87, 0xE3, 0xF1, 0xFC, 0x7E, 0x3F, 0xDF, 0xC7, 0xBB, 0xBC,
    0xF7, 0xF7, 0x9E, 0xFC, 0xF3, 0xCF, 0x9E, 0x79, 0xF3, 0xCF, 0x1C, 0x7F, 0xE0, 0x0F, 0xFC, 0x01,
    0xF8, 0x00, 0x0F, 0x00, 0x03, 0xC0, 0x00, 0x78, 0x00, 0x06, 0x00, 0xF0, 0x78, 0xF8, 0x78, 0xF8,
    0xF8, 0xFC, 0xF8, 0xFD, 0xF8, 0xFF, 0xFC, 0xFF, 0xFC, 0xFF, 0xBC, 0xF7, 0xBF, 0xF7, 0x3F, 0xE0,
    0x3E, 0x00, 0x0E, 0x00, 0x1C, 0x00, 0x1C, 0xFF, 0xFF, 0xFF, 0xFF, 0xFF, 0xFF, 0xFF, 0xF0, 0x0C,
    0x60, 0x1D, 0xC0, 0x3F, 0x80, 0x3E, 0x00, 0x00, 0x00, 0xF8, 0x01, 0xF0, 0x03, 0xF0, 0x0F, 0xE0,
    0x1F, 0xC0, 0x7B, 0xC0, 0xF7, 0x81, 0xC7, 0x87, 0x8F, 0x0F, 0xFE, 0x3F, 0xFE, 0x7F, 0xFC, 0xF0,
    0x7B, 0xC0, 0x7F, 0x80, 0xF0, 0x19, 0x87, 0x78, 0xFE, 0x0F, 0x80, 0x00, 0x00, 0x0F, 0xE1, 0xFE,
    0x3F, 0xC6, 0x7C, 0xFF, 0xBF, 0xF7, 0x9F, 0xF3, 0xDF, 0xFB, 0xFF, 0x3F, 0xC0, 0x1E, 0xE0, 0x3D,
    0xE0, 0x7B, 0x80, 0x00, 0x00, 0x7C, 0x00, 0xF8, 0x01, 0xF8, 0x07, 0xF0, 0x0F, 0xE0, 0x3D, 0xE0,
    0x7B, 0xC0, 0xE3, 0xC3, 0xC7, 0x87, 0xFF, 0x1F, 0xFF, 0x3F, 0xFE, 0x78, 0x3D, 0xE0, 0x3F, 0xC0,
    0x78, 0x3B, 0xCF, 0x78, 0xEF, 0x00, 0x00, 0x00, 0x7F, 0x0F, 0xF1, 0xFE, 0x33, 0xE7, 0xFD, 0xFF,
    0xBC, 0xFF, 0x9E, 0xFF, 0xDF, 0xF9, 0xFE, 0x00, 0xFF, 0xF0, 0x07, 0xFF, 0x80, 0x7F, 0xFC, 0x03,
    0xF8, 0x00, 0x3F, 0xC0, 0x03, 0xDE, 0x00, 0x1E, 0xFF, 0x81, 0xE7, 0xFC, 0x0F, 0x3F, 0xE0, 0xFF,
    0xE0, 0x0F, 0xFF, 0x00, 0x7F, 0xF8, 0x07, 0xC3, 0xFF, 0xBC, 0x1F, 0xFF, 0xC0, 0xFF, 0xE0, 0x3F,
    0xFF, 0x0F, 0xFF, 0xE3, 0xFF, 0xF8, 0xCF, 0x9F, 0x3F, 0xFF, 0xDF, 0xFF, 0xF7, 0x9E, 0x03, 0xE7,
    0xC6, 0x7F, 0xFF, 0x9F, 0xFF, 0xE3, 0xFF, 0xF8, 0x39, 0x87, 0x78, 0xFE, 0x0F, 0x80, 0x01, 0xFF,
    0xFF, 0xFF, 0xFF, 0xF0, 0x1E, 0x03, 0xC0, 0x7F, 0xEF, 0xFD, 0xFF, 0xBC, 0x07, 0x80, 0xF0, 0x1F,
    0xFF, 0xFF, 0xFF, 0xF0, 0x18, 0xC3, 0xDC, 0x1F, 0xC0, 0xF8, 0x00, 0x00, 0x00, 0x1F, 0x83, 0xFE,
    0x7F, 0xE7, 0x9F, 0x7F, 0xF7, 0xFF, 0x78, 0x07, 0xC6, 0x7F, 0xE3, 0xFE, 0x1F, 0xE0, 0x3F, 0xC1,
    0xFF, 0x87, 0xFF, 0x1C, 0x7E, 0x00, 0x78, 0x01, 0xEF, 0xFF, 0xFF, 0xFF, 0xFF, 0xFF, 0xC1, 0xEF,
    0x07, 0xBF, 0x7E, 0x7F, 0xF0, 0xFF, 0x81, 0xFC, 0x00, 0x7F, 0x87, 0xFC, 0x7F, 0xE3, 0x3E, 0x00,
    0xF7, 0xFF, 0x7F, 0xF7, 0x9E, 0x7F, 0xE3, 0xFC, 0x1F, 0x80, 0x3D, 0xC0, 0xF7, 0x83, 0xDC, 0x00,
    0x00, 0x3F, 0xC1, 0xFF, 0x87, 0xFF, 0x1C, 0x7E, 0x00, 0x78, 0x01, 0xEF, 0xFF, 0xFF, 0xFF, 0xFF,
    0xFF, 0xC1, 0xEF, 0x07, 0xBF, 0x7E, 0x7F, 0xF0, 0xFF, 0x81, 0xFC, 0x00, 0x39, 0xC3, 0xFC, 0x39,
    0xC0, 0x00, 0x00, 0x07, 0xF8, 0x7F, 0xC7, 0xFE, 0x33, 0xE0, 0x0F, 0x7F, 0xF7, 0xFF, 0x79, 0xE7,
    0xFE, 0x3F, 0xC1, 0xF8, 0x03, 0xDC, 0x00, 0x1E, 0xF0, 0x00, 0xF7, 0x00, 0x00, 0x00, 0x0F, 0x8F,
    0x0F, 0x3E, 0x78, 0xF8, 0xF3, 0xCF, 0x87, 0xDE, 0xF8, 0x1F, 0xF7, 0xC0, 0x7F, 0xFC, 0x01, 0xFF,
    0xC0, 0x0F, 0xFC, 0x00, 0xFF, 0xF0, 0x07, 0xFF, 0xC0, 0x7F, 0xDF, 0x07, 0xDE, 0x7C, 0x7C, 0xF1,
    0xE3, 0xC7, 0x8F, 0xBE, 0x3C, 0x3E, 0x07, 0x38, 0x01, 0xFE, 0x00, 0x73, 0x80, 0x00, 0x00, 0x00,
    0x00, 0x3E, 0x79, 0xE7, 0xDE, 0xF8, 0xF7, 0xFC, 0x1F, 0xFE, 0x07, 0xFF, 0x00, 0xFF, 0xC0, 0x7F,
    0xF8, 0x3F, 0xFE, 0x0F, 0x7B, 0xC7, 0x9E, 0x7B, 0xE7, 0x9F, 0x39, 0xC3, 0xBC, 0x39, 0xC0, 0x00,
    0x00, 0x03, 0xF8, 0x7F, 0xE7, 0xFE, 0x31, 0xF0, 0x1F, 0x03, 0xE1, 0xFE, 0x1F, 0xE1, 0xFF, 0x01,
    0xF0, 0x0F, 0x71, 0xF7, 0xFF, 0xFF, 0xE7, 0xFC, 0x73, 0x9D, 0xE7, 0x38, 0x00, 0x00, 0x1F, 0xC7,
    0xF9, 0xFF, 0x67, 0xCF, 0xE3, 0xF8, 0x0F, 0x63, 0xDF, 0xFF, 0xF9, 0xFC, 0x7F, 0xF7, 0xFF, 0x7F,
    0xF0, 0x3E, 0x07, 0xC0, 0xF8, 0x1F, 0xC1, 0xFE, 0x03, 0xF0, 0x0F, 0x00, 0xF7, 0x1F, 0xFF, 0xFF,
    0xFE, 0x7F, 0xC0, 0xFF, 0xFF, 0xFF, 0xFC, 0x1E, 0x0F, 0x07, 0x83, 0xF0, 0xFE, 0x07, 0xC0, 0xF0,
    0x3F, 0x9F, 0xFF, 0xFF, 0xEF, 0xF0, 0x0F, 0xE0, 0x3F, 0x80, 0x00, 0x3C, 0x0F, 0xF0, 0x7F, 0xC3,
    0xFF, 0x1F, 0xFC, 0x7F, 0xF3, 0xFF, 0xDE, 0xFF, 0x7B, 0xFF, 0xCF, 0xFE, 0x3F, 0xF8, 0xFF, 0xC3,
    0xFE, 0x0F, 0xF8, 0x3F, 0xC0, 0xF0, 0x3F, 0x87, 0xF0, 0x00, 0x00, 0x0F, 0x1F, 0xE7, 0xFD, 0xFF,
    0xBF, 0xFF, 0xFF, 0xFF, 0xFF, 0xFE, 0xFF, 0x9F, 0xF3, 0xFC, 0x78, 0x1C, 0xE0, 0x7B, 0x81, 0xCE,
    0x00, 0x00, 0xF0, 0x3F, 0xC1, 0xFF, 0x0F, 0xFC, 0x7F, 0xF1, 0xFF, 0xCF, 0xFF, 0x7B, 0xFD, 0xEF,
    0xFF, 0x3F, 0xF8, 0xFF, 0xE3, 0xFF, 0x0F, 0xF8, 0x3F, 0xE0, 0xFF, 0x03, 0xC0, 0x3B, 0xCF, 0x78,
    0xEF, 0x00, 0x00, 0x01, 0xE3, 0xFC, 0xFF, 0xBF, 0xF7, 0xFF, 0xFF, 0xFF, 0xFF, 0xFF, 0xDF, 0xF3,
    0xFE, 0x7F, 0x8F, 0x1E, 0xE0, 0x3D, 0xE0, 0x7B, 0x80, 0x00, 0x00, 0xFE, 0x07, 0xFE, 0x1F, 0xFE,
    0x3E, 0x7E, 0xF8, 0x3D, 0xE0, 0x7F, 0xC0, 0x7F, 0x80, 0xFF, 0x01, 0xFE, 0x07, 0xFE, 0x0F, 0x3E,
    0x7E, 0x7F, 0xF8, 0x7F, 0xF0, 0x3F, 0x80, 0x3D, 0xC3, 0xDE, 0x3D, 0xC0, 0x00, 0x00, 0x01, 0xFC,
    0x3F, 0xE7, 0xFE, 0x7D, 0xF7, 0x8F, 0x78, 0xF7, 0x8F, 0x7D, 0xF7, 0xFE, 0x3F, 0xE1, 0xFC, 0x0F,
    0xE0, 0x7F, 0xE1, 0xFF, 0xE3, 0xE7, 0xEF, 0x83, 0xDE, 0x03, 0xFF, 0xFF, 0xFF, 0xFF, 0xF0, 0x1F,
    0xE0, 0x7F, 0xE0, 0xF3, 0xE7, 0xE7, 0xFF, 0x87, 0xFF, 0x03, 0xF8, 0x00, 0x1F, 0xC3, 0xFE, 0x7F,
    0xE7, 0x9F, 0x7F, 0xF7, 0xFF, 0x78, 0xF7, 0xDF, 0x7F, 0xE3, 0xFE, 0x1F, 0xC0, 0x1E, 0xE0, 0x3D,
    0xE0, 0x7B, 0x80, 0x00, 0x00, 0xFE, 0x07, 0xFE, 0x1F, 0xFE, 0x3E, 0x7E, 0xF8, 0x3D, 0xE0, 0x3F,
    0xFF, 0xFF, 0xFF, 0xFF, 0x01, 0xFE, 0x07, 0xFE, 0x0F, 0x3E, 0x7E, 0x7F, 0xF8, 0x7F, 0xF0, 0x3F,
    0x80, 0x3D, 0xC3, 0xDE, 0x3D, 0xC0, 0x00, 0x00, 0x01, 0xFC, 0x3F, 0xE7, 0xFE, 0x79, 0xF7, 0xFF,
    0x7F, 0xF7, 0x8F, 0x7D, 0xF7, 0xFE, 0x3F, 0xE1, 0xFC, 0x1D, 0xC0, 0xF7, 0x81, 0xDC, 0x00, 0x00,
    0x3F, 0xC1, 0xFF, 0x87, 0xFF, 0x1C, 0x7E, 0x00, 0x78, 0x01, 0xE1, 0xFF, 0xC7, 0xFF, 0x1F, 0xFC,
    0x01, 0xE0, 0x07, 0x9C, 0x7E, 0x7F, 0xF1, 0xFF, 0x83, 0xFC, 0x00, 0x73, 0x8F, 0x71, 0xCE, 0x00,
    0x00, 0x00, 0xFE, 0x1F, 0xE3, 0xFE, 0x63, 0xC7, 0xF8, 0xFF, 0x81, 0xE6, 0x7C, 0xFF, 0xBF, 0xE7,
    0xF8, 0x1F, 0xE0, 0x7F, 0x80, 0x00, 0x3E, 0x1F, 0x78, 0x79, 0xF1, 0xE3, 0xC7, 0x8F, 0x3C, 0x1E,
    0xF0, 0x7B, 0x80, 0xFE, 0x03, 0xF8, 0x07, 0xC0, 0x1F, 0x04, 0xF8, 0x1F, 0xE0, 0x7F, 0x01, 0xF8,
    0x00, 0x3F, 0xC3, 0xFC, 0x00, 0x00, 0x00, 0xF0, 0xFF, 0x1E, 0x79, 0xE7, 0x9E, 0x7B, 0xC3, 0xFC,
    0x3F, 0x81, 0xF8, 0x1F, 0x81, 0xF0, 0x0F, 0x01, 0xE0, 0xFE, 0x0F, 0xC0, 0xF8, 0x00, 0x1C, 0xE0,
    0x7B, 0x81, 0xCE, 0x00, 0x00, 0xF8, 0x7D, 0xE1, 0xE7, 0xC7, 0x8F, 0x1E, 0x3C, 0xF0, 0x7B, 0xC1,
    0xEE, 0x03, 0xF8, 0x0F, 0xE0, 0x1F, 0x00, 0x7C, 0x13, 0xE0, 0x7F, 0x81, 0xFC, 0x07, 0xE0, 0x00,
    0x3B, 0xC7, 0xBC, 0x3B, 0xC0, 0x00, 0x00, 0x0F, 0x0F, 0xF1, 0xE7, 0x9E, 0x79, 0xE7, 0xBC, 0x3F,
    0xC3, 0xF8, 0x1F, 0x81, 0xF8, 0x1F, 0x00, 0xF0, 0x1E, 0x0F, 0xE0, 0xFC, 0x0F, 0x80, 0x07, 0x70,
    0x1D, 0xC0, 0xEE, 0x07, 0x38, 0x0C, 0xC0, 0x00, 0x0F, 0x87, 0xDE, 0x1E, 0x7C, 0x78, 0xF1, 0xE3,
    0xCF, 0x07, 0xBC, 0x1E, 0xE0, 0x3F, 0x80, 0xFE, 0x01, 0xF0, 0x07, 0xC1, 0x3E, 0x07, 0xF8, 0x1F,
    0xC0, 0x7E, 0x00, 0x0C, 0xC1, 0xDE, 0x1D, 0xC3, 0xB8, 0x33, 0x80, 0x00, 0xF0, 0xFF, 0x1E, 0x79,
    0xE7, 0x9E, 0x7B, 0xC3, 0xFC, 0x3F, 0x81, 0xF8, 0x1F, 0x81, 0xF0, 0x0F, 0x01, 0xE0, 0xFE, 0x0F,
    0xC0, 0xF8, 0x00, 0x1D, 0xE1, 0xEF, 0x07, 0x78, 0x00, 0x0F, 0x07, 0xF8, 0x3F, 0xC1, 0xFE, 0x0F,
    0xF8, 0x7B, 0xC3, 0xDF, 0x1E, 0xFF, 0xF3, 0xFF, 0x8F, 0xFC, 0x01, 0xE0, 0x0F, 0x00, 0x78, 0x03,
    0xC0, 0x1E, 0x3B, 0xCF, 0x78, 0xEF, 0x00, 0x00, 0x00, 0xE3, 0xDC, 0x7B, 0x8F, 0x71, 0xEF, 0x3D,
    0xFF, 0xBF, 0xF3, 0xFE, 0x03, 0xC0, 0x78, 0x0F, 0xFF, 0xFF, 0xFF, 0xFF, 0xF8, 0x0F, 0x01, 0xE0,
    0x3C, 0x07, 0x80, 0xF0, 0x1E, 0x03, 0xC0, 0x78, 0x0F, 0xE1, 0xFC, 0x3F, 0x80, 0xF0, 0x1E, 0x03,
    0xC0, 0x78, 0x00, 0xFF, 0xFF, 0xFF, 0xFE, 0x0F, 0x07, 0x83, 0xC1, 0xE0, 0xFC, 0x7E, 0x3F, 0x03,
    0x81, 0xC0, 0xE0, 0x07, 0x38, 0x03, 0xBC, 0x01, 0xCE, 0x00, 0x00, 0x0F, 0x00, 0x7F, 0x80, 0x3F,
    0xC0, 0x1F, 0xE0, 0x0F, 0xF0, 0x07, 0xFF, 0xC3, 0xFF, 0xF9, 0xFF, 0xFC, 0xFF, 0x3F, 0x7F, 0x87,
    0xBF, 0xC3, 0xDF, 0xE7, 0xEF, 0xFF, 0xE7, 0xFF, 0xF3, 0xFF, 0xE1, 0xE0, 0x0E, 0xF0, 0x3D, 0xE0,
    0x3B, 0xC0, 0x00, 0x00, 0x00, 0x1E, 0x03, 0xFC, 0x07, 0xF8, 0x0F, 0xF0, 0x1F, 0xFF, 0x3F, 0xFF,
    0x7F, 0xFE, 0xFF, 0x3D, 0xFF, 0xFB, 0xFF, 0xF7, 0xFF, 0xCF, 0x60, 0x33, 0x83, 0x8E, 0x38, 0x71,
    0xC1, 0xDC, 0x07, 0xC0, 0xFF, 0x87, 0xFC, 0x3F, 0xC0, 0xFC, 0x06, 0x70, 0x71, 0xC7, 0x0E, 0x70,
    0x3B, 0x80, 0xF8, 0x02, 0x00, 0x98, 0x77, 0x38, 0xEC, 0x1F, 0x0F, 0xE3, 0xF8, 0x7C, 0x3B, 0x9C,
    0x6E, 0x1D, 0x02, 0x7C, 0x3C, 0xF0, 0xF3, 0xE3, 0xC7, 0xDE, 0x0F, 0x78, 0xFF, 0xE3, 0xFF, 0x1E,
    0xF8, 0x79, 0xE1, 0xE7, 0xC7, 0x0F, 0x3C, 0x1E, 0xF0, 0x7C, 0x7F, 0x87, 0xFC, 0x7F, 0xC0, 0x3E,
    0x01, 0xE0, 0x1E, 0x01, 0xE0, 0x1E, 0x01, 0xE0, 0x1E, 0xFF, 0xFF, 0xFF, 0xFF, 0xF0, 0x7C, 0x3F,
    0x1F, 0xC1, 0xE0, 0xF0, 0x78, 0x3C, 0x1E, 0x0F, 0x0F, 0xBF, 0xDE, 0xEE, 0x70, 0x00, 0xFF, 0xFF,
    0xFF, 0xFF, 0xE0, 0x3C, 0x03, 0xC0, 0x3C, 0x03, 0xC0, 0x3C, 0x03, 0xC0, 0x3C, 0x03, 0xC0, 0x3C,
    0x03, 0xC0, 0xFF, 0xCF, 0xFE, 0xFF, 0xF0, 0x0F, 0x00, 0xF0, 0x0F, 0xF0, 0xFF, 0x0F, 0xF0, 0xFF,
    0x0F, 0xF0, 0xFF, 0x0F, 0xF0, 0xF0, 0x7D, 0xFF, 0xCF, 0x3C, 0xF3, 0xCF, 0x3C, 0xF3, 0xCF, 0x3C,
    0xFF, 0xFE, 0x7E, 0x3C, 0x38, 0x78, 0x78, 0x78, 0x78, 0x78, 0x3C, 0x3C, 0x3C, 0x7F, 0xF3, 0xFF,
    0xEF, 0xFF, 0x8E, 0x1E, 0x78, 0x79, 0xE1, 0xE7, 0x87, 0x9E, 0x1E, 0x78, 0x79, 0xE1, 0xE7, 0x87,
    0x9E, 0x1E, 0x78, 0x78, 0x73, 0xE3, 0x9F, 0x9C, 0xFE, 0xE0, 0xF7, 0x07, 0xB8, 0x3D, 0xC1, 0xEF,
    0x0F, 0x78, 0x7B, 0xC7, 0xCF, 0xFC, 0x7F, 0xE0, 0xFC, 0x00, 0x7D, 0xFF, 0xCF, 0x3C, 0xF3, 0xC0,
    0x7F, 0x8F, 0xF9, 0xFF, 0x80, 0xF0, 0x1E, 0x03, 0xC0, 0x78, 0x0F, 0x01, 0xE0, 0x3C, 0x07, 0x80,
    0xF0, 0x1E, 0x03, 0xC0, 0x78, 0x0F, 0x01, 0xE0, 0x7F, 0x1F, 0xF3, 0xFF, 0x01, 0xE0, 0x3C, 0x03,
    0xC0, 0x78, 0x0F, 0x03, 0xC0, 0x7B, 0xFF, 0x7F, 0xCF, 0xF0, 0x30, 0x1E, 0x03, 0xC0, 0x78, 0x0F,
    0xFF, 0xFF, 0xFF, 0xF8, 0x0F, 0x03, 0xC0, 0x78, 0x0F, 0x03, 0xC0, 0x78, 0x0F, 0x03, 0xC0, 0x78,
    0x1F, 0x00, 0x7F, 0xF1, 0xFF, 0xE7, 0xFF, 0x8F, 0x0F, 0x3C, 0x3C, 0xF0, 0xF3, 0xC3, 0xCF, 0x0F,
    0x3C, 0x3C, 0xF0, 0xF3, 0xFF, 0xCF, 0xFF, 0x3F, 0xFC, 0xF3, 0xF0, 0xFF, 0xF1, 0xFF, 0xF3, 0xF1,
    0xE3, 0xC3, 0xC7, 0x87, 0x8F, 0x0F, 0x1E, 0x1E, 0x38, 0x3C, 0xF0, 0x79, 0xEF, 0xE3, 0xDF, 0xC7,
    0xBF, 0x00, 0x7D, 0xF7, 0xCF, 0x3C, 0xF3, 0xCF, 0x3C, 0xF3, 0xCF, 0x3C, 0xF3, 0xCF, 0x3C, 0x7C,
    0x7E, 0x7E, 0x1E, 0x0F, 0x0F, 0x0F, 0x0F, 0x0F, 0x0F, 0x7F, 0xFF, 0xFF, 0x7F, 0xE1, 0xFF, 0xC7,
    0xFF, 0x8E, 0x1E, 0x78, 0x3D, 0xE0, 0xF7, 0x83, 0xDE, 0x0F, 0x78, 0x79, 0xF1, 0xE3, 0xFF, 0x8F,
    0xFC, 0x0F, 0xE0, 0x00, 0x03, 0xC3, 0xDE, 0x1E, 0xF0, 0xF3, 0x87, 0x9E, 0x38, 0xF3, 0xC7, 0x9E,
    0x3C, 0xF0, 0xEF, 0x87, 0xF8, 0xFF, 0x8F, 0xF8, 0x7E, 0x01, 0x00, 0x00, 0x1F, 0xC1, 0xFF, 0x1F,
    0xFC, 0xF1, 0xEF, 0x0F, 0x3C, 0x3D, 0xF1, 0xEF, 0x8F, 0x1C, 0x78, 0x03, 0xC0, 0x1E, 0x00, 0xF0,
    0x07, 0x80, 0x3C, 0x01, 0xE0, 0x0F, 0x00, 0x78, 0x1F, 0xC3, 0xFF, 0x1F, 0xFC, 0xF1, 0xEF, 0x0F,
    0x3C, 0x3D, 0xF1, 0xEF, 0x8F, 0x1C, 0xF0, 0x0F, 0x9F, 0xFC, 0xFF, 0xC7, 0xF8, 0x00, 0xF0, 0xF7,
    0x8F, 0x78, 0xF7, 0xCE, 0x3D, 0xE3, 0xDE, 0x1F, 0xC1, 0xFC, 0x1F, 0x80, 0xF0, 0x0F, 0x00, 0xF0,
    0x0F, 0x00, 0x78, 0x07, 0x80, 0x78, 0x07, 0x80, 0xF8, 0xF7, 0xCF, 0x3C, 0xF3, 0xEF, 0x1F, 0xE1,
    0xFE, 0x0F, 0xC0, 0x78, 0x07, 0xC0, 0x3C, 0x7F, 0xEF, 0xFE, 0xFF, 0xE0, 0x7F, 0xF9, 0xFF, 0xE7,
    0xFF, 0x80, 0x1E, 0x00, 0x78, 0x03, 0xC7, 0x8F, 0x1E, 0x3C, 0x79, 0xE1, 0xE7, 0x87, 0x9E, 0x1E,
    0x78, 0x7B, 0xC1, 0xE0, 0x07, 0x80, 0x1E, 0x00, 0x78, 0x00, 0x7F, 0x9F, 0xF7, 0xFC, 0x0F, 0x03,
    0xC0, 0xF0, 0x3C, 0x0F, 0x03, 0xC0, 0xF0, 0x3C, 0x0F, 0x03, 0xC0, 0xF7, 0x9F, 0xEF, 0x3F, 0xDE,
    0x7F, 0xBC, 0xFF, 0x79, 0xFF, 0xE3, 0xFF, 0xC7, 0x7E, 0x1E, 0xF0, 0x3C, 0xF0, 0xF9, 0xFF, 0xE1,
    0xFF, 0x81, 0xFE, 0x00, 0x7F, 0xF1, 0xFF, 0xE7, 0xFF, 0xC7, 0x8F, 0x1E, 0x3C, 0x78, 0xF1, 0xE3,
    0xC7, 0x8F, 0x1C, 0x3C, 0xF0, 0xF7, 0xC3, 0xDF, 0x0F, 0xF8, 0x3C, 0x7B, 0xBB, 0xDD, 0xFE, 0xEE,
    0x77, 0x38, 0x00, 0x00, 0x01, 0xC0, 0x01, 0xC0, 0x01, 0xC0, 0x03, 0xE0, 0x03, 0x60, 0x07, 0x70,
    0x06, 0x30, 0x0E, 0x30, 0x0F, 0xF8, 0x3F, 0xF8, 0x3F, 0xFC, 0x38, 0x0C, 0x30, 0x0E, 0x70, 0x06,
    0x60, 0x07, 0x40, 0x02, 0x01, 0x80, 0x01, 0xC0, 0x01, 0xC0, 0x0E, 0x8F, 0xF7, 0xFD, 0x87, 0xE1,
    0xF0, 0x7C, 0x1F, 0x0F, 0xC3, 0xFB, 0xF7, 0xEC, 0xE3, 0x0C, 0x07, 0x00, 0xC0, 0x01, 0xE0, 0x01,
    0xE0, 0x01, 0xE0, 0x01, 0xE0, 0x01, 0x80, 0x01, 0xC0, 0x01, 0xC0, 0x01, 0xC0, 0x03, 0xE0, 0x03,
    0x60, 0x07, 0x70, 0x06, 0x30, 0x0E, 0x30, 0x0F, 0xF8, 0x3F, 0xF8, 0x3F, 0xFC, 0x38, 0x0C, 0x30,
    0x0E, 0x70, 0x06, 0x60, 0x07, 0x40, 0x02, 0x0F, 0x07, 0xC0, 0xF0, 0x38, 0x0C, 0x03, 0xA3, 0xFD,
    0xFF, 0x61, 0xF8, 0x7C, 0x1F, 0x07, 0xC3, 0xF0, 0xFE, 0xFD, 0xFB, 0x38, 0xC0, 0x00, 0x30, 0x00,
    0xF0, 0x01, 0xE0, 0x01, 0xC0, 0x03, 0xE0, 0x07, 0x70, 0x06, 0x30, 0x01, 0xC0, 0x01, 0xC0, 0x01,
    0xC0, 0x03, 0xE0, 0x03, 0x60, 0x07, 0x70, 0x06, 0x30, 0x0E, 0x30, 0x0F, 0xF8, 0x3F, 0xF8, 0x3F,
    0xFC, 0x38, 0x0C, 0x30, 0x0E, 0x70, 0x06, 0x60, 0x07, 0x40, 0x02, 0x01, 0x00, 0xE0, 0xF8, 0x30,
    0x1E, 0x0F, 0xC7, 0x38, 0x80, 0x0E, 0x8F, 0xF7, 0xFD, 0x87, 0xE1, 0xF0, 0x7C, 0x1F, 0x0F, 0xC3,
    0xFB, 0xF7, 0xEC, 0xE3, 0x07, 0x00, 0x07, 0x80, 0x03, 0xC0, 0x01, 0xC0, 0x03, 0xE0, 0x07, 0x70,
    0x06, 0x30, 0x01, 0xC0, 0x01, 0xC0, 0x01, 0xC0, 0x03, 0xE0, 0x03, 0x60, 0x07, 0x70, 0x06, 0x30,
    0x0E, 0x30, 0x0F, 0xF8, 0x3F, 0xF8, 0x3F, 0xFC, 0x38, 0x0C, 0x30, 0x0E, 0x70, 0x06, 0x60, 0x07,
    0x40, 0x02, 0x10, 0x0F, 0x03, 0xE0, 0x38, 0x1E, 0x0F, 0xC7, 0x38, 0x80, 0x0E, 0x8F, 0xF7, 0xFD,
    0x87, 0xE1, 0xF0, 0x7C, 0x1F, 0x0F, 0xC3, 0xFB, 0xF7, 0xEC, 0xE3, 0x00, 0x3C, 0x00, 0x3C, 0x00,
    0x1C, 0x01, 0xF8, 0x03, 0xF0, 0x07, 0x70, 0x06, 0x30, 0x01, 0xC0, 0x01, 0xC0, 0x01, 0xC0, 0x03,
    0xE0, 0x03, 0x60, 0x07, 0x70, 0x06, 0x30, 0x0E, 0x30, 0x0F, 0xF8, 0x3F, 0xF8, 0x3F, 0xFC, 0x38,
    0x0C, 0x30, 0x0E, 0x70, 0x06, 0x60, 0x07, 0x40, 0x02, 0x00, 0x00, 0x78, 0x0F, 0x81, 0xE0, 0xF8,
    0x3E, 0x0F, 0xC3, 0x9C, 0x20, 0x01, 0xD0, 0xFF, 0x3F, 0xE6, 0x1D, 0xC3, 0xB0, 0x76, 0x0E, 0xC3,
    0xD8, 0x7B, 0xBF, 0x3F, 0x63, 0x8C, 0x03, 0xB0, 0x07, 0xF0, 0x04, 0xE0, 0x01, 0xC0, 0x03, 0xE0,
    0x07, 0x70, 0x06, 0x30, 0x01, 0xC0, 0x01, 0xC0, 0x01, 0xC0, 0x03, 0xE0, 0x03, 0x60, 0x07, 0x70,
    0x06, 0x30, 0x0E, 0x30, 0x0F, 0xF8, 0x3F, 0xF8, 0x3F, 0xFC, 0x38, 0x0C, 0x30, 0x0E, 0x70, 0x06,
    0x60, 0x07, 0x40, 0x02, 0x00, 0x0F, 0xE3, 0xF0, 0xB8, 0x1E, 0x0F, 0xC7, 0x38, 0x80, 0x0E, 0x8F,
    0xF7, 0xFD, 0x87, 0xE1, 0xF0, 0x7C, 0x1F, 0x0F, 0xC3, 0xFB, 0xF7, 0xEC, 0xE3, 0x01, 0xC0, 0x03,
    0xE0, 0x07, 0x70, 0x06, 0x30, 0x01, 0xC0, 0x01, 0xC0, 0x01, 0xC0, 0x03, 0xE0, 0x03, 0x60, 0x07,
    0x70, 0x06, 0x30, 0x0E, 0x30, 0x0F, 0xF8, 0x3F, 0xF8, 0x3F, 0xFC, 0x38, 0x0C, 0x30, 0x0E, 0x70,
    0x06, 0x60, 0x07, 0x40, 0x02, 0x01, 0x80, 0x01, 0xC0, 0x01, 0xC0, 0x0C, 0x07, 0x83, 0xF1, 0xCE,
    0x00, 0x03, 0xA3, 0xFD, 0xFF, 0x61, 0xF8, 0x7C, 0x1F, 0x07, 0xC3, 0xF0, 0xFE, 0xFD, 0xFB, 0x38,
    0xC3, 0x01, 0xC0, 0x30, 0x00, 0x30, 0x00, 0xF0, 0x01, 0xE0, 0x07, 0x30, 0x07, 0xF0, 0x03, 0xE0,
    0x00, 0x00, 0x01, 0xC0, 0x01, 0xC0, 0x01, 0xC0, 0x03, 0xE0, 0x03, 0x60, 0x07, 0x70, 0x06, 0x30,
    0x0E, 0x30, 0x0F, 0xF8, 0x3F, 0xF8, 0x3F, 0xFC, 0x38, 0x0C, 0x30, 0x0E, 0x70, 0x06, 0x60, 0x07,
    0x40, 0x02, 0x01, 0x00, 0xE0, 0xF8, 0x30, 0x00, 0x1C, 0x63, 0xF8, 0x7C, 0x0E, 0x8F, 0xF7, 0xFD,
    0x87, 0xE1, 0xF0, 0x7C, 0x1F, 0x0F, 0xC3, 0xFB, 0xF7, 0xEC, 0xE3, 0x07, 0x00, 0x07, 0x80, 0x03,
    0xC0, 0x06, 0x70, 0x07, 0xF0, 0x03, 0xE0, 0x00, 0x00, 0x01, 0xC0, 0x01, 0xC0, 0x01, 0xC0, 0x03,
    0xE0, 0x03, 0x60, 0x07, 0x70, 0x06, 0x30, 0x0E, 0x30, 0x0F, 0xF8, 0x3F, 0xF8, 0x3F, 0xFC, 0x38,
    0x0C, 0x30, 0x0E, 0x70, 0x06, 0x60, 0x07, 0x40, 0x02, 0x10, 0x0F, 0x03, 0xE0, 0x18, 0x00, 0x1C,
    0x63, 0xF8, 0x7C, 0x0E, 0x8F, 0xF7, 0xFD, 0x87, 0xE1, 0xF0, 0x7C, 0x1F, 0x0F, 0xC3, 0xFB, 0xF7,
    0xEC, 0xE3, 0x01, 0xE0, 0x01, 0xE0, 0x01, 0xE0, 0x05, 0xF0, 0x07, 0xF0, 0x07, 0xF0, 0x01, 0xC0,
    0x01, 0xC0, 0x01, 0xC0, 0x01, 0xC0, 0x03, 0xE0, 0x03, 0x60, 0x07, 0x70, 0x06, 0x30, 0x0E, 0x30,
    0x0F, 0xF8, 0x3F, 0xF8, 0x3F, 0xFC, 0x38, 0x0C, 0x30, 0x0E, 0x70, 0x06, 0x60, 0x07, 0x40, 0x02,
    0x04, 0x07, 0xC0, 0xF0, 0x3C, 0x0C, 0x1D, 0x63, 0xF8, 0x7C, 0x0E, 0x8F, 0xF7, 0xFD, 0x87, 0xE1,
    0xF0, 0x7C, 0x1F, 0x0F, 0xC3, 0xFB, 0xF7, 0xEC, 0xE3, 0x03, 0x90, 0x07, 0xF0, 0x06, 0xE0, 0x06,
    0x30, 0x07, 0xF0, 0x03, 0xE0, 0x00, 0x00, 0x01, 0xC0, 0x01, 0xC0, 0x01, 0xC0, 0x03, 0xE0, 0x03,
    0x60, 0x07, 0x70, 0x06, 0x30, 0x0E, 0x30, 0x0F, 0xF8, 0x3F, 0xF8, 0x3F, 0xFC, 0x38, 0x0C, 0x30,
    0x0E, 0x70, 0x06, 0x60, 0x07, 0x40, 0x02, 0x19, 0x8F, 0xE2, 0xF0, 0x00, 0x71, 0x8F, 0xE1, 0xF0,
    0x3A, 0x3F, 0xDF, 0xF6, 0x1F, 0x87, 0xC1, 0xF0, 0x7C, 0x3F, 0x0F, 0xEF, 0xDF, 0xB3, 0x8C, 0x06,
    0x30, 0x07, 0xF0, 0x03, 0xE0, 0x00, 0x00, 0x01, 0xC0, 0x01, 0xC0, 0x01, 0xC0, 0x03, 0xE0, 0x03,
    0x60, 0x07, 0x70, 0x06, 0x30, 0x0E, 0x30, 0x0F, 0xF8, 0x3F, 0xF8, 0x3F, 0xFC, 0x38, 0x0C, 0x30,
    0x0E, 0x70, 0x06, 0x60, 0x07, 0x40, 0x02, 0x01, 0x80, 0x01, 0xC0, 0x01, 0xC0, 0x00, 0x1C, 0x63,
    0xF8, 0x7C, 0x0E, 0x8F, 0xF7, 0xFD, 0x87, 0xE1, 0xF0, 0x7C, 0x1F, 0x0F, 0xC3, 0xFB, 0xF7, 0xEC,
    0xE3, 0x0C, 0x07, 0x00, 0xC0, 0x00, 0x07, 0xFE, 0x7F, 0xE6, 0x00, 0x60, 0x06, 0x00, 0x60, 0x0F,
    0xFC, 0xFF, 0xC6, 0x00, 0x60, 0x06, 0x00, 0x60, 0x06, 0x00, 0x7F, 0xE7, 0xFF, 0x7F, 0x20, 0x60,
    0x0E, 0x00, 0x60, 0x07, 0x01, 0xF8, 0x7F, 0x1C, 0x77, 0x0E, 0xFF, 0x9F, 0xE3, 0x00, 0x60, 0x6F,
    0x38, 0xFE, 0x0F, 0x00, 0xC0, 0x1C, 0x03, 0x80, 0x07, 0x00, 0xF8, 0x07, 0x80, 0x70, 0x06, 0x07,
    0xFE, 0x7F, 0xE6, 0x00, 0x60, 0x06, 0x00, 0x60, 0x0F, 0xFC, 0xFF, 0xC6, 0x00, 0x60, 0x06, 0x00,
    0x60, 0x06, 0x00, 0x7F, 0xE7, 0xFF, 0x7F, 0x20, 0x0F, 0x01, 0xF0, 0x1E, 0x03, 0x00, 0x60, 0x0E,
    0x03, 0xF0, 0xFE, 0x38, 0xEE, 0x1D, 0xFF, 0x3F, 0xC6, 0x00, 0xC0, 0xDE, 0x71, 0xFC, 0x1E, 0x00,
    0x0C, 0x81, 0xFC, 0x3F, 0x80, 0x10, 0x7F, 0xE7, 0xFE, 0x60, 0x06, 0x00, 0x60, 0x06, 0x00, 0xFF,
    0xC7, 0xFC, 0x60, 0x06, 0x00, 0x60, 0x06, 0x00, 0x60, 0x07, 0xFF, 0x7F, 0xF3, 0xF2, 0x1C, 0xC7,
    0xF0, 0xCE, 0x00, 0x00, 0x70, 0x1F, 0x87, 0xF1, 0xC7, 0x70, 0xEF, 0xF9, 0xFE, 0x30, 0x06, 0x06,
    0xF3, 0x8F, 0xE0, 0xF0, 0x01, 0x80, 0x3C, 0x07, 0x00, 0xE0, 0x1F, 0x01, 0xF8, 0x30, 0xC7, 0xFE,
    0x7F, 0xE6, 0x00, 0x60, 0x06, 0x00, 0x60, 0x0F, 0xFC, 0xFF, 0xC6, 0x00, 0x60, 0x06, 0x00, 0x60,
    0x06, 0x00, 0x7F, 0xE7, 0xFF, 0x7F, 0x20, 0x00, 0x80, 0x78, 0x1E, 0x07, 0x00, 0xF0, 0x3F, 0x0E,
    0x61, 0x04, 0x07, 0x01, 0xF8, 0x7F, 0x1C, 0x77, 0x0E, 0xFF, 0x9F, 0xE3, 0x00, 0x60, 0x6F, 0x38,
    0xFE, 0x0F, 0x00, 0x18, 0x03, 0xC0, 0x0E, 0x00, 0xF0, 0x1F, 0x01, 0xF8, 0x30, 0xC7, 0xFE, 0x7F,
    0xE6, 0x00, 0x60, 0x06, 0x00, 0x60, 0x0F, 0xFC, 0xFF, 0xC6, 0x00, 0x60, 0x06, 0x00, 0x60, 0x06,
    0x00, 0x7F, 0xE7, 0xFF, 0x7F, 0x20, 0x18, 0x07, 0x80, 0x78, 0x03, 0x80, 0xF0, 0x3F, 0x0E, 0x61,
    0x04, 0x07, 0x01, 0xF8, 0x7F, 0x1C, 0x77, 0x0E, 0xFF, 0x9F, 0xE3, 0x00, 0x60, 0x6F, 0x38, 0xFE,
    0x0F, 0x00, 0x00, 0xE0, 0x1F, 0x00, 0xF0, 0xEE, 0x1F, 0xC1, 0xF8, 0x30, 0xC7, 0xFE, 0x7F, 0xE6,
    0x00, 0x60, 0x06, 0x00, 0x60, 0x0F, 0xFC, 0xFF, 0xC6, 0x00, 0x60, 0x06, 0x00, 0x60, 0x06, 0x00,
    0x7F, 0xE7, 0xFF, 0x7F, 0x20, 0x00, 0x00, 0x3C, 0x07, 0x80, 0xF0, 0x78, 0x1F, 0x07, 0xE1, 0xCC,
    0x20, 0x80, 0xE0, 0x3F, 0x0F, 0xE3, 0x8E, 0xE1, 0xDF, 0xF3, 0xFC, 0x60, 0x0C, 0x0D, 0xE7, 0x1F,
    0xC1, 0xE0, 0x1C, 0x83, 0xF8, 0x37, 0x80, 0xE0, 0x1F, 0x01, 0xF8, 0x30, 0xC7, 0xFE, 0x7F, 0xE6,
    0x00, 0x60, 0x06, 0x00, 0x60, 0x0F, 0xFC, 0xFF, 0xC6, 0x00, 0x60, 0x06, 0x00, 0x60, 0x06, 0x00,
    0x7F, 0xE7, 0xFF, 0x7F, 0x20, 0x08, 0x03, 0xF0, 0xFE, 0x13, 0x80, 0xF0, 0x3F, 0x0E, 0x61, 0x04,
    0x07, 0x01, 0xF8, 0x7F, 0x1C, 0x77, 0x0E, 0xFF, 0x9F, 0xE3, 0x00, 0x60, 0x6F, 0x38, 0xFE, 0x0F,
    0x00, 0x0E, 0x01, 0xF0, 0x1F, 0x83, 0x0C, 0x7F, 0xE7, 0xFE, 0x60, 0x06, 0x00, 0x60, 0x06, 0x00,
    0xFF, 0xCF, 0xFC, 0x60, 0x06, 0x00, 0x60, 0x06, 0x00, 0x60, 0x07, 0xFE, 0x7F, 0xF7, 0xF2, 0x06,
    0x00, 0xE0, 0x06, 0x00, 0x06, 0x01, 0xE0, 0x7E, 0x1C, 0xC2, 0x08, 0x0E, 0x03, 0xF0, 0xFE, 0x38,
    0xEE, 0x1D, 0xFF, 0x3F, 0xC6, 0x00, 0xC0, 0xDE, 0x71, 0xFC, 0x1E, 0x01, 0x80, 0x38, 0x07, 0x00,
    0x77, 0xDE, 0xE6, 0x31, 0x8C, 0x63, 0x18, 0xC6, 0x31, 0x8C, 0x63, 0x1C, 0xE2, 0x00, 0xF7, 0xDE,
    0xC6, 0x23, 0x9C, 0x63, 0x18, 0xC6, 0x31, 0x8C, 0x60, 0xDB, 0x6D, 0xB6, 0xDB, 0x6D, 0xFA, 0xDF,
    0x80, 0x7D, 0x85, 0xFB, 0x6D, 0xB6, 0xDB, 0x7D, 0x80, 0x00, 0x00, 0x0F, 0xE0, 0x7F, 0xE1, 0xE0,
    0xE3, 0x80, 0xCE, 0x01, 0xD8, 0x03, 0xB0, 0x03, 0x60, 0x06, 0xC0, 0x0D, 0x80, 0x3B, 0x00, 0x77,
    0x00, 0xC7, 0x03, 0x8F, 0xBE, 0x0F, 0xF8, 0x07, 0xC0, 0x03, 0x00, 0x0E, 0x00, 0x0C, 0x00, 0x0E,
    0x0F, 0xC7, 0xF9, 0x87, 0xE0, 0xF0, 0x3C, 0x0F, 0x07, 0xC1, 0xFD, 0xE7, 0xF0, 0x78, 0x0C, 0x07,
    0x00, 0xC0, 0x01, 0xC0, 0x03, 0xC0, 0x07, 0x80, 0x0E, 0x00, 0x18, 0x00, 0xFE, 0x07, 0xFE, 0x1E,
    0x0E, 0x38, 0x0C, 0xE0, 0x1D, 0x80, 0x3B, 0x00, 0x36, 0x00, 0x6C, 0x00, 0xD8, 0x03, 0xB0, 0x07,
    0x70, 0x0C, 0x70, 0x38, 0xFB, 0xE0, 0xFF, 0x80, 0x7C, 0x00, 0x0F, 0x07, 0xC0, 0xF0, 0x38, 0x0C,
    0x03, 0x83, 0xF1, 0xFE, 0x61, 0xF8, 0x3C, 0x0F, 0x03, 0xC1, 0xF0, 0x7F, 0x79, 0xFC, 0x1E, 0x00,
    0x00, 0x60, 0x01, 0xE0, 0x07, 0x00, 0x1E, 0x00, 0x3E, 0x00, 0xFC, 0x03, 0x0C, 0x03, 0xF8, 0x1F,
    0xF8, 0x78, 0x38, 0xE0, 0x33, 0x80, 0x76, 0x00, 0xEC, 0x00, 0xD8, 0x01, 0xB0, 0x03, 0x60, 0x0E,
    0xC0, 0x1D, 0xC0, 0x31, 0xC0, 0xE3, 0xEF, 0x83, 0xFE, 0x01, 0xF0, 0x00, 0x01, 0x00, 0xE0, 0x78,
    0x38, 0x1E, 0x0F, 0xC3, 0x18, 0x82, 0x0E, 0x0F, 0xC7, 0xF9, 0x87, 0xE0, 0xF0, 0x3C, 0x0F, 0x07,
    0xE1, 0xFD, 0xE7, 0xF0, 0x78, 0x06, 0x00, 0x1F, 0x00, 0x0F, 0x00, 0x0E, 0x00, 0x3E, 0x00, 0xFC,
    0x03, 0x0C, 0x03, 0xF8, 0x1F, 0xF8, 0x78, 0x38, 0xE0, 0x33, 0x80, 0x76, 0x00, 0xEC, 0x00, 0xD8,
    0x01, 0xB0, 0x03, 0x60, 0x0E, 0xC0, 0x1D, 0xC0, 0x31, 0xC0, 0xE3, 0xEF, 0x83, 0xFE, 0x01, 0xF0,
    0x00, 0x10, 0x0F, 0x03, 0xE0, 0x38, 0x1E, 0x0F, 0xC3, 0x18, 0x82, 0x0E, 0x0F, 0xC7, 0xF9, 0x87,
    0xE0, 0xF0, 0x3C, 0x0F, 0x07, 0xE1, 0xFD, 0xE7, 0xF0, 0x78, 0x00, 0x38, 0x00, 0xF8, 0x00, 0xF0,
    0x0F, 0xC0, 0x3F, 0x00, 0xFE, 0x03, 0x0C, 0x03, 0xF8, 0x1F, 0xF8, 0x78, 0x38, 0xE0, 0x33, 0x80,
    0x76, 0x00, 0xEC, 0x00, 0xD8, 0x01, 0xB0, 0x03, 0x60, 0x0E, 0xC0, 0x1D, 0xC0, 0x31, 0xC0, 0xE3,
    0xEF, 0x83, 0xFE, 0x01, 0xF0, 0x00, 0x00, 0x00, 0x78, 0x0F, 0x80, 0xF0, 0xD8, 0x3F, 0x0F, 0xC1,
    0x8C, 0x20, 0x81, 0xC0, 0xFC, 0x3F, 0xC6, 0x1D, 0xC1, 0xB0, 0x36, 0x06, 0xC1, 0xD8, 0x3B, 0xDE,
    0x3F, 0x81, 0xE0, 0x07, 0x30, 0x0F, 0xC0, 0x37, 0x80, 0x0E, 0x00, 0x3E, 0x00, 0xFE, 0x03, 0x0C,
    0x03, 0xF8, 0x1F, 0xF8, 0x78, 0x38, 0xE0, 0x33, 0x80, 0x76, 0x00, 0xEC, 0x00, 0xD8, 0x01, 0xB0,
    0x03, 0x60, 0x0E, 0xC0, 0x1D, 0xC0, 0x31, 0xC0, 0xE3, 0xEF, 0x83, 0xFE, 0x01, 0xF0, 0x00, 0x00,
    0x0F, 0xE3, 0xF8, 0xBC, 0x1E, 0x0F, 0xC3, 0x18, 0x82, 0x0E, 0x0F, 0xC7, 0xF9, 0x87, 0xE0, 0xF0,
    0x3C, 0x0F, 0x07, 0xC1, 0xFD, 0xE7, 0xF0, 0x78, 0x01, 0xC0, 0x07, 0xC0, 0x1F, 0xC0, 0x61, 0x80,
    0x7F, 0x03, 0xFF, 0x0F, 0x07, 0x1C, 0x06, 0x70, 0x0E, 0xC0, 0x1D, 0x80, 0x1B, 0x00, 0x36, 0x00,
    0x6C, 0x01, 0xD8, 0x03, 0xB8, 0x06, 0x38, 0x1C, 0x7D, 0xF0, 0x7F, 0xC0, 0x3E, 0x00, 0x18, 0x00,
    0x70, 0x00, 0x60, 0x00, 0x0C, 0x07, 0x83, 0xF0, 0xC6, 0x20, 0x83, 0x83, 0xF1, 0xFE, 0x61, 0xF8,
    0x3C, 0x0F, 0x03, 0xC1, 0xF0, 0x7F, 0x79, 0xFC, 0x1E, 0x03, 0x01, 0xC0, 0x30, 0x00, 0xC0, 0x01,
    0xE0, 0x03, 0xC0, 0x02, 0x06, 0x07, 0xF6, 0x1F, 0xFF, 0x3C, 0x1F, 0x38, 0x0E, 0x70, 0x0E, 0x60,
    0x0E, 0x60, 0x06, 0x60, 0x06, 0x60, 0x06, 0x60, 0x0E, 0x60, 0x0E, 0x70, 0x0C, 0x38, 0x1C, 0x3E,
    0xF8, 0x1F, 0xF0, 0x07, 0xC0, 0x00, 0x00, 0xE0, 0x7C, 0x0E, 0x00, 0x04, 0x1D, 0xCF, 0xFB, 0xFF,
    0x61, 0xFC, 0x1B, 0x03, 0x60, 0x6C, 0x1D, 0x83, 0xBD, 0xE3, 0xF8, 0x1E, 0x00, 0x03, 0x00, 0x07,
    0x80, 0x03, 0xC0, 0x00, 0xC6, 0x07, 0xF6, 0x1F, 0xFF, 0x3C, 0x1F, 0x38, 0x0E, 0x70, 0x0E, 0x60,
    0x0E, 0x60, 0x06, 0x60, 0x06, 0x60, 0x06, 0x60, 0x0E, 0x60, 0x0E, 0x70, 0x0C, 0x38, 0x1C, 0x3E,
    0xF8, 0x1F, 0xF0, 0x07, 0xC0, 0x00, 0x03, 0x80, 0xF8, 0x03, 0x80, 0x04, 0x1D, 0xCF, 0xFB, 0xFF,
    0x61, 0xFC, 0x1B, 0x03, 0x60, 0x6C, 0x1D, 0x83, 0xBD, 0xE3, 0xF8, 0x1E, 0x00, 0x01, 0xC0, 0x03,
    0xE0, 0x01, 0xE0, 0x01, 0xC0, 0x01, 0x86, 0x07, 0xF6, 0x1F, 0xFF, 0x3C, 0x1F, 0x38, 0x0E, 0x70,
    0x0E, 0x60, 0x0E, 0x60, 0x06, 0x60, 0x06, 0x60, 0x06, 0x60, 0x0E, 0x60, 0x0E, 0x70, 0x0C, 0x38,
    0x1C, 0x3E, 0xF8, 0x1F, 0xF0, 0x07, 0xC0, 0x0F, 0x03, 0xE0, 0x3C, 0x07, 0x00, 0xC4, 0x1D, 0xCF,
    0xFB, 0xFF, 0x61, 0xFC, 0x1B, 0x03, 0x60, 0x6C, 0x1D, 0x83, 0xBD, 0xE3, 0xF8, 0x1E, 0x00, 0x03,
    0x10, 0x07, 0xF0, 0x07, 0xE0, 0x00, 0x46, 0x07, 0xF6, 0x1F, 0xFF, 0x3C, 0x1F, 0x38, 0x0E, 0x70,
    0x0E, 0x60, 0x0E, 0x60, 0x06, 0x60, 0x06, 0x60, 0x06, 0x60, 0x0E, 0x60, 0x0E, 0x70, 0x0C, 0x38,
    0x1C, 0x3E, 0xF8, 0x1F, 0xF0, 0x07, 0xC0, 0x3D, 0x87, 0xF0, 0x9C, 0x00, 0x20, 0xEE, 0x7F, 0xDF,
    0xFB, 0x0F, 0xE0, 0xD8, 0x1B, 0x03, 0x60, 0xEC, 0x1D, 0xEF, 0x1F, 0xC0, 0xF0, 0x00, 0x06, 0x07,
    0xF6, 0x1F, 0xFF, 0x3C, 0x1F, 0x38, 0x0E, 0x70, 0x0E, 0x60, 0x0E, 0x60, 0x06, 0x60, 0x06, 0x60,
    0x06, 0x60, 0x0E, 0x60, 0x0E, 0x70, 0x0C, 0x38, 0x1C, 0x3E, 0xF8, 0x1F, 0xF0, 0x07, 0xC0, 0x01,
    0x80, 0x01, 0xC0, 0x01, 0xC0, 0x00, 0x41, 0xDC, 0xFF, 0xBF, 0xF6, 0x1F, 0xC1, 0xB0, 0x36, 0x06,
    0xC1, 0xD8, 0x3B, 0xDE, 0x3F, 0x81, 0xE0, 0x18, 0x03, 0x80, 0x70, 0x00, 0x18, 0x0F, 0x01, 0xE0,
    0x3C, 0x07, 0x80, 0xF0, 0x1E, 0x03, 0xC0, 0x78, 0x0F, 0x01, 0xE0, 0x3C, 0x0F, 0xC1, 0xFE, 0xF3,
    0xFC, 0x1E, 0x01, 0x80, 0x38, 0x07, 0x00, 0x40, 0x9C, 0x3B, 0x87, 0x70, 0xEE, 0x1D, 0xC3, 0xB8,
    0x77, 0x0E, 0x63, 0xCE, 0xF9, 0xFB, 0x1E, 0x20, 0xC0, 0x1C, 0x03, 0x80, 0x0F, 0x01, 0xE0, 0x3C,
    0x07, 0x80, 0xC1, 0x80, 0xF0, 0x1E, 0x03, 0xC0, 0x78, 0x0F, 0x01, 0xE0, 0x3C, 0x07, 0x80, 0xF0,
    0x1E, 0x03, 0xC0, 0xFC, 0x1F, 0xEF, 0x3F, 0xC1, 0xE0, 0x0F, 0x03, 0xE0, 0x3C, 0x07, 0x00, 0xC0,
    0x81, 0x38, 0x77, 0x0E, 0xE1, 0xDC, 0x3B, 0x87, 0x70, 0xEE, 0x1C, 0xC7, 0x9D, 0xF3, 0xF6, 0x3C,
    0x40, 0x03, 0x00, 0x3C, 0x01, 0xF3, 0x86, 0x06, 0xC0, 0x7B, 0x01, 0xEC, 0x07, 0x30, 0x18, 0xC0,
    0x63, 0x01, 0x8C, 0x06, 0x30, 0x18, 0xC0, 0x63, 0x01, 0x8C, 0x06, 0x30, 0x38, 0xE0, 0xE3, 0xEF,
    0x07, 0xF8, 0x07, 0x80, 0x00, 0x00, 0x70, 0x1F, 0x01, 0xC2, 0x00, 0x74, 0x0B, 0xE1, 0xFE, 0x1F,
    0xE1, 0xCE, 0x1C, 0xE1, 0xCE, 0x1C, 0xE1, 0xC6, 0x3C, 0x77, 0xC7, 0xEC, 0x3C, 0x40, 0x18, 0x00,
    0x78, 0x00, 0xF3, 0x80, 0xC6, 0xC0, 0x7B, 0x01, 0xEC, 0x07, 0x30, 0x18, 0xC0, 0x63, 0x01, 0x8C,
    0x06, 0x30, 0x18, 0xC0, 0x63, 0x01, 0x8C, 0x06, 0x30, 0x38, 0xE0, 0xE3, 0xEF, 0x07, 0xF8, 0x07,
    0x80, 0x00, 0x01, 0xC0, 0x1E, 0x00, 0x72, 0x00, 0x74, 0x0B, 0xE1, 0xFE, 0x1F, 0xE1, 0xCE, 0x1C,
    0xE1, 0xCE, 0x1C, 0xE1, 0xC6, 0x3C, 0x77, 0xC7, 0xEC, 0x3C, 0x40, 0x0F, 0x00, 0x3C, 0x00, 0xF0,
    0x03, 0xCE, 0x0C, 0x1B, 0x01, 0xEC, 0x07, 0xB0, 0x1C, 0xC0, 0x63, 0x01, 0x8C, 0x06, 0x30, 0x18,
    0xC0, 0x63, 0x01, 0x8C, 0x06, 0x30, 0x18, 0xC0, 0xE3, 0x83, 0x8F, 0xBC, 0x1F, 0xE0, 0x1E, 0x00,
    0x0F, 0x01, 0xF0, 0x0F, 0x00, 0xE2, 0x0C, 0x74, 0x0B, 0xE1, 0xFE, 0x1F, 0xE1, 0xCE, 0x1C, 0xE1,
    0xCE, 0x1C, 0xE1, 0xC6, 0x3C, 0x77, 0xC7, 0xEC, 0x3C, 0x40, 0x08, 0x80, 0x7E, 0x03, 0xFB, 0x80,
    0x06, 0xC0, 0x7B, 0x01, 0xEC, 0x07, 0x30, 0x18, 0xC0, 0x63, 0x01, 0x8C, 0x06, 0x30, 0x18, 0xC0,
    0x63, 0x01, 0x8C, 0x06, 0x30, 0x38, 0xE0, 0xE3, 0xEF, 0x07, 0xF8, 0x07, 0x80, 0x3D, 0x83, 0xF8,
    0x27, 0x20, 0x07, 0x40, 0xBE, 0x1F, 0xE1, 0xFE, 0x1C, 0xE1, 0xCE, 0x1C, 0xE1, 0xCE, 0x1C, 0x63,
    0xC7, 0x7C, 0x7E, 0xC3, 0xC4, 0x00, 0x00, 0x00, 0xE0, 0x01, 0xB0, 0x1E, 0xC0, 0x7B, 0x01, 0xCC,
    0x06, 0x30, 0x18, 0xC0, 0x63, 0x01, 0x8C, 0x06, 0x30, 0x18, 0xC0, 0x63, 0x01, 0x8C, 0x0E, 0x38,
    0x38, 0xFB, 0xC1, 0xFE, 0x01, 0xE0, 0x03, 0x00, 0x0E, 0x00, 0x38, 0x00, 0x00, 0x20, 0x07, 0x40,
    0xBE, 0x1F, 0xE1, 0xFE, 0x1C, 0xE1, 0xCE, 0x1C, 0xE1, 0xCE, 0x1C, 0x63, 0xC7, 0x7C, 0x7E, 0xC3,
    0xC4, 0x0C, 0x00, 0xE0, 0x0E, 0x00, 0x06, 0x00, 0x38, 0x00, 0xF0, 0x01, 0xE0, 0x03, 0x80, 0x00,
    0x0F, 0x83, 0xFE, 0x1E, 0x7C, 0x78, 0xF3, 0xC3, 0xFF, 0x07, 0xF8, 0x1F, 0xE0, 0x3F, 0x00, 0xF8,
    0x01, 0xE0, 0x07, 0x80, 0x1E, 0x00, 0x78, 0x01, 0xE0, 0x07, 0x80, 0x18, 0x03, 0xC0, 0x3E, 0x00,
    0xE0, 0x06, 0x00, 0x00, 0xF0, 0xFF, 0x1E, 0x79, 0xE7, 0x9E, 0x7B, 0xC3, 0xFC, 0x3F, 0x81, 0xF8,
    0x1F, 0x81, 0xF0, 0x0F, 0x01, 0xE0, 0xFE, 0x0F, 0xC0, 0xF8, 0x00, 0x00, 0x07, 0x01, 0xF8, 0x1C,
    0xE0, 0xC3, 0x0E, 0x1C, 0xE0, 0x76, 0x03, 0xF0, 0x0F, 0x00, 0x38, 0x01, 0x80, 0x0C, 0x00, 0x60,
    0x03, 0x00, 0x18, 0x00, 0xC0, 0x02, 0x00, 0x30, 0x01, 0xC0, 0x0E, 0x00, 0x40, 0x5C, 0x19, 0x83,
    0x38, 0xE3, 0x18, 0x77, 0x0E, 0xC0, 0xF8, 0x1E, 0x01, 0xC0, 0x30, 0x0E, 0x0D, 0x99, 0xF7, 0x1C,
    0x60, 0x07, 0x80, 0x3C, 0x01, 0xE0, 0x0E, 0x00, 0x60, 0x70, 0x1F, 0x81, 0xCE, 0x0C, 0x30, 0xE1,
    0xCE, 0x07, 0x70, 0x3F, 0x00, 0xF0, 0x03, 0x80, 0x18, 0x00, 0xC0, 0x06, 0x00, 0x30, 0x01, 0x80,
    0x0C, 0x00, 0x20, 0x00, 0x0F, 0x01, 0xE0, 0x3C, 0x07, 0x00, 0x40, 0x80, 0xB8, 0x33, 0x06, 0x71,
    0xC6, 0x30, 0xEE, 0x1D, 0x81, 0xF0, 0x3C, 0x03, 0x80, 0x60, 0x1C, 0x1B, 0x03, 0xE0, 0x38, 0x00,
    0x0C, 0x40, 0xFE, 0x07, 0xF0, 0x22, 0x0E, 0x03, 0xF0, 0x39, 0xC1, 0x86, 0x1C, 0x39, 0xC0, 0xEE,
    0x07, 0xE0, 0x1E, 0x00, 0x70, 0x03, 0x00, 0x18, 0x00, 0xC0, 0x06, 0x00, 0x30, 0x01, 0x80, 0x04,
    0x00, 0x1C, 0x87, 0xF0, 0x9C, 0x00, 0x04, 0x05, 0xC1, 0x98, 0x33, 0x8E, 0x31, 0x87, 0x70, 0xEC,
    0x0F, 0x81, 0xE0, 0x1C, 0x03, 0x00, 0xE0, 0xD8, 0x1F, 0x01, 0xC0, 0x00, 0xFF, 0xFF, 0xFF, 0xFF,
    0x49, 0xE3, 0x1E, 0x78, 0xC3, 0x0C, 0x30, 0xC3, 0x0C, 0x30, 0xC3, 0x0C, 0x10, 0x6F, 0xF6, 0xD3,
    0x0C, 0x30, 0xC3, 0x0C, 0x30, 0xC3, 0x0C, 0x30, 0x21, 0x8F, 0xDB, 0x2C, 0x30, 0xC3, 0x0C, 0x30,
    0xC3, 0x0C, 0x30, 0xC3, 0xFD, 0xFB, 0xF0, 0x00, 0xFE, 0xFE, 0x7F, 0xFF, 0xFF, 0x7F, 0xF0, 0xFF,
    0xFF, 0xFF, 0xFF, 0x80, 0xFF, 0xFF, 0xFF, 0xFF, 0xFF, 0xFF, 0xFF, 0xFE, 0xFF, 0xFF, 0xFF, 0xFF,
    0xFF, 0xFF, 0xFF, 0xFE, 0x6C, 0xD9, 0xB3, 0x66, 0xCD, 0x9B, 0x36, 0x6C, 0xD9, 0xB3, 0x66, 0xCD,
    0x9B, 0x36, 0x6C, 0xD9, 0xB3, 0x66, 0xCD, 0x80, 0x3B, 0xDE, 0xE7, 0x38, 0x7B, 0xDC, 0xEF, 0x70,
    0x7B, 0xDC, 0xEF, 0x70, 0x5F, 0xE6, 0x00, 0x3B, 0x9E, 0xE7, 0x79, 0xDE, 0x77, 0x9D, 0xE0, 0x7F,
    0xBF, 0xDD, 0xEE, 0xFF, 0x77, 0x38, 0x7F, 0xBF, 0xDD, 0xEE, 0xFF, 0x77, 0x38, 0x08, 0xFB, 0xF3,
    0xE7, 0xE0, 0x00, 0x0E, 0x03, 0x80, 0xE0, 0x38, 0xFF, 0xFF, 0xFF, 0xFC, 0x38, 0x0E, 0x03, 0x80,
    0xE0, 0x38, 0x0E, 0x03, 0x80, 0xE0, 0x38, 0x0E, 0x03, 0x00, 0x0E, 0x03, 0x80, 0xE0, 0x38, 0xFF,
    0xFF, 0xFF, 0xFC, 0x38, 0x0E, 0x03, 0x8F, 0xFF, 0xFF, 0xFF, 0xC3, 0x80, 0xE0, 0x38, 0x0E, 0x03,
    0x00, 0x3C, 0xFD, 0xFB, 0xF7, 0xE7, 0x80, 0x40, 0x17, 0x01, 0xF8, 0x0E, 0x80, 0x20, 0xF0, 0xE1,
    0xFE, 0x3E, 0x3F, 0xC7, 0xC7, 0xF8, 0x70, 0xF0, 0x5F, 0xA0, 0x3E, 0x0E, 0x00, 0x0F, 0xE3, 0xC0,
    0x01, 0xDC, 0xF0, 0x00, 0x7B, 0xDE, 0x00, 0x0F, 0x7F, 0x80, 0x00, 0xEE, 0xF0, 0x00, 0x1F, 0xFC,
    0x00, 0x01, 0xF7, 0x7C, 0x3E, 0x01, 0xFF, 0xCF, 0xE0, 0x3B, 0xBF, 0xDC, 0x0F, 0x73, 0xF3, 0x81,
    0xCE, 0x7E, 0x70, 0x79, 0xDF, 0xEE, 0x1E, 0x3F, 0x9F, 0xC3, 0xC3, 0xE1, 0xF0, 0x21, 0x80, 0x0F,
    0x98, 0x00, 0xFB, 0x80, 0x0D, 0xB0, 0x00, 0xDF, 0x00, 0x0D, 0xE0, 0x00, 0xFE, 0x00, 0x07, 0xC0,
    0x00, 0x3C, 0x00, 0x01, 0xFB, 0xDE, 0x1F, 0xBD, 0xE3, 0xDE, 0xF6, 0x3D, 0xEF, 0x76, 0xDE, 0xF7,
    0x6F, 0xFF, 0xEC, 0x7B, 0xDE, 0xC3, 0x18, 0xC0, 0x27, 0x76, 0xEC, 0x00, 0x20, 0xF9, 0xF7, 0xEF,
    0x9B, 0x00, 0x00, 0x2D, 0x3F, 0xDF, 0xFF, 0xEF, 0xB6, 0xF8, 0x00, 0x4E, 0x67, 0x33, 0x00, 0x19,
    0xB3, 0xF3, 0xE6, 0xCF, 0x80, 0x00, 0x5A, 0x7F, 0xBF, 0xCF, 0xF6, 0xFB, 0xEC, 0x00, 0x00, 0x38,
    0xF3, 0xE7, 0x9F, 0x1E, 0x3E, 0x3C, 0x38, 0x00, 0x00, 0xE1, 0xE3, 0xC3, 0xC7, 0xCF, 0x3C, 0x78,
    0xE0, 0x00, 0x43, 0x84, 0xC7, 0x19, 0xCE, 0x71, 0xC1, 0xC1, 0xC7, 0x01, 0xDC, 0x39, 0xF3, 0xF1,
    0xC7, 0x67, 0xC6, 0x1D, 0xC0, 0x71, 0xC1, 0xC9, 0xC7, 0x39, 0xDC, 0x71, 0x90, 0x60, 0x00, 0x00,
    0x0E, 0x19, 0xC3, 0xB0, 0x66, 0x0C, 0xC1, 0x98, 0x33, 0x06, 0x60, 0xCC, 0x19, 0x83, 0x30, 0x66,
    0x0C, 0x00, 0x1C, 0x33, 0x87, 0x20, 0x40, 0x0C, 0x01, 0xC0, 0x7E, 0x1F, 0xE7, 0xCD, 0xD9, 0x9B,
    0x70, 0x7C, 0x0F, 0x01, 0xC0, 0x30, 0x06, 0x00, 0xC0, 0x08, 0x03, 0x80, 0x70, 0x04, 0x00, 0xFF,
    0xFF, 0xFF, 0x40, 0x00, 0x58, 0x00, 0x33, 0xC0, 0x78, 0x7F, 0xFC, 0x07, 0xFC, 0x00, 0x18, 0x00,
    0x00, 0x00, 0x00, 0xE0, 0x00, 0x74, 0x00, 0xFE, 0x00, 0x7F, 0x00, 0x1F, 0x00, 0x0F, 0x80, 0x06,
    0xC0, 0x00, 0x00, 0x0C, 0x0E, 0x06, 0x07, 0x0F, 0xEF, 0xFF, 0xF7, 0xFB, 0xE1, 0xE0, 0xF8, 0xF8,
    0xEC, 0x6E, 0x24, 0x12, 0x00, 0x00, 0xE0, 0x3C, 0x0F, 0x01, 0xE0, 0x78, 0x0F, 0x03, 0xC0, 0x78,
    0x1E, 0x03, 0xC0, 0xF0, 0x1E, 0x07, 0x80, 0xE0, 0x3C, 0x00, 0x00, 0x00, 0x07, 0xF7, 0xE3, 0xFF,
    0xFD, 0xC3, 0xC3, 0x60, 0xE0, 0xD8, 0x30, 0x70, 0x1C, 0x38, 0x0E, 0x1E, 0x07, 0x0E, 0x03, 0x83,
    0x00, 0xC0, 0xC0, 0x38, 0x30, 0x0C, 0x0C, 0x01, 0x02, 0x00, 0xE1, 0xC0, 0x38, 0x70, 0x04, 0x0C,
    0x00, 0x00, 0x00, 0x7F, 0x73, 0xFD, 0xDC, 0x3F, 0x60, 0xED, 0x83, 0x30, 0x1C, 0xC0, 0xE3, 0x07,
    0x0C, 0x38, 0x30, 0xC0, 0xC3, 0x83, 0x0C, 0x0C, 0x10, 0x20, 0xE1, 0xC3, 0x87, 0x04, 0x0C, 0x00,
    0x00, 0xE3, 0xF1, 0xCF, 0xF3, 0xB8, 0x67, 0xE0, 0xCC, 0x83, 0x98, 0x07, 0x30, 0x3C, 0x60, 0x70,
    0xC1, 0xC1, 0x83, 0x03, 0x06, 0x06, 0x0C, 0x04, 0x10, 0x1C, 0x30, 0x38, 0x70, 0x20, 0xC0, 0x00,
    0x18, 0x1B, 0xFF, 0xFF, 0x3C, 0x7E, 0x76, 0x00, 0x18, 0x18, 0x7F, 0xFF, 0x7C, 0x3E, 0x76, 0x24,
    0x61, 0x39, 0x9C, 0xCC, 0xE0, 0x60, 0x70, 0x30, 0x38, 0x18, 0x0C, 0x0E, 0x06, 0x07, 0x73, 0x39,
    0x9C, 0x00, 0x5F, 0xA0, 0x00, 0x00, 0x7E, 0x80, 0xFF, 0x80, 0x17, 0xE8, 0x01, 0xFF, 0x7C, 0x7E,
    0xFE, 0xE7, 0xE7, 0xE7, 0xFE, 0x7E, 0x7C, 0xFF, 0xFF, 0x00, 0x1E, 0x3E, 0x7E, 0x6E, 0xFF, 0xFF,
    0x0E, 0x0E, 0x7E, 0xFD, 0xC3, 0xE7, 0xE1, 0xD3, 0xFF, 0xFC, 0x1E, 0x3E, 0x78, 0x7E, 0xFE, 0xEE,
    0xFE, 0x7E, 0x3C, 0xFE, 0xFE, 0x0E, 0x1C, 0x1C, 0x38, 0x38, 0x38, 0x7C, 0x7E, 0xEE, 0x7E, 0x7E,
    0xFE, 0xEF, 0xFE, 0x7E, 0x7C, 0x7E, 0xEE, 0xEE, 0x7E, 0x7E, 0x1E, 0x7C, 0x78, 0x30, 0xCF, 0xFF,
    0x30, 0xC3, 0x00, 0xFF, 0xF0, 0x00, 0xFF, 0xFF, 0xFF, 0x00, 0x36, 0x6C, 0xCC, 0xCC, 0xE6, 0x20,
    0xC6, 0x67, 0x33, 0x33, 0x76, 0xC0, 0xF3, 0xED, 0xB6, 0xDB, 0x68, 0x80, 0x7C, 0x7E, 0xFE, 0xE7,
    0xE7, 0xE7, 0xFE, 0x7E, 0x7C, 0x1D, 0xF7, 0xDF, 0x1C, 0x71, 0xC7, 0x1C, 0x7D, 0xFD, 0xB8, 0xF3,
    0xCF, 0x1C, 0x7F, 0xFE, 0xFD, 0xFD, 0x79, 0xE3, 0xE1, 0xD3, 0xFF, 0xFC, 0x1E, 0x3E, 0x7E, 0x6E,
    0xFF, 0xFF, 0x0E, 0x0E, 0x7E, 0xFD, 0xC3, 0xE7, 0xE1, 0xD3, 0xFF, 0xFC, 0x1E, 0x3E, 0x78, 0x7E,
    0xFE, 0xEE, 0xFE, 0x7E, 0x3C, 0xFE, 0xFE, 0x0E, 0x1C, 0x1C, 0x38, 0x38, 0x38, 0x7C, 0x7E, 0xEE,
    0x7E, 0x7E, 0xFE, 0xEF, 0xFE, 0x7E, 0x7C, 0x7E, 0xEE, 0xEE, 0x7E, 0x7E, 0x1E, 0x7C, 0x78, 0x30,
    0xCF, 0xFF, 0x30, 0xC0, 0x00, 0xFF, 0xF0, 0xFF, 0xFF, 0xFF, 0x36, 0x6C, 0xCC, 0xCC, 0xE6, 0x20,
    0xC6, 0x67, 0x33, 0x33, 0x66, 0xC0, 0x3C, 0xFB, 0xB6, 0x6F, 0xCF, 0x88, 0x00, 0x3D, 0xF7, 0xFF,
    0x6D, 0xF3, 0x00, 0x38, 0xFB, 0xB6, 0x6F, 0xCF, 0x8C, 0x00, 0x4D, 0xF7, 0x8E, 0x7B, 0xB4, 0x00,
    0x38, 0xF9, 0xF3, 0xEF, 0xCF, 0x0C, 0x00, 0x01, 0x86, 0x1E, 0x7D, 0xB6, 0xDB, 0x6C, 0x00, 0x00,
    0xC1, 0x83, 0x67, 0xCE, 0x1E, 0x3E, 0x6C, 0x00, 0x1B, 0x6D, 0xB7, 0xE8, 0x7F, 0x7F, 0xFB, 0x7D,
    0xBE, 0xDB, 0x6C, 0x00, 0x7C, 0xF9, 0xBB, 0x76, 0xED, 0xC0, 0x00, 0x7C, 0xF9, 0xBB, 0x67, 0xCF,
    0x9C, 0x30, 0x79, 0xF7, 0x9F, 0x6D, 0xF3, 0x00, 0x20, 0xCF, 0xFF, 0x30, 0xC3, 0xCF, 0x10, 0x0F,
    0x01, 0xFC, 0x1C, 0x60, 0xC0, 0x0E, 0x00, 0x63, 0xFB, 0x3F, 0xF9, 0xC0, 0xEE, 0x03, 0xF1, 0x1F,
    0xFC, 0x3F, 0xC0, 0xE0, 0x07, 0x00, 0x38, 0x01, 0xFF, 0x07, 0xF8, 0x00, 0x00, 0x03, 0xB0, 0x07,
    0xE0, 0x3F, 0x80, 0xFF, 0xC3, 0xFF, 0x8E, 0xD8, 0x19, 0xB0, 0x77, 0x60, 0xCD, 0xC1, 0x9B, 0x03,
    0x36, 0x06, 0xDC, 0x0D, 0xB0, 0x9F, 0x63, 0xBF, 0xCE, 0x3F, 0xF8, 0x3F, 0xE0, 0xFF, 0x01, 0xB8,
    0x01, 0x20, 0x00, 0x00, 0x00, 0x0F, 0xE0, 0x3F, 0xF0, 0xE0, 0xE3, 0x80, 0x06, 0x00, 0x1C, 0x4C,
    0x31, 0xFE, 0x63, 0xFC, 0xC7, 0x89, 0x86, 0x03, 0x0C, 0x07, 0x18, 0xEE, 0x33, 0x8F, 0xFE, 0x0F,
    0xF8, 0x07, 0xC0, 0x00, 0x03, 0xFF, 0x3F, 0xF3, 0x00, 0x30, 0x03, 0x00, 0x33, 0xC7, 0xFE, 0x3F,
    0xC3, 0x00, 0x30, 0x0F, 0xF0, 0xFF, 0x03, 0x00, 0x30, 0x03, 0x00, 0x10, 0x00, 0x00, 0x00, 0x0F,
    0xE0, 0x3F, 0xE0, 0x61, 0xC1, 0xC0, 0x03, 0x98, 0x1F, 0xF8, 0x3F, 0xF0, 0x1C, 0x00, 0xFF, 0xC1,
    0xFF, 0x83, 0xE0, 0x01, 0xC0, 0x03, 0x00, 0x0F, 0xF3, 0x7F, 0xFE, 0x60, 0xF8, 0x00, 0x60, 0x00,
    0xC0, 0x01, 0x82, 0x67, 0x8F, 0xFF, 0xDF, 0xFF, 0xBC, 0xE3, 0xF1, 0xC7, 0xE3, 0x8F, 0xC7, 0x1F,
    0x8E, 0x3F, 0x3C, 0x7E, 0x78, 0xFC, 0xF1, 0xDB, 0xC1, 0x06, 0x00, 0x0C, 0x00, 0x00, 0x00, 0x18,
    0x0E, 0x0E, 0x07, 0x07, 0x83, 0x83, 0xC1, 0xC1, 0xF0, 0xE3, 0xFF, 0xFD, 0xFF, 0xFE, 0x33, 0x9C,
    0x7F, 0xFF, 0xBF, 0xFF, 0xC6, 0x1F, 0x83, 0x07, 0xC1, 0x83, 0xE0, 0xC0, 0xF0, 0x60, 0x38, 0x30,
    0x08, 0x00, 0x00, 0x1F, 0xF8, 0x03, 0xFF, 0x98, 0x30, 0x73, 0x06, 0x07, 0x60, 0xC0, 0xFF, 0x18,
    0x3F, 0xF3, 0x3E, 0xF8, 0x7F, 0x86, 0x0F, 0x80, 0xC1, 0x80, 0x18, 0x30, 0x03, 0x06, 0x00, 0x60,
    0xC0, 0x0C, 0x18, 0x01, 0xF3, 0x00, 0x3E, 0x60, 0x03, 0x00, 0x00, 0x00, 0x07, 0xFC, 0x00, 0x3F,
    0xF0, 0x00, 0xC1, 0xC0, 0x06, 0x06, 0x00, 0x30, 0x70, 0xE1, 0x87, 0x9F, 0xCF, 0xF8, 0xEF, 0x7F,
    0x8E, 0x13, 0xE0, 0x3C, 0x1B, 0x81, 0xFC, 0xCE, 0x01, 0xF6, 0x38, 0x01, 0xB0, 0xE6, 0x0D, 0x83,
    0xB8, 0xEC, 0x0F, 0xFE, 0x60, 0x3B, 0xE0, 0x00, 0x00, 0x06, 0x06, 0x07, 0x70, 0x70, 0x77, 0x0F,
    0x06, 0x30, 0xF0, 0xE3, 0x8F, 0x8E, 0xFF, 0xFF, 0xF7, 0xFF, 0xFF, 0x19, 0x99, 0xC7, 0xFF, 0xFF,
    0xFF, 0xFF, 0xF0, 0xF8, 0xF8, 0x0F, 0x0F, 0x00, 0xF0, 0xF0, 0x0F, 0x0F, 0x00, 0x60, 0x70, 0x06,
    0x06, 0x00, 0xFF, 0xCF, 0xFF, 0xEF, 0xFF, 0xEF, 0xF0, 0xEF, 0xF7, 0xEF, 0xF7, 0xEF, 0xF7, 0xEF,
    0xF7, 0xEF, 0xF7, 0xEF, 0xF7, 0x1F, 0xF7, 0xFE, 0xF7, 0xFE, 0xF7, 0xFC, 0x00, 0x00, 0x0E, 0x00,
    0xE0, 0x7F, 0x07, 0xF0, 0x7E, 0x1F, 0xE3, 0xFE, 0x30, 0xE7, 0x0E, 0x60, 0xE6, 0x0E, 0x60, 0xE6,
    0x1E, 0x77, 0xE3, 0xF6, 0x1C, 0x60, 0x00, 0xFF, 0xFF, 0xFF, 0x07, 0xF0, 0xFF, 0x1F, 0xE1, 0xF2,
    0x3C, 0x07, 0xFE, 0x7F, 0xC3, 0xC0, 0x7F, 0xC7, 0xFC, 0x3C, 0x01, 0xF3, 0x1F, 0xF0, 0xFF, 0x07,
    0xF0, 0x30, 0x30, 0xC1, 0xC3, 0x1E, 0x0C, 0xF0, 0x37, 0x80, 0xFC, 0x0F, 0xFE, 0x3F, 0xF8, 0x37,
    0x00, 0xDE, 0x03, 0x3C, 0x0C, 0x78, 0x30, 0xF0, 0xC1, 0xE3, 0x03, 0x8C, 0x06, 0xFF, 0xFF, 0xFF,
    0xFF, 0xF0, 0xF0, 0x0F, 0xC0, 0xFC, 0x0F, 0xC3, 0xF0, 0x3F, 0xC3, 0xFC, 0x1F, 0xC3, 0xF0, 0x3F,
    0x03, 0xF0, 0x0F, 0x00, 0x00, 0x00, 0x07, 0xF8, 0x00, 0x3F, 0xE0, 0x01, 0xC7, 0x80, 0x0E, 0x1C,
    0x00, 0x70, 0x61, 0xC3, 0x83, 0x9F, 0x9C, 0x1D, 0xFE, 0xE0, 0xFC, 0x37, 0x07, 0xC1, 0xF8, 0x3E,
    0x0F, 0xC1, 0xB0, 0x7E, 0x1D, 0x83, 0xF1, 0xCC, 0x1F, 0xFE, 0x79, 0xDF, 0xC3, 0xFC, 0x70, 0x1B,
    0xC0, 0x00, 0xC0, 0x00, 0x0E, 0x00, 0x00, 0x30, 0x00, 0x00, 0x00, 0x00, 0x01, 0xC0, 0x3E, 0x07,
    0xF0, 0x67, 0x07, 0x70, 0x76, 0x03, 0x60, 0x3E, 0x03, 0xC0, 0x1C, 0x19, 0xC3, 0x9C, 0x3F, 0xC7,
    0xFE, 0x6F, 0xEE, 0x76, 0x66, 0x70, 0x07, 0x01, 0x70, 0x3E, 0x01, 0xC0, 0x00, 0x03, 0xFF, 0x1F,
    0xFD, 0xFF, 0xFF, 0xFF, 0x98, 0x1F, 0xFF, 0xFF, 0xFF, 0x37, 0xE1, 0xFE, 0x0F, 0x00, 0x60, 0x03,
    0x00, 0x18, 0x00, 0xC0, 0x06, 0x00, 0x30, 0x00, 0x02, 0x00, 0x0C, 0x00, 0xFE, 0x07, 0xFE, 0x3B,
    0x39, 0xCC, 0x06, 0x30, 0x38, 0xC0, 0xC3, 0x03, 0x0F, 0xFC, 0x3F, 0xF0, 0xC7, 0xC3, 0x1F, 0x8C,
    0x7E, 0x33, 0xDF, 0xFF, 0x3F, 0xFC, 0x3E, 0x20, 0x30, 0x00, 0xC0, 0x00, 0x00, 0x01, 0xC0, 0x01,
    0xC0, 0x01, 0xC0, 0x03, 0xE0, 0x03, 0x60, 0x7F, 0xFF, 0x7F, 0xFF, 0x0E, 0x30, 0x7F, 0xFF, 0x7F,
    0xFF, 0x18, 0x1C, 0x38, 0x0C, 0x30, 0x0E, 0x70, 0x06, 0x60, 0x07, 0x40, 0x02, 0x3F, 0x87, 0xFC,
    0x3F, 0xC3, 0x3E, 0xFF, 0xFF, 0xFF, 0x1F, 0x83, 0xF0, 0xFF, 0xFF, 0xFF, 0x78, 0x07, 0xCC, 0x7F,
    0xE3, 0xFE, 0x1F, 0xC0, 0x01, 0x00, 0x03, 0x00, 0x1F, 0xC0, 0x7F, 0xE1, 0xD9, 0xC7, 0x30, 0x0C,
    0x60, 0x38, 0xC0, 0x61, 0x80, 0xC3, 0x01, 0x86, 0x03, 0x0C, 0x06, 0x18, 0x4E, 0x31, 0xDC, 0x67,
    0x1F, 0xFC, 0x1F, 0xF0, 0x0F, 0x80, 0x06, 0x00, 0x0C, 0x00, 0x31, 0x81, 0xCC, 0x0E, 0x60, 0xFF,
    0xCF, 0xFF, 0x3F, 0xE0, 0xE6, 0x07, 0x30, 0x39, 0x81, 0xCC, 0x0E, 0x60, 0x73, 0x03, 0x9F, 0x9C,
    0xF8, 0x43, 0x80, 0x00, 0x00, 0x7F, 0x07, 0xFC, 0x70, 0xE3, 0x02, 0x18, 0x00, 0xF0, 0x03, 0xF0,
    0x07, 0xE0, 0x07, 0x9F, 0x8D, 0xFC, 0x7F, 0xF3, 0xFF, 0x9B, 0xFF, 0xDF, 0xFC, 0xFF, 0x82, 0xD0,
    0x00, 0x00, 0x0F, 0xFF, 0xFF, 0xF0, 0x00, 0x00, 0x2F, 0xFF, 0xFF, 0xF0, 0x60, 0x06, 0x00, 0x60,
    0x06, 0x00, 0x60, 0x06, 0x00, 0x60, 0x06, 0x00, 0x60, 0x02, 0x00, 0x7F, 0xFB, 0xFF, 0xC1, 0xF0,
    0x03, 0x87, 0xFF, 0x3F, 0xF8, 0x0F, 0x01, 0xF8, 0x7F, 0x83, 0xF8, 0x1F, 0x00, 0x7C, 0x01, 0xF0,
    0x07, 0xC0, 0x1E, 0x00, 0x18, 0x00, 0xC0, 0x06, 0x00, 0x37, 0x81, 0xFC, 0x7F, 0x03, 0xE2, 0x43,
    0xFF, 0x3F, 0xBF, 0xE1, 0xFE, 0x0C, 0x30, 0xE1, 0x8E, 0x0F, 0xE0, 0x7E, 0x01, 0xC0, 0x10, 0x00,
    0x3E, 0x00, 0x3F, 0x00, 0x19, 0x80, 0x0F, 0xFF, 0x83, 0xFF, 0xF0, 0x7F, 0xFC, 0x18, 0x06, 0x0D,
    0x93, 0x07, 0xFD, 0x83, 0xFF, 0xC1, 0xCD, 0xE1, 0xE0, 0x01, 0xF8, 0x00, 0x5F, 0xF8, 0x07, 0xF8,
    0x00, 0x70, 0x00, 0x02, 0x00, 0x18, 0x00, 0xC0, 0x06, 0x00, 0x30, 0x0F, 0xF0, 0xFF, 0xCF, 0x67,
    0x73, 0x3B, 0x18, 0xD8, 0xC6, 0xC6, 0x36, 0x31, 0xB1, 0x8D, 0x8C, 0x6C, 0x23, 0x60, 0x18, 0x00,
    0x0F, 0xFC, 0xFF, 0xE6, 0x0E, 0x60, 0x76, 0x06, 0x60, 0xE6, 0x7C, 0x7F, 0x87, 0xC0, 0x60, 0x0F,
    0xE0, 0xFE, 0x06, 0x00, 0x60, 0x06, 0x00, 0x60, 0x00, 0x00, 0x00, 0x0E, 0xC0, 0x1D, 0x80, 0x3F,
    0x81, 0xFF, 0xC7, 0xEF, 0x8F, 0xD8, 0x3B, 0xB0, 0x77, 0x60, 0xCE, 0xC1, 0x9D, 0x83, 0x00, 0x06,
    0x00, 0x0C, 0x00, 0x1C, 0x00, 0x1C, 0x00, 0xFF, 0xFD, 0xFF, 0xF9, 0x00, 0x00, 0x1D, 0x80, 0xEC,
    0x1F, 0xF0, 0xFF, 0xC3, 0x07, 0x18, 0x38, 0xC1, 0xC6, 0x3C, 0x3F, 0xC1, 0xFF, 0x8C, 0x1C, 0x60,
    0x73, 0x01, 0x98, 0x1C, 0xC0, 0xE6, 0x7E, 0x7F, 0xE1, 0xFC, 0x07, 0x60, 0x1B, 0x00, 0x0E, 0x07,
    0xE7, 0xF1, 0xC0, 0xE0, 0x30, 0x0C, 0x03, 0x00, 0xE0, 0x3C, 0xE7, 0xF8, 0x7C, 0xFF, 0xFF, 0xF0,
    0x00, 0x00, 0x00, 0x60, 0x00, 0x1B, 0x80, 0x06, 0xE0, 0x01, 0xB8, 0x00, 0x6E, 0x00, 0x1B, 0x80,
    0x06, 0xE3, 0x01, 0xBF, 0xC0, 0x7F, 0xF3, 0xFF, 0x81, 0xFE, 0xE3, 0x31, 0xBF, 0xC0, 0x6F, 0xF0,
    0xFB, 0x81, 0xFC, 0x03, 0x7C, 0x1F, 0xC0, 0x0F, 0xE0, 0x03, 0x80, 0x04, 0x00, 0x03, 0x80, 0x00,
    0xF0, 0x00, 0x7F, 0xFF, 0xFF, 0xFF, 0xFE, 0xF0, 0x00, 0x07, 0x00, 0x00, 0x60, 0x00, 0x04, 0x00,
    0x03, 0x80, 0x00, 0xF0, 0x00, 0x7F, 0xFF, 0xFF, 0xFF, 0xFE, 0xF0, 0x00, 0x07, 0x00, 0x00, 0x60,
    0x00, 0x00, 0x0E, 0x07, 0x07, 0xC7, 0xF3, 0xF9, 0xFC, 0x38, 0x1C, 0x0E, 0x07, 0x03, 0x81, 0xC0,
    0xE0, 0x70, 0x38, 0x1C, 0x0E, 0x07, 0x01, 0x00, 0x00, 0x04, 0x00, 0x00, 0xE0, 0x00, 0x1E, 0x7F,
    0xFF, 0xFF, 0xFF, 0xFE, 0x00, 0x07, 0x80, 0x01, 0xC0, 0x00, 0x30, 0x00, 0x0E, 0x07, 0x03, 0x81,
    0xC0, 0xE0, 0x70, 0x38, 0x1C, 0x0E, 0x07, 0x03, 0x81, 0xC2, 0xE9, 0xFC, 0xFE, 0x3E, 0x1F, 0x07,
    0x01, 0x00, 0x04, 0x04, 0x01, 0xC0, 0xC0, 0xF0, 0x1E, 0x7F, 0xFF, 0xFF, 0xFF, 0xFE, 0xF0, 0x07,
    0x87, 0x01, 0xC0, 0x60, 0x30, 0x08, 0x0E, 0x07, 0x07, 0xC7, 0xF3, 0xFD, 0x74, 0x38, 0x1C, 0x0E,
    0x07, 0x03, 0x81, 0xC3, 0xFD, 0xFC, 0x7C, 0x3E, 0x0E, 0x03, 0x00, 0x60, 0x00, 0xFC, 0x01, 0xFC,
    0x03, 0xC0, 0x07, 0xC0, 0x0F, 0xC0, 0x0D, 0xC0, 0x11, 0xC0, 0x01, 0xC0, 0x01, 0xC0, 0x01, 0xC0,
    0x01, 0xC0, 0x01, 0xC0, 0x01, 0xC0, 0x01, 0x80, 0x00, 0x0C, 0x01, 0xF8, 0x07, 0xF0, 0x01, 0xE0,
    0x07, 0xC0, 0x1F, 0x80, 0x76, 0x01, 0xC0, 0x07, 0x00, 0x1C, 0x00, 0x70, 0x01, 0xC0, 0x07, 0x00,
    0x1C, 0x00, 0x30, 0x00, 0x00, 0x00, 0x01, 0x80, 0x03, 0x80, 0x03, 0x80, 0x03, 0x80, 0x03, 0x80,
    0x03, 0x80, 0x03, 0x80, 0x03, 0x98, 0x03, 0xB8, 0x03, 0xF0, 0x03, 0xE0, 0x0F, 0xC0, 0x3F, 0x80,
    0x0F, 0x00, 0x00, 0x00, 0x00, 0x18, 0x00, 0x70, 0x01, 0xC0, 0x07, 0x00, 0x1C, 0x00, 0x70, 0x01,
    0xC0, 0x67, 0x00, 0xDC, 0x01, 0xF0, 0x07, 0xC0, 0x0F, 0xE0, 0x1F, 0xC0, 0x3C, 0x00, 0x00, 0x00,
    0xFE, 0x00, 0x1F, 0xF0, 0x07, 0x83, 0xC0, 0x60, 0x0C, 0x0C, 0x00, 0x60, 0xC0, 0x07, 0x5B, 0x00,
    0x3F, 0xF0, 0x03, 0x7E, 0x00, 0x33, 0xE0, 0x03, 0x3C, 0x00, 0x01, 0x80, 0x00, 0x00, 0x00, 0x00,
    0x07, 0xF0, 0x00, 0xFF, 0x80, 0x3C, 0x1E, 0x03, 0x00, 0x60, 0x60, 0x03, 0x0E, 0x00, 0x30, 0xC0,
    0x0F, 0xAC, 0x00, 0xFF, 0xC0, 0x07, 0xE4, 0x00, 0x7C, 0x00, 0x03, 0xC0, 0x00, 0x18, 0x00, 0x00,
    0x00, 0x00, 0x03, 0xDF, 0xFF, 0xFD, 0xFF, 0xFF, 0x0C, 0x00, 0x01, 0xF8, 0x00, 0x3F, 0x80, 0x07,
    0x80, 0x00, 0xF8, 0x00, 0x1F, 0x80, 0x01, 0xB8, 0x00, 0x23, 0x80, 0x00, 0x38, 0x00, 0x03, 0x80,
    0x00, 0x38, 0x00, 0x03, 0x80, 0x00, 0x38, 0x00, 0x03, 0x80, 0x00, 0x30, 0x41, 0x00, 0x18, 0xF0,
    0x03, 0x3C, 0x00, 0x7F, 0xFF, 0xFF, 0xFF, 0xFF, 0xFF, 0xFF, 0xB3, 0xC0, 0x06, 0x18, 0x00, 0x00,
    0x18, 0x60, 0x03, 0xCC, 0x00, 0x3D, 0xFF, 0xFF, 0xFF, 0xFF, 0xFE, 0x00, 0x3E, 0xC0, 0x07, 0x18,
    0x00, 0xC3, 0x00, 0x04, 0x00, 0x00, 0xE0, 0x00, 0x1F, 0x7F, 0xFF, 0xFF, 0xFF, 0xFE, 0xFF, 0xFF,
    0xC0, 0x01, 0xE0, 0x00, 0x30, 0x0C, 0x00, 0x07, 0x80, 0x01, 0xE0, 0x00, 0x7F, 0xFF, 0xFF, 0xFF,
    0xFE, 0xF8, 0x00, 0x07, 0x00, 0x00, 0x60, 0x00, 0x18, 0x10, 0x70, 0x60, 0xF0, 0xC3, 0xE1, 0x8F,
    0xE3, 0x1F, 0xE6, 0x36, 0xCC, 0x0C, 0x18, 0x18, 0x30, 0x30, 0x60, 0x60, 0xC0, 0xC1, 0x81, 0x83,
    0x03, 0x36, 0xC6, 0x7F, 0x8C, 0x7F, 0x18, 0xFC, 0x30, 0xF0, 0x60, 0xE0, 0x81, 0x80, 0x04, 0x00,
    0x03, 0x80, 0x01, 0xF0, 0x00, 0x7F, 0xFF, 0xFF, 0xFF, 0xFF, 0xFF, 0xFF, 0x8F, 0x00, 0x00, 0x60,
    0x00, 0x00, 0x06, 0x00, 0x00, 0xF0, 0x00, 0x0F, 0x7F, 0xFF, 0xFF, 0xFF, 0xFE, 0x00, 0x0F, 0x80,
    0x01, 0xC0, 0x00, 0x30, 0x04, 0x00, 0x03, 0x80, 0x00, 0xF0, 0x00, 0x7F, 0xFF, 0xFF, 0xFF, 0xFE,
    0x00, 0x00, 0x00, 0x00, 0x00, 0x00, 0x00, 0x00, 0x00, 0x00, 0x00, 0x00, 0x00, 0x00, 0x7F, 0xFF,
    0xFF, 0xFF, 0xFE, 0x00, 0x0F, 0x00, 0x01, 0xC0, 0x00, 0x20, 0x00, 0x02, 0x00, 0x00, 0x38, 0x00,
    0x03, 0xC7, 0xFF, 0xFF, 0x7F, 0xFF, 0xF0, 0x00, 0x00, 0x00, 0x00, 0x00, 0x00, 0x00, 0x00, 0x00,
    0x00, 0x00, 0x00, 0x00, 0x00, 0x07, 0xFF, 0xFF, 0x7F, 0xFF, 0xF1, 0xE0, 0x00, 0x0E, 0x00, 0x00,
    0x20, 0x00, 0x00, 0x00, 0x00, 0x0C, 0x18, 0x00, 0xE0, 0xC0, 0x0E, 0x0E, 0x00, 0xFF, 0xFF, 0x0F,
    0xFF, 0xF8, 0xE0, 0x38, 0x0E, 0x01, 0xC0, 0xE0, 0x0C, 0x03, 0x80, 0xE0, 0x0F, 0xFF, 0xFC, 0x3F,
    0xFF, 0xE0, 0xF3, 0x80, 0x03, 0x9C, 0x00, 0x0E, 0xC0, 0x00, 0x3E, 0x00, 0x00, 0x20, 0x00, 0x00,
    0x00, 0x00, 0x47, 0x00, 0x1C, 0xF0, 0x07, 0x1F, 0x01, 0xFF, 0xF0, 0x7F, 0xFF, 0x1C, 0x18, 0x77,
    0x07, 0x07, 0xE0, 0xC0, 0xEE, 0x18, 0x38, 0xFF, 0xFE, 0x0F, 0xFF, 0x80, 0xFF, 0xE0, 0x0F, 0x38,
    0x00, 0xC6, 0x00, 0x38, 0x00, 0x02, 0x00, 0x00, 0x00, 0x00, 0x00, 0x33, 0x00, 0x06, 0x70, 0x00,
    0xC7, 0x0F, 0xFF, 0xF1, 0xFF, 0xFF, 0x00, 0xC0, 0x70, 0x38, 0x07, 0x06, 0x00, 0xE0, 0xC0, 0x3B,
    0xFF, 0xFE, 0x7F, 0xFF, 0x81, 0xC0, 0xE0, 0x38, 0x38, 0x06, 0x06, 0x00, 0xC0, 0x80, 0x10, 0x00,
    0x00, 0x01, 0x80, 0x00, 0x1C, 0x00, 0x01, 0xC0, 0x00, 0x1F, 0xFF, 0xE1, 0xFF, 0xFF, 0x1C, 0x00,
    0x01, 0xC0, 0x00, 0x1C, 0x00, 0x00, 0x70, 0x00, 0x01, 0xFF, 0xFF, 0x87, 0xFF, 0xFC, 0x1E, 0x00,
    0x00, 0x70, 0x00, 0x01, 0xC0, 0x00, 0x06, 0x00, 0x00, 0x00, 0x18, 0x00, 0x03, 0x80, 0x00, 0x38,
    0x7F, 0xFF, 0x8F, 0xFF, 0xF8, 0x00, 0x03, 0x80, 0x00, 0x38, 0x00, 0x07, 0x00, 0x01, 0xDF, 0xFF,
    0xF3, 0xFF, 0xFC, 0x00, 0x07, 0x00, 0x01, 0xC0, 0x00, 0x30, 0x00, 0x04, 0x00, 0x02, 0x08, 0x00,
    0xE3, 0x80, 0x38, 0x38, 0x0F, 0xFF, 0x83, 0xFF, 0xF8, 0xE0, 0x03, 0xB8, 0x00, 0x3F, 0x00, 0x07,
    0x70, 0x01, 0xC7, 0xFF, 0xF0, 0x7F, 0xFC, 0x07, 0xFF, 0x00, 0x71, 0xC0, 0x06, 0x30, 0x00, 0x00,
    0x80, 0x00, 0x30, 0x00, 0x0E, 0x00, 0x07, 0xC0, 0x01, 0xDF, 0xFE, 0x73, 0xFF, 0xDC, 0x00, 0x1B,
    0x80, 0x03, 0x39, 0xFF, 0xE3, 0xBF, 0xFC, 0x3E, 0x00, 0x01, 0xC0, 0x00, 0x18, 0x00, 0x01, 0x00,
    0x00, 0x01, 0x00, 0x07, 0x00, 0x1F, 0x00, 0x77, 0x01, 0xC6, 0x03, 0x06, 0x0C, 0x06, 0x3E, 0x3E,
    0x7C, 0x7C, 0x18, 0xC0, 0x31, 0x80, 0x63, 0x00, 0xC6, 0x01, 0x8C, 0x03, 0x18, 0x06, 0x30, 0x0C,
    0x60, 0x1F, 0xC0, 0x3F, 0x80, 0x00, 0x20, 0x00, 0x06, 0x00, 0x00, 0xF0, 0x00, 0x1F, 0x0F, 0xFF,
    0x71, 0xFF, 0xE7, 0x30, 0x00, 0x76, 0x00, 0x0E, 0xFF, 0xF3, 0x9F, 0xFE, 0xE0, 0x00, 0xF8, 0x00,
    0x1E, 0x00, 0x03, 0x00, 0x00, 0x40, 0x00, 0x0F, 0xC0, 0x1F, 0xC0, 0x31, 0x80, 0x63, 0x00, 0xC6,
    0x01, 0x8C, 0x03, 0x18, 0x06, 0x30, 0x0C, 0x60, 0x18, 0xC1, 0xF1, 0xF3, 0xE3, 0xE3, 0x01, 0x83,
    0x06, 0x07, 0x1C, 0x07, 0x70, 0x07, 0xC0, 0x07, 0x00, 0x04, 0x00, 0x01, 0x00, 0x07, 0x00, 0x1F,
    0x00, 0x77, 0x01, 0xC6, 0x03, 0x06, 0x0C, 0x06, 0x3E, 0x3E, 0x7C, 0x7C, 0x18, 0xC0, 0x31, 0x80,
    0x7F, 0x00, 0xFE, 0x00, 0x00, 0x03, 0xF8, 0x07, 0xF0, 0x0C, 0x60, 0x1F, 0xC0, 0x3F, 0x80, 0x10,
    0x30, 0x30, 0x70, 0x61, 0xE0, 0xC3, 0xE1, 0x8F, 0xE3, 0x3F, 0xC6, 0x6D, 0x8C, 0x18, 0x18, 0x30,
    0x30, 0x60, 0x60, 0xC0, 0xC1, 0x81, 0x83, 0x1B, 0x66, 0x3F, 0xCC, 0x7F, 0x18, 0x7C, 0x30, 0x78,
    0x60, 0xE0, 0xC0, 0xC0, 0x80, 0xC0, 0x01, 0xF0, 0x01, 0xD8, 0x00, 0xCE, 0x00, 0xE3, 0xFF, 0xE1,
    0xFF, 0xF0, 0x7F, 0xF0, 0x38, 0x30, 0x0C, 0x18, 0x03, 0x18, 0x01, 0x8C, 0x00, 0x6C, 0x00, 0x3E,
    0x00, 0x0E, 0x00, 0x07, 0x00, 0x01, 0x00, 0x18, 0x3F, 0x1F, 0xDC, 0x6C, 0x36, 0x03, 0x01, 0x80,
    0xC0, 0x60, 0x30, 0x18, 0x2E, 0x37, 0x19, 0xFC, 0x7C, 0x3F, 0x83, 0xFC, 0x3F, 0xE3, 0x3F, 0x00,
    0xF1, 0xFF, 0x3F, 0xF7, 0xFF, 0x7D, 0xFF, 0x0F, 0xF0, 0xF7, 0xBE, 0x7F, 0xE7, 0xFC, 0x1F, 0x80,
    0xFF, 0xFB, 0xFF, 0xC0, 0x06, 0x00, 0x30, 0x01, 0x80, 0x0D, 0xFF, 0xFF, 0xFF, 0x00, 0x18, 0x00,
    0xC0, 0x06, 0x00, 0x30, 0x01, 0xFF, 0xFD, 0xFF, 0xC0, 0x00, 0x40, 0x06, 0x00, 0x31, 0xFF, 0xF7,
    0xFF, 0x80, 0xCC, 0x06, 0x60, 0x73, 0x03, 0x1B, 0xFF, 0xFF, 0xFE, 0x0C, 0x30, 0x61, 0x83, 0x0C,
    0x30, 0x61, 0x83, 0xFF, 0xFB, 0xFF, 0x86, 0x00, 0x30, 0x00, 0x07, 0xF1, 0x07, 0xFF, 0x8F, 0x07,
    0xC6, 0x01, 0xC6, 0x01, 0xF3, 0x01, 0xDB, 0x01, 0xC7, 0x81, 0xC3, 0xC1, 0xC1, 0xE1, 0xC0, 0xF9,
    0xC0, 0xED, 0xC0, 0x67, 0xC0, 0x71, 0xC0, 0x71, 0xFF, 0xF0, 0xDF, 0xF0, 0x01, 0xC0, 0x00, 0x07,
    0x80, 0x0F, 0x80, 0x3F, 0x00, 0x7F, 0x00, 0xFE, 0x03, 0xDC, 0x07, 0xBC, 0x1E, 0x78, 0x3C, 0x78,
    0x78, 0xF1, 0xE1, 0xE3, 0xC1, 0xE7, 0xFF, 0xDF, 0xFF, 0xBF, 0xFF, 0x80, 0x7F, 0xFC, 0xFF, 0xF9,
    0xC0, 0x31, 0x80, 0xC3, 0x81, 0x83, 0x07, 0x07, 0x0C, 0x06, 0x18, 0x0E, 0x60, 0x1C, 0xC0, 0x1F,
    0x00, 0x3E, 0x00, 0x38, 0x00, 0x70, 0x00, 0x40, 0x00, 0x1F, 0xFE, 0x7F, 0xF9, 0xC0, 0x03, 0x00,
    0x0E, 0x00, 0x1F, 0xFF, 0xBF, 0xFF, 0xF0, 0x00, 0xE0, 0x00, 0xE0, 0x01, 0xE0, 0x01, 0xFF, 0xF0,
    0xFF, 0xC0, 0x00, 0x20, 0x00, 0x60, 0x01, 0xC0, 0xFF, 0xF3, 0xFF, 0xCE, 0x1C, 0x18, 0x30, 0x70,
    0x60, 0xFF, 0xFD, 0xFF, 0xFF, 0x86, 0x07, 0x1C, 0x07, 0x30, 0x0F, 0xE0, 0x0F, 0xFF, 0x87, 0xFE,
    0x06, 0x00, 0x1C, 0x00, 0x10, 0x00, 0x00, 0x03, 0xF1, 0xFF, 0x38, 0x6E, 0x01, 0xFE, 0x3F, 0xC7,
    0xF8, 0xE0, 0x0E, 0x19, 0xFF, 0x1F, 0xC0, 0x60, 0xFF, 0xF0, 0xFF, 0xF0, 0x00, 0x70, 0x00, 0x60,
    0x00, 0xEF, 0xFF, 0xFF, 0xFF, 0x80, 0x07, 0x00, 0x0E, 0x00, 0x38, 0x00, 0xF7, 0xFF, 0xC7, 0xFE,
    0x00, 0x00, 0x40, 0x00, 0xC0, 0x03, 0x87, 0xFF, 0x87, 0xFF, 0x80, 0x3B, 0x80, 0x63, 0x00, 0xC7,
    0x7F, 0xFF, 0xFF, 0xFC, 0x0C, 0x38, 0x38, 0x70, 0x61, 0xC0, 0xC7, 0xBF, 0xFE, 0x3F, 0xF0, 0x1C,
    0x00, 0x38, 0x00, 0x20, 0x00, 0x00, 0x07, 0xE1, 0xFE, 0x60, 0xE0, 0x1C, 0x7F, 0x8F, 0xF0, 0xFE,
    0x01, 0xD8, 0x39, 0xFE, 0x1F, 0x80, 0xC0, 0xFF, 0xFF, 0xFF, 0xFF, 0xFF, 0xE0, 0xFF, 0x07, 0xF8,
    0x3F, 0xC1, 0xFE, 0x0F, 0xF0, 0x7F, 0x83, 0xFC, 0x1F, 0xE0, 0xFF, 0x07, 0xF8, 0x3F, 0xC1, 0xFE,
    0x0F, 0xF0, 0x78, 0xFF, 0xFF, 0xFF, 0xFF, 0xBC, 0x03, 0xC0, 0x7C, 0x07, 0x80, 0x78, 0x0F, 0x01,
    0xE0, 0x78, 0x1E, 0x07, 0xC0, 0xF0, 0x3F, 0xFF, 0xFF, 0xFF, 0xE0, 0xFF, 0xFF, 0xFF, 0xFC, 0x01,
    0xFD, 0xFF, 0xFF, 0xFF, 0xF8, 0x00, 0x00, 0x38, 0x00, 0x70, 0x00, 0xE0, 0x01, 0xC0, 0xFF, 0xFF,
    0xFF, 0xFC, 0x0E, 0x00, 0x1C, 0x00, 0x38, 0x00, 0x70, 0x00, 0xE0, 0x00, 0x00, 0xE0, 0x3C, 0x0F,
    0x01, 0xE0, 0x78, 0x0F, 0x03, 0xC0, 0x78, 0x1E, 0x03, 0xC0, 0xF0, 0x1E, 0x07, 0x80, 0xE0, 0x3C,
    0x00, 0xC0, 0xC0, 0xE0, 0x60, 0x60, 0x70, 0x30, 0x30, 0x38, 0x18, 0x18, 0x0C, 0x0C, 0x0E, 0x06,
    0x06, 0x06, 0x00, 0x77, 0xFE, 0xE0, 0x00, 0x3C, 0x00, 0xE0, 0x07, 0x80, 0x1E, 0x00, 0x70, 0x03,
    0xC0, 0x0F, 0x0E, 0x38, 0xFD, 0xE1, 0xF7, 0x87, 0xFC, 0x03, 0xF0, 0x0F, 0xC0, 0x1E, 0x00, 0x78,
    0x00, 0x00, 0x00, 0x3C, 0x61, 0xF1, 0x86, 0xEE, 0x0F, 0x30, 0x3F, 0xC0, 0x1F, 0x06, 0xF8, 0x3F,
    0xE0, 0x3B, 0x03, 0x8C, 0x0E, 0x70, 0x79, 0x81, 0xFE, 0x0F, 0xF8, 0x3B, 0xC0, 0xCF, 0x00, 0x18,
    0x00, 0x00, 0x00, 0x00, 0x00, 0x18, 0x60, 0xE1, 0x83, 0x8E, 0x1F, 0x30, 0xFD, 0xC3, 0xFF, 0x0F,
    0xF8, 0x07, 0xE0, 0x1B, 0x03, 0x8C, 0x0E, 0x70, 0x79, 0x81, 0xFE, 0x0F, 0xF8, 0x3B, 0xC0, 0xCF,
    0x00, 0x18, 0x00, 0x00, 0x00, 0x00, 0x00, 0x07, 0xE7, 0xE3, 0xFB, 0xFD, 0xC7, 0xC3, 0x60, 0xE0,
    0x18, 0x38, 0x06, 0x0E, 0x01, 0xCF, 0xC6, 0x7F, 0xBF, 0x87, 0x87, 0x80, 0x3D, 0xF3, 0xFF, 0xFF,
    0xEF, 0xCE, 0x7F, 0xFB, 0xBF, 0xFC, 0xF7, 0xC0, 0x60, 0x01, 0x80, 0x06, 0x00, 0x18, 0x00, 0x60,
    0x01, 0x80, 0x06, 0x00, 0x18, 0x00, 0x60, 0x01, 0x80, 0x06, 0x00, 0x18, 0x00, 0x7F, 0xF9, 0xFF,
    0xE3, 0x00, 0x00, 0x00, 0x1C, 0x00, 0x1C, 0x00, 0x38, 0x00, 0x70, 0x00, 0xE0, 0x01, 0xC0, 0x03,
    0x80, 0x07, 0x00, 0x0E, 0x00, 0x0E, 0x00, 0x1C, 0x00, 0x38, 0x00, 0x7F, 0xFE, 0xFF, 0xFE, 0x20,
    0x00, 0xFF, 0xFF, 0xFF, 0xFF, 0xFF, 0xFF, 0xFF, 0xFF, 0xC0, 0x1C, 0x0E, 0x07, 0x03, 0x81, 0xC0,
    0xE0, 0x70, 0x3B, 0x1F, 0x8F, 0x87, 0x83, 0x83, 0xC3, 0xE3, 0xF1, 0xB8, 0x1C, 0x0E, 0x07, 0x03,
    0x81, 0xC0, 0xE0, 0x00, 0x00, 0x0C, 0x60, 0x31, 0x81, 0xC6, 0x06, 0x38, 0x18, 0xC0, 0xE3, 0x03,
    0x1C, 0x0C, 0x60, 0x31, 0x81, 0xC6, 0x06, 0x30, 0x18, 0xC0, 0xE3, 0x03, 0x1C, 0x0C, 0x60, 0x71,
    0x81, 0x8E, 0x06, 0x30, 0x18, 0xC0, 0x40, 0x00, 0x00, 0x00, 0x0C, 0x60, 0x31, 0x81, 0xC6, 0x06,
    0x38, 0x18, 0xC0, 0xE3, 0x03, 0x1C, 0x0C, 0x61, 0xFF, 0xFF, 0xFF, 0xC6, 0x30, 0x18, 0xC0, 0xE3,
    0x03, 0x1C, 0x0C, 0x60, 0x71, 0x81, 0x8E, 0x06, 0x30, 0x18, 0xC0, 0x40, 0x00, 0x00, 0xC0, 0x00,
    0xE0, 0x00, 0xF8, 0x00, 0x6C, 0x00, 0x77, 0x00, 0x31, 0x80, 0x38, 0xE0, 0x18, 0x30, 0x1C, 0x1C,
    0x1C, 0x07, 0x0C, 0x01, 0x8E, 0x00, 0xE6, 0x00, 0x33, 0x00, 0x18, 0x00, 0x00, 0x00, 0x00, 0x30,
    0x01, 0x98, 0x00, 0xCE, 0x00, 0xE3, 0x00, 0x61, 0xC0, 0x70, 0x70, 0x70, 0x18, 0x30, 0x0E, 0x38,
    0x03, 0x18, 0x01, 0xDC, 0x00, 0x6C, 0x00, 0x3E, 0x00, 0x0E, 0x00, 0x03, 0x00, 0x07, 0x01, 0xFE,
    0x1F, 0xFC, 0xE0, 0xEE, 0x03, 0xE0, 0x0F, 0x00, 0x78, 0x03, 0xC0, 0x1E, 0x00, 0xF0, 0x07, 0x80,
    0x3C, 0x01, 0xE0, 0x0F, 0x00, 0x78, 0x03, 0x00, 0x06, 0x00, 0xF0, 0x07, 0x80, 0x3C, 0x01, 0xE0,
    0x0F, 0x00, 0x78, 0x03, 0xC0, 0x1E, 0x00, 0xF0, 0x07, 0xC0, 0x76, 0x03, 0x3E, 0xF8, 0xFF, 0x81,
    0xF0, 0x00, 0x07, 0xC7, 0xE3, 0xF3, 0xE1, 0xE0, 0xF0, 0x78, 0x3C, 0x1E, 0x0F, 0x07, 0x83, 0xC1,
    0xE0, 0xF0, 0x78, 0x3C, 0x7E, 0x3E, 0x1F, 0x00, 0x00, 0x0E, 0x38, 0x7D, 0xF1, 0xB6, 0x86, 0x18,
    0x18, 0xE0, 0x63, 0x81, 0x8E, 0x06, 0x38, 0x18, 0xE0, 0x63, 0x81, 0x8E, 0x06, 0x38, 0x18, 0xE0,
    0x63, 0x81, 0x8C, 0x0E, 0x30, 0xFF, 0xC3, 0xDF, 0x00, 0x00, 0x00, 0x0E, 0x39, 0xC1, 0xEF, 0xFC,
    0x7D, 0xAD, 0x8C, 0x71, 0x81, 0x8E, 0x30, 0x31, 0xC6, 0x06, 0x38, 0xC0, 0xC7, 0x18, 0x18, 0xE3,
    0x03, 0x1C, 0x60, 0x63, 0x8C, 0x0C, 0x71, 0x81, 0x8E, 0x30, 0x31, 0x86, 0x06, 0x30, 0xC0, 0xC6,
    0x38, 0xFF, 0xDF, 0x1E, 0xFB, 0xC0, 0x00, 0x00, 0x00, 0x07, 0x07, 0xC3, 0x41, 0x81, 0xC1, 0xF1,
    0xFD, 0xFF, 0xDD, 0xEE, 0xF7, 0x7F, 0xF7, 0xF0, 0xE0, 0x60, 0x30, 0xF8, 0x7C, 0x00, 0x00, 0x07,
    0x1C, 0x1F, 0x7C, 0x36, 0xD0, 0x61, 0x80, 0xC7, 0x07, 0xFF, 0x1F, 0xFF, 0x36, 0x3F, 0xEC, 0x77,
    0x98, 0xED, 0xB1, 0xDB, 0xE3, 0xE3, 0xFF, 0xC3, 0xFE, 0x03, 0x18, 0x0E, 0x30, 0x7F, 0xE0, 0xF3,
    0xC0, 0x00, 0x00, 0x07, 0x1C, 0xE0, 0x3D, 0xFF, 0x83, 0xED, 0x6C, 0x18, 0xE3, 0x00, 0xC7, 0x18,
    0x1F, 0xFF, 0xF1, 0xFF, 0xFF, 0xCD, 0x8E, 0x36, 0x6C, 0x71, 0xBB, 0x63, 0x8C, 0xDB, 0x1C, 0x6C,
    0xF8, 0xE3, 0xE3, 0xFF, 0xFE, 0x0F, 0xFF, 0xE0, 0x31, 0x86, 0x01, 0x8C, 0x70, 0x7F, 0xEF, 0x83,
    0xDF, 0x78, 0x00, 0x00, 0x00, 0x01, 0x00, 0x07, 0x00, 0x0E, 0x00, 0x08, 0x00, 0x00, 0x00, 0x00,
    0x00, 0x00, 0x00, 0x00, 0x00, 0x00, 0x00, 0x00, 0x00, 0x07, 0x00, 0x7E, 0x00, 0xEC, 0x00, 0x80,
    0xE0, 0x0D, 0xC0, 0x1D, 0x80, 0x30, 0x00, 0x00, 0x00, 0x00, 0x00, 0x00, 0x00, 0x00, 0x00, 0x00,
    0x00, 0x00, 0x00, 0x0E, 0x00, 0x1C, 0x00, 0x18, 0x00, 0x5F, 0xA0, 0x00, 0x00, 0x7E, 0x80, 0x60,
    0x08, 0xE0, 0x39, 0xC0, 0x70, 0x00, 0x00, 0x00, 0x00, 0x00, 0x00, 0x00, 0x00, 0x00, 0x00, 0x00,
    0x00, 0x00, 0x00, 0x03, 0x00, 0x67, 0x01, 0xCC, 0x01, 0x80, 0x7C, 0x7F, 0xFF, 0x3F, 0x41, 0xC0,
    0x00, 0x02, 0x03, 0xE3, 0xF0, 0xF8, 0xFF, 0x38, 0x38, 0x66, 0x06, 0x0C, 0xC1, 0xC1, 0x98, 0x70,
    0x33, 0x9E, 0x1E, 0x7F, 0x8F, 0x83, 0xC1, 0xC0, 0x08, 0x00, 0x07, 0xE1, 0xE1, 0xFE, 0x1E, 0x30,
    0xE0, 0xE6, 0x0C, 0x0C, 0xC1, 0xC1, 0x9C, 0x1C, 0x33, 0xC1, 0xCE, 0x3F, 0x3F, 0xC1, 0xC1, 0xE0,
    0x7F, 0xFF, 0x3F, 0xFF, 0x80, 0x00, 0x00, 0x00, 0x03, 0xF8, 0x13, 0xFF, 0xF9, 0x07, 0xF8, 0x00,
    0x30, 0x1E, 0x00, 0x3F, 0xE1, 0x9D, 0xFF, 0xC0, 0x0F, 0xC0, 0x00, 0x00, 0x3F, 0xF9, 0xFF, 0xFC,
    0xFF, 0xFE, 0x1E, 0x00, 0x3F, 0xE1, 0x9D, 0xFF, 0xC0, 0x0F, 0xC0, 0x00, 0x03, 0xFF, 0xF9, 0xFF,
    0xFC, 0x00, 0x00, 0x01, 0xFE, 0x3F, 0xFF, 0x9F, 0xFF, 0xC0, 0x3C, 0x77, 0xEF, 0x7F, 0xEF, 0xFE,
    0xE3, 0xC0, 0x00, 0x3C, 0x77, 0xFF, 0x7F, 0xEF, 0xFE, 0xE3, 0xC0, 0x1E, 0x00, 0x3F, 0xE1, 0x9D,
    0xFF, 0xC0, 0x0F, 0xC3, 0xF8, 0x03, 0xFF, 0xF9, 0x07, 0xF8, 0x3C, 0x38, 0x7F, 0xC3, 0x3B, 0xFF,
    0x80, 0x1F, 0x80, 0x1E, 0x1F, 0x87, 0xE7, 0xF9, 0xE0, 0xC3, 0x30, 0x38, 0x66, 0x0E, 0x0C, 0xC1,
    0x81, 0x98, 0x70, 0x73, 0xFC, 0x3C, 0x3F, 0x0F, 0x00, 0x00, 0x00, 0x7F, 0xFE, 0x1F, 0xFF, 0xC1,
    0xFF, 0xC0, 0x3F, 0xFF, 0x0F, 0xFF, 0xE0, 0xFF, 0xF8, 0x03, 0x80, 0x07, 0x00, 0x06, 0x00, 0x00,
    0x0F, 0xFF, 0xFF, 0xFF, 0xC0, 0x00, 0x00, 0x00, 0xFF, 0xFF, 0xFF, 0xFC, 0x00, 0x00, 0x1C, 0x00,
    0x38, 0x00, 0x70, 0x00, 0x1C, 0x00, 0x38, 0x00, 0x30, 0x00, 0x00, 0x0F, 0xFF, 0xFF, 0xFF, 0xC0,
    0x00, 0x00, 0x00, 0xFF, 0xFF, 0xFF, 0xFC, 0x00, 0x00, 0x03, 0x80, 0x07, 0x00, 0x0E, 0x00, 0x00,
    0x70, 0x00, 0xE0, 0x00, 0xC0, 0x00, 0x0F, 0xFF, 0xFF, 0xFF, 0xC0, 0x00, 0x00, 0x00, 0xFF, 0xFF,
    0xFF, 0xFC, 0x00, 0x00, 0xE0, 0x01, 0xC0, 0x03, 0x80, 0x00, 0x03, 0x80, 0x07, 0x00, 0x1F, 0x00,
    0x77, 0x00, 0xC6, 0x03, 0xFE, 0x07, 0xFC, 0x00, 0x00, 0x7F, 0xFF, 0xFF, 0xFF, 0xFF, 0xF0, 0x00,
    0x00, 0x00, 0x1F, 0xFF, 0xFF, 0xFF, 0x80, 0x01, 0x80, 0xE0, 0x3B, 0xFF, 0xFF, 0xFF, 0xF0, 0xE0,
    0x70, 0xFF, 0xFF, 0xFF, 0xFD, 0xC0, 0x70, 0x18, 0x00, 0x00, 0x01, 0xFF, 0xFF, 0xFF, 0xF8, 0x00,
    0x0F, 0xFF, 0xFF, 0xFF, 0xC0, 0x00, 0x00, 0x00, 0xFF, 0xFF, 0xFF, 0xFC, 0x00, 0x00, 0x00, 0x60,
    0x01, 0xC7, 0xFF, 0xFF, 0xFF, 0xE0, 0x38, 0x03, 0xFF, 0x7F, 0xFF, 0xFF, 0xFC, 0x0E, 0x03, 0xFF,
    0xFF, 0xFF, 0xF1, 0xC0, 0x03, 0x80, 0x02, 0x00, 0x00, 0x03, 0xCF, 0xFF, 0xFF, 0xFE, 0xF8, 0x3F,
    0xEF, 0xFC, 0xFF, 0x03, 0xC0, 0x0F, 0xFF, 0xFF, 0xFF, 0xC0, 0xF0, 0x3F, 0xCF, 0xFD, 0xFF, 0x07,
    0xDF, 0xFF, 0xFF, 0xFC, 0xF0, 0x00, 0x0F, 0xFF, 0xFF, 0xFF, 0xC0, 0x00, 0x00, 0x00, 0x38, 0x03,
    0xF0, 0x3F, 0x83, 0xF8, 0x0F, 0x80, 0x1F, 0x80, 0x0F, 0xE0, 0x03, 0xF8, 0x00, 0xF8, 0x00, 0x33,
    0xFF, 0xFF, 0xFF, 0xEF, 0xFC, 0x1F, 0xFF, 0xFF, 0xFF, 0x7F, 0xFC, 0x00, 0x00, 0xE0, 0x01, 0xF8,
    0x00, 0xFE, 0x00, 0x3F, 0x80, 0x07, 0x80, 0x3F, 0x03, 0xF8, 0x3F, 0x80, 0xF8, 0x01, 0x80, 0x03,
    0xFF, 0xFF, 0xFF, 0xEF, 0xFC, 0x1F, 0xFF, 0xFF, 0xFF, 0x7F, 0xFC, 0x00, 0x00, 0x00, 0x38, 0x03,
    0xF0, 0x3F, 0x83, 0xF8, 0x0F, 0x80, 0x1F, 0x80, 0x0F, 0xE0, 0x03, 0xF8, 0x00, 0xF8, 0x03, 0x33,
    0xFF, 0xFF, 0xFF, 0xEF, 0xFC, 0x1F, 0xFF, 0xFF, 0xFF, 0x7F, 0xFC, 0x04, 0x00, 0x00, 0x00, 0xE0,
    0x01, 0xF8, 0x00, 0xFE, 0x00, 0x3F, 0x80, 0x07, 0x80, 0x3F, 0x03, 0xF8, 0x3F, 0x80, 0xF8, 0x01,
    0x83, 0x03, 0xFF, 0xFF, 0xFF, 0xEF, 0xFC, 0x1F, 0xFF, 0xFF, 0xFF, 0x7F, 0xFC, 0x04, 0x00, 0x00,
    0x63, 0x80, 0x73, 0xC0, 0xF3, 0xC0, 0xF7, 0x81, 0xE7, 0x81, 0xE7, 0x03, 0xCF, 0x01, 0xC7, 0x00,
    0xF3, 0xC0, 0x1E, 0x70, 0x03, 0x9E, 0x00, 0xF3, 0x80, 0x3C, 0xF0, 0x07, 0x3C, 0x01, 0x84, 0x63,
    0x00, 0x39, 0xE0, 0x0E, 0x78, 0x03, 0xCE, 0x00, 0xF3, 0xC0, 0x1E, 0xF0, 0x07, 0x9E, 0x01, 0xC7,
    0x01, 0xE7, 0x81, 0xCF, 0x03, 0xCF, 0x03, 0xDE, 0x07, 0x9E, 0x07, 0x9E, 0x01, 0x8C, 0x00, 0x07,
    0x00, 0x38, 0x01, 0xC0, 0x0E, 0x00, 0x73, 0x03, 0xB8, 0x1F, 0x80, 0xF8, 0x1F, 0x01, 0xF8, 0x3D,
    0xC1, 0xCE, 0x07, 0xF0, 0x0F, 0x80, 0x3E, 0x00, 0xFC, 0x07, 0xF0, 0x39, 0x81, 0xC4, 0x0E, 0x00,
    0x70, 0x03, 0x80, 0x07, 0x00, 0x38, 0x01, 0xC0, 0x0E, 0x0C, 0x70, 0x7B, 0x81, 0xFC, 0x03, 0xE0,
    0x07, 0x80, 0x3F, 0x01, 0xFE, 0x0E, 0xF0, 0x7F, 0x03, 0xE0, 0x3C, 0x07, 0xE0, 0x7F, 0x07, 0x38,
    0x31, 0xC0, 0x0E, 0x00, 0x70, 0x03, 0x80, 0x00, 0x1C, 0x01, 0xF8, 0x1F, 0xC1, 0xFC, 0x07, 0xC0,
    0x0F, 0x80, 0x0F, 0xF0, 0x03, 0xFC, 0x00, 0xFC, 0x00, 0x38, 0x00, 0x01, 0xF0, 0x07, 0xFC, 0xC8,
    0x7F, 0x80, 0x3E, 0x00, 0x70, 0x00, 0xF8, 0x00, 0xFE, 0x00, 0x3F, 0xC0, 0x07, 0xC0, 0x1F, 0x81,
    0xFE, 0x1F, 0xC0, 0x7C, 0x00, 0xE0, 0x00, 0x00, 0x01, 0xF0, 0x07, 0xFC, 0xC8, 0x7F, 0x80, 0x3E,
    0x00, 0x00, 0x18, 0x07, 0xC1, 0xFC, 0x7F, 0x0F, 0xC0, 0x78, 0x01, 0xFC, 0x19, 0xFC, 0xF1, 0xFB,
    0xF1, 0xC7, 0xF8, 0x07, 0xF0, 0x07, 0x81, 0xFC, 0x7F, 0x1F, 0xC0, 0xF0, 0x04, 0x00, 0x00, 0xC0,
    0x07, 0xC0, 0x1F, 0xC0, 0x1F, 0xC0, 0x1F, 0x80, 0x3C, 0x1F, 0xE7, 0xF3, 0xFC, 0x7F, 0x9F, 0xC7,
    0xF1, 0xFC, 0x0F, 0x00, 0x7F, 0x00, 0x7F, 0x80, 0x3F, 0x00, 0x78, 0x00, 0x40, 0x1F, 0xFE, 0x7F,
    0xFD, 0xC0, 0x07, 0x00, 0x0C, 0x00, 0x18, 0x00, 0x30, 0x00, 0x60, 0x00, 0xE0, 0x01, 0xC0, 0x01,
    0xE0, 0x01, 0xFF, 0xF0, 0xFF, 0xE0, 0xFF, 0xF1, 0xFF, 0xF0, 0x00, 0x70, 0x00, 0x70, 0x00, 0x60,
    0x00, 0xC0, 0x01, 0x80, 0x03, 0x00, 0x0E, 0x00, 0x1C, 0x00, 0xF7, 0xFF, 0xCF, 0xFE, 0x00, 0x00,
    0x20, 0x00, 0x60, 0x01, 0xC0, 0xFF, 0xF3, 0xFF, 0xEE, 0x1C, 0x38, 0x30, 0x60, 0x60, 0xC1, 0xC1,
    0x83, 0x03, 0x06, 0x07, 0x1C, 0x0E, 0x30, 0x0F, 0x60, 0x0F, 0xFF, 0x87, 0xFF, 0x06, 0x00, 0x1C,
    0x00, 0x10, 0x00, 0x00, 0x20, 0x00, 0xE0, 0x01, 0x87, 0xFF, 0x8F, 0xFF, 0x80, 0x1B, 0x80, 0x33,
    0x80, 0xE3, 0x01, 0x86, 0x03, 0x0C, 0x0E, 0x18, 0x18, 0x70, 0x30, 0xE0, 0xE7, 0xBF, 0xFE, 0x7F,
    0xF0, 0x0E, 0x00, 0x18, 0x00, 0x00, 0x00, 0x00, 0x00, 0x1F, 0xFF, 0x3F, 0xFF, 0x70, 0x00, 0x60,
    0x00, 0x60, 0x00, 0x60, 0x00, 0x60, 0x00, 0x70, 0x00, 0x78, 0x00, 0x3F, 0xFF, 0x0F, 0xFF, 0x00,
    0x00, 0x00, 0x00, 0x7F, 0xFF, 0x7F, 0xFF, 0x00, 0x00, 0xFF, 0xF8, 0xFF, 0xFC, 0x00, 0x0E, 0x00,
    0x06, 0x00, 0x06, 0x00, 0x06, 0x00, 0x06, 0x00, 0x0E, 0x00, 0x1E, 0xFF, 0xFC, 0xFF, 0xF0, 0x00,
    0x00, 0x00, 0x00, 0xFF, 0xFE, 0xFF, 0xFE, 0x00, 0x30, 0x00, 0x30, 0x00, 0x30, 0x1F, 0xFF, 0x3F,
    0xFF, 0x70, 0x60, 0x60, 0x60, 0x60, 0xC0, 0x60, 0xC0, 0x60, 0xC0, 0x71, 0xC0, 0x79, 0x80, 0x3F,
    0xFF, 0x0F, 0xFF, 0x03, 0x00, 0x03, 0x00, 0x7F, 0xFF, 0x7F, 0xFF, 0x06, 0x00, 0x06, 0x00, 0x00,
    0x00, 0x00, 0x20, 0x00, 0x30, 0x00, 0x70, 0x7F, 0xFC, 0x7F, 0xFE, 0x00, 0x6E, 0x00, 0xC7, 0x00,
    0xC3, 0x00, 0xC3, 0x01, 0xC3, 0x01, 0x87, 0x01, 0x8E, 0x7F, 0xFC, 0x7F, 0xF8, 0x03, 0x00, 0x03,
    0x00, 0x7F, 0xFF, 0x7F, 0xFE, 0x06, 0x00, 0x0E, 0x00, 0x00, 0x00, 0x00, 0x00, 0x1F, 0xFF, 0x3F,
    0xFF, 0x70, 0x00, 0x60, 0x00, 0x60, 0x00, 0x60, 0x00, 0x60, 0x00, 0x70, 0x00, 0x78, 0x00, 0x3F,
    0xFF, 0x0F, 0xFF, 0x00, 0xC0, 0x00, 0xC0, 0x7F, 0xFF, 0x7F, 0xFF, 0x01, 0x80, 0x01, 0x80, 0x00,
    0x00, 0xFF, 0xF8, 0xFF, 0xFC, 0x00, 0x0E, 0x00, 0x06, 0x00, 0x06, 0x00, 0x06, 0x00, 0x06, 0x00,
    0x0E, 0x00, 0x1E, 0xFF, 0xFC, 0xFF, 0xF0, 0x01, 0x80, 0x01, 0x80, 0xFF, 0xFE, 0xFF, 0xFE, 0x03,
    0x00, 0x03, 0x00, 0x07, 0xF0, 0x07, 0xFC, 0x0F, 0x27, 0x86, 0x38, 0xC6, 0x1C, 0x33, 0x0E, 0x1B,
    0x07, 0x07, 0xFF, 0xFF, 0xFF, 0xFF, 0xE0, 0xE0, 0xF8, 0x70, 0xEC, 0x38, 0x67, 0x1C, 0x71, 0xCE,
    0x70, 0x7F, 0xF0, 0x1F, 0xF0, 0x01, 0xC0, 0x00, 0x07, 0xF0, 0x07, 0xFC, 0x0F, 0x07, 0x86, 0x00,
    0xC6, 0x00, 0x33, 0x00, 0x1B, 0x00, 0x07, 0xFF, 0xFF, 0xFF, 0xFF, 0xE0, 0x00, 0xF8, 0x00, 0xEC,
    0x00, 0x67, 0x00, 0x71, 0xC0, 0x70, 0x7F, 0xF0, 0x1F, 0xF0, 0x01, 0xC0, 0x00, 0x07, 0xF0, 0x07,
    0xFC, 0x0F, 0x07, 0x87, 0x01, 0xC6, 0xC1, 0xB3, 0x71, 0xDB, 0x1D, 0xC7, 0x87, 0xC3, 0xC1, 0xC1,
    0xE1, 0xF0, 0xF9, 0xDC, 0xED, 0xC7, 0x67, 0xC1, 0xF1, 0xC0, 0x70, 0x7F, 0xF0, 0x1F, 0xF0, 0x01,
    0xC0, 0x00, 0x07, 0xF0, 0x07, 0xFC, 0x0F, 0x07, 0x86, 0x01, 0xC6, 0x01, 0xF3, 0x01, 0xDB, 0x01,
    0xC7, 0x81, 0xC3, 0xC1, 0xC1, 0xE1, 0xC0, 0xF9, 0xC0, 0xED, 0xC0, 0x67, 0xC0, 0x71, 0xC0, 0x70,
    0x7F, 0xF0, 0x1F, 0xF0, 0x01, 0xC0, 0x00, 0x03, 0xF8, 0x01, 0xFF, 0xC0, 0x70, 0x1C, 0x1C, 0x01,
    0xC7, 0x00, 0x1C, 0xC0, 0x01, 0xB8, 0x10, 0x3E, 0x0F, 0x83, 0xC1, 0xF0, 0x78, 0x3E, 0x0F, 0x07,
    0xC1, 0xE0, 0x70, 0x3E, 0x00, 0x0E, 0xC0, 0x01, 0x8C, 0x00, 0x61, 0xC0, 0x1C, 0x1E, 0x0F, 0x00,
    0xFF, 0x80, 0x07, 0xC0, 0x00, 0x03, 0xF8, 0x01, 0xFF, 0xC0, 0x78, 0x3C, 0x1C, 0x01, 0xC3, 0x00,
    0x18, 0xC0, 0x01, 0x9B, 0xFF, 0xB7, 0x7F, 0xF7, 0xE0, 0x00, 0xFC, 0x00, 0x1F, 0xBF, 0xFB, 0xB7,
    0xFF, 0x66, 0x00, 0x0C, 0x60, 0x03, 0x0E, 0x00, 0xE0, 0xF0, 0x78, 0x0F, 0xFE, 0x00, 0x7F, 0x00,
    0x07, 0xF0, 0x07, 0xFC, 0x0F, 0x07, 0x86, 0x00, 0xC6, 0x00, 0x33, 0x00, 0x1B, 0x00, 0x07, 0xFF,
    0xFF, 0xFF, 0xFF, 0xE0, 0x00, 0xF8, 0x00, 0xEC, 0x00, 0x67, 0x00, 0x71, 0xC0, 0x70, 0x7F, 0xF0,
    0x1F, 0xF0, 0x01, 0xC0, 0x00, 0x00, 0x00, 0x1F, 0xFF, 0xFF, 0xFF, 0xFF, 0xE0, 0x20, 0x3C, 0x04,
    0x07, 0x80, 0x80, 0xF0, 0x10, 0x1E, 0x02, 0x03, 0xC0, 0x40, 0x7F, 0xFF, 0xFF, 0xFF, 0xFF, 0xE0,
    0x20, 0x3C, 0x04, 0x07, 0x80, 0x80, 0xF0, 0x10, 0x1E, 0x02, 0x03, 0xC0, 0x40, 0x78, 0x08, 0x0F,
    0xFF, 0xFF, 0xFF, 0xFF, 0xF0, 0xFF, 0xFF, 0xFF, 0xFF, 0xFF, 0x00, 0x01, 0xE0, 0x00, 0x3C, 0xC0,
    0x67, 0x9C, 0x1C, 0xF1, 0xC7, 0x1E, 0x1D, 0xC3, 0xC1, 0xF0, 0x78, 0x1C, 0x0F, 0x07, 0xC1, 0xE1,
    0xDC, 0x3C, 0x71, 0xC7, 0x9C, 0x1C, 0xF1, 0x01, 0x1E, 0x00, 0x03, 0xC0, 0x00, 0x7F, 0xFF, 0xFF,
    0xFF, 0xFF, 0x80, 0xE0, 0x01, 0xC0, 0x03, 0x80, 0x07, 0x00, 0x0E, 0x00, 0x1C, 0x00, 0x3F, 0xFF,
    0xFF, 0xFF, 0xE0, 0x01, 0xC0, 0x03, 0x80, 0x06, 0x00, 0x0C, 0x00, 0x18, 0x00, 0x00, 0x00, 0x00,
    0x00, 0x06, 0x00, 0x0C, 0x00, 0x18, 0x00, 0x30, 0x00, 0x60, 0x00, 0xFF, 0xFF, 0xFF, 0xFF, 0x00,
    0x06, 0x00, 0x0C, 0x00, 0x18, 0x00, 0x30, 0x00, 0x60, 0x00, 0xC0, 0x00, 0x00, 0xFF, 0xFF, 0xFF,
    0xFC, 0x0E, 0x00, 0x1C, 0x00, 0x38, 0x00, 0x70, 0x00, 0xE0, 0x01, 0xC0, 0x03, 0x80, 0x07, 0x00,
    0x0E, 0x00, 0x1C, 0x00, 0x38, 0x00, 0x70, 0x00, 0x40, 0x00, 0x03, 0x80, 0x07, 0x00, 0x0E, 0x00,
    0x1C, 0x00, 0x38, 0x00, 0x70, 0x00, 0xE0, 0x01, 0xC0, 0x03, 0x80, 0x07, 0x00, 0x0E, 0x00, 0x1C,
    0x07, 0xFF, 0xFF, 0xFF, 0xDE, 0x00, 0x00, 0x00, 0x04, 0x00, 0x1C, 0x00, 0x78, 0x01, 0xF0, 0x07,
    0xE0, 0x1D, 0xC0, 0x73, 0x81, 0xC7, 0x07, 0x0E, 0x1C, 0x1C, 0x70, 0x39, 0xC0, 0x77, 0xFF, 0xFF,
    0xFF, 0xDF, 0xFF, 0x80, 0x00, 0x40, 0x00, 0x1C, 0x00, 0x03, 0x80, 0x00, 0xF8, 0x00, 0x1B, 0x80,
    0x07, 0x70, 0x01, 0xC7, 0x00, 0x38, 0xE0, 0x0E, 0x0E, 0x01, 0xC0, 0xC0, 0x70, 0x1C, 0x0C, 0x01,
    0x83, 0x80, 0x38, 0xE0, 0x03, 0x9C, 0x00, 0x77, 0x00, 0x07, 0xE0, 0x00, 0xE8, 0x00, 0x0C, 0xC0,
    0x00, 0x7C, 0x00, 0x1F, 0x80, 0x03, 0xB8, 0x00, 0xE7, 0x00, 0x1C, 0x70, 0x07, 0x06, 0x00, 0xC0,
    0xE0, 0x38, 0x0E, 0x0E, 0x01, 0xC1, 0xC0, 0x1C, 0x70, 0x03, 0x8E, 0x00, 0x3B, 0x80, 0x03, 0x60,
    0x00, 0x7C, 0x00, 0x07, 0x00, 0x00, 0xE0, 0x00, 0x08, 0x00, 0x07, 0xF0, 0x1F, 0xFC, 0x3F, 0x7E,
    0x38, 0x0E, 0x70, 0x07, 0x60, 0x07, 0x60, 0x03, 0x60, 0x03, 0x60, 0x03, 0x60, 0x03, 0x60, 0x03,
    0x60, 0x03, 0x60, 0x03, 0x60, 0x03, 0x60, 0x03, 0x60, 0x03, 0x60, 0x03, 0x60, 0x03, 0xC0, 0x06,
    0xC0, 0x06, 0xC0, 0x06, 0xC0, 0x06, 0xC0, 0x06, 0xC0, 0x06, 0xC0, 0x06, 0xC0, 0x06, 0xC0, 0x06,
    0xC0, 0x06, 0xC0, 0x06, 0xC0, 0x06, 0xC0, 0x06, 0xE0, 0x0E, 0xF0, 0x1E, 0x7C, 0x7C, 0x3F, 0xF8,
    0x0F, 0xF0, 0x00, 0x00, 0x10, 0xF3, 0xB7, 0x77, 0xC7, 0x00, 0x00, 0x77, 0xFE, 0xF3, 0x00, 0x00,
    0x1C, 0x03, 0xF8, 0x7F, 0xC3, 0xF8, 0x07, 0xF0, 0x03, 0xFE, 0x00, 0x3F, 0x3F, 0xFE, 0xFF, 0xFE,
    0xF0, 0x01, 0xFC, 0x00, 0x7F, 0xC0, 0x0F, 0xC0, 0x7F, 0x8F, 0xF8, 0x3F, 0x00, 0x60, 0x00, 0x70,
    0x00, 0xFE, 0x00, 0x7F, 0xC0, 0x0F, 0xE0, 0x1F, 0xC3, 0xFE, 0x1F, 0x80, 0x3F, 0xFE, 0xFF, 0xFE,
    0x80, 0x38, 0x07, 0xF1, 0xFF, 0x07, 0xE0, 0x0F, 0xF0, 0x03, 0xFE, 0x00, 0x7E, 0x00, 0x0C, 0xFF,
    0x80, 0x17, 0xE8, 0x01, 0xFF, 0x40, 0x81, 0x70, 0xE1, 0xF8, 0x70, 0xE8, 0x10, 0x20, 0x00, 0x03,
    0x80, 0x01, 0xC0, 0x00, 0xE0, 0x00, 0x00, 0x00, 0x00, 0x00, 0x00, 0x02, 0x00, 0x03, 0x80, 0x01,
    0xC0, 0x00, 0x40, 0x00, 0x00, 0x00, 0x00, 0x00, 0x00, 0x07, 0x00, 0x03, 0x80, 0x01, 0xC0, 0x00,
    0xE0, 0x00, 0x70, 0x00, 0x38, 0x00, 0x00, 0x00, 0x00, 0x00, 0x00, 0x00, 0x00, 0x02, 0x00, 0x03,
    0x80, 0x01, 0xC0, 0x00, 0x40, 0x00, 0x00, 0x00, 0x00, 0x00, 0x00, 0x00, 0x00, 0x18, 0x00, 0x0E,
    0x00, 0x07, 0x00, 0xF9, 0xF6, 0x3C, 0x6F, 0x9F, 0x00, 0x07, 0xFF, 0x8C, 0x63, 0x18, 0xC6, 0x31,
    0x8C, 0x63, 0x18, 0x18, 0xC6, 0x31, 0x8C, 0x63, 0x18, 0xC6, 0x31, 0xFF, 0xE0, 0x00, 0x00, 0x1F,
    0xFF, 0xFF, 0xFF, 0xFF, 0xBF, 0x00, 0x00, 0x00, 0xC0, 0x00, 0x03, 0x00, 0x00, 0x18, 0x00, 0x00,
    0xC0, 0x00, 0x06, 0x00, 0x00, 0x30, 0x00, 0x01, 0x80, 0x00, 0x0F, 0xF0, 0x00, 0x7F, 0x80, 0x03,
    0x00, 0x00, 0x18, 0x00, 0x00, 0xC0, 0x00, 0x06, 0x00, 0x00, 0x30, 0x00, 0x01, 0x80, 0x00, 0x1F,
    0xFE, 0x7F, 0xFF, 0xF3, 0xFF, 0xFC, 0x00, 0x00, 0x0F, 0xDF, 0xFF, 0xFF, 0xFF, 0xFE, 0x00, 0x60,
    0x00, 0x0C, 0x00, 0x01, 0xC0, 0x00, 0x3E, 0x00, 0x07, 0xE0, 0x00, 0xDF, 0x00, 0x18, 0xE0, 0x03,
    0x0C, 0x00, 0x60, 0x00, 0x0C, 0x00, 0x01, 0x80, 0x00, 0x30, 0x00, 0x06, 0x00, 0x00, 0xC0, 0x00,
    0x18, 0x00, 0x00, 0x00, 0x00, 0x00, 0x07, 0xE3, 0xFF, 0xFE, 0x3F, 0xFF, 0xC0, 0x03, 0x80, 0x00,
    0x70, 0x00, 0x06, 0x00, 0x00, 0xE0, 0x00, 0x1E, 0xC0, 0x03, 0xEF, 0x00, 0x76, 0x78, 0x0E, 0x61,
    0xE3, 0xC6, 0x0F, 0x70, 0x60, 0x66, 0x06, 0x00, 0x00, 0x60, 0x00, 0x06, 0x00, 0x00, 0x60, 0x00,
    0x06, 0x00, 0x00, 0x00, 0x00, 0x00, 0x80, 0x00, 0x18, 0x00, 0x03, 0x00, 0x00, 0xE3, 0x83, 0xFF,
    0xF8, 0x3F, 0xFE, 0x00, 0x60, 0x00, 0x1D, 0xFE, 0xFF, 0xFF, 0xFF, 0xFF, 0xC0, 0x1C, 0x00, 0x03,
    0xFF, 0x00, 0x7F, 0xF0, 0x0F, 0xFC, 0x00, 0x07, 0x00, 0x1C, 0xE0, 0x03, 0xF8, 0x00, 0x1E, 0x00,
    0x01, 0xE0, 0x00, 0x0E, 0x00, 0x00, 0x80, 0x00, 0x06, 0x00, 0x07, 0xC0, 0x07, 0xF8, 0x1F, 0xF8,
    0x03, 0xCE, 0x00, 0x01, 0xFC, 0x07, 0xFF, 0xC0, 0x7F, 0xE0, 0x00, 0xE0, 0x01, 0xFF, 0xFF, 0xFF,
    0xFF, 0xBF, 0xE0, 0x00, 0x39, 0x80, 0x06, 0x38, 0x01, 0xC3, 0x80, 0x71, 0xF8, 0x3F, 0xFF, 0x87,
    0xFE, 0x38, 0x60, 0x06, 0x00, 0x01, 0xFF, 0xDF, 0xFF, 0xFD, 0xFF, 0xE0, 0x01, 0xCC, 0x00, 0x31,
    0x80, 0xFF, 0xFF, 0x9F, 0xFF, 0xF3, 0x98, 0xCE, 0x73, 0x99, 0xCE, 0xFF, 0xB9, 0xDB, 0xFF, 0x3B,
    0x7B, 0xE7, 0xC6, 0x3C, 0xF9, 0xC3, 0x9E, 0x30, 0x73, 0x84, 0x7E, 0x70, 0x07, 0xCE, 0x00, 0x78,
    0x00, 0x00, 0x00, 0x00, 0x20, 0x00, 0x03, 0x80, 0x00, 0x1C, 0x00, 0x01, 0xE0, 0x00, 0x0F, 0x80,
    0x00, 0xEE, 0x00, 0x0E, 0x38, 0x00, 0xEC, 0xF0, 0x0E, 0x73, 0xC0, 0xE3, 0x8F, 0x8E, 0x1C, 0x1E,
    0xE0, 0xE0, 0x7C, 0x07, 0x00, 0x00, 0x38, 0x00, 0x01, 0xC0, 0x00, 0x0E, 0x00, 0x00, 0x70, 0x00,
    0x03, 0x80, 0x00, 0x1C, 0x00, 0x00, 0xE0, 0x00, 0x02, 0x00, 0x00, 0x01, 0x80, 0x00, 0xE0, 0x00,
    0x70, 0x00, 0x38, 0x00, 0x1C, 0x07, 0xFF, 0xFD, 0xFF, 0xFE, 0xF3, 0x86, 0x61, 0xC3, 0x30, 0xE1,
    0x98, 0x70, 0xCF, 0xFF, 0xE7, 0xFF, 0xF3, 0x8E, 0x00, 0x07, 0x00, 0x03, 0x80, 0x01, 0xC0, 0x00,
    0xE0, 0x00, 0x70, 0x00, 0x38, 0x00, 0x08, 0x00, 0x01, 0x80, 0x00, 0xE0, 0x00, 0x70, 0x0C, 0xFF,
    0xC7, 0xFF, 0xF1, 0xFE, 0x30, 0xC7, 0x78, 0x7F, 0xFC, 0x3F, 0xF8, 0x08, 0xE1, 0xBF, 0xFF, 0xEF,
    0xFF, 0xF6, 0x1C, 0x33, 0x3F, 0xF9, 0xFF, 0xFC, 0xFF, 0x80, 0x21, 0xC0, 0x00, 0xE0, 0x00, 0x70,
    0x00, 0x38, 0x00, 0x08, 0x00, 0x00, 0x00, 0x00, 0x38, 0x01, 0xCE, 0x00, 0x7B, 0x80, 0x07, 0xE0,
    0x00, 0xF8, 0x03, 0xFF, 0xFC, 0xFF, 0xFF, 0x00, 0xC1, 0xC0, 0x78, 0x60, 0x1F, 0x18, 0x0E, 0xE6,
    0x03, 0x9D, 0x81, 0xC3, 0x60, 0x60, 0x38, 0x39, 0x0E, 0x1C, 0x73, 0x8E, 0x0F, 0xC7, 0x01, 0xF3,
    0x00, 0x1C, 0x02, 0x00, 0x00, 0x70, 0x00, 0x0F, 0x80, 0x00, 0x3C, 0x00, 0x03, 0x00, 0x7F, 0xFF,
    0x0F, 0xFF, 0xE0, 0xC7, 0x00, 0x00, 0xE0, 0x00, 0x1C, 0x00, 0x03, 0x98, 0x0F, 0xFF, 0x81, 0xFF,
    0xF0, 0x01, 0xC0, 0x00, 0x38, 0x00, 0x07, 0x00, 0x00, 0xE0, 0xDF, 0xFF, 0xFF, 0xFF, 0xFF, 0x80,
    0x00, 0x00, 0x00, 0xC0, 0x00, 0x07, 0x18, 0x03, 0x3C, 0xE0, 0x18, 0xE7, 0x00, 0xE3, 0xB0, 0x03,
    0x83, 0x80, 0x0C, 0x18, 0x00, 0x71, 0xC0, 0x01, 0xDC, 0x00, 0x07, 0xC0, 0x00, 0x3E, 0x00, 0x00,
    0xE0, 0x00, 0x0F, 0x80, 0x00, 0xEF, 0x00, 0x0E, 0x3C, 0x01, 0xE0, 0xF8, 0x1C, 0x01, 0xF3, 0xC0,
    0x07, 0xD8, 0x00, 0x0C, 0x00, 0x00, 0x00, 0x70, 0x00, 0x1C, 0x60, 0x07, 0x1E, 0x01, 0xCF, 0x87,
    0xFF, 0xF1, 0xFF, 0xE0, 0x07, 0x38, 0x01, 0xCC, 0x00, 0x73, 0x6F, 0xFF, 0xFD, 0xFF, 0xFF, 0x01,
    0xC0, 0xC0, 0x70, 0x30, 0x1C, 0x1C, 0x07, 0x3F, 0x01, 0xC7, 0x80, 0x70, 0xE0, 0x1C, 0x00, 0x07,
    0x00, 0x00, 0x80, 0x00, 0x00, 0x07, 0x01, 0xFF, 0xF8, 0x0F, 0xFF, 0x00, 0x00, 0x00, 0x00, 0x00,
    0x00, 0x00, 0x00, 0x00, 0x00, 0x00, 0x00, 0x00, 0x00, 0x00, 0x00, 0x00, 0x00, 0x03, 0xFF, 0xF7,
    0xFF, 0xFF, 0x7F, 0xFE, 0x00, 0x00, 0xC0, 0x00, 0x0E, 0x00, 0x00, 0xE0, 0x07, 0xFF, 0xFC, 0x7F,
    0xFF, 0xC3, 0xB1, 0x80, 0x07, 0x1E, 0x00, 0xE0, 0xF0, 0x1E, 0x1F, 0x83, 0xF1, 0xF8, 0x73, 0xB8,
    0x00, 0x3F, 0x80, 0x01, 0xF0, 0x00, 0x0F, 0x00, 0x03, 0xF8, 0x00, 0x79, 0xE0, 0x1E, 0x0F, 0x87,
    0xC0, 0x3F, 0xE0, 0x00, 0xE0, 0x00, 0x20, 0x00, 0x03, 0x80, 0x00, 0x1C, 0x00, 0x01, 0xF0, 0x00,
    0x0F, 0x80, 0x00, 0xEE, 0x00, 0x0E, 0x38, 0x00, 0xE0, 0xF0, 0x0F, 0xF3, 0xC0, 0xE7, 0xE7, 0x8E,
    0x07, 0x1E, 0xC0, 0x00, 0x74, 0xFF, 0xF8, 0x03, 0xFF, 0xC0, 0x00, 0x1C, 0x00, 0x00, 0xC0, 0x00,
    0x0E, 0x00, 0x00, 0xE0, 0x00, 0x0E, 0x00, 0x00, 0xE0, 0x00, 0x02, 0x00, 0x00, 0x00, 0x00, 0x00,
    0x00, 0x70, 0x01, 0xC1, 0x80, 0x0E, 0x0C, 0x00, 0x70, 0x60, 0x03, 0x83, 0x00, 0x18, 0x38, 0x00,
    0xC1, 0xC0, 0x06, 0x0E, 0x00, 0x78, 0x70, 0x03, 0xE3, 0xC0, 0x1B, 0xBE, 0x01, 0xDD, 0xB8, 0x0C,
    0x7C, 0xC0, 0xE1, 0xC7, 0x06, 0x0E, 0x1C, 0x60, 0xE0, 0x73, 0x06, 0x03, 0xC0, 0x60, 0x0E, 0x06,
    0x00, 0x20, 0x06, 0x0C, 0x00, 0x38, 0x60, 0x01, 0x83, 0x00, 0x1C, 0x18, 0x00, 0xCC, 0xC4, 0x0E,
    0x77, 0xF0, 0x73, 0xBF, 0x87, 0x9F, 0xCC, 0x3F, 0xFC, 0x63, 0x7E, 0x67, 0x33, 0x33, 0x38, 0x19,
    0x9F, 0x80, 0xCC, 0xFD, 0x86, 0x66, 0xEC, 0x33, 0x30, 0x61, 0x98, 0x07, 0x0C, 0xFF, 0xF0, 0xE3,
    0xFF, 0x83, 0x07, 0xE0, 0x00, 0x01, 0x87, 0x00, 0x70, 0x64, 0x0E, 0x0D, 0xC1, 0xC1, 0x9C, 0x30,
    0x31, 0xC6, 0x06, 0x1D, 0xC0, 0xC1, 0x38, 0x18, 0x06, 0x03, 0x19, 0xC0, 0x6E, 0x30, 0x0F, 0x8F,
    0x01, 0xE3, 0xF0, 0xF8, 0xE7, 0x3C, 0x38, 0x73, 0x0E, 0x07, 0x03, 0x00, 0x60, 0x00, 0x00, 0x00,
    0x08, 0x00, 0x18, 0x60, 0x00, 0xC3, 0x00, 0x0E, 0xD8, 0x00, 0x77, 0xC0, 0x07, 0x37, 0xE0, 0x33,
    0xFF, 0x83, 0x9F, 0xE0, 0x1C, 0xCC, 0x01, 0xEC, 0x60, 0x1B, 0x43, 0xBD, 0x9F, 0xFF, 0xF0, 0xDF,
    0xFF, 0x06, 0x06, 0x00, 0x30, 0x30, 0x01, 0x81, 0x80, 0x0C, 0x0C, 0x00, 0x60, 0x60, 0x03, 0x03,
    0x00, 0x18, 0x18, 0x00, 0x00, 0x40, 0x00, 0x00, 0x00, 0x00, 0x30, 0xE0, 0x01, 0xC3, 0x00, 0x0E,
    0x18, 0x00, 0xE0, 0xC0, 0x07, 0x06, 0x00, 0x77, 0xFF, 0x83, 0xBF, 0xFC, 0x3C, 0x3E, 0x01, 0xE1,
    0xF8, 0x1B, 0x1F, 0xE1, 0x98, 0xFB, 0x00, 0xCE, 0xDC, 0x06, 0x66, 0x70, 0x36, 0x31, 0xC3, 0xE1,
    0x87, 0x1F, 0x0C, 0x10, 0xE0, 0x60, 0x07, 0x03, 0x00, 0x18, 0x18, 0x00, 0x00, 0x80, 0x00, 0x00,
    0x20, 0x00, 0x03, 0x80, 0x00, 0x1C, 0x00, 0x01, 0xF0, 0x00, 0x1F, 0xC0, 0x01, 0xCF, 0x00, 0x1C,
    0x1C, 0x01, 0xC0, 0xF8, 0x1F, 0xFF, 0xF1, 0xDF, 0xF3, 0xF8, 0x00, 0x0D, 0x7F, 0xFF, 0xC3, 0xFF,
    0xFE, 0x0F, 0xE6, 0x00, 0x07, 0x30, 0x00, 0x71, 0xC0, 0x03, 0x1F, 0x00, 0xFF, 0xFC, 0x07, 0xFC,
    0x70, 0x18, 0x03, 0x80, 0x00, 0x00, 0x00, 0x00, 0x00, 0x00, 0x18, 0x60, 0x00, 0xC3, 0x00, 0x0E,
    0x18, 0x00, 0x61, 0xFC, 0x07, 0x7F, 0xF0, 0x31, 0xE0, 0x03, 0x87, 0x00, 0x3F, 0xFF, 0xF9, 0xFF,
    0xFF, 0xDB, 0x0C, 0x01, 0x98, 0xE3, 0x80, 0xC7, 0xFE, 0x06, 0x3F, 0xE0, 0x30, 0x07, 0x01, 0x86,
    0x70, 0x0C, 0x3F, 0x00, 0x60, 0x70, 0x03, 0x01, 0xC0, 0x18, 0x07, 0x00, 0x00, 0x00, 0x00, 0x03,
    0x1C, 0x00, 0x18, 0xE0, 0x01, 0xC3, 0x00, 0x0C, 0x18, 0x00, 0xE0, 0xDE, 0x07, 0xFF, 0xF8, 0x77,
    0xFF, 0x87, 0x8C, 0x70, 0x3C, 0x63, 0x83, 0x63, 0x1C, 0x33, 0x1C, 0xE0, 0x18, 0x66, 0x00, 0xC3,
    0x30, 0x06, 0x1B, 0x80, 0x30, 0xF8, 0x01, 0x82, 0xC6, 0x0F, 0xFF, 0xF8, 0x7F, 0xFF, 0x83, 0x00,
    0x00, 0x00, 0x00, 0x00, 0x00, 0x00, 0x00, 0x19, 0xC0, 0x01, 0xCF, 0x00, 0x0E, 0x1C, 0x00, 0x60,
    0x60, 0x07, 0xFF, 0xF0, 0x37, 0xFF, 0x83, 0x9D, 0x80, 0x3C, 0x0C, 0x01, 0xE0, 0x60, 0x1B, 0x03,
    0x01, 0x99, 0xFF, 0x80, 0xCF, 0xFC, 0x06, 0x06, 0x00, 0x30, 0x30, 0x03, 0x81, 0x80, 0x1C, 0x0C,
    0x00, 0xFF, 0xFF, 0x87, 0xFF, 0xFC, 0x18, 0x00, 0x00, 0x00, 0x00, 0x00, 0x30, 0x60, 0x01, 0xC3,
    0x00, 0x0C, 0x18, 0x00, 0xE0, 0xC0, 0x07, 0x07, 0xF0, 0x7F, 0xFF, 0x83, 0xBF, 0xC0, 0x3C, 0x3E,
    0x01, 0xE1, 0xF8, 0x1B, 0x1F, 0xE1, 0x98, 0xDB, 0x80, 0xCE, 0xCE, 0x06, 0x66, 0x78, 0x37, 0xFF,
    0xE1, 0xEF, 0xF7, 0x0E, 0x0C, 0x10, 0x60, 0x60, 0x07, 0x03, 0x00, 0x18, 0x18, 0x00, 0x00, 0x00,
    0x00, 0x00, 0x20, 0x00, 0x03, 0x80, 0x00, 0x1C, 0x00, 0x01, 0xF0, 0x00, 0x1D, 0xC0, 0x01, 0xC7,
    0x00, 0x1C, 0x1C, 0x01, 0xFF, 0xF8, 0x1F, 0xFF, 0xF1, 0xC3, 0x83, 0xD8, 0x1F, 0xEC, 0xBF, 0xFF,
    0x81, 0xFF, 0xE0, 0x01, 0xBB, 0x00, 0x1D, 0xDC, 0x01, 0xCE, 0x70, 0x0E, 0x71, 0xC0, 0xDB, 0x86,
    0x0C, 0xFC, 0x10, 0x01, 0xE0, 0x00, 0x02, 0x00, 0x00, 0x00, 0x10, 0x00, 0x18, 0xC0, 0x00, 0xC6,
    0x00, 0x0E, 0x70, 0x00, 0x73, 0x0F, 0x07, 0x3F, 0xFC, 0x31, 0xFF, 0x83, 0x9D, 0x80, 0x1C, 0xCC,
    0xC1, 0xEC, 0x7F, 0x1F, 0xE7, 0xF1, 0xDE, 0x38, 0x08, 0xC1, 0xCE, 0x06, 0x0F, 0xF8, 0x30, 0x7F,
    0x81, 0x83, 0x80, 0x0C, 0x1C, 0x00, 0x60, 0xE0, 0x03, 0x07, 0x00, 0x18, 0x18, 0x00, 0x00, 0x00,
    0x00, 0x03, 0x30, 0x00, 0x19, 0xC0, 0x00, 0xCC, 0x00, 0x0E, 0xE0, 0x00, 0xE7, 0xFF, 0x06, 0x7F,
    0xF8, 0x73, 0x31, 0x83, 0xB1, 0x98, 0x3D, 0xCC, 0x83, 0x7B, 0x6E, 0x3B, 0x1B, 0x70, 0x19, 0xD9,
    0xC0, 0xCC, 0xC7, 0x06, 0xC6, 0x38, 0x3E, 0x30, 0xC1, 0xE9, 0x82, 0x0C, 0x7E, 0x00, 0x61, 0xF0,
    0x03, 0x07, 0x00, 0x00, 0x00, 0x00, 0x00, 0x00, 0x00, 0x30, 0xE0, 0x01, 0xC7, 0x00, 0x0C, 0x18,
    0x80, 0xFF, 0xFE, 0x07, 0xFF, 0xE0, 0x70, 0x36, 0x03, 0xBF, 0xF8, 0x3D, 0xFF, 0xC1, 0xE6, 0x66,
    0x1F, 0x3F, 0xF1, 0xB9, 0xFF, 0x81, 0xCD, 0x80, 0x0F, 0xFC, 0x00, 0x77, 0xE0, 0x03, 0x87, 0x80,
    0x1C, 0x7F, 0x00, 0xE7, 0x3F, 0x07, 0xF0, 0x7E, 0x1E, 0x00, 0xF0, 0x06, 0x43, 0x00, 0x3B, 0x1C,
    0x01, 0x98, 0xE0, 0x1C, 0xE7, 0x00, 0xC7, 0x30, 0x0E, 0xFF, 0xF0, 0x77, 0xFF, 0x87, 0x8E, 0x60,
    0x3C, 0x73, 0x03, 0xE3, 0x98, 0x37, 0x1F, 0xFC, 0x3F, 0xFF, 0xE1, 0xFF, 0xA0, 0x0E, 0x39, 0x80,
    0x71, 0xCE, 0x03, 0x9C, 0x38, 0x1D, 0xC0, 0xE0, 0xEC, 0x03, 0x07, 0xC0, 0x18, 0x00, 0x00, 0x00,
    0x60, 0x07, 0x07, 0x08, 0x30, 0xFF, 0xC3, 0x0D, 0xFF, 0x31, 0xDC, 0xFB, 0x19, 0xED, 0xB3, 0x9E,
    0xDB, 0x39, 0xED, 0xB7, 0x9E, 0xDB, 0x79, 0xED, 0xBD, 0x9E, 0xDB, 0x19, 0xED, 0xB1, 0x9E, 0xDB,
    0x19, 0xFD, 0xB1, 0x8D, 0x93, 0x18, 0xDC, 0x31, 0x98, 0xFF, 0x1B, 0x07, 0xF1, 0xE0, 0x0F, 0x00,
    0x00, 0x00, 0x06, 0x00, 0x00, 0x3B, 0xFE, 0x01, 0xFF, 0xF8, 0x1D, 0xF8, 0x00, 0xDF, 0xFE, 0x0E,
    0xFF, 0xF0, 0x77, 0x33, 0x87, 0xBF, 0xF8, 0x7C, 0xFF, 0xC3, 0xE6, 0x66, 0x37, 0x3F, 0xF8, 0x39,
    0xFE, 0x01, 0xFD, 0x80, 0x0F, 0xFC, 0x00, 0x70, 0xF0, 0x03, 0x8F, 0xE0, 0x1C, 0xE7, 0xC0, 0xFE,
    0x0F, 0xC7, 0xC0, 0x1E, 0x06, 0x00, 0x00, 0x3F, 0xFC, 0x01, 0xBF, 0xF0, 0x1D, 0x83, 0x00, 0xCC,
    0x18, 0x0E, 0x77, 0xC0, 0x73, 0xFE, 0x07, 0x9F, 0x80, 0x7C, 0x0C, 0x03, 0x6F, 0xFF, 0x33, 0xFF,
    0xFC, 0x39, 0x7E, 0x01, 0xC7, 0xF8, 0x0E, 0x36, 0xE0, 0x73, 0xB3, 0xC3, 0xF1, 0x8F, 0x1F, 0x0C,
    0x38, 0xE0, 0x60, 0x03, 0x03, 0x00, 0x00, 0x00, 0x00, 0x00, 0x00, 0x00, 0x19, 0xC0, 0x01, 0xCF,
    0x80, 0x0E, 0x1E, 0x00, 0x60, 0x3F, 0x07, 0xFF, 0xF8, 0x77, 0xFF, 0x83, 0x80, 0xF8, 0x3C, 0xFF,
    0xC1, 0xE3, 0xFC, 0x1B, 0x3F, 0xF1, 0x99, 0xFF, 0x80, 0xC0, 0x00, 0x06, 0x7F, 0xE0, 0x31, 0xFF,
    0x01, 0x8C, 0x18, 0x0C, 0x61, 0xC0, 0x63, 0xFE, 0x03, 0x1F, 0xF0, 0x18, 0xC0, 0x00, 0x00, 0x00,
    0x00, 0x06, 0x0C, 0x00, 0x30, 0x60, 0x03, 0x87, 0xF0, 0x1C, 0x7F, 0x81, 0xC3, 0x98, 0x0D, 0xB7,
    0xC0, 0xEF, 0x1C, 0x07, 0x63, 0xF8, 0x7B, 0x3B, 0xFB, 0xDF, 0xBB, 0xF6, 0xF3, 0xE0, 0x36, 0x7B,
    0x01, 0xB7, 0x7C, 0x0D, 0x87, 0xB0, 0x6C, 0xF7, 0x83, 0x6E, 0x78, 0x18, 0x0F, 0x00, 0xC3, 0xE0,
    0x06, 0x3C, 0x00, 0x00, 0x00, 0x00, 0x00, 0x00, 0x00, 0x80, 0x0C, 0x38, 0x01, 0x87, 0xFE, 0x30,
    0xFF, 0xE6, 0x39, 0xE6, 0xC6, 0x7C, 0xD9, 0xCF, 0xDB, 0x3F, 0xFF, 0x67, 0x79, 0xED, 0xE3, 0x8D,
    0xAC, 0x31, 0xB1, 0xBF, 0xB6, 0x33, 0xF6, 0xC6, 0x18, 0xD8, 0xC3, 0xEB, 0x1F, 0xF8, 0x63, 0xF8,
    0xEC, 0x6C, 0x0F, 0x8C, 0x00, 0x70, 0x00, 0x04, 0x06, 0x00, 0x00, 0x31, 0xFF, 0x83, 0xE7, 0xFC,
    0x1F, 0x06, 0x00, 0xD9, 0xFE, 0x0E, 0xC7, 0xF8, 0x67, 0xB1, 0x87, 0x3F, 0xFC, 0x79, 0xCF, 0xE3,
    0xCC, 0x7F, 0x36, 0x63, 0xF8, 0x33, 0x3F, 0xC1, 0x9B, 0xF6, 0x0C, 0xF7, 0xB0, 0x6F, 0x1F, 0x83,
    0xF0, 0xFC, 0x1A, 0x0E, 0x70, 0xC0, 0xE1, 0x86, 0x0E, 0x0E, 0x00, 0x40, 0x00, 0x06, 0x18, 0x00,
    0x71, 0xE0, 0x06, 0x0F, 0x00, 0xEF, 0xFC, 0x0C, 0xFF, 0xC1, 0xCC, 0x0C, 0x1C, 0xFF, 0xC3, 0xCF,
    0xFE, 0x7C, 0xC0, 0x06, 0xDF, 0xFE, 0xCD, 0xFF, 0xE1, 0xDE, 0xF6, 0x1D, 0xFF, 0xE1, 0xDF, 0xFE,
    0x1F, 0x6F, 0x61, 0xF6, 0xF6, 0x1F, 0x6F, 0xE1, 0xE6, 0xFE, 0x0C, 0x60, 0x60, 0x00, 0x00, 0x00,
    0x06, 0x00, 0x00, 0x60, 0x00, 0x07, 0xFC, 0x3F, 0xFF, 0xC1, 0xFF, 0x80, 0x01, 0xC8, 0x00, 0x19,
    0xE0, 0x03, 0x8F, 0x01, 0x7F, 0xF8, 0x1F, 0xFF, 0xC0, 0xFF, 0x9C, 0x01, 0xB8, 0x00, 0x1B, 0x81,
    0x03, 0xB8, 0x10, 0x73, 0x83, 0x0E, 0x38, 0x31, 0xC3, 0xFF, 0x78, 0x1F, 0xF6, 0x00, 0xFC, 0x00,
    0x00, 0x00, 0x07, 0x00, 0x03, 0x70, 0x00, 0x37, 0x00, 0x07, 0x71, 0x00, 0x7F, 0xF8, 0x07, 0xFF,
    0x80, 0xC7, 0x00, 0x0C, 0x70, 0x01, 0x8F, 0xFE, 0x7F, 0xFF, 0xE3, 0xFF, 0x80, 0x01, 0x98, 0x00,
    0x39, 0x83, 0x03, 0x18, 0x30, 0x71, 0x83, 0x0E, 0x18, 0x31, 0xC1, 0xFF, 0x78, 0x1F, 0xEE, 0x00,
    0x7C, 0x00, 0x60, 0x00, 0x07, 0x00, 0x00, 0x71, 0x00, 0xC7, 0x38, 0x0E, 0x73, 0x80, 0x77, 0x70,
    0x03, 0xFE, 0x00, 0x37, 0xDC, 0x3F, 0xFF, 0xE3, 0xFF, 0xFC, 0x01, 0xD8, 0x00, 0x19, 0x80, 0x03,
    0x98, 0x30, 0x31, 0x83, 0x07, 0x18, 0x30, 0xE1, 0x83, 0x1C, 0x1F, 0xF7, 0x81, 0xFE, 0x60, 0x07,
    0x80, 0x01, 0xC0, 0x00, 0x0E, 0x00, 0x00, 0x38, 0x00, 0x01, 0xC0, 0x00, 0x06, 0x00, 0x00, 0x38,
    0x00, 0x01, 0xC0, 0x00, 0x0F, 0x00, 0x00, 0xF8, 0x00, 0x0E, 0xE0, 0x00, 0x73, 0x80, 0x07, 0x1C,
    0x00, 0x70, 0x70, 0x03, 0x81, 0xC0, 0x38, 0x07, 0x03, 0x80, 0x1C, 0x38, 0x00, 0x73, 0x80, 0x01,
    0xD0, 0x00, 0x06, 0x00, 0x00, 0x00, 0x03, 0x80, 0x00, 0x1C, 0x00, 0x01, 0xE0, 0x00, 0x1F, 0x80,
    0x00, 0xEE, 0x00, 0x0E, 0x3C, 0x00, 0xE0, 0xF0, 0x0E, 0x3F, 0xE0, 0xFF, 0xFF, 0xDC, 0xFF, 0x1F,
    0xC0, 0xE0, 0x00, 0x07, 0xF0, 0x07, 0xFF, 0x80, 0x1F, 0xFC, 0x00, 0x0E, 0x00, 0x00, 0x70, 0x01,
    0xFF, 0xFF, 0x0F, 0xFF, 0xF8, 0x00, 0x00, 0x00, 0x00, 0x00, 0x00, 0x10, 0x30, 0x00, 0xC3, 0x80,
    0x07, 0x1C, 0x00, 0x1D, 0xC0, 0x00, 0x7F, 0xC0, 0x7F, 0xFF, 0x01, 0xFF, 0xE0, 0x00, 0x70, 0x00,
    0x03, 0x00, 0x0F, 0xFF, 0xF8, 0x7F, 0xFF, 0xC1, 0x8F, 0x00, 0x00, 0x7C, 0x00, 0x07, 0x70, 0x00,
    0x71, 0xC0, 0x07, 0x07, 0x80, 0x70, 0x1F, 0x0F, 0x00, 0x3E, 0xE0, 0x00, 0xE0, 0x00, 0x04, 0x00,
    0x18, 0x70, 0x00, 0xC1, 0x80, 0x06, 0x0D, 0x01, 0xFF, 0xFC, 0x0F, 0xFF, 0xE0, 0x0C, 0x38, 0x00,
    0x7F, 0xC0, 0x03, 0xFE, 0x00, 0x18, 0x70, 0x00, 0xFF, 0x80, 0x07, 0xFC, 0x00, 0x30, 0xE0, 0x3F,
    0xFF, 0xF9, 0xFF, 0xFF, 0xC0, 0x31, 0x80, 0x03, 0x8F, 0x00, 0x38, 0x3C, 0x03, 0x80, 0xF0, 0x38,
    0x01, 0x80, 0x00, 0x00, 0x00, 0x00, 0x00, 0x00, 0x0C, 0xC0, 0x00, 0x66, 0x00, 0x03, 0x30, 0x01,
    0x9F, 0xF8, 0x0F, 0xFF, 0xC0, 0x3F, 0xF6, 0x01, 0xBB, 0x30, 0x0D, 0xFF, 0x80, 0x7F, 0xFC, 0x03,
    0xFE, 0x60, 0x1B, 0xB3, 0x00, 0xDD, 0x9A, 0x7F, 0xFF, 0xF9, 0xFF, 0xFF, 0xC0, 0x33, 0x80, 0x03,
    0x8F, 0x00, 0x78, 0x3C, 0x07, 0x80, 0xF0, 0x70, 0x01, 0x80, 0x00, 0x00, 0x00, 0xE0, 0x00, 0x70,
    0x00, 0x38, 0x00, 0x1C, 0x67, 0xFF, 0xF9, 0xFF, 0xFC, 0xC3, 0x06, 0x61, 0xC3, 0x31, 0xF1, 0x98,
    0xFC, 0xCC, 0xEF, 0x66, 0x63, 0xB3, 0x60, 0xF9, 0xE0, 0x3C, 0xE0, 0x06, 0x60, 0x33, 0x30, 0x1F,
    0xB8, 0x07, 0xCC, 0x00, 0xE0, 0x00, 0x00, 0x00, 0x00, 0x80, 0xFF, 0xFE, 0x07, 0xFF, 0xF0, 0x00,
    0xC0, 0x00, 0xCF, 0xF0, 0x07, 0xFF, 0xC0, 0x3F, 0x8E, 0x01, 0x8C, 0x70, 0x0F, 0xFF, 0x80, 0x7F,
    0xFC, 0x03, 0x18, 0xE0, 0x19, 0xFF, 0xEF, 0xFF, 0xFF, 0xBF, 0xF1, 0xC0, 0x30, 0x0E, 0x01, 0x80,
    0x70, 0x0C, 0x1F, 0x80, 0x60, 0x7C, 0x03, 0x01, 0xE0, 0x00, 0x00, 0x06, 0x1F, 0xF3, 0xFF, 0xFC,
    0xFF, 0xF7, 0x36, 0x03, 0x9D, 0x83, 0xC6, 0x7F, 0xE0, 0x3F, 0xF0, 0x0C, 0x00, 0x03, 0xFF, 0xE0,
    0xFF, 0xF8, 0x00, 0x0C, 0xFF, 0xFB, 0x3F, 0xFE, 0xC7, 0x80, 0x70, 0x02, 0x1C, 0x00, 0xE6, 0x00,
    0x1F, 0x80, 0x03, 0xC0, 0x00, 0x00, 0x00, 0x60, 0x00, 0x06, 0x70, 0x60, 0xE6, 0x07, 0x0C, 0x60,
    0x79, 0xFF, 0xC3, 0xFF, 0xFE, 0x1F, 0x8C, 0x00, 0x78, 0xC8, 0x0D, 0xFF, 0xC0, 0x7F, 0xFC, 0x0D,
    0x8C, 0x01, 0xDF, 0xFC, 0x39, 0xFF, 0xC7, 0x18, 0xC0, 0xF1, 0x8C, 0x0E, 0x1F, 0xFE, 0x01, 0xFF,
    0xF0, 0x1C, 0x00, 0x01, 0x80, 0x00, 0x00, 0x00, 0x00, 0x18, 0x00, 0x00, 0xE0, 0x00, 0x07, 0x00,
    0x43, 0xFF, 0xC7, 0x1F, 0xFC, 0x1C, 0x7F, 0xC0, 0x77, 0xFE, 0x01, 0x86, 0x0C, 0x03, 0xFF, 0xF0,
    0x1F, 0xFC, 0x01, 0xB8, 0xF0, 0x1F, 0xFF, 0xC0, 0xFB, 0xC7, 0x0F, 0x8F, 0xFC, 0xFF, 0xFF, 0xE7,
    0x1F, 0xC0, 0x70, 0x3F, 0x03, 0x07, 0x9E, 0x00, 0xF0, 0x78, 0x0F, 0x00, 0xE0, 0x07, 0xFC, 0x00,
    0x3F, 0xF0, 0x01, 0x83, 0x80, 0x0C, 0x1C, 0x00, 0x60, 0xC0, 0x03, 0x06, 0x00, 0x18, 0x30, 0x00,
    0xC1, 0x80, 0x06, 0x0C, 0x00, 0x30, 0x60, 0x03, 0x83, 0x06, 0x1C, 0x18, 0x30, 0xC0, 0xC1, 0x8E,
    0x06, 0x0C, 0x60, 0x30, 0xE6, 0x01, 0xFF, 0x60, 0x07, 0xF2, 0x00, 0x00, 0x00, 0x00, 0x00, 0x00,
    0xC0, 0x00, 0x70, 0x00, 0x38, 0x07, 0x1C, 0x61, 0x8E, 0x30, 0xC7, 0x18, 0x63, 0x8C, 0x31, 0xDE,
    0x1F, 0xFF, 0x0F, 0xFF, 0x80, 0x38, 0x46, 0x1C, 0x33, 0x0E, 0x19, 0x87, 0x0C, 0xC3, 0x86, 0x61,
    0xFF, 0x7F, 0xFF, 0xBF, 0xFF, 0xC8, 0x00, 0x60, 0x00, 0x00, 0x00, 0x38, 0x00, 0x0C, 0xC0, 0x00,
    0x67, 0x00, 0x07, 0x1C, 0x00, 0x30, 0x70, 0x03, 0x83, 0x80, 0x38, 0x0E, 0x03, 0x80, 0x3C, 0x39,
    0xFF, 0xF3, 0xFF, 0xFB, 0xF9, 0xF8, 0xCD, 0x01, 0x8E, 0x00, 0x1C, 0x70, 0x01, 0xC3, 0x80, 0x0C,
    0x18, 0x00, 0xEC, 0xC0, 0x1E, 0x7E, 0x01, 0xC1, 0xF0, 0x0C, 0x07, 0x00, 0x18, 0x00, 0x03, 0x80,
    0x00, 0x73, 0xFF, 0x8E, 0x7F, 0xF1, 0xC0, 0xE6, 0x3F, 0x9C, 0xFF, 0xF3, 0x1B, 0xF0, 0x63, 0x1C,
    0x0C, 0x63, 0x83, 0x8C, 0x71, 0x61, 0x8E, 0xFC, 0x71, 0xFB, 0x8E, 0x3C, 0xE1, 0xCF, 0x1B, 0x31,
    0x86, 0x7E, 0x01, 0x87, 0xC0, 0x60, 0x38, 0x00, 0x00, 0x00, 0x00, 0x1C, 0x1F, 0xC1, 0xBF, 0xFC,
    0x33, 0xF0, 0x86, 0x0C, 0x18, 0xC3, 0x83, 0x18, 0x7F, 0x63, 0x1F, 0xEC, 0x63, 0x1D, 0x8C, 0xF3,
    0x31, 0x9F, 0xE6, 0x36, 0x78, 0xC6, 0x07, 0x1C, 0xC1, 0xC3, 0x98, 0x30, 0x23, 0x0C, 0x00, 0x67,
    0x00, 0xED, 0xC0, 0x0F, 0xA0, 0x00, 0xF0, 0x00, 0x04, 0x00, 0x00, 0x00, 0x60, 0x0C, 0x0E, 0x01,
    0x83, 0xC0, 0x30, 0x7C, 0x46, 0x1D, 0xCC, 0xC3, 0x1D, 0x98, 0xE1, 0xB3, 0x3F, 0xF6, 0x67, 0xFC,
    0xCD, 0xB3, 0x99, 0xA6, 0x63, 0x30, 0xCC, 0x66, 0x1F, 0xBC, 0xC3, 0x77, 0x98, 0x60, 0xD3, 0x0C,
    0x38, 0x61, 0xFE, 0xEC, 0x1F, 0xCF, 0x80, 0x00, 0xF0, 0x00, 0x04, 0x00, 0x00, 0x40, 0x00, 0x0C,
    0x7B, 0xE1, 0x8F, 0xFC, 0x31, 0xFD, 0xB6, 0x37, 0xB6, 0xC6, 0xF6, 0xD8, 0xDE, 0xDB, 0x1F, 0xFF,
    0x6F, 0xFF, 0xED, 0xFF, 0x6D, 0x8D, 0xED, 0xB1, 0xBD, 0xB6, 0x77, 0xB6, 0xCD, 0xF6, 0xD9, 0xBE,
    0xCB, 0x3F, 0x98, 0x67, 0xFF, 0x6D, 0x9F, 0xE7, 0xA0, 0x9C, 0x70, 0x00, 0x04, 0x00, 0x00, 0x40,
    0x00, 0x0C, 0x07, 0xC1, 0xBF, 0xF8, 0x33, 0xFC, 0xC6, 0x1D, 0x1C, 0xC3, 0x71, 0x98, 0xEF, 0x33,
    0x7F, 0xF6, 0x67, 0xEE, 0xCC, 0x1C, 0x99, 0x83, 0x83, 0x33, 0xFE, 0x66, 0x7F, 0xCC, 0xC1, 0xC3,
    0x98, 0x3F, 0xB3, 0x07, 0xE0, 0x6F, 0xE0, 0x6D, 0xE0, 0x0F, 0x80, 0x00, 0xF0, 0x00, 0x04, 0x00,
    0x00, 0x01, 0x80, 0x31, 0x70, 0x0C, 0x7C, 0x03, 0x3F, 0xEC, 0xCF, 0xFF, 0xB7, 0xF8, 0xED, 0x9F,
    0xFB, 0xFF, 0xFE, 0xFF, 0xE3, 0xB2, 0x70, 0xED, 0xFF, 0xFB, 0x3F, 0xFE, 0xCD, 0xDF, 0xB3, 0x77,
    0xEC, 0xDF, 0xD3, 0x37, 0xF0, 0xCD, 0xD9, 0xB0, 0x70, 0x7C, 0x1C, 0x0F, 0x00, 0x00, 0x80, 0x00,
    0x00, 0x00, 0x00, 0x0C, 0xFF, 0xE1, 0x8F, 0xF8, 0x31, 0x83, 0x66, 0x3F, 0xEC, 0xC7, 0xFD, 0xD8,
    0xCC, 0x3B, 0x19, 0xC7, 0x67, 0xFE, 0xEC, 0xFF, 0xFD, 0x9F, 0xCF, 0xB3, 0xFB, 0xF6, 0x7F, 0x7E,
    0xCF, 0xFF, 0xDB, 0x7F, 0xD3, 0x67, 0xB0, 0x78, 0x30, 0x6F, 0x06, 0x0F, 0x80, 0xC0, 0xF0, 0x00,
    0x04, 0x00, 0x04, 0x00, 0x81, 0xC0, 0x1C, 0x30, 0x03, 0xCE, 0x00, 0x3F, 0xFF, 0xFF, 0xFF, 0xDF,
    0xF0, 0x41, 0xFC, 0x0C, 0x3F, 0xD9, 0x87, 0x1B, 0x30, 0xFF, 0x66, 0x1F, 0xEC, 0xC3, 0x8D, 0xD8,
    0x7F, 0xBB, 0x0F, 0xF7, 0x61, 0xE6, 0xEC, 0x30, 0xC9, 0x86, 0xD9, 0xB0, 0xDF, 0x1E, 0x18, 0xE1,
    0xC0, 0x00, 0x00, 0x00, 0x20, 0x40, 0x1E, 0x0C, 0x1F, 0xC1, 0x8F, 0xC0, 0x30, 0x3F, 0xE6, 0xFF,
    0xFE, 0xCF, 0xF1, 0xD8, 0x7F, 0xFB, 0x7F, 0xFF, 0x67, 0xFE, 0xEC, 0x3F, 0xBD, 0xBF, 0xBF, 0xB7,
    0x7F, 0xF6, 0x1F, 0x8E, 0xC7, 0xFD, 0xD9, 0xDB, 0x93, 0x73, 0x30, 0x6C, 0x60, 0x7C, 0x0C, 0x07,
    0x81, 0x80, 0x70, 0x00, 0x04, 0x00, 0x0C, 0x00, 0xE0, 0xC0, 0x07, 0x1C, 0x0B, 0xFF, 0xFE, 0xFF,
    0xFF, 0xE7, 0xF8, 0x30, 0x1F, 0xFB, 0x01, 0xFD, 0xB0, 0x1F, 0xDB, 0x01, 0xFF, 0xB0, 0x1F, 0xDB,
    0x03, 0xFD, 0xF0, 0x3B, 0xCF, 0x03, 0xFF, 0xF0, 0x3F, 0xFF, 0x81, 0xF8, 0x30, 0x07, 0x03, 0x00,
    0xE7, 0x70, 0x3C, 0x3F, 0x07, 0x01, 0xE0, 0x00, 0x00, 0x00, 0x00, 0x00, 0x00, 0x00, 0x1D, 0xFF,
    0xE1, 0xBF, 0xFC, 0x33, 0x80, 0x66, 0x3F, 0xCC, 0xC7, 0xF9, 0x98, 0xC7, 0x33, 0x1F, 0xE6, 0x63,
    0xF8, 0xCD, 0xFF, 0xD9, 0x9F, 0xFB, 0x33, 0x33, 0x66, 0x7F, 0xEC, 0xCF, 0xFD, 0x99, 0x99, 0x93,
    0x33, 0x70, 0x67, 0xFE, 0xEC, 0xFF, 0xCF, 0x88, 0x00, 0xF0, 0x00, 0x04, 0x00, 0x06, 0x00, 0x00,
    0x60, 0x00, 0x06, 0x00, 0x00, 0x60, 0x7F, 0xC6, 0x07, 0xFC, 0xFE, 0x3E, 0x7F, 0xE0, 0xE7, 0xFE,
    0x0E, 0x0C, 0x60, 0xE0, 0xC6, 0x0E, 0x5C, 0x60, 0xFD, 0x86, 0x0F, 0xB8, 0x67, 0xE3, 0x8E, 0x78,
    0x70, 0xE0, 0x06, 0xCC, 0x00, 0xCF, 0xC0, 0x18, 0x7C, 0x03, 0x01, 0xC0, 0x06, 0x00, 0x00, 0x70,
    0x00, 0x06, 0x00, 0x00, 0x60, 0x00, 0x06, 0x1F, 0xE7, 0xFE, 0xFF, 0x7F, 0xEF, 0xE0, 0x66, 0xC6,
    0x06, 0x6C, 0x60, 0xE6, 0xC6, 0x0C, 0x6C, 0x60, 0xCE, 0xC6, 0x1C, 0xEC, 0x61, 0x8E, 0xC6, 0x18,
    0xCC, 0x63, 0xCC, 0xFE, 0x77, 0xCF, 0xE6, 0x3C, 0xC0, 0xC1, 0x80, 0x00, 0x00, 0x00, 0x00, 0x07,
    0x00, 0x00, 0x38, 0x00, 0x03, 0xFE, 0x00, 0x3F, 0xF0, 0x03, 0xC7, 0x00, 0x77, 0xF0, 0x03, 0x0F,
    0x00, 0x01, 0xFE, 0x00, 0x3F, 0x7E, 0x07, 0xDC, 0xFE, 0xF8, 0xE1, 0xE4, 0xFF, 0xF8, 0x07, 0xFF,
    0xC0, 0x03, 0x0E, 0x00, 0x38, 0x60, 0x03, 0xE3, 0x00, 0x3B, 0xF8, 0x07, 0x8F, 0xC0, 0x70, 0x1C,
    0x00, 0x00, 0x06, 0x00, 0x00, 0xC1, 0xFE, 0x18, 0x3F, 0xC3, 0x00, 0x00, 0x60, 0x00, 0xFF, 0x83,
    0xFF, 0xFF, 0xFF, 0xF6, 0x7F, 0x0E, 0xC3, 0x01, 0x98, 0x6C, 0x33, 0x1D, 0x8E, 0x63, 0x39, 0x8C,
    0xFF, 0x31, 0xBF, 0xFE, 0x77, 0x8F, 0xCE, 0x00, 0x6F, 0xC0, 0x18, 0xF0, 0x02, 0x0E, 0x00, 0x00,
    0x00, 0x01, 0xC0, 0x00, 0x70, 0x00, 0x18, 0x00, 0x0E, 0x00, 0x03, 0xFF, 0xF1, 0xFF, 0xFC, 0x66,
    0x66, 0x33, 0x99, 0x98, 0xCE, 0x6C, 0x73, 0x18, 0x19, 0xC6, 0x0E, 0x71, 0x87, 0x38, 0x63, 0x8C,
    0x18, 0x87, 0x0E, 0x03, 0x83, 0x81, 0xCE, 0xC0, 0xE1, 0xF0, 0x00, 0x3C, 0x00, 0x00, 0x00, 0x00,
    0x00, 0x1F, 0xFF, 0xC7, 0xFF, 0xF1, 0x8D, 0xC0, 0x63, 0x30, 0x18, 0xCC, 0x06, 0x33, 0x01, 0x8C,
    0xC0, 0x67, 0x30, 0x19, 0x8C, 0x06, 0x63, 0xF9, 0xB0, 0xFE, 0x78, 0x00, 0x1C, 0x00, 0x07, 0xFF,
    0xFD, 0xFF, 0xFF, 0x60, 0x00, 0x00, 0x00, 0x00, 0xC7, 0xFE, 0x7F, 0xFF, 0x3F, 0xC4, 0x1C, 0x07,
    0x0E, 0xC3, 0x87, 0x71, 0x83, 0x9D, 0xC1, 0xC7, 0xC0, 0xE1, 0xE0, 0x70, 0xF0, 0x38, 0xFC, 0x1C,
    0xE7, 0x0E, 0xE1, 0xC7, 0xE0, 0x63, 0xE0, 0x3D, 0xFF, 0xFF, 0xFF, 0xFF, 0x60, 0x00, 0x00, 0x00,
    0x00, 0x02, 0x00, 0x03, 0x00, 0x03, 0x00, 0x03, 0x00, 0x03, 0x00, 0x03, 0xFE, 0x03, 0xFF, 0x03,
    0xF0, 0x03, 0x00, 0x03, 0x00, 0x03, 0x1C, 0xFF, 0xFE, 0x7F, 0xFE, 0x60, 0x0C, 0x60, 0x0C, 0x60,
    0x0C, 0x60, 0x0C, 0x7F, 0xFC, 0x7F, 0xFC, 0x70, 0x00, 0x00, 0x00, 0x00, 0x80, 0x00, 0x18, 0x00,
    0x03, 0x00, 0x00, 0x6F, 0x00, 0x0F, 0xE0, 0x01, 0xF0, 0x00, 0x30, 0x00, 0x06, 0x0E, 0xFF, 0xFF,
    0xFF, 0xFF, 0xF8, 0x03, 0x00, 0x00, 0x78, 0x00, 0x0F, 0xC0, 0x01, 0xBC, 0x00, 0x31, 0xC0, 0x06,
    0x18, 0x00, 0xC0, 0x00, 0x18, 0x00, 0x03, 0x00, 0x00, 0x60, 0x00, 0x04, 0x00, 0x3F, 0xD8, 0xC3,
    0xFF, 0xFE, 0x38, 0xFF, 0xE3, 0x9D, 0xC6, 0x3F, 0xDC, 0x63, 0xFD, 0xC6, 0x38, 0xDC, 0x63, 0xFD,
    0xC6, 0x3F, 0xDC, 0x63, 0xB1, 0xC6, 0x3B, 0x9F, 0x63, 0x99, 0xFE, 0x3B, 0xDD, 0xE3, 0xFF, 0xC4,
    0x7E, 0x7C, 0x07, 0x87, 0xC0, 0x00, 0x1C, 0x00, 0x01, 0xC0, 0x00, 0x08, 0x00, 0x00, 0x03, 0xC1,
    0xFF, 0xFE, 0x1F, 0xFF, 0xC0, 0xC1, 0x80, 0x1C, 0x38, 0x01, 0xFF, 0xFC, 0x1F, 0xFF, 0xC1, 0xDB,
    0xFC, 0x1D, 0xFF, 0x81, 0xDF, 0x98, 0x19, 0xFF, 0x81, 0x9F, 0xFC, 0x19, 0x99, 0x03, 0x9D, 0xB8,
    0x31, 0x99, 0xC3, 0x39, 0x8E, 0x67, 0xD8, 0x76, 0xC7, 0x82, 0xC0, 0x38, 0x00, 0x01, 0x80, 0x00,
    0x00, 0x00, 0x8C, 0x80, 0x0C, 0xCC, 0x00, 0xCC, 0xE0, 0x19, 0xC7, 0x03, 0x98, 0x38, 0x3F, 0xFF,
    0xC3, 0xFF, 0xF8, 0x03, 0x00, 0x00, 0x3F, 0xE0, 0x07, 0xFF, 0x00, 0xFE, 0xE0, 0x0F, 0x8C, 0x01,
    0xDD, 0xC0, 0x38, 0xF8, 0x03, 0x0F, 0x80, 0x61, 0xFE, 0x0C, 0x78, 0xF8, 0x1E, 0x03, 0xE3, 0x80,
    0x0E, 0x01, 0xF0, 0x03, 0xFF, 0x80, 0x0F, 0xF0, 0x00, 0x31, 0xFF, 0xC1, 0xFF, 0xFE, 0x0F, 0xEC,
    0x60, 0x63, 0x73, 0x03, 0x79, 0xB8, 0x1F, 0xCF, 0x80, 0xFE, 0x3C, 0x06, 0x31, 0xE0, 0x3F, 0x8F,
    0x07, 0xFC, 0x7C, 0x7E, 0x67, 0xF1, 0x83, 0x73, 0xC0, 0x1F, 0x0F, 0x00, 0xE0, 0x38, 0x06, 0x00,
    0x00, 0x00, 0x00, 0x41, 0xFD, 0xFF, 0xF9, 0xFF, 0xB3, 0x00, 0x66, 0x00, 0xCC, 0x01, 0x98, 0x03,
    0x30, 0x0E, 0x60, 0x1C, 0xE0, 0x39, 0xFF, 0xF3, 0xFF, 0xE7, 0x00, 0x04, 0x00, 0x00, 0x00, 0x00,
    0x0F, 0xFF, 0xFF, 0xFF, 0xFF, 0xBE, 0x03, 0x80, 0x00, 0x70, 0x3F, 0xCE, 0x07, 0xF9, 0xC0, 0xFB,
    0x38, 0x1C, 0x67, 0x01, 0x9C, 0xE0, 0x3F, 0x9C, 0x07, 0xF3, 0x00, 0xC0, 0x60, 0x00, 0x0C, 0x00,
    0x11, 0x80, 0x03, 0xF0, 0x00, 0x3F, 0x00, 0x01, 0xC0, 0x00, 0x00, 0x00, 0x00, 0x60, 0x00, 0x07,
    0x00, 0x00, 0x70, 0x00, 0x06, 0x00, 0x00, 0xFF, 0xE7, 0xFF, 0xFF, 0x3F, 0xFE, 0x00, 0x1C, 0x00,
    0x03, 0x80, 0x00, 0x30, 0x70, 0x07, 0xFF, 0x80, 0xFF, 0xF8, 0x1F, 0x03, 0x83, 0xB0, 0x38, 0x73,
    0x83, 0x8C, 0x3F, 0xF0, 0x03, 0xFF, 0x80, 0x3F, 0xF0, 0x01, 0x80, 0x00, 0x00, 0x00, 0x00, 0x3F,
    0xF8, 0x01, 0xFF, 0xC0, 0x0E, 0x0E, 0x00, 0x30, 0xE0, 0x01, 0xFF, 0x80, 0x0F, 0xF8, 0x00, 0x63,
    0xFE, 0x7F, 0xFF, 0xFB, 0xFF, 0xF0, 0x00, 0xE0, 0x00, 0x07, 0xFE, 0x00, 0x3F, 0xF0, 0x00, 0x03,
    0x80, 0x00, 0x1C, 0x00, 0x10, 0xC0, 0x00, 0xEE, 0x00, 0x03, 0xF0, 0x00, 0x0F, 0x00, 0x00, 0x10,
    0x00, 0x6F, 0xFF, 0x7F, 0xFF, 0x7F, 0x03, 0x60, 0x13, 0x6F, 0xFB, 0x6F, 0xFB, 0x60, 0x03, 0x6F,
    0xF3, 0x67, 0xFB, 0x66, 0x33, 0x66, 0x33, 0x67, 0xF3, 0x67, 0xFB, 0x66, 0x03, 0x60, 0x33, 0x60,
    0x3F, 0x60, 0x1F, 0x60, 0x07, 0x00, 0x00, 0x00, 0x00, 0x00, 0x1C, 0x00, 0x07, 0x00, 0x03, 0x9C,
    0x01, 0xFF, 0x80, 0xFF, 0xE0, 0x70, 0x70, 0x3E, 0x38, 0x3B, 0xDC, 0x0C, 0x3E, 0x00, 0x0F, 0x00,
    0x0F, 0x00, 0x07, 0xFF, 0xCF, 0xFF, 0xF7, 0xB8, 0x1D, 0x0E, 0x07, 0x01, 0x81, 0xC0, 0x7F, 0xF0,
    0x1F, 0xFC, 0x06, 0x00, 0x00, 0x00, 0x00, 0x00, 0x00, 0x00, 0x00, 0x70, 0x00, 0x1F, 0x00, 0x9F,
    0xE0, 0x0F, 0xF0, 0x00, 0xF0, 0x00, 0x0C, 0x00, 0x00, 0xFF, 0xFF, 0x0F, 0xFF, 0xF0, 0xF8, 0x00,
    0x0C, 0x00, 0x00, 0xC0, 0x30, 0x0F, 0xFF, 0x81, 0xFF, 0xF8, 0x19, 0x81, 0x83, 0x98, 0x18, 0x31,
    0x81, 0x87, 0x1F, 0xF8, 0x61, 0xFF, 0x84, 0x18, 0x00, 0x00, 0x00, 0x00, 0x01, 0x00, 0x00, 0xC0,
    0x00, 0xE0, 0x00, 0x70, 0x00, 0x70, 0x27, 0xFF, 0xFF, 0xFF, 0xFE, 0xC0, 0x07, 0x60, 0x03, 0xB7,
    0xF9, 0xD9, 0xFC, 0xFC, 0xC6, 0x7E, 0x63, 0x3F, 0x3F, 0x9F, 0x9F, 0xCF, 0xCC, 0x07, 0xE0, 0x23,
    0xF0, 0x1F, 0xF8, 0x07, 0xFC, 0x00, 0xE0, 0x00, 0x00, 0x00, 0xFF, 0xCF, 0xFF, 0xF8, 0xFF, 0xC0,
    0x00, 0x70, 0x00, 0x1D, 0x80, 0x0F, 0xFC, 0x03, 0xB3, 0xE1, 0xE6, 0x1F, 0xF0, 0xC0, 0xF8, 0x18,
    0x00, 0x3F, 0xF8, 0x07, 0xFF, 0x00, 0xC0, 0x60, 0x18, 0x0C, 0x03, 0x01, 0x80, 0x7F, 0xF0, 0x0F,
    0xFE, 0x01, 0x80, 0x00, 0x00, 0x00, 0x00, 0x00, 0x80, 0x00, 0x70, 0x00, 0x0F, 0x00, 0x01, 0xC0,
    0x1F, 0xFF, 0x87, 0xFF, 0xE1, 0xF0, 0x38, 0x60, 0x0C, 0x1F, 0xFF, 0x07, 0xFF, 0xE1, 0xFE, 0x00,
    0x60, 0x00, 0x1B, 0xFF, 0xCE, 0xFF, 0xF3, 0xB0, 0x1C, 0xCC, 0x06, 0x73, 0x01, 0x98, 0xFF, 0xEC,
    0x3F, 0xFF, 0x0C, 0x00, 0x00, 0x00, 0x00, 0x00, 0x00, 0x00, 0x1C, 0x00, 0x13, 0x80, 0x03, 0x70,
    0x00, 0x6E, 0x00, 0x1F, 0xFE, 0x03, 0xFF, 0xC0, 0xE7, 0x00, 0x18, 0xE0, 0x06, 0x1F, 0xFF, 0xFF,
    0xFF, 0xFF, 0xF0, 0x00, 0x81, 0xE0, 0x1F, 0xFE, 0x03, 0xFF, 0xC0, 0x60, 0x30, 0x0E, 0x06, 0x01,
    0xFF, 0xC0, 0x3F, 0xF8, 0x07, 0x00, 0x00, 0x40, 0x00, 0x00, 0x20, 0x00, 0x03, 0x80, 0x00, 0x1C,
    0x00, 0x01, 0xF0, 0x00, 0x1D, 0xC0, 0x01, 0xC7, 0x80, 0x1C, 0x1E, 0x01, 0xFF, 0xFC, 0x1D, 0xFC,
    0xFB, 0xC0, 0x8D, 0xDF, 0xF7, 0xF0, 0x3F, 0xBF, 0x80, 0xCD, 0x8C, 0x06, 0x6C, 0xE0, 0x3F, 0x77,
    0x01, 0xFB, 0xF0, 0x0C, 0x1B, 0x80, 0x00, 0xC8, 0x00, 0x06, 0x00, 0x00, 0x30, 0x00, 0x00, 0x80,
    0x00, 0x00, 0x10, 0x00, 0x00, 0xE0, 0x00, 0x06, 0x00, 0x00, 0x78, 0x0F, 0xC3, 0xE0, 0x7E, 0x3B,
    0x03, 0x31, 0x9C, 0x19, 0x9C, 0x70, 0xCC, 0xC7, 0xE7, 0x6F, 0xFF, 0xBF, 0xFF, 0x9D, 0xFE, 0x00,
    0x4E, 0x1F, 0xFC, 0x20, 0xFF, 0xE0, 0x03, 0x07, 0x00, 0x18, 0x30, 0x00, 0xC1, 0x80, 0x07, 0xFC,
    0x00, 0x3F, 0xE0, 0x01, 0x80, 0x00, 0x00, 0x00, 0x00, 0x00, 0x67, 0x0F, 0xFF, 0xF0, 0xFE, 0xF6,
    0x19, 0xD8, 0xC3, 0xFB, 0xF8, 0x7F, 0xFF, 0x0C, 0x3F, 0x81, 0x7F, 0xFC, 0x3F, 0xFF, 0x83, 0xFE,
    0x00, 0x1E, 0xF8, 0x0F, 0x87, 0xF7, 0xD3, 0xFE, 0xFF, 0x7F, 0x0F, 0xEC, 0x61, 0x8D, 0x8C, 0x3F,
    0xBF, 0x87, 0xF7, 0xF0, 0xF8, 0xC0, 0x00, 0x00, 0x7F, 0x7F, 0xFF, 0xFF, 0xFF, 0xFC, 0x00, 0x7E,
    0x7F, 0x3F, 0x3F, 0x9F, 0x9C, 0xCF, 0xCC, 0x67, 0x66, 0x33, 0xB3, 0xF9, 0xD9, 0xFC, 0xCC, 0x40,
    0x66, 0x00, 0x33, 0xFF, 0xFD, 0xFF, 0xFE, 0xC0, 0x00, 0x60, 0x00, 0x00, 0x00, 0x00, 0x7F, 0xFF,
    0xDF, 0xFF, 0xEC, 0x38, 0x76, 0x1C, 0x3B, 0x0E, 0x1D, 0xFF, 0xFE, 0xFF, 0xFF, 0x6F, 0x83, 0xB1,
    0xE1, 0xD8, 0xF8, 0xEC, 0xEF, 0x76, 0x63, 0xFB, 0x60, 0xFD, 0xE0, 0x3E, 0xC3, 0xFF, 0x7F, 0xFF,
    0xBF, 0xFF, 0x98, 0x00, 0x00, 0x00, 0x00, 0x87, 0xFF, 0xBF, 0xFF, 0xEF, 0xF8, 0x1B, 0x06, 0x06,
    0xDF, 0xFD, 0xB7, 0xFE, 0x6C, 0x1F, 0x1B, 0x3F, 0xE6, 0xCF, 0xC1, 0xBF, 0xFF, 0x6F, 0xFF, 0xFB,
    0x06, 0x36, 0xC1, 0xFD, 0xB0, 0x6F, 0x6C, 0x19, 0xDB, 0x06, 0x06, 0xFF, 0xFF, 0xBF, 0xFF, 0xEF,
    0xC0, 0x01, 0x00, 0x00, 0xFF, 0xFF, 0x7F, 0xFF, 0x9E, 0x60, 0xCC, 0x30, 0x66, 0x18, 0xB3, 0xFF,
    0xF9, 0xFF, 0xEC, 0xC3, 0x06, 0x6F, 0xF3, 0x33, 0xF9, 0x99, 0x8C, 0xCC, 0xCE, 0x66, 0x7F, 0x33,
    0x3F, 0x19, 0x80, 0x0C, 0xFF, 0xFF, 0xFF, 0xFF, 0xB0, 0x00, 0x00, 0x00, 0x00, 0x00, 0x3F, 0x7F,
    0xFF, 0xDF, 0xFC, 0xEC, 0x70, 0x76, 0x3F, 0x3B, 0x3F, 0x9D, 0xBD, 0x8E, 0xDF, 0xC7, 0x79, 0xE3,
    0xB1, 0xF9, 0xDB, 0xEF, 0xEF, 0xFD, 0xF7, 0x2E, 0x3B, 0x3E, 0x1D, 0x87, 0x8E, 0xC0, 0xE7, 0x7F,
    0xFF, 0xBF, 0xFF, 0xD8, 0x00, 0x00, 0x00, 0x00, 0x00, 0x40, 0x00, 0x03, 0x00, 0x00, 0x18, 0x00,
    0x01, 0xC0, 0x00, 0x0F, 0xFE, 0x1F, 0xFF, 0xF0, 0x7F, 0xE0, 0x00, 0x73, 0x80, 0x0F, 0x1C, 0x00,
    0x78, 0xE0, 0x03, 0x87, 0xE0, 0x3F, 0xFF, 0x81, 0xEF, 0xF8, 0x1F, 0x0E, 0x01, 0xB8, 0x70, 0x19,
    0xC3, 0x80, 0x0E, 0x1F, 0xF0, 0x7F, 0xFF, 0x83, 0xFF, 0xF0, 0x1C, 0x00, 0x00, 0x00, 0x00, 0x00,
    0x00, 0x0E, 0x00, 0xE0, 0x30, 0x03, 0x01, 0x80, 0x18, 0x0C, 0x00, 0xC6, 0x66, 0x06, 0x33, 0xF1,
    0xFD, 0xBF, 0x8F, 0xFF, 0xCC, 0x0D, 0xFE, 0x60, 0x6F, 0x33, 0x03, 0x19, 0xB8, 0x1B, 0xCF, 0xC0,
    0xFE, 0x7D, 0xBF, 0x37, 0xEF, 0xF1, 0x98, 0x6E, 0x0C, 0x03, 0x00, 0x7F, 0xF8, 0x01, 0xFF, 0x80,
    0x03, 0xE0, 0x00, 0x00, 0x00, 0x00, 0x30, 0x03, 0x01, 0x80, 0x18, 0x0C, 0x00, 0xC0, 0x60, 0x06,
    0x03, 0x00, 0x31, 0x18, 0x0F, 0xFC, 0xC0, 0x7F, 0xE7, 0xE0, 0x63, 0x3F, 0x03, 0x19, 0x80, 0x18,
    0xCC, 0x00, 0xCE, 0x60, 0x07, 0xF3, 0x00, 0xF9, 0x98, 0x0F, 0x8C, 0xC0, 0x70, 0x66, 0x00, 0x3F,
    0xFF, 0xC0, 0xFF, 0xFE, 0x00, 0x00, 0x00, 0x03, 0x80, 0x70, 0x70, 0x06, 0x0C, 0x00, 0xC3, 0x80,
    0x18, 0x7F, 0xC3, 0x1F, 0xFB, 0xFB, 0x03, 0x7F, 0xE0, 0x61, 0x9F, 0x8C, 0x36, 0x79, 0x86, 0x03,
    0xF0, 0xC8, 0x7E, 0x1F, 0x3C, 0xCF, 0xBF, 0x3F, 0xE3, 0x87, 0x70, 0x00, 0xE0, 0x01, 0xF8, 0x00,
    0x1F, 0x00, 0x00, 0xE0, 0x00, 0x00, 0x00, 0x07, 0x00, 0x00, 0x38, 0x00, 0x03, 0xFE, 0x00, 0x3F,
    0xF0, 0x03, 0xC7, 0x00, 0x77, 0xF0, 0x03, 0x0F, 0x00, 0x01, 0xFE, 0x00, 0x3E, 0x7E, 0x07, 0xC0,
    0xFE, 0xFF, 0xFF, 0xE4, 0xFF, 0xF8, 0x07, 0x18, 0xC0, 0x1F, 0xFE, 0x00, 0xFF, 0xF0, 0x06, 0x33,
    0x80, 0x3F, 0xFC, 0x01, 0xFF, 0xE0, 0x0C, 0x00, 0x00, 0x00, 0x00, 0x00, 0x02, 0x00, 0x00, 0x30,
    0x00, 0x07, 0x0F, 0x00, 0xFF, 0xF8, 0x0F, 0xFC, 0x01, 0xFF, 0xE0, 0x3F, 0xFE, 0x07, 0xFF, 0xE0,
    0x0F, 0xFE, 0x00, 0xCF, 0xE0, 0x0F, 0xFE, 0x00, 0xFF, 0x80, 0x03, 0xFE, 0x00, 0x7F, 0xE0, 0x1F,
    0x3C, 0x03, 0xBF, 0x80, 0x61, 0xF8, 0x00, 0x7F, 0xF0, 0x3F, 0x0F, 0xEF, 0x80, 0x1E, 0x00, 0x00,
    0x00, 0x00, 0x08, 0x00, 0x18, 0x70, 0x00, 0xC3, 0x80, 0x0E, 0x1C, 0x00, 0x60, 0xE0, 0x07, 0xFF,
    0x00, 0x3F, 0xF8, 0x01, 0x8D, 0xE0, 0x18, 0xEF, 0x81, 0xF6, 0x7F, 0x0D, 0xF3, 0xBC, 0xC7, 0x1C,
    0xF0, 0x38, 0xE1, 0x01, 0x87, 0x00, 0x18, 0x38, 0x01, 0xC1, 0xC0, 0x1C, 0x0E, 0x01, 0xC0, 0x70,
    0x1C, 0x03, 0x80, 0x80, 0x1C, 0x00, 0x00, 0x40, 0x00, 0x00, 0x60, 0x00, 0x03, 0x00, 0x00, 0x18,
    0x00, 0x00, 0xC0, 0x00, 0x06, 0x00, 0x00, 0x30, 0x00, 0xFF, 0xFF, 0x87, 0xFF, 0xFC, 0x1F, 0xF0,
    0x00, 0x07, 0xC0, 0x00, 0x76, 0x00, 0x03, 0xB8, 0x00, 0x38, 0xE0, 0x01, 0x83, 0x80, 0x1C, 0x0E,
    0x01, 0xC0, 0x78, 0x3C, 0x01, 0xF3, 0x80, 0x03, 0xF0, 0x00, 0x0C, 0x00, 0x3F, 0x03, 0xFF, 0xF8,
    0x1F, 0xFC, 0x00, 0x0E, 0x00, 0x00, 0xE0, 0x00, 0x0E, 0x00, 0x01, 0xFF, 0xC7, 0xFF, 0xFC, 0x3F,
    0xE0, 0x00, 0x1F, 0x00, 0x01, 0xB8, 0x00, 0x39, 0xC0, 0x07, 0x0E, 0x00, 0xE0, 0xF0, 0x1C, 0x07,
    0x83, 0x80, 0x1E, 0xE0, 0x00, 0xF8, 0x00, 0x02, 0x00, 0x00, 0x00, 0x03, 0x00, 0x00, 0x9C, 0x00,
    0x06, 0xE0, 0x00, 0x77, 0x00, 0x03, 0xBF, 0x80, 0x1F, 0xFE, 0x01, 0xFF, 0xC0, 0x0C, 0x70, 0x00,
    0xC3, 0x00, 0x0F, 0xFF, 0xF8, 0x7F, 0xFF, 0xC1, 0xCF, 0x00, 0x00, 0x7C, 0x00, 0x07, 0x70, 0x00,
    0x71, 0xC0, 0x07, 0x07, 0x80, 0x70, 0x1F, 0x0F, 0x00, 0x3E, 0xE0, 0x00, 0xE0, 0x00, 0x40, 0x00,
    0x03, 0x80, 0x00, 0x1C, 0x00, 0x00, 0xE0, 0x00, 0x1F, 0xF8, 0x0F, 0xFF, 0xE0, 0x3F, 0xCC, 0x00,
    0xCE, 0xE0, 0x07, 0x67, 0x00, 0x1B, 0x70, 0x00, 0xDF, 0xFC, 0xFF, 0xFF, 0xE3, 0xFF, 0xC0, 0x00,
    0x7C, 0x00, 0x07, 0x70, 0x00, 0x71, 0xC0, 0x07, 0x07, 0x80, 0x70, 0x1F, 0x0F, 0x00, 0x7E, 0xE0,
    0x00, 0xE0, 0x00, 0x00, 0x00, 0x60, 0x00, 0x06, 0x00, 0x00, 0x60, 0x00, 0x06, 0x40, 0x00, 0x6E,
    0xFE, 0x0F, 0xFF, 0xEF, 0xFF, 0xC6, 0x7F, 0xCC, 0x60, 0xCC, 0xC6, 0x1C, 0xCC, 0x61, 0x9C, 0xC6,
    0x1D, 0x8C, 0x60, 0xF8, 0xC6, 0x07, 0x0F, 0xE0, 0x78, 0xFE, 0x0F, 0xCF, 0xC1, 0xCE, 0xC0, 0x38,
    0x60, 0x06, 0x00, 0x00, 0x08, 0x06, 0x00, 0x60, 0x38, 0x03, 0x01, 0x80, 0x18, 0x1C, 0x00, 0xD0,
    0xD8, 0x06, 0xCE, 0xE0, 0x7F, 0xE3, 0x9F, 0xF7, 0xFC, 0x7B, 0xFF, 0xF0, 0xDF, 0xE1, 0x8E, 0xC0,
    0x04, 0x7E, 0x7F, 0xC1, 0xF3, 0xFE, 0x07, 0x98, 0x70, 0x3E, 0xC3, 0x83, 0xF6, 0x1C, 0x39, 0xFF,
    0xE3, 0x01, 0xFF, 0x10, 0x0E, 0x00, 0x00, 0x00, 0x00, 0x00, 0x80, 0x00, 0x0E, 0x00, 0x10, 0xE0,
    0x03, 0xFF, 0xFE, 0x3F, 0xFF, 0xE3, 0xF0, 0x0C, 0x70, 0x3D, 0x86, 0xFF, 0xF0, 0x6F, 0xFC, 0x00,
    0x03, 0x80, 0x00, 0xF0, 0x00, 0x0E, 0x1C, 0xFF, 0xFF, 0xEF, 0xFF, 0xFE, 0x00, 0x60, 0x00, 0x06,
    0x00, 0x00, 0x60, 0x00, 0x76, 0x00, 0x03, 0xE0, 0x00, 0x1E, 0x00, 0x00, 0x40, 0x00, 0x00, 0x00,
    0x00, 0x03, 0x00, 0x00, 0x1C, 0x00, 0x01, 0xCF, 0x83, 0xFF, 0xFE, 0x1F, 0xFF, 0x00, 0x06, 0x00,
    0x00, 0x7F, 0xF0, 0x0F, 0x7F, 0x80, 0x70, 0x18, 0x03, 0x83, 0x80, 0x3C, 0x18, 0x03, 0xFF, 0xFF,
    0x33, 0xFF, 0xFB, 0x38, 0x18, 0x01, 0xC0, 0xC0, 0x0E, 0x06, 0x00, 0x73, 0x30, 0x03, 0x8F, 0x80,
    0x1C, 0x3C, 0x00, 0x00, 0x40, 0x00, 0x00, 0xE0, 0x00, 0x1C, 0x00, 0x43, 0x80, 0x1F, 0xFF, 0xE3,
    0xFF, 0xFC, 0x7C, 0x03, 0x9F, 0x80, 0x63, 0x30, 0x18, 0x66, 0x0C, 0x00, 0xC3, 0xC0, 0x19, 0xF0,
    0x03, 0xF8, 0x00, 0x7C, 0x04, 0x0C, 0x00, 0x81, 0x80, 0x30, 0x30, 0x06, 0x07, 0xFF, 0xC0, 0xFF,
    0xF8, 0x07, 0xFC, 0x00, 0x00, 0x00, 0x00, 0x1C, 0x00, 0x03, 0x80, 0x0C, 0x71, 0xE3, 0xFF, 0xFC,
    0x7F, 0xFF, 0x8C, 0x30, 0x63, 0x8E, 0x0C, 0x61, 0x80, 0x00, 0x7F, 0xFF, 0xFF, 0xFF, 0xFF, 0xEE,
    0x00, 0x61, 0x80, 0x1C, 0x70, 0x03, 0xFC, 0x00, 0x1F, 0x80, 0x01, 0xFC, 0x00, 0xF3, 0xE0, 0xF8,
    0x1E, 0x3C, 0x01, 0xC0, 0x00, 0x00, 0x00, 0x00, 0x00, 0x1C, 0x00, 0x03, 0x80, 0x0C, 0x77, 0xE3,
    0xFF, 0xFE, 0x7F, 0xFB, 0x8C, 0x00, 0x63, 0xFF, 0xF8, 0x67, 0xFC, 0x00, 0x00, 0x01, 0xFF, 0xFE,
    0x3F, 0xFF, 0xE3, 0xBB, 0x00, 0x06, 0x60, 0x41, 0xCC, 0x08, 0x39, 0x83, 0x0E, 0x30, 0x63, 0x87,
    0xFD, 0xE0, 0xFF, 0xF0, 0x07, 0xC0, 0x00, 0x00, 0x00, 0x1C, 0x00, 0x03, 0x80, 0x0C, 0x71, 0xE3,
    0xFF, 0xFC, 0x7F, 0xFF, 0x8C, 0x00, 0x63, 0x80, 0xF8, 0x7F, 0xFE, 0x01, 0xFF, 0xC0, 0x13, 0x80,
    0x07, 0x72, 0x00, 0xEF, 0xE0, 0x19, 0xFC, 0x07, 0x38, 0x00, 0xFF, 0x00, 0x3F, 0xE0, 0x0E, 0x3F,
    0xF1, 0x80, 0xFF, 0xE0, 0x01, 0xF0, 0x00, 0xC0, 0x00, 0x1C, 0x00, 0xC3, 0x9F, 0x1F, 0xFF, 0xF7,
    0xFF, 0x8C, 0xCE, 0x33, 0x9F, 0xFF, 0xE3, 0xFF, 0xF0, 0x03, 0x30, 0x03, 0xFF, 0xC0, 0x3F, 0xF8,
    0x06, 0x63, 0x00, 0xCC, 0x60, 0x19, 0xCC, 0x03, 0x7F, 0x98, 0x7F, 0xB3, 0x07, 0x70, 0x61, 0xCF,
    0x3D, 0xF0, 0xFF, 0xF8, 0x0F, 0xE0, 0x00, 0x80, 0x00, 0x1C, 0x00, 0x43, 0x80, 0x1F, 0xFF, 0xE3,
    0xFF, 0xFC, 0xE3, 0x1B, 0x9C, 0x77, 0xE3, 0xF7, 0xDC, 0x3F, 0x7F, 0xC6, 0x7C, 0xF9, 0xCF, 0x1F,
    0x13, 0xFF, 0x81, 0xEF, 0xF0, 0xF1, 0xC4, 0x16, 0x38, 0xC0, 0xC7, 0x18, 0x18, 0xE3, 0x03, 0xFF,
    0xE0, 0x7F, 0xFC, 0x04, 0x01, 0x80, 0x00, 0x00, 0x00, 0x01, 0x80, 0x00, 0x0C, 0x0F, 0xE0, 0x60,
    0xFF, 0x83, 0x03, 0xD8, 0x18, 0x08, 0xC7, 0xFC, 0xEF, 0xFF, 0xE3, 0xF7, 0xF0, 0x0F, 0x31, 0x80,
    0x39, 0xCC, 0x01, 0xC7, 0x60, 0x0F, 0x3B, 0x00, 0xDC, 0xD8, 0x0E, 0xE0, 0xC0, 0x63, 0x86, 0x06,
    0x09, 0x30, 0x60, 0x0F, 0x86, 0x00, 0x3C, 0x00, 0x00, 0xE0, 0x0C, 0x03, 0x00, 0xE0, 0x38, 0x06,
    0x01, 0x80, 0x68, 0x18, 0x7F, 0xC1, 0x83, 0xF8, 0x1E, 0x06, 0x7F, 0xFF, 0xFF, 0xFE, 0xFF, 0xF1,
    0x80, 0xE3, 0x98, 0x06, 0x19, 0x87, 0xFD, 0xD8, 0x7F, 0xCD, 0x80, 0x60, 0x18, 0x06, 0x21, 0x80,
    0xFF, 0x18, 0xFF, 0x9F, 0x8F, 0x80, 0xF8, 0x00, 0x03, 0x80, 0x00, 0x00, 0x00, 0x1C, 0x06, 0x00,
    0x70, 0x1C, 0x01, 0x80, 0x30, 0x3F, 0xC0, 0xC0, 0x7F, 0x03, 0x01, 0xFF, 0xFF, 0x87, 0xFF, 0xFE,
    0x19, 0xF8, 0xC0, 0x7F, 0xE3, 0x01, 0xFF, 0xCC, 0x07, 0xFB, 0xB0, 0xFF, 0xC6, 0xC1, 0xFF, 0x1B,
    0x00, 0x7C, 0x0C, 0x03, 0xF0, 0x30, 0x39, 0xC0, 0xC1, 0xDF, 0x3B, 0x0C, 0x7C, 0x7C, 0x00, 0xF0,
    0xF0, 0x00, 0x00, 0x00, 0x00, 0x00, 0x00, 0x30, 0x30, 0x01, 0xC3, 0x80, 0x0E, 0x3F, 0xC0, 0x73,
    0xFF, 0x3B, 0xB8, 0x70, 0xDF, 0xFF, 0x07, 0xF3, 0xF0, 0x1F, 0x1F, 0x00, 0xFB, 0xCC, 0x01, 0xF8,
    0x6C, 0x0F, 0xFF, 0xF1, 0xFF, 0xFF, 0x9F, 0x98, 0xC3, 0xDC, 0xE6, 0x0C, 0xE3, 0xB0, 0x07, 0x0D,
    0x80, 0x38, 0x6C, 0x01, 0xC3, 0xE0, 0x0C, 0x07, 0x00, 0x00, 0x00, 0x00, 0x00, 0xE0, 0x00, 0x06,
    0x00, 0x00, 0x60, 0x00, 0x06, 0x00, 0x00, 0x60, 0x00, 0xC6, 0x60, 0x0C, 0x67, 0x01, 0xC6, 0x38,
    0x1C, 0x63, 0x83, 0x86, 0x1C, 0x30, 0x60, 0xE7, 0x06, 0x0E, 0x60, 0x60, 0x7C, 0x06, 0x06, 0x80,
    0x60, 0x00, 0x66, 0x00, 0x07, 0xE0, 0x00, 0x1E, 0x00, 0x00, 0xE0, 0x00, 0x06, 0x06, 0x00, 0x30,
    0x38, 0x01, 0x81, 0xE0, 0xFF, 0xEF, 0x87, 0xFF, 0x6E, 0x00, 0x03, 0x30, 0xFF, 0xFF, 0xC7, 0xFF,
    0xFE, 0x38, 0xC7, 0x01, 0xFE, 0x38, 0x0F, 0xF3, 0xE0, 0x3F, 0x1F, 0x01, 0xFC, 0xF0, 0x1F, 0xFF,
    0x8C, 0xDD, 0xEC, 0x6E, 0xEF, 0x63, 0x7F, 0x33, 0xF8, 0x7B, 0x1F, 0x81, 0xB0, 0x78, 0x00, 0x03,
    0x00, 0x7F, 0xFC, 0x01, 0xFF, 0xE0, 0x0C, 0x03, 0x00, 0x60, 0x38, 0x03, 0xFF, 0xC0, 0x1F, 0xFE,
    0x01, 0xF7, 0x00, 0x0C, 0x1C, 0x00, 0x60, 0x70, 0x07, 0x71, 0xE0, 0x33, 0xE7, 0x83, 0x07, 0xDF,
    0x38, 0x0E, 0x3F, 0x8E, 0x00, 0xE0, 0x7C, 0x00, 0x00, 0xF8, 0x00, 0x01, 0xE0, 0x00, 0x03, 0x80,
    0x00, 0x00, 0x00, 0x08, 0x1F, 0x81, 0xFF, 0xF0, 0x3F, 0xFE, 0x06, 0x01, 0xC0, 0xDF, 0xF8, 0x1F,
    0xFF, 0x03, 0xF8, 0x00, 0x63, 0xFF, 0x1F, 0xFF, 0xE3, 0xFF, 0x0C, 0x7C, 0xE3, 0x8D, 0xFE, 0x71,
    0xBF, 0xCE, 0x76, 0x19, 0x8C, 0xFF, 0x33, 0x9F, 0xE6, 0x63, 0x8C, 0xD8, 0x01, 0xFA, 0x00, 0x1E,
    0x00, 0x00, 0xC0, 0x00, 0x00, 0x01, 0xFF, 0xF8, 0x3F, 0xFF, 0x06, 0x00, 0xC0, 0xC7, 0xF8, 0x1F,
    0xFF, 0x83, 0xFE, 0x00, 0x61, 0xC0, 0x0C, 0xFF, 0xE3, 0xFF, 0xFC, 0x7F, 0xE0, 0x0C, 0x1C, 0x01,
    0xBF, 0xF8, 0x77, 0xFF, 0x0C, 0xE0, 0x61, 0x9C, 0x0C, 0x61, 0xFF, 0x8C, 0x3F, 0xF1, 0x06, 0x00,
    0x00, 0x08, 0x1F, 0x80, 0xFF, 0xFC, 0x0F, 0xF9, 0xC0, 0xC1, 0xF8, 0x0F, 0xFF, 0xC0, 0xFF, 0xE0,
    0x0C, 0xE6, 0x00, 0xC6, 0xE0, 0x1F, 0xFF, 0xC1, 0xFF, 0xFC, 0x19, 0xE6, 0x01, 0x8E, 0x6E, 0x1F,
    0xFF, 0xF3, 0xFF, 0xFE, 0x30, 0xC6, 0x03, 0x1C, 0x60, 0x61, 0x86, 0x06, 0x30, 0x60, 0xC6, 0x06,
    0x00, 0x00, 0x00, 0x00, 0x07, 0x00, 0xFF, 0xFC, 0x07, 0xFF, 0xE0, 0x18, 0x07, 0x00, 0xFF, 0xF8,
    0x0F, 0xFF, 0x80, 0x73, 0x30, 0x03, 0xFF, 0xF0, 0x1F, 0xFF, 0xC0, 0xC6, 0x60, 0x06, 0x3F, 0xF8,
    0x3F, 0xFF, 0xE1, 0xFF, 0x18, 0x18, 0xDF, 0xC0, 0xC6, 0x7C, 0x06, 0x33, 0xE0, 0x61, 0xF3, 0xC3,
    0x7E, 0x0F, 0xF3, 0xC0, 0x1E, 0x00, 0x00, 0x00, 0x18, 0x00, 0xC7, 0x18, 0x31, 0x86, 0x0C, 0xFF,
    0x83, 0xFF, 0xE0, 0xFC, 0x18, 0x7F, 0x7F, 0x1F, 0xDF, 0xC6, 0x36, 0x31, 0xFD, 0xFC, 0x7F, 0x7F,
    0x18, 0xD8, 0xC7, 0xF7, 0xF1, 0xFD, 0xFC, 0xE3, 0xE3, 0x34, 0xF4, 0xDD, 0xFD, 0xF6, 0x3E, 0x3D,
    0x07, 0x87, 0x00, 0xC0, 0x00, 0x87, 0x18, 0x06, 0x38, 0xE0, 0x31, 0xC7, 0x01, 0xFF, 0xF8, 0x0F,
    0xFF, 0xC0, 0x7C, 0x7C, 0x06, 0x73, 0x80, 0x31, 0x9F, 0xC7, 0xFF, 0xFF, 0x3F, 0xFF, 0x30, 0x67,
    0x7F, 0x03, 0xFE, 0xF0, 0x1F, 0xE7, 0x00, 0xEE, 0x38, 0x06, 0x73, 0xE0, 0x3F, 0xBB, 0x81, 0xFF,
    0x8F, 0x0C, 0x38, 0x3C, 0x03, 0x80, 0xE0, 0x00, 0x00, 0x00, 0x06, 0x00, 0x00, 0x60, 0x00, 0x0E,
    0x00, 0x00, 0xE0, 0x00, 0x1F, 0xFE, 0x3F, 0xFF, 0xE1, 0xFC, 0x00, 0x01, 0x80, 0x00, 0x38, 0x00,
    0x03, 0xFF, 0x80, 0x7F, 0xF8, 0x06, 0xD8, 0x00, 0xC1, 0x80, 0x1C, 0x18, 0x03, 0x81, 0x80, 0x70,
    0x18, 0x06, 0xFF, 0xFF, 0x07, 0xFF, 0xE0, 0x00, 0x7C, 0x0F, 0xFF, 0xC1, 0xFF, 0xF8, 0x00, 0x07,
    0x03, 0x00, 0xE0, 0x60, 0x1C, 0x0C, 0x03, 0x01, 0xFF, 0xF0, 0x3F, 0xFC, 0x06, 0x00, 0x00, 0xC0,
    0x01, 0x18, 0x00, 0x33, 0x00, 0x06, 0x60, 0x01, 0xCC, 0x00, 0x31, 0xFF, 0xFE, 0x3F, 0xFF, 0xC0,
    0x7C, 0x00, 0x00, 0x40, 0x00, 0x0E, 0x00, 0x00, 0xE0, 0x00, 0x0C, 0x3E, 0x7F, 0xFF, 0xF3, 0xFF,
    0xFC, 0x03, 0xB0, 0x00, 0x33, 0x80, 0x07, 0x39, 0x80, 0xFF, 0xFC, 0x1F, 0xFF, 0xC3, 0xF3, 0x9C,
    0x77, 0x39, 0xCE, 0x73, 0x9C, 0x07, 0x3F, 0xC0, 0x73, 0xFC, 0x07, 0x3B, 0x80, 0x03, 0x80, 0x00,
    0x38, 0x00, 0x03, 0x80, 0x00, 0x10, 0x00, 0x00, 0x00, 0x00, 0x60, 0x60, 0x07, 0xCE, 0x00, 0x3F,
    0xC0, 0x00, 0xFE, 0x00, 0x3C, 0xF0, 0x1F, 0xC3, 0x27, 0xFF, 0xFF, 0x7F, 0xFF, 0xF1, 0x3B, 0x00,
    0x03, 0x31, 0x00, 0x7F, 0xF8, 0x0F, 0xFF, 0x83, 0xE3, 0x18, 0x77, 0x31, 0x8E, 0x73, 0xF8, 0x07,
    0x37, 0x80, 0x23, 0x18, 0x00, 0x30, 0x00, 0x03, 0x00, 0x00, 0x10, 0x00, 0x00, 0x04, 0x03, 0x98,
    0xC0, 0x73, 0x98, 0x06, 0x7F, 0xE7, 0xFF, 0xFC, 0xFF, 0xD8, 0x0B, 0xB3, 0x03, 0x7F, 0xFE, 0x7F,
    0xFF, 0xEF, 0xF8, 0x1B, 0x83, 0x86, 0x6F, 0xFF, 0x85, 0xFF, 0xF0, 0x1D, 0xCE, 0x03, 0x39, 0xC0,
    0x67, 0xB0, 0x0C, 0xFE, 0x01, 0x9D, 0xC0, 0x03, 0x80, 0x00, 0x70, 0x00, 0x04, 0x00, 0x00, 0xC0,
    0x01, 0x1C, 0xC0, 0x3B, 0xB8, 0x13, 0xFE, 0x07, 0x7F, 0xFE, 0xFF, 0xFF, 0xDF, 0xE0, 0x33, 0x7F,
    0xEC, 0xE7, 0xFD, 0x08, 0xC3, 0x80, 0x1F, 0xF0, 0x03, 0xFC, 0x01, 0x8F, 0xF0, 0x3F, 0xFE, 0x07,
    0xF8, 0xC0, 0xC7, 0x18, 0x18, 0xFF, 0x03, 0x9D, 0xE0, 0x23, 0x88, 0x00, 0x60, 0x00, 0x04, 0x00,
    0x18, 0x00, 0x03, 0x1F, 0xF8, 0x67, 0xFF, 0x8C, 0x78, 0x0D, 0xE7, 0xF9, 0xFE, 0xFF, 0x1E, 0xD8,
    0x67, 0xDB, 0xFC, 0xFB, 0x7F, 0x9F, 0x74, 0x3B, 0xFF, 0xFF, 0xFF, 0xFF, 0xF7, 0xFC, 0xCE, 0x31,
    0xFF, 0x86, 0x3F, 0xF0, 0xC6, 0x66, 0x18, 0xFF, 0xC3, 0x1F, 0xFC, 0x63, 0x00, 0x00, 0x00, 0x00,
    0x00, 0x0C, 0x00, 0x1C, 0x70, 0x00, 0x7F, 0xF8, 0x7F, 0xFF, 0xC1, 0xF9, 0xE0, 0x03, 0xFF, 0x80,
    0x1F, 0xFC, 0x00, 0xFF, 0xE0, 0x07, 0xFF, 0x00, 0x3F, 0xF8, 0x01, 0xF3, 0xF8, 0xFF, 0xFF, 0xE3,
    0xFF, 0x70, 0x07, 0xFF, 0xE0, 0xFF, 0xFF, 0xEE, 0xEE, 0x6F, 0xC7, 0x7B, 0x00, 0x3B, 0xF8, 0x01,
    0x9D, 0xC0, 0x00, 0xE0, 0x00, 0x02, 0x00, 0x00, 0x00, 0x01, 0x80, 0xFF, 0xFE, 0x07, 0xFF, 0xE0,
    0x00, 0xE7, 0x00, 0xC7, 0x38, 0x07, 0x39, 0x80, 0x1D, 0xDC, 0x00, 0x6E, 0xC0, 0x03, 0xFC, 0x00,
    0x0B, 0xCF, 0xBF, 0xFF, 0xFE, 0xFF, 0xFF, 0xC0, 0x06, 0x00, 0x00, 0x30, 0x00, 0x01, 0x80, 0x00,
    0x0C, 0x00, 0x00, 0x60, 0x00, 0x03, 0x00, 0x00, 0x18, 0x00, 0x00, 0xC0, 0x00, 0x00, 0x00, 0x00,
    0x18, 0x30, 0x00, 0xE3, 0x80, 0x07, 0x18, 0x00, 0x1D, 0xC0, 0x0B, 0xFF, 0xE0, 0x7F, 0xFF, 0x01,
    0xF1, 0x80, 0x01, 0x8C, 0x00, 0x0C, 0x60, 0x00, 0x7F, 0xFD, 0xFF, 0xFF, 0xF7, 0xFF, 0xF0, 0x01,
    0xC6, 0x00, 0x0C, 0x30, 0x00, 0xE1, 0x80, 0x06, 0x0C, 0x00, 0x60, 0x60, 0x06, 0x03, 0x00, 0x60,
    0x18, 0x00, 0x00, 0x00, 0x00, 0x00, 0x30, 0x00, 0x01, 0x80, 0x00, 0x0C, 0x10, 0x3F, 0xFF, 0xC1,
    0xFF, 0xFE, 0x0E, 0x00, 0x00, 0x70, 0xC0, 0x03, 0x86, 0x18, 0x1D, 0x38, 0xC0, 0xF8, 0xC6, 0x07,
    0xE7, 0x70, 0x33, 0xBB, 0x01, 0x9C, 0xF8, 0x0C, 0x71, 0xC0, 0xE3, 0x1C, 0x06, 0x00, 0xC4, 0x7F,
    0xFF, 0xF3, 0x7F, 0xFF, 0x90, 0x00, 0x00, 0x00, 0x30, 0x00, 0x01, 0x80, 0x00, 0x0C, 0x00, 0x31,
    0xFF, 0x81, 0xFF, 0xFE, 0x0F, 0xE1, 0x80, 0x70, 0x7C, 0x03, 0xFF, 0xC0, 0x1F, 0xFC, 0x00, 0xFC,
    0xE0, 0x06, 0xE3, 0x20, 0x37, 0xFF, 0x81, 0xBF, 0xFC, 0x0D, 0xC7, 0x00, 0xEE, 0x18, 0x06, 0x7E,
    0xE3, 0x33, 0xFB, 0x9B, 0x7C, 0xFE, 0xDB, 0xC3, 0xFD, 0x88, 0x0D, 0xE0, 0x00, 0x02, 0x00, 0x00,
    0x30, 0x00, 0x03, 0x00, 0x00, 0x30, 0x01, 0xFF, 0xFE, 0x1F, 0xFF, 0xE1, 0xFC, 0x60, 0x1C, 0xCF,
    0xC1, 0xFF, 0xFE, 0x1F, 0xFE, 0x01, 0xCF, 0xE0, 0x18, 0xFE, 0x01, 0x8C, 0xF0, 0x1B, 0xFF, 0x81,
    0x9F, 0xF0, 0x38, 0xEE, 0x03, 0x0F, 0xE0, 0x30, 0x3C, 0x06, 0x0F, 0xF8, 0x67, 0xC7, 0xFC, 0xF0,
    0x0F, 0x00, 0x00, 0x20, 0x00, 0x0C, 0x00, 0x00, 0x60, 0x00, 0x3F, 0xF0, 0xFC, 0xFF, 0x87, 0xE0,
    0xFF, 0x07, 0xFF, 0xF8, 0x33, 0xFF, 0x03, 0x9F, 0xF8, 0x3E, 0x7F, 0xC1, 0xF8, 0xFE, 0x05, 0xFF,
    0xF0, 0x0C, 0xF8, 0x00, 0xFF, 0xFF, 0x3F, 0xFF, 0xF9, 0xFE, 0x30, 0x03, 0x7F, 0x80, 0x38, 0xFF,
    0x83, 0x80, 0xFF, 0xF8, 0x00, 0x7C, 0x00, 0x00, 0x00, 0x07, 0xFF, 0x87, 0xFF, 0xF0, 0xFF, 0x70,
    0x01, 0x8E, 0x00, 0x31, 0xC0, 0x06, 0x38, 0x00, 0xC7, 0xF7, 0xFF, 0xFF, 0xFF, 0xFF, 0xC0, 0xE3,
    0x80, 0x18, 0x70, 0x03, 0x0E, 0x00, 0xE1, 0xC0, 0x18, 0x38, 0x07, 0x07, 0x01, 0xC0, 0xE0, 0x70,
    0x1C, 0x0C, 0x03, 0x80, 0x00, 0x00, 0x00, 0x00, 0xC0, 0x00, 0x0D, 0x00, 0x01, 0xF0, 0x00, 0x37,
    0x80, 0x06, 0x70, 0x00, 0xEF, 0x9F, 0xFF, 0xF3, 0xFF, 0xFC, 0x00, 0x30, 0x00, 0x07, 0x00, 0xFF,
    0xE0, 0x1F, 0xEC, 0x00, 0x61, 0xC0, 0x0C, 0x18, 0x41, 0xBB, 0x88, 0x3F, 0x33, 0x7F, 0x07, 0x6F,
    0x80, 0x7C, 0x00, 0x07, 0x80, 0x00, 0xF0, 0x00, 0x00, 0x00, 0x06, 0xFF, 0x0D, 0xFE, 0x18, 0x1C,
    0x30, 0x38, 0x6F, 0xF0, 0xDF, 0xE1, 0xBC, 0x03, 0xE0, 0x07, 0xFE, 0x0F, 0xFE, 0x1F, 0xFC, 0x30,
    0x38, 0x60, 0x70, 0xC0, 0xC1, 0xB1, 0x83, 0x7F, 0x06, 0x3E, 0x0C, 0x38, 0x18, 0x00, 0x10, 0x03,
    0x80, 0x07, 0x00, 0x0E, 0x37, 0x1C, 0x77, 0x39, 0xC7, 0x77, 0x06, 0xEC, 0x0D, 0xF0, 0xFF, 0xFF,
    0xFF, 0xFD, 0xF8, 0x38, 0x00, 0x77, 0xFF, 0xEF, 0xFF, 0x80, 0x03, 0x00, 0x06, 0xFF, 0xFD, 0xFF,
    0xFD, 0xFE, 0x00, 0x03, 0xFE, 0x03, 0xFF, 0xC0, 0x3E, 0x18, 0x07, 0xFF, 0x00, 0xFF, 0xE0, 0x00,
    0x0C, 0x3F, 0xFF, 0xFF, 0xFF, 0xFF, 0x00, 0xE3, 0x03, 0x9C, 0xE0, 0x3B, 0x9C, 0x03, 0xFF, 0x00,
    0x3F, 0xC0, 0x0E, 0xFC, 0x07, 0x9B, 0xC3, 0xE3, 0x1E, 0x76, 0x61, 0xE0, 0xFC, 0x08, 0x07, 0x80,
    0x00, 0x00, 0x00, 0x00, 0x00, 0x00, 0xE0, 0xE0, 0x03, 0x03, 0x00, 0x18, 0x18, 0x00, 0xC0, 0xC0,
    0x1F, 0x7F, 0xE1, 0xFF, 0xFF, 0x0F, 0xEF, 0x98, 0x7F, 0x9D, 0xC3, 0xE8, 0xEE, 0x1F, 0x07, 0xFC,
    0xFB, 0xFF, 0xF1, 0xDF, 0xE0, 0x0E, 0x1F, 0x00, 0x70, 0xDC, 0x03, 0x8E, 0x70, 0x1C, 0xE1, 0xC0,
    0xEE, 0x07, 0x07, 0xE0, 0x1E, 0x3E, 0x00, 0x70, 0x00, 0x00, 0x00, 0x02, 0x00, 0x00, 0x70, 0x00,
    0x07, 0x00, 0x00, 0x7F, 0xF0, 0x0F, 0xFF, 0x01, 0xFF, 0xB0, 0x3B, 0xB3, 0x03, 0x37, 0x30, 0x66,
    0x63, 0x00, 0xCE, 0x70, 0x19, 0xE7, 0x00, 0x3B, 0xE0, 0x03, 0xDF, 0x03, 0xCE, 0x58, 0x7E, 0x75,
    0xC7, 0x63, 0x4E, 0x67, 0x06, 0x6E, 0x3C, 0x70, 0xC1, 0xFF, 0x00, 0x0F, 0xF0, 0x00, 0x60, 0x00,
    0x03, 0x80, 0x00, 0x18, 0x00, 0x01, 0xC0, 0x00, 0x0F, 0xFC, 0x1F, 0xFF, 0xF0, 0x7F, 0xF0, 0x00,
    0x79, 0xC0, 0x07, 0xE7, 0x00, 0x73, 0x9E, 0x07, 0x0E, 0x78, 0x70, 0x21, 0xF7, 0x26, 0x1B, 0xAF,
    0xB8, 0xE0, 0x6C, 0xEB, 0x87, 0x63, 0x6E, 0x33, 0x83, 0x33, 0x8F, 0x9C, 0x18, 0x3F, 0xE0, 0x00,
    0x7F, 0x00, 0x00, 0x08, 0x00, 0xE0, 0xC0, 0x07, 0x1C, 0x00, 0x7B, 0x80, 0x03, 0xB0, 0x01, 0xFF,
    0xE0, 0x1F, 0xFF, 0x01, 0xC0, 0x60, 0x0C, 0x06, 0x00, 0xC0, 0x60, 0x0F, 0xFE, 0x00, 0xFF, 0xE0,
    0x0C, 0x80, 0x03, 0x4E, 0x38, 0x3E, 0x71, 0xC7, 0x63, 0xCE, 0x67, 0x06, 0x6E, 0x3C, 0x72, 0xC1,
    0xFF, 0x00, 0x0F, 0xF0, 0x00, 0x00, 0x00, 0xE0, 0xC0, 0x07, 0x06, 0x00, 0x38, 0x30, 0x01, 0xC3,
    0xFF, 0x1F, 0x7F, 0xF9, 0xFF, 0xF0, 0x0F, 0xEE, 0xC0, 0x7F, 0x66, 0x43, 0xFB, 0x33, 0x1F, 0x3D,
    0xB8, 0xFB, 0xFD, 0x81, 0xD9, 0xF8, 0x0F, 0x8F, 0x80, 0x78, 0x3C, 0x03, 0x83, 0xF0, 0x1C, 0x39,
    0xC0, 0xE3, 0x87, 0x07, 0x38, 0x1E, 0x3B, 0x80, 0x70, 0x00, 0x00, 0x00, 0x00, 0xC0, 0x00, 0x0E,
    0x00, 0x01, 0xC0, 0x01, 0xFF, 0xE0, 0x1F, 0xFE, 0x01, 0xC3, 0xE0, 0x0F, 0xFE, 0x00, 0xFF, 0xE0,
    0x0F, 0xFE, 0x00, 0xFF, 0xE0, 0x0C, 0x0E, 0x00, 0xFF, 0xE0, 0x0F, 0xFE, 0x03, 0xCC, 0x38, 0x3E,
    0xE1, 0xC7, 0x67, 0x4E, 0x67, 0x36, 0x6E, 0x3C, 0x72, 0xC1, 0xFF, 0x00, 0x0F, 0xF0, 0x00, 0x0C,
    0x00, 0xE0, 0x60, 0x07, 0x03, 0xF0, 0x39, 0xFF, 0xC1, 0xCF, 0xF8, 0x1F, 0x3F, 0xE1, 0xF9, 0xFF,
    0x0F, 0xE7, 0xFE, 0x7F, 0xFF, 0xF3, 0xFF, 0xFC, 0x1F, 0x1F, 0xF0, 0xF8, 0xFF, 0x81, 0xC7, 0xFC,
    0x0E, 0x3F, 0xE0, 0x71, 0xFF, 0x03, 0x8F, 0xF8, 0x1C, 0x60, 0xC0, 0xE3, 0x36, 0x07, 0x19, 0xF0,
    0x38, 0xC3, 0x80, 0x00, 0x00, 0x00, 0x00, 0x60, 0x00, 0x03, 0xE0, 0x00, 0x1F, 0xC0, 0x00, 0x6E,
    0x00, 0x03, 0x3C, 0x0F, 0xFF, 0xF0, 0x7F, 0xFF, 0x03, 0x87, 0x00, 0x18, 0x19, 0xC0, 0xFE, 0xCE,
    0x07, 0xF7, 0xE0, 0x31, 0x9E, 0x01, 0x9C, 0xF0, 0x0C, 0xE7, 0x08, 0xFE, 0x7C, 0x46, 0xF7, 0xE2,
    0x33, 0xF3, 0xB3, 0x07, 0x0F, 0x98, 0x70, 0x3D, 0x80, 0x00, 0xE0, 0x00, 0x00, 0x00, 0x00, 0xC0,
    0x00, 0x0F, 0x80, 0x00, 0x7E, 0x00, 0x06, 0xF0, 0x00, 0x63, 0x87, 0xFF, 0xFC, 0x7F, 0xFF, 0x80,
    0x07, 0x00, 0x3F, 0xB1, 0x83, 0xFB, 0x38, 0x39, 0xBB, 0x83, 0x99, 0xF0, 0x3F, 0x9E, 0x01, 0xF1,
    0xE2, 0x03, 0xDE, 0x3F, 0xFB, 0xE2, 0xFE, 0x77, 0x66, 0x0E, 0x3E, 0x01, 0xC1, 0xE0, 0x10, 0x1E,
    0x00, 0x00, 0x40, 0x00, 0x10, 0x00, 0x18, 0xC0, 0x00, 0xC7, 0xC0, 0x3F, 0xFF, 0x01, 0xFF, 0xDC,
    0x01, 0x8F, 0xF1, 0xFF, 0xFF, 0xCF, 0xFF, 0xE0, 0x0D, 0xCC, 0xC0, 0x7F, 0xE7, 0x07, 0xFF, 0xB0,
    0x73, 0xCD, 0x83, 0xFF, 0x7C, 0x3F, 0xC3, 0xC3, 0x7F, 0xCE, 0x63, 0xFC, 0xF3, 0x1F, 0xFF, 0xD8,
    0xFF, 0xE7, 0xC6, 0x06, 0x3C, 0x30, 0x60, 0xE0, 0x00, 0x00, 0x00, 0x30, 0x00, 0x0F, 0x00, 0x01,
    0xE0, 0x08, 0x3F, 0x83, 0xFF, 0xF0, 0xFF, 0xFC, 0x30, 0x07, 0x0C, 0x01, 0x83, 0x0F, 0xE0, 0xFF,
    0xFC, 0x3F, 0xFC, 0x1C, 0x00, 0x07, 0x00, 0x01, 0x80, 0x00, 0x60, 0x00, 0x38, 0x00, 0x0C, 0x00,
    0x07, 0x00, 0x01, 0x80, 0x00, 0x00, 0x00, 0x00, 0x00, 0x00, 0x00, 0x00, 0x07, 0x00, 0x70, 0x78,
    0x7F, 0x8F, 0x81, 0xF3, 0xF0, 0x0C, 0x0E, 0x00, 0x7F, 0x60, 0x03, 0xFB, 0x7E, 0x18, 0xDF, 0xF8,
    0xC6, 0xFC, 0x07, 0xF6, 0x60, 0x3F, 0xF3, 0x03, 0x83, 0x98, 0x1C, 0x18, 0xC0, 0xC0, 0xC6, 0x06,
    0x0C, 0x30, 0x70, 0x61, 0x83, 0x06, 0x0C, 0x10, 0x30, 0x60, 0x00, 0x03, 0x00, 0x00, 0x00, 0x00,
    0x00, 0x00, 0x00, 0x00, 0x38, 0x00, 0x0F, 0xC0, 0x03, 0xFC, 0x01, 0xFE, 0x00, 0x04, 0x38, 0x00,
    0x01, 0xFE, 0x01, 0xFF, 0xF0, 0x0F, 0xF8, 0x00, 0x01, 0x80, 0x00, 0x0D, 0xFD, 0xFF, 0xFF, 0xF7,
    0xFF, 0xF8, 0x00, 0x18, 0x00, 0x00, 0xC0, 0x00, 0x06, 0x00, 0x02, 0x30, 0x00, 0x1D, 0x80, 0x00,
    0x7C, 0x00, 0x01, 0xE0, 0x00, 0x00, 0x00, 0x00, 0x0E, 0x00, 0x00, 0x30, 0x00, 0x01, 0x80, 0x7C,
    0x0C, 0xFF, 0xF1, 0xFF, 0xFE, 0x3F, 0xE1, 0x80, 0xF8, 0x0C, 0x00, 0xC0, 0x60, 0x06, 0xE3, 0x00,
    0x3E, 0x18, 0x0F, 0xC0, 0xC1, 0xFC, 0x06, 0x07, 0x60, 0x30, 0x03, 0x01, 0x80, 0x18, 0x0C, 0x04,
    0xC2, 0x60, 0x3E, 0x1F, 0x00, 0xF0, 0x78, 0x03, 0x81, 0xC0, 0x0C, 0x06, 0x00, 0xE0, 0x70, 0x0E,
    0x06, 0x00, 0xE7, 0xFE, 0x0E, 0x7F, 0xF7, 0xFF, 0xC0, 0x7F, 0xF0, 0x00, 0xE7, 0x00, 0x0E, 0x60,
    0x00, 0xFE, 0x00, 0x0F, 0x60, 0x07, 0xE6, 0x00, 0xFC, 0x60, 0x00, 0xCE, 0x00, 0x0C, 0xC0, 0x02,
    0xCC, 0x00, 0x3D, 0x80, 0x03, 0xF8, 0x00, 0x0F, 0x00, 0x00, 0x0E, 0x00, 0x00, 0xE0, 0x00, 0x0E,
    0x00, 0x00, 0xE7, 0xFF, 0x0F, 0xFF, 0xF7, 0xFC, 0x07, 0x7E, 0x00, 0x70, 0xE0, 0x07, 0x0F, 0xC3,
    0xF0, 0xFF, 0xFE, 0x1E, 0x3F, 0x6F, 0xE0, 0x06, 0x7E, 0x00, 0x60, 0xE0, 0x06, 0x0E, 0x00, 0x62,
    0xEF, 0xFE, 0x3E, 0xFF, 0xE1, 0xE0, 0x00, 0x0C, 0x00, 0x00, 0x00, 0x00, 0x00, 0x71, 0xC0, 0x01,
    0x8F, 0x80, 0x0C, 0x3E, 0x00, 0x61, 0xB8, 0x03, 0x4C, 0xC1, 0xFF, 0x6F, 0x8F, 0xFF, 0xFC, 0x06,
    0xFE, 0x80, 0x36, 0xE6, 0x01, 0xF3, 0x70, 0x1E, 0x1F, 0x07, 0xE0, 0xF0, 0x3F, 0x07, 0x00, 0x18,
    0x7C, 0x60, 0xC7, 0x63, 0x26, 0xE3, 0x99, 0xF4, 0x0F, 0x87, 0x80, 0x3C, 0x18, 0x00, 0xE0, 0x0C,
    0x0C, 0x00, 0x60, 0x60, 0x03, 0x03, 0x00, 0x18, 0x1F, 0xE0, 0xDF, 0xFF, 0x3F, 0xFF, 0xE1, 0xFC,
    0x00, 0x01, 0x87, 0xE0, 0x0D, 0xBF, 0x80, 0x79, 0x9C, 0x07, 0x8C, 0xE0, 0xF8, 0x67, 0x0F, 0xC3,
    0x39, 0x86, 0x39, 0xCC, 0x31, 0x8E, 0x61, 0x8C, 0x73, 0x3C, 0xC3, 0xF9, 0xEC, 0x0F, 0x87, 0xC0,
    0x38, 0x00, 0x00, 0x00, 0x0C, 0x00, 0x00, 0x63, 0xFC, 0x03, 0x1F, 0xF0, 0x18, 0xC3, 0x80, 0xC6,
    0x1C, 0x3F, 0xF7, 0xC1, 0xFF, 0x9E, 0x01, 0x8C, 0x70, 0x0C, 0x7F, 0xC0, 0x7F, 0xFE, 0x03, 0xDE,
    0x70, 0xFC, 0xFB, 0x0F, 0xC6, 0xF8, 0x26, 0x33, 0x80, 0x31, 0x9E, 0x05, 0x8C, 0xF8, 0x3C, 0x6C,
    0xF0, 0xE3, 0xC3, 0xC3, 0x18, 0x0C, 0x00, 0x00, 0x00, 0x0C, 0x00, 0x00, 0x77, 0xFE, 0x03, 0xBF,
    0xF0, 0x1C, 0x63, 0x80, 0xF3, 0xB8, 0x3F, 0xCF, 0x81, 0xFC, 0x3C, 0x01, 0xC7, 0xFC, 0x0F, 0xFF,
    0xF8, 0x7E, 0x31, 0x8F, 0x9F, 0xF1, 0xF8, 0xFF, 0x86, 0xC0, 0x60, 0x06, 0x7F, 0xF8, 0x33, 0xFF,
    0xC5, 0x80, 0xC0, 0x3C, 0x06, 0x01, 0xE0, 0x30, 0x03, 0x01, 0x80, 0x00, 0x00, 0x00, 0x00, 0x04,
    0x00, 0x60, 0x30, 0x03, 0x81, 0x80, 0x1C, 0x0C, 0x00, 0xE7, 0xFE, 0x07, 0xBF, 0xF1, 0xFE, 0x18,
    0x0F, 0xF0, 0xFF, 0x0F, 0xFF, 0xF8, 0x77, 0xFC, 0x03, 0xE0, 0x60, 0x1F, 0xFF, 0xE7, 0xEF, 0xFF,
    0x7F, 0x18, 0xC0, 0x38, 0xE6, 0x01, 0xC3, 0xB0, 0x2E, 0x09, 0x81, 0xF0, 0x4C, 0x07, 0x03, 0xE0,
    0x18, 0x0F, 0x00, 0x00, 0x10, 0x00, 0x0C, 0x0C, 0x00, 0x60, 0x70, 0x03, 0x1B, 0x80, 0x18, 0xFF,
    0xE0, 0xF7, 0xFF, 0x3F, 0xF4, 0x31, 0xFF, 0x73, 0x01, 0x9B, 0x90, 0x0F, 0x18, 0x70, 0x7F, 0xFF,
    0xC7, 0xFF, 0xF8, 0xF8, 0x67, 0x0F, 0xC7, 0x30, 0x06, 0x3F, 0x80, 0x30, 0x78, 0x01, 0x83, 0xF0,
    0x7C, 0x3B, 0xC1, 0xE7, 0x87, 0x07, 0x70, 0x18, 0x1C, 0x18, 0x00, 0x60, 0xC0, 0x03, 0x0E, 0x40,
    0x18, 0x7F, 0x00, 0xE7, 0xF0, 0x3F, 0xF3, 0x81, 0xFF, 0xFF, 0x01, 0xBF, 0xF8, 0x0D, 0x6C, 0xC0,
    0x7B, 0x66, 0x07, 0x9B, 0x30, 0xFB, 0xFF, 0xFF, 0xDF, 0xFF, 0x06, 0x0F, 0x80, 0x30, 0xEE, 0x09,
    0x8E, 0x38, 0x7C, 0xE0, 0xE1, 0xEE, 0x03, 0xC7, 0xC0, 0x0E, 0x0C, 0x00, 0x40, 0x63, 0xFF, 0x03,
    0x1F, 0xF8, 0x18, 0xC0, 0xC0, 0xD6, 0xFE, 0x3F, 0xFF, 0xF1, 0xFF, 0xFC, 0x01, 0x8C, 0x60, 0x0D,
    0xE3, 0xF0, 0x7F, 0xFF, 0x87, 0xBF, 0xC1, 0xF9, 0xC6, 0x0F, 0xCD, 0xFE, 0x06, 0x6F, 0xF0, 0x37,
    0x61, 0x8D, 0xB3, 0x0C, 0x3D, 0x9F, 0xE1, 0xF8, 0xFF, 0x07, 0x06, 0x00, 0x0C, 0x0C, 0x00, 0x60,
    0x70, 0x03, 0x03, 0x90, 0x19, 0xFF, 0xC0, 0xDF, 0xFC, 0x3F, 0xDD, 0xC1, 0xFC, 0x6C, 0x01, 0x83,
    0xFE, 0x0D, 0xFF, 0xF0, 0x7F, 0xE0, 0x07, 0x87, 0x04, 0xFB, 0xFF, 0xFF, 0xDF, 0xFF, 0x06, 0x19,
    0x80, 0x30, 0xFC, 0x09, 0x83, 0xE0, 0x7C, 0x1F, 0xC1, 0xE7, 0xCF, 0x07, 0x78, 0x18, 0x0C, 0x01,
    0x80, 0x61, 0x8C, 0x03, 0x0E, 0x60, 0x18, 0x73, 0xE0, 0xDF, 0xFF, 0xBF, 0xFF, 0xF1, 0xFC, 0x6C,
    0x01, 0x83, 0x60, 0x0D, 0xFF, 0xE0, 0x7F, 0xFF, 0x07, 0xBB, 0x98, 0xF9, 0xDC, 0xCF, 0xCF, 0xFE,
    0x06, 0x3F, 0xF0, 0x31, 0xB9, 0x89, 0x8D, 0xDC, 0x7C, 0x7F, 0xE1, 0xE3, 0xFF, 0x07, 0x18, 0x00,
    0x0C, 0x00, 0x00, 0x63, 0xFE, 0x03, 0x1F, 0xF0, 0x18, 0xFF, 0x80, 0xD7, 0xF8, 0x3F, 0xF0, 0xC1,
    0xFD, 0xFF, 0x01, 0x8F, 0xE0, 0x0F, 0xFF, 0xF0, 0x7F, 0xFF, 0x87, 0x1B, 0x80, 0xF8, 0xDF, 0x8F,
    0xC6, 0xFE, 0x06, 0x37, 0xE0, 0x33, 0xF0, 0x09, 0x9F, 0xC0, 0x7D, 0x8F, 0xE1, 0xF8, 0x1F, 0xC7,
    0x80, 0x1C, 0x1C, 0x00, 0x80, 0x60, 0x1E, 0x03, 0x07, 0xE0, 0x18, 0xFC, 0x00, 0xFE, 0xE0, 0x3F,
    0x87, 0xF8, 0xF7, 0xFF, 0xE1, 0x9F, 0xC0, 0x0F, 0x1E, 0x00, 0x7F, 0xFF, 0x07, 0xBF, 0xF9, 0xF9,
    0x9C, 0xCF, 0xCF, 0xFE, 0x06, 0x7F, 0xF0, 0x33, 0x39, 0x8D, 0x99, 0xCC, 0x3C, 0xFF, 0xE1, 0xE7,
    0xFF, 0x06, 0x30, 0x00, 0x00, 0x00, 0x00, 0x60, 0xE0, 0x03, 0x0F, 0xF8, 0x19, 0xFF, 0xC0, 0xCE,
    0xDE, 0x06, 0x6F, 0xF1, 0xFF, 0xFF, 0x8F, 0xFF, 0x8C, 0x0C, 0xFF, 0xE0, 0x6F, 0xFF, 0x03, 0xD3,
    0x00, 0x3D, 0xFF, 0x8F, 0xCF, 0xFE, 0x7E, 0x18, 0xE0, 0x30, 0xEE, 0x01, 0x83, 0xE0, 0x6C, 0x1F,
    0x01, 0xE1, 0xFF, 0x0F, 0x7C, 0x3E, 0x3F, 0x80, 0x70, 0x1C, 0x21, 0x00, 0x61, 0xFC, 0x03, 0x0F,
    0xE0, 0x18, 0x67, 0x00, 0xC3, 0xF8, 0x3F, 0x9F, 0x01, 0xFF, 0xFF, 0x81, 0x9F, 0xFC, 0x0D, 0xDB,
    0xE0, 0x7F, 0xFF, 0x07, 0xBF, 0xC0, 0xFB, 0xFF, 0xEF, 0xDF, 0xFF, 0x06, 0x0F, 0xC0, 0x31, 0xFF,
    0x09, 0x9D, 0xDE, 0x7D, 0xCE, 0x79, 0xF8, 0x70, 0xC7, 0x03, 0x80, 0x00, 0x00, 0x00, 0x00, 0x00,
    0x00, 0x18, 0x60, 0x00, 0xC3, 0x80, 0x66, 0x18, 0x03, 0xB1, 0xC0, 0x1D, 0x8C, 0xF0, 0xEC, 0xFF,
    0xC7, 0x67, 0xFC, 0x3B, 0x39, 0xC1, 0xDB, 0xCC, 0x0E, 0xFF, 0xE0, 0x77, 0x9F, 0x03, 0xF0, 0xF0,
    0x1F, 0x83, 0x83, 0xEC, 0x3E, 0x0E, 0x63, 0xB8, 0x03, 0x39, 0xE0, 0x1B, 0x87, 0x80, 0xF8, 0x1E,
    0x07, 0x80, 0x60, 0x00, 0x00, 0x00, 0x20, 0x70, 0x03, 0x83, 0x80, 0x0C, 0x1C, 0x00, 0x60, 0xC0,
    0x3F, 0xFE, 0x11, 0xFF, 0xFF, 0xC1, 0x87, 0xFE, 0x0F, 0x39, 0xC0, 0xFF, 0xEC, 0x07, 0xFB, 0x60,
    0x33, 0x9F, 0x01, 0x98, 0x70, 0x19, 0xC3, 0x80, 0xCE, 0x3E, 0x0E, 0x71, 0xB8, 0x7B, 0x1C, 0xE6,
    0x79, 0xC3, 0xB3, 0xD8, 0x0E, 0x01, 0x80, 0x30, 0x06, 0x06, 0x00, 0x30, 0x30, 0x01, 0x83, 0x80,
    0xFF, 0xDC, 0x07, 0xFF, 0xDF, 0x06, 0xC7, 0xF8, 0x77, 0x7F, 0x03, 0x1B, 0x98, 0x39, 0xFD, 0xC3,
    0xCF, 0xFE, 0x17, 0x69, 0xE0, 0x1F, 0x0F, 0x00, 0x70, 0x30, 0x03, 0x83, 0xC0, 0x3E, 0x3F, 0x03,
    0xBB, 0x9C, 0x38, 0xD8, 0x73, 0x83, 0x81, 0xD0, 0x18, 0x06, 0x0C, 0x0C, 0x00, 0xE8, 0xE0, 0x7F,
    0xCC, 0x03, 0xF8, 0xC0, 0x1F, 0xDC, 0x47, 0xFF, 0xFE, 0x7F, 0x1F, 0xE3, 0xFF, 0x98, 0x7F, 0xFD,
    0x8E, 0xE7, 0xF8, 0x0D, 0xEF, 0x0F, 0xFE, 0x70, 0xFF, 0x87, 0x03, 0xB0, 0xF0, 0x3F, 0x0F, 0x80,
    0xF1, 0xDC, 0x1F, 0xB8, 0xE7, 0x9F, 0x07, 0xE0, 0x60, 0x30, 0x00, 0xC0, 0x00, 0x0E, 0x00, 0x00,
    0xE0, 0x00, 0x0E, 0x7C, 0x7F, 0xFF, 0xE7, 0xFF, 0xFC, 0x06, 0x0C, 0x00, 0x71, 0xC0, 0x03, 0x18,
    0x00, 0x3B, 0x80, 0x01, 0xF0, 0x00, 0x0E, 0x00, 0x00, 0xF0, 0x00, 0x1F, 0x80, 0x07, 0xBC, 0x00,
    0xF0, 0xF0, 0x3C, 0x07, 0xC7, 0x80, 0x3E, 0xE0, 0x00, 0xE0, 0x00, 0x00, 0x00, 0x0C, 0x07, 0x00,
    0x70, 0x0C, 0x01, 0xC2, 0x30, 0x0F, 0x9C, 0xC0, 0x37, 0xBB, 0x01, 0xCE, 0x7C, 0x0F, 0xFE, 0x30,
    0x7F, 0xDC, 0xC1, 0x9C, 0x3B, 0x0F, 0xFE, 0x6D, 0x0F, 0xF8, 0x7E, 0x17, 0xBF, 0xF8, 0x7F, 0xFF,
    0x01, 0xFE, 0x0C, 0x0F, 0xD8, 0x30, 0x37, 0x70, 0xC1, 0xFC, 0x83, 0x00, 0xF0, 0x0C, 0x01, 0x80,
    0x30, 0x00, 0x00, 0x00, 0x06, 0x00, 0x84, 0x70, 0x1C, 0x67, 0xD7, 0xC7, 0xFD, 0xF0, 0x7F, 0xD8,
    0x07, 0xF9, 0x80, 0x6F, 0x99, 0xE7, 0xFF, 0xFE, 0x7F, 0xDF, 0x86, 0xF9, 0x98, 0x6F, 0xD9, 0x87,
    0xFD, 0x98, 0x7F, 0xF9, 0x87, 0x73, 0x98, 0x67, 0x31, 0x87, 0xFF, 0x18, 0x7F, 0xE1, 0x86, 0x06,
    0x38, 0x40, 0x41, 0x80, 0x06, 0x00, 0x40, 0x30, 0x0F, 0x01, 0xB0, 0xF0, 0x7F, 0xFE, 0x03, 0xFD,
    0xC0, 0x0E, 0xCE, 0x00, 0x3E, 0x63, 0xCF, 0xFF, 0xFF, 0x7F, 0xFF, 0xE0, 0x30, 0xCC, 0x0F, 0xFE,
    0x60, 0x7F, 0xF3, 0x01, 0xF9, 0x98, 0x0F, 0xFC, 0xC0, 0xDB, 0xC6, 0x0E, 0xDE, 0x30, 0x7E, 0x61,
    0x80, 0xF3, 0x0C, 0x01, 0x90, 0x60, 0x00, 0x01, 0x00, 0x00, 0xC0, 0x00, 0x1C, 0x00, 0x03, 0x80,
    0x00, 0x70, 0x00, 0xFF, 0xFF, 0xFF, 0xFF, 0xDF, 0xF0, 0x00, 0x0C, 0x00, 0x01, 0xFE, 0x00, 0x7F,
    0xE0, 0x0E, 0x18, 0x01, 0x83, 0x00, 0x70, 0x60, 0x1C, 0x1C, 0x03, 0x03, 0x80, 0xCC, 0x60, 0x39,
    0xFC, 0x0C, 0x0F, 0x83, 0x00, 0xE0, 0x00, 0x0F, 0xFF, 0x80, 0xFF, 0xF8, 0x06, 0x60, 0x00, 0x06,
    0x00, 0x00, 0x60, 0x00, 0x06, 0x7E, 0x7F, 0xFF, 0xE3, 0xFF, 0xF8, 0x00, 0xF8, 0x00, 0x0F, 0x80,
    0x01, 0xF8, 0x10, 0x1B, 0x83, 0x03, 0xB8, 0x30, 0x73, 0x83, 0x0E, 0x38, 0x33, 0xC3, 0xFF, 0x70,
    0x1F, 0xEC, 0x00, 0xFC, 0x80, 0x37, 0xFF, 0xFF, 0xFF, 0xC0, 0x7E, 0x03, 0xF0, 0x1F, 0x80, 0xFF,
    0xFF, 0xFF, 0xFF, 0xF9, 0xF8, 0x0D, 0xC0, 0x6E, 0x03, 0x30, 0x19, 0xFF, 0xCF, 0xFF, 0xFF, 0x83,
    0x00, 0x00, 0x00, 0x07, 0x00, 0x00, 0x30, 0x4E, 0x03, 0x07, 0xF0, 0x30, 0x7F, 0x03, 0x06, 0x7F,
    0xFF, 0x67, 0xFF, 0xF6, 0x6F, 0x30, 0x7E, 0x43, 0x07, 0xE6, 0x30, 0x66, 0x73, 0x06, 0x63, 0xB0,
    0x66, 0x3B, 0x07, 0xE0, 0x30, 0x7F, 0x03, 0x06, 0x00, 0x30, 0x20, 0x3F, 0x00, 0x01, 0xF0, 0x00,
    0x07, 0x00, 0x00, 0x00, 0x00, 0x01, 0xC0, 0x00, 0x1C, 0x00, 0x01, 0xC0, 0xFE, 0x0C, 0x07, 0xFF,
    0xF8, 0x6E, 0xFF, 0xC6, 0xEF, 0xDC, 0x6E, 0xDD, 0xC7, 0xED, 0xDC, 0x7E, 0xDD, 0x86, 0xFF, 0xFF,
    0x6F, 0xFF, 0xF6, 0xC3, 0xE0, 0x7C, 0x36, 0x07, 0xE7, 0x30, 0x60, 0xE3, 0x86, 0x1C, 0x1E, 0x03,
    0x80, 0xF0, 0x70, 0x07, 0x00, 0x00, 0x00, 0x00, 0x00, 0x00, 0x3F, 0xF8, 0x01, 0xFF, 0xC0, 0x0F,
    0xFE, 0x00, 0x7F, 0xF0, 0x03, 0x83, 0x80, 0x1F, 0xFC, 0x00, 0xFF, 0xC0, 0x07, 0xFF, 0xE1, 0xFF,
    0xFF, 0x07, 0xFC, 0x00, 0x0E, 0xFE, 0x00, 0x77, 0xF8, 0x03, 0x3F, 0x00, 0x3F, 0xC0, 0x03, 0xFE,
    0x00, 0x38, 0xFF, 0xE3, 0x80, 0xFF, 0xD8, 0x00, 0x3C, 0x00, 0x00, 0x01, 0xFF, 0xF0, 0x1F, 0xFF,
    0x01, 0x80, 0x70, 0x1F, 0xFF, 0x01, 0xFF, 0xF0, 0x1C, 0x06, 0x01, 0xFF, 0xF0, 0x0F, 0xFE, 0x00,
    0x3B, 0x00, 0x13, 0xB3, 0x01, 0x9B, 0x30, 0x1D, 0xB7, 0x00, 0xDB, 0x60, 0x0F, 0xBC, 0x00, 0x7B,
    0x80, 0xFF, 0xFF, 0xEF, 0xFF, 0xFE, 0x00, 0x00, 0x00, 0x00, 0x00, 0x01, 0x80, 0x31, 0xFF, 0xBE,
    0x3F, 0xFF, 0x01, 0xE3, 0x00, 0x7F, 0x7F, 0xCF, 0xFF, 0xF9, 0xF7, 0xB8, 0x0F, 0xE7, 0x1F, 0xCC,
    0xE1, 0xFB, 0x1C, 0x03, 0xC1, 0x80, 0xFF, 0xF0, 0x1F, 0xFE, 0x03, 0x07, 0x80, 0x7F, 0xF0, 0x0F,
    0xFE, 0x01, 0xFF, 0xC0, 0x3F, 0xFC, 0x07, 0xE0, 0x00, 0x40, 0x00, 0x00, 0x01, 0x00, 0x7F, 0xFC,
    0x03, 0xFF, 0xC0, 0x00, 0xE0, 0x00, 0xFF, 0xF8, 0x07, 0xFF, 0xC0, 0x31, 0xFE, 0x01, 0xFF, 0xF0,
    0x0F, 0xF3, 0x80, 0x73, 0xF8, 0x03, 0xFF, 0xE0, 0x1F, 0xC0, 0x01, 0xE6, 0x00, 0x0F, 0xE0, 0x00,
    0x07, 0xC0, 0x00, 0x7F, 0x80, 0x0F, 0x1F, 0xC1, 0xF0, 0x3F, 0xDE, 0x00, 0x3C, 0x00, 0x1E, 0x03,
    0xFF, 0xE0, 0x7F, 0xFC, 0x07, 0xFF, 0x00, 0xFE, 0x60, 0x1F, 0xFE, 0x03, 0xFF, 0x97, 0xFF, 0xFF,
    0xFF, 0xFF, 0xE3, 0x3F, 0xF0, 0x7F, 0xFE, 0x0F, 0xF9, 0xC1, 0xFF, 0xB0, 0x3F, 0xBE, 0x06, 0x73,
    0x80, 0xFE, 0xF8, 0xFF, 0xFB, 0xCE, 0x3E, 0x3C, 0x07, 0x01, 0x00, 0x40, 0x00, 0x00, 0x40, 0x00,
    0x06, 0x00, 0x00, 0x60, 0x00, 0x0E, 0x00, 0x7F, 0xFF, 0xF7, 0xFF, 0xFE, 0x39, 0x80, 0x00, 0x3F,
    0xF0, 0x03, 0xFF, 0x00, 0x7E, 0x30, 0x0F, 0x9F, 0x01, 0xFF, 0xF0, 0x3B, 0xF3, 0x07, 0x38, 0x70,
    0x43, 0xFF, 0x00, 0x3F, 0xF0, 0x03, 0x03, 0x00, 0x31, 0xF0, 0x03, 0x0F, 0x00, 0x30, 0x70, 0x00,
    0x00, 0x00, 0x13, 0x3F, 0xC0, 0xFD, 0xFE, 0x07, 0xEC, 0x30, 0x33, 0x61, 0x81, 0x9B, 0x7C, 0x0F,
    0xDB, 0xE0, 0x7E, 0xC6, 0x03, 0x37, 0xF8, 0x19, 0xBF, 0xC0, 0xFD, 0xE6, 0x0F, 0xEF, 0xF0, 0x73,
    0x6F, 0x03, 0x1B, 0x78, 0x18, 0xD9, 0xC1, 0xF6, 0xDF, 0x0D, 0xF6, 0xDE, 0xC7, 0xBC, 0x7C, 0x09,
    0xC1, 0x80, 0x00, 0x00, 0x00, 0x60, 0x00, 0x03, 0x00, 0x00, 0x18, 0x00, 0x00, 0xC0, 0x00, 0x3F,
    0xF0, 0x07, 0xFF, 0xC0, 0x1F, 0x80, 0x00, 0x0C, 0x00, 0x00, 0x7F, 0xE1, 0xFF, 0xFF, 0x0F, 0xFF,
    0x00, 0x03, 0xF8, 0x00, 0x3E, 0xE0, 0x03, 0xB3, 0x80, 0x39, 0x8E, 0x03, 0x8C, 0x3C, 0x38, 0x60,
    0xFF, 0x03, 0x01, 0xC0, 0x18, 0x00, 0x00, 0xC0, 0x00, 0x02, 0x00, 0x00, 0x00, 0x60, 0x00, 0x03,
    0x80, 0x00, 0x1C, 0x00, 0x00, 0xE0, 0x00, 0x07, 0x00, 0x0F, 0xFF, 0xF0, 0xFF, 0xFF, 0x83, 0xDF,
    0x00, 0x00, 0xFC, 0x00, 0x0F, 0xF0, 0x00, 0xFF, 0x80, 0x0E, 0xEE, 0x00, 0xE7, 0x3C, 0x0E, 0x38,
    0xF0, 0xFF, 0xFF, 0xCE, 0xFF, 0xE7, 0xE0, 0x70, 0x10, 0x03, 0x80, 0x00, 0x1C, 0x00, 0x00, 0xE0,
    0x00, 0x02, 0x00, 0x00, 0x0E, 0x00, 0x00, 0x31, 0x00, 0x01, 0x8F, 0xE0, 0x0C, 0x7F, 0x00, 0x7B,
    0x38, 0x3F, 0xF9, 0xC1, 0xFE, 0xCE, 0x01, 0xC6, 0x70, 0x0F, 0x33, 0x80, 0xFD, 0x9C, 0x07, 0xFC,
    0xE0, 0x7C, 0x67, 0x03, 0xE7, 0x39, 0xB7, 0x31, 0xCD, 0x39, 0x8E, 0x61, 0xDC, 0x73, 0x0E, 0xC3,
    0xF8, 0x7C, 0x0F, 0x83, 0xC0, 0x00, 0x00, 0x00, 0x00, 0x06, 0x00, 0x00, 0x70, 0x00, 0x03, 0xFE,
    0x00, 0x3F, 0xF0, 0x07, 0xC7, 0x00, 0x77, 0xF0, 0x07, 0x1F, 0x00, 0x01, 0xFC, 0x00, 0x3F, 0xFE,
    0x07, 0xDD, 0xFF, 0xF8, 0x61, 0xED, 0xFF, 0xFC, 0x07, 0xFF, 0xC0, 0x0C, 0xD8, 0x00, 0xE6, 0xF0,
    0x0F, 0x33, 0xC0, 0xE9, 0x8F, 0x0E, 0x7C, 0x38, 0x01, 0xE0, 0x00, 0x02, 0x00, 0x00, 0x00, 0x60,
    0x00, 0x03, 0x00, 0x00, 0x18, 0x00, 0x03, 0xFF, 0x81, 0xFF, 0xFC, 0x0F, 0xF1, 0x80, 0x39, 0x9C,
    0x00, 0xEC, 0xE0, 0x03, 0xEC, 0x00, 0x0F, 0xFF, 0x0F, 0xFF, 0xF8, 0x7F, 0xFE, 0x00, 0x1F, 0x80,
    0x00, 0xFF, 0x00, 0x0F, 0xBC, 0x01, 0xEC, 0x70, 0x1C, 0x61, 0xE1, 0xC3, 0x07, 0xF8, 0x18, 0x0C,
    0x00, 0xC0, 0x00, 0x02, 0x00, 0x00, 0x0C, 0x00, 0x00, 0x60, 0x38, 0x03, 0x06, 0xC0, 0x18, 0x37,
    0x00, 0xC1, 0x98, 0x3F, 0xFC, 0xE1, 0xFE, 0xC3, 0x01, 0x8E, 0x1C, 0x1E, 0x66, 0x70, 0xFE, 0x73,
    0x8F, 0xF3, 0x8C, 0x7F, 0x18, 0x06, 0xD1, 0xD8, 0x36, 0x0C, 0xE3, 0x30, 0xE3, 0x01, 0x86, 0x7C,
    0x0C, 0xFF, 0xE0, 0x67, 0xF3, 0x83, 0x00, 0x08, 0x00, 0x00, 0x00, 0x00, 0x00, 0x00, 0x60, 0x06,
    0x01, 0x80, 0xF0, 0x0C, 0x1F, 0x00, 0x67, 0xE0, 0x03, 0x1C, 0x00, 0x7E, 0xC0, 0x0F, 0xFE, 0x7E,
    0x3E, 0x3F, 0xF8, 0x79, 0xFC, 0x07, 0xEC, 0xE0, 0x3F, 0xE7, 0x03, 0xFF, 0x38, 0x1F, 0x31, 0xC1,
    0xB9, 0x8E, 0x19, 0xDC, 0x70, 0x0E, 0xC3, 0x80, 0x76, 0x1C, 0x03, 0xE0, 0xE0, 0x1E, 0x07, 0x00,
    0x00, 0x00, 0x00, 0x00, 0x01, 0x00, 0xFF, 0xFC, 0x03, 0xFF, 0xE0, 0x18, 0xC7, 0x00, 0xFF, 0xF8,
    0x07, 0xFF, 0xC0, 0x31, 0x8C, 0x01, 0xFF, 0xF0, 0x0F, 0xFF, 0x80, 0x23, 0x01, 0x1F, 0xFF, 0xFC,
    0xFF, 0xFF, 0xE0, 0x1F, 0xC0, 0x01, 0xF7, 0x80, 0x3D, 0x9F, 0x03, 0x8C, 0x3E, 0x78, 0x60, 0x7B,
    0x03, 0x00, 0x80, 0x18, 0x00, 0x00, 0x40, 0x00, 0x00, 0x40, 0x00, 0x03, 0x00, 0x00, 0x18, 0x00,
    0x01, 0xFF, 0x83, 0xFF, 0xFC, 0x0F, 0xFC, 0x00, 0x07, 0xF0, 0x00, 0x7D, 0xE0, 0x07, 0x63, 0xC0,
    0xF3, 0xFF, 0x8F, 0xFF, 0xDC, 0xCF, 0xE6, 0x40, 0x7F, 0xF0, 0x03, 0xFF, 0x80, 0x1C, 0x1C, 0x00,
    0xFF, 0xE0, 0x07, 0xFF, 0x00, 0x1B, 0xFF, 0x9F, 0xFF, 0xFC, 0xFF, 0xF8, 0x00, 0x0C, 0x00, 0x00,
    0x70, 0x06, 0x03, 0x9F, 0xF8, 0x1C, 0xFF, 0x80, 0xE0, 0x00, 0x0F, 0xC0, 0x01, 0xFE, 0x01, 0xC7,
    0xDF, 0xFF, 0x1E, 0xFF, 0xE0, 0xF9, 0x30, 0x07, 0xED, 0xE0, 0x7B, 0xED, 0x83, 0xC7, 0x6E, 0x36,
    0x73, 0x33, 0x33, 0x19, 0xC1, 0xB0, 0xC6, 0x0D, 0xB6, 0x10, 0x60, 0xF0, 0x03, 0x03, 0x80, 0x00,
    0x00, 0x00, 0x0C, 0x00, 0x80, 0x71, 0x8E, 0x03, 0x8E, 0x70, 0x1C, 0x3B, 0x00, 0xE1, 0xF0, 0x3F,
    0xFF, 0xF1, 0xFF, 0xFF, 0xC1, 0xC7, 0x80, 0x1F, 0x00, 0x00, 0xFC, 0x00, 0x0F, 0xFF, 0xF8, 0x7F,
    0x7F, 0xC6, 0xC0, 0x00, 0x36, 0x00, 0x03, 0x30, 0x00, 0x01, 0x9F, 0xFE, 0x0C, 0xFF, 0xF8, 0x63,
    0xF0, 0x03, 0x00, 0x00, 0x00, 0x00, 0x00, 0x0C, 0x0E, 0x00, 0x60, 0x70, 0x03, 0x01, 0x80, 0x18,
    0x1F, 0xC0, 0xCF, 0xFF, 0x0F, 0xFF, 0x81, 0xFE, 0x6F, 0x07, 0x87, 0x3C, 0x1E, 0x71, 0xE0, 0xFF,
    0x8F, 0x87, 0xE6, 0xE0, 0x7F, 0x3E, 0x03, 0xC0, 0xF0, 0x36, 0x07, 0x03, 0x30, 0x3C, 0x01, 0x87,
    0x70, 0x0C, 0x71, 0xE0, 0x6F, 0x07, 0xC3, 0xE0, 0x0C, 0x00, 0x00, 0x00, 0x0E, 0x00, 0xC0, 0x31,
    0xCE, 0x01, 0x86, 0x60, 0x0C, 0x3F, 0x00, 0x61, 0xFE, 0x3F, 0xFF, 0xF9, 0xFF, 0xD8, 0x07, 0xC0,
    0xC8, 0x0F, 0x7F, 0xE0, 0xFD, 0xFE, 0x07, 0xE1, 0x80, 0x7F, 0x0D, 0xE3, 0xEF, 0xFF, 0xB7, 0x3F,
    0xF9, 0x38, 0x18, 0x01, 0xC0, 0xC0, 0x0E, 0x06, 0x00, 0x70, 0x30, 0x03, 0x81, 0x80, 0x00, 0x04,
    0x00, 0x0E, 0x00, 0x00, 0x33, 0xFE, 0x01, 0x9F, 0xF0, 0x0C, 0xE3, 0x80, 0x67, 0xFC, 0x3F, 0xFF,
    0xC1, 0xFF, 0xC6, 0x01, 0xCE, 0xF0, 0x0F, 0x7F, 0xE0, 0xFF, 0xFB, 0x07, 0xFB, 0x38, 0x7D, 0xCF,
    0x83, 0xE6, 0x78, 0x37, 0x31, 0xC3, 0x39, 0x8F, 0x01, 0xCF, 0xDC, 0x0E, 0x7C, 0x78, 0x77, 0x81,
    0xC3, 0xB0, 0x00, 0x00, 0x00, 0x00, 0x60, 0x60, 0x03, 0x07, 0x00, 0x18, 0x3F, 0x80, 0xC3, 0xFC,
    0x07, 0x9C, 0xE1, 0xFF, 0xEE, 0x0F, 0xFF, 0xE0, 0x0E, 0xCF, 0x00, 0xF8, 0x78, 0x07, 0xE7, 0xE0,
    0x7B, 0x73, 0xC3, 0xCF, 0x0F, 0xBE, 0xFF, 0xFD, 0xBE, 0xFF, 0x19, 0x86, 0x18, 0x0C, 0x30, 0xC0,
    0x61, 0xFE, 0x03, 0x0F, 0xF0, 0x18, 0x7E, 0x00, 0x00, 0x00, 0x00, 0x0C, 0x06, 0x00, 0xE0, 0x60,
    0x0E, 0x46, 0x60, 0xE6, 0x66, 0x0E, 0x76, 0xE7, 0xFB, 0x6C, 0x7F, 0xFF, 0x80, 0xE1, 0x70, 0x1F,
    0x7F, 0xE1, 0xFF, 0xFF, 0x1F, 0x80, 0x73, 0xF8, 0x06, 0x3C, 0x7F, 0xE6, 0xC7, 0xFE, 0xCC, 0x00,
    0x60, 0xC0, 0x06, 0x0C, 0xFF, 0xE0, 0xCF, 0xFE, 0x0C, 0x20, 0x00, 0x00, 0x00, 0x00, 0x00, 0x00,
    0x60, 0x70, 0x03, 0x03, 0x80, 0x18, 0x1C, 0x00, 0xC1, 0xF0, 0x06, 0x1D, 0xC1, 0xFE, 0xC7, 0x0F,
    0xFC, 0x1E, 0x0C, 0xFF, 0xF8, 0xFD, 0xFD, 0x87, 0xC2, 0x00, 0x7E, 0x99, 0x83, 0xDE, 0xCE, 0x3E,
    0x37, 0x61, 0xB1, 0xDF, 0x19, 0x86, 0x30, 0x0C, 0x33, 0x80, 0x6F, 0xFF, 0x83, 0x7F, 0xFC, 0x18,
    0x00, 0x00, 0x00, 0x00, 0x00, 0x00, 0x00, 0x00, 0x61, 0x9C, 0x03, 0x0E, 0x60, 0x18, 0x7F, 0xE0,
    0xDF, 0xFF, 0x06, 0x7D, 0x81, 0xFF, 0xFF, 0x0F, 0xFF, 0xFC, 0x1C, 0x6F, 0xC0, 0xF3, 0xFE, 0x07,
    0xD8, 0x30, 0x7F, 0xFF, 0x83, 0xD7, 0xF8, 0x36, 0xFF, 0xF9, 0xB7, 0xFF, 0xD9, 0x9F, 0xE0, 0x0C,
    0x3B, 0x80, 0x63, 0x8F, 0x03, 0x38, 0x3E, 0x1F, 0x80, 0x70, 0x00, 0x00, 0x00, 0x00, 0x00, 0x00,
    0x61, 0x8C, 0x03, 0x06, 0x60, 0x18, 0x3F, 0xC0, 0xCF, 0xFF, 0x07, 0xFF, 0xC1, 0xFE, 0x67, 0xCF,
    0xFF, 0xFF, 0x0F, 0xFF, 0xC0, 0xFB, 0xFF, 0x07, 0xDF, 0xF8, 0x7F, 0xCC, 0xC3, 0xD7, 0xFE, 0x3E,
    0x3F, 0xF1, 0xB1, 0xBF, 0x99, 0x8F, 0xFC, 0x0C, 0x7F, 0x80, 0x61, 0xEF, 0x03, 0x1E, 0x3C, 0x1B,
    0xC0, 0xE0, 0x00, 0x00, 0x00, 0x00, 0x10, 0x00, 0x00, 0xC0, 0x00, 0x0E, 0x00, 0x60, 0x70, 0x03,
    0x83, 0x00, 0x0E, 0x3F, 0xF8, 0x39, 0xFF, 0xC1, 0xCC, 0x0C, 0x00, 0xEC, 0xC0, 0x06, 0x66, 0x00,
    0xE3, 0x00, 0x0E, 0x38, 0x00, 0xC1, 0xE0, 0x0E, 0x0F, 0x00, 0xE0, 0xFC, 0x0E, 0x0E, 0x70, 0x70,
    0xE1, 0xC0, 0x0E, 0x07, 0x00, 0xE0, 0x1E, 0x0E, 0x00, 0x70, 0x00, 0x00, 0x00, 0xFF, 0xFE, 0x07,
    0xFF, 0xF0, 0x1E, 0x60, 0x00, 0x03, 0x00, 0x02, 0x18, 0x00, 0x38, 0xC0, 0x00, 0xC6, 0x70, 0x06,
    0x3F, 0x80, 0x31, 0xFC, 0x01, 0x8C, 0x00, 0x0C, 0x60, 0x00, 0x63, 0x00, 0x03, 0x18, 0x00, 0x18,
    0xC0, 0x8F, 0xFF, 0xFE, 0x7F, 0xFF, 0xF0, 0x00, 0x30, 0x00, 0xC7, 0x00, 0x1C, 0xE0, 0x01, 0x9C,
    0x00, 0x33, 0x80, 0x06, 0x73, 0x0C, 0xCE, 0xE1, 0x9F, 0xFC, 0x33, 0xFF, 0x06, 0x67, 0x80, 0xCC,
    0xE0, 0x19, 0x9C, 0x13, 0x33, 0x82, 0x66, 0x70, 0xCC, 0xFE, 0x19, 0xFD, 0xC3, 0xFE, 0x3F, 0xFF,
    0x03, 0xFD, 0x00, 0x0C, 0x00, 0x00, 0x00, 0x00, 0x1C, 0x00, 0x03, 0x80, 0x06, 0x7F, 0x00, 0xEF,
    0xF0, 0x1D, 0xF0, 0x03, 0xB8, 0x17, 0xFF, 0xFF, 0xFF, 0xFF, 0xEE, 0x9C, 0x00, 0x3B, 0x8C, 0x07,
    0x73, 0x81, 0xCE, 0x70, 0x71, 0xDC, 0x1C, 0x1F, 0x02, 0x03, 0xC0, 0x01, 0xF0, 0x00, 0xF8, 0x00,
    0xFC, 0x00, 0x7C, 0x00, 0x00, 0x00, 0x00, 0x01, 0x80, 0x00, 0x1D, 0xF8, 0x05, 0xEF, 0xE0, 0x3C,
    0x77, 0x01, 0x83, 0xB8, 0x0F, 0xD9, 0xC0, 0x7E, 0xCF, 0x83, 0x0E, 0x3E, 0x1F, 0xE0, 0xE0, 0xFF,
    0xFE, 0x06, 0x0F, 0xF0, 0x31, 0xE3, 0x01, 0xFF, 0xB8, 0x3F, 0x8F, 0x81, 0xE0, 0x38, 0x07, 0x03,
    0xF0, 0x18, 0x3B, 0xC0, 0xC7, 0x8F, 0x86, 0x70, 0x1E, 0x00, 0x00, 0x00, 0x01, 0x00, 0x00, 0x0C,
    0x00, 0x00, 0xE0, 0x20, 0x0F, 0xFF, 0x80, 0x7F, 0xFC, 0x07, 0x00, 0x00, 0x7F, 0xFE, 0x06, 0xFF,
    0xF0, 0x06, 0xF1, 0x80, 0x33, 0xDC, 0x1F, 0xFF, 0xFF, 0xFF, 0xFF, 0xF3, 0xEE, 0x38, 0x06, 0x79,
    0xC0, 0x30, 0xEF, 0x03, 0xFF, 0xFC, 0x0F, 0xFF, 0xE0, 0x01, 0x98, 0x00, 0x0F, 0xC0, 0x00, 0x3C,
    0x00, 0x00, 0x40, 0x00, 0x00, 0x30, 0x03, 0x83, 0x00, 0x18, 0x30, 0x01, 0x83, 0x00, 0x18, 0x30,
    0x81, 0x83, 0x1C, 0x18, 0x33, 0xC1, 0xFB, 0x78, 0x1F, 0xFE, 0x01, 0x83, 0xC0, 0x18, 0x30, 0x01,
    0x83, 0x00, 0x18, 0x30, 0x21, 0x8F, 0x03, 0x1B, 0xB0, 0x31, 0xF3, 0x06, 0x7C, 0x3F, 0xEF, 0x83,
    0xFE, 0x60, 0x07, 0x00, 0x31, 0xFE, 0x03, 0x8F, 0xE0, 0x1C, 0xC6, 0x00, 0xCC, 0x60, 0x81, 0xC6,
    0x0E, 0x18, 0x7C, 0x73, 0x87, 0xE3, 0xB0, 0x38, 0x17, 0xFF, 0x00, 0xDF, 0xF0, 0x09, 0xC6, 0x01,
    0x8E, 0xE0, 0x38, 0x7C, 0x03, 0x07, 0x80, 0x70, 0xFC, 0x0E, 0x1E, 0xF8, 0xC7, 0x87, 0xE0, 0xE0,
    0x1E, 0x00, 0x00, 0x00, 0x00, 0x18, 0x03, 0x01, 0x80, 0x38, 0x18, 0x01, 0xC1, 0x80, 0x0D, 0xFF,
    0x88, 0x1F, 0xFC, 0xE0, 0x18, 0x07, 0x01, 0x80, 0x38, 0x1B, 0xE1, 0x7F, 0xFF, 0x0F, 0xFF, 0xC0,
    0xC3, 0x60, 0x18, 0x77, 0x03, 0x86, 0x70, 0x30, 0xE3, 0x87, 0x0D, 0xFC, 0xE7, 0xFF, 0xEC, 0x3F,
    0x86, 0x00, 0x00, 0x60, 0x00, 0x00, 0x00, 0x01, 0xC0, 0x0E, 0x0F, 0x00, 0x38, 0x1C, 0x00, 0xE0,
    0x60, 0x03, 0xFF, 0xF1, 0x07, 0xFF, 0x8E, 0x1D, 0x80, 0x78, 0x0C, 0x00, 0xE0, 0x60, 0x02, 0x03,
    0x00, 0x0D, 0xFF, 0x80, 0xCF, 0xFC, 0x06, 0x06, 0x00, 0x70, 0x30, 0x03, 0x01, 0x80, 0x38, 0x0C,
    0x03, 0x9F, 0xFF, 0x98, 0xFF, 0xFC, 0x00, 0x00, 0x00, 0x00, 0x00, 0x00, 0x0E, 0xC0, 0x70, 0x6E,
    0x07, 0x86, 0x70, 0x1C, 0x63, 0x01, 0xC7, 0xF8, 0x83, 0xFF, 0x8E, 0x3F, 0xC0, 0x70, 0x30, 0x03,
    0x83, 0xFE, 0x15, 0xFF, 0xC0, 0xFF, 0xD8, 0x1B, 0x19, 0x81, 0x81, 0xF8, 0x38, 0x0F, 0x33, 0x03,
    0xE3, 0x70, 0xF7, 0x3E, 0x7C, 0x3B, 0xE6, 0x01, 0xF0, 0x00, 0x0E, 0x00, 0x00, 0x04, 0x08, 0x0C,
    0xE3, 0x81, 0x9E, 0x30, 0x30, 0xC6, 0x36, 0x1B, 0xF6, 0xC1, 0xFF, 0xDB, 0x1D, 0xDB, 0x79, 0xBB,
    0x67, 0x3E, 0x6C, 0x23, 0xCD, 0x82, 0x79, 0xB0, 0xC7, 0x36, 0x19, 0xE6, 0xC6, 0x3E, 0xD8, 0xCC,
    0xDB, 0x3B, 0x98, 0x66, 0xE0, 0x6D, 0xD8, 0x07, 0x90, 0x00, 0x70, 0x00, 0x04, 0x00, 0x18, 0x0C,
    0x06, 0x33, 0xD9, 0x8C, 0x7E, 0x67, 0x0E, 0xDB, 0xB0, 0x3E, 0xCE, 0x1F, 0xF9, 0xE7, 0xFF, 0x39,
    0xC0, 0xC1, 0xFF, 0xF0, 0x7F, 0xFC, 0x36, 0x03, 0x1D, 0xFF, 0xC6, 0x7F, 0xF3, 0x98, 0x0D, 0xC6,
    0x03, 0xE1, 0x87, 0xF8, 0x60, 0xF0, 0x18, 0x1C, 0x00, 0xC0, 0x01, 0xCF, 0xFF, 0x87, 0x7F, 0xFC,
    0x1F, 0x4D, 0xC0, 0x7B, 0x7C, 0x21, 0xB9, 0xC1, 0xC3, 0xE7, 0x0F, 0x3B, 0x9C, 0x1F, 0x1C, 0x40,
    0x4F, 0xFF, 0x01, 0xFF, 0xF8, 0x19, 0xFC, 0x00, 0xC7, 0xF0, 0x0E, 0x7F, 0xE0, 0x67, 0x77, 0x87,
    0x73, 0x8F, 0x77, 0x1C, 0x3B, 0x20, 0xE0, 0x00, 0x07, 0x00, 0x00, 0x00, 0x00, 0x00, 0x00, 0x03,
    0x8F, 0xFC, 0x0E, 0x7F, 0xE0, 0x38, 0x70, 0x00, 0xC3, 0xFE, 0x23, 0xFF, 0xF1, 0xCF, 0xFC, 0x07,
    0x1C, 0x70, 0x18, 0xF9, 0xC0, 0x4F, 0xC7, 0x03, 0xEE, 0x7E, 0x3D, 0xFF, 0xF1, 0xDF, 0xFE, 0x0C,
    0xDD, 0xB0, 0xCE, 0xEF, 0xC6, 0xE7, 0x36, 0x76, 0xF9, 0x03, 0x07, 0xC0, 0x00, 0x1E, 0x00, 0x00,
    0x00, 0x00, 0x00, 0x08, 0x00, 0x00, 0xE0, 0x0E, 0x03, 0x70, 0x3B, 0xFF, 0xC0, 0xFF, 0xF0, 0x03,
    0x7F, 0xE1, 0x03, 0xFF, 0x0E, 0x1F, 0xFE, 0x7B, 0xFF, 0xF0, 0xEF, 0xFC, 0x02, 0x3F, 0xF0, 0x0D,
    0xFF, 0x80, 0x6F, 0xFC, 0x06, 0x7F, 0xE0, 0x73, 0xFF, 0x03, 0x1F, 0xF8, 0x38, 0xC0, 0xC3, 0x86,
    0x36, 0x18, 0x31, 0xF0, 0x01, 0x83, 0x80, 0x00, 0x00, 0x03, 0x1F, 0xF0, 0x39, 0xFF, 0x81, 0xD8,
    0x38, 0x0D, 0xFF, 0x08, 0x1F, 0xF0, 0xE1, 0xC3, 0x07, 0x1F, 0xF0, 0x39, 0xFF, 0x01, 0x0C, 0x00,
    0x0F, 0xFF, 0xC0, 0xFF, 0xFC, 0x1B, 0x6E, 0xC1, 0xBF, 0xFC, 0x33, 0xFF, 0xC7, 0x3F, 0xDC, 0x6F,
    0xFF, 0xFE, 0xFF, 0xFF, 0x40, 0x00, 0x00, 0x31, 0xFF, 0xC1, 0xEF, 0xFE, 0x07, 0xF0, 0x30, 0x1D,
    0xFF, 0x84, 0x0F, 0xFC, 0x38, 0x60, 0xE1, 0xE3, 0xFF, 0x03, 0x9F, 0xF8, 0x08, 0x77, 0x40, 0x29,
    0xBB, 0x03, 0x6D, 0x98, 0x1B, 0xED, 0xC1, 0x8F, 0x6C, 0x1C, 0x7B, 0xC0, 0xC1, 0xFC, 0x0E, 0x8F,
    0xFE, 0x67, 0xFF, 0xF8, 0x1F, 0xF8, 0x00, 0x00, 0x08, 0x00, 0x00, 0x60, 0x0E, 0x27, 0xE0, 0x79,
    0xFF, 0x80, 0xEC, 0xDC, 0x03, 0x7F, 0xE0, 0x83, 0xFE, 0x0E, 0x0F, 0xFE, 0x3F, 0xFF, 0xF0, 0xFE,
    0x3C, 0x02, 0x3F, 0xF0, 0x0D, 0xF9, 0x80, 0xCC, 0xCC, 0x06, 0x66, 0x60, 0x63, 0x37, 0x03, 0x1B,
    0xB8, 0x30, 0xFF, 0x83, 0x83, 0x9F, 0x18, 0x78, 0x3C, 0x07, 0x00, 0xE0, 0x39, 0xFF, 0xE0, 0xEF,
    0xFF, 0x03, 0xF1, 0x80, 0x0F, 0x8C, 0x02, 0x1F, 0xFC, 0x38, 0xFF, 0xF0, 0xE7, 0xC3, 0x03, 0xBF,
    0xF8, 0x09, 0xBF, 0xC0, 0x2D, 0xFE, 0x03, 0x6F, 0xF0, 0x3B, 0x6D, 0x81, 0xB3, 0x6E, 0x1D, 0x9B,
    0x31, 0xDD, 0x99, 0xCE, 0xDF, 0xC6, 0x6C, 0xDE, 0x00, 0x40, 0x70, 0x00, 0x00, 0x18, 0x00, 0x00,
    0xE0, 0x0E, 0x03, 0xF0, 0x78, 0x1F, 0x81, 0xE0, 0xC6, 0x07, 0xFF, 0xF9, 0x07, 0xFF, 0xCE, 0x33,
    0x8C, 0x79, 0xFF, 0xC0, 0xEF, 0xFC, 0x02, 0x67, 0xF0, 0x0F, 0x1F, 0xC0, 0xD8, 0x78, 0x07, 0xE7,
    0x70, 0x6D, 0xDD, 0xC3, 0x7F, 0x77, 0x3E, 0xD8, 0xDB, 0xBE, 0xF3, 0x1B, 0x63, 0xF8, 0x10, 0x07,
    0x80, 0x04, 0x00, 0x00, 0x70, 0x00, 0x01, 0x80, 0xFC, 0x0C, 0xFF, 0xF2, 0x6F, 0xFC, 0x3B, 0xE1,
    0x80, 0xDE, 0x0C, 0x06, 0xE0, 0x60, 0x36, 0x03, 0x01, 0xF0, 0x18, 0x03, 0x80, 0xC0, 0x1C, 0x06,
    0x00, 0xF0, 0x30, 0x0F, 0xC1, 0x80, 0x67, 0x0C, 0x07, 0x3A, 0x60, 0x30, 0x1F, 0x03, 0x00, 0x78,
    0x10, 0x01, 0xC0, 0x00, 0x00, 0x00, 0x00, 0xC0, 0x00, 0x0C, 0x00, 0x00, 0xC0, 0x00, 0x0F, 0xF0,
    0x00, 0xFF, 0x00, 0x0C, 0x00, 0x00, 0xC0, 0x01, 0xFF, 0xE0, 0x1F, 0xFE, 0x00, 0xC0, 0x60, 0x0C,
    0x06, 0x00, 0xFF, 0xE0, 0x0F, 0xFE, 0x00, 0xC0, 0x00, 0x3E, 0x73, 0x03, 0x33, 0xB8, 0x73, 0x99,
    0xCE, 0x19, 0xCE, 0xC1, 0x8C, 0x60, 0x00, 0x00, 0x00, 0x00, 0x03, 0x86, 0x00, 0x70, 0xC0, 0x06,
    0x18, 0x01, 0xE7, 0xE0, 0xFF, 0xFE, 0x1F, 0x3D, 0xC0, 0xFD, 0xB8, 0x1F, 0xF6, 0x07, 0x9E, 0xC3,
    0xF1, 0xF9, 0xBE, 0x7F, 0x35, 0xDC, 0x66, 0xFF, 0x0F, 0xCF, 0xC1, 0xF0, 0xF1, 0x18, 0x3F, 0x33,
    0x8E, 0x77, 0x3B, 0x86, 0x73, 0xF0, 0xC6, 0x30, 0x00, 0x00, 0x00, 0x30, 0x03, 0x0E, 0x00, 0xC3,
    0x80, 0x30, 0xE0, 0x0C, 0x38, 0x03, 0x1F, 0xF0, 0xFF, 0xFC, 0x3F, 0xE0, 0x0C, 0x00, 0x07, 0x00,
    0x01, 0xFF, 0xC0, 0x7F, 0xF0, 0x18, 0x0C, 0x06, 0x03, 0x03, 0x80, 0xC0, 0xC0, 0x30, 0x70, 0x0C,
    0x18, 0x03, 0x0C, 0x00, 0xC0, 0x00, 0x00, 0x06, 0x00, 0x41, 0xB8, 0x0F, 0x0E, 0xDF, 0xF8, 0x76,
    0x7E, 0x03, 0xB3, 0x00, 0x1D, 0x98, 0x00, 0xFF, 0xFF, 0x87, 0xFF, 0xFC, 0x30, 0x3C, 0xE1, 0xF3,
    0xE6, 0x0F, 0xDF, 0xF0, 0x7E, 0xCF, 0x03, 0x36, 0x78, 0x19, 0xB1, 0xC0, 0xCF, 0x1E, 0x0C, 0x79,
    0xF8, 0x63, 0x9C, 0xF6, 0x1F, 0xC3, 0xF0, 0xF8, 0x0E, 0x00, 0x00, 0x00, 0x00, 0x04, 0x00, 0x30,
    0x70, 0x01, 0x81, 0x80, 0x2C, 0x0C, 0x03, 0xE7, 0xFE, 0x1F, 0x3F, 0xF0, 0xFE, 0x18, 0x07, 0xFF,
    0xFF, 0x76, 0xFF, 0xFB, 0x37, 0xDC, 0x19, 0xE0, 0x60, 0x8F, 0xFF, 0xE1, 0xEF, 0xFF, 0x3F, 0x18,
    0xC1, 0xD8, 0xE6, 0x00, 0xC3, 0xB0, 0x06, 0x09, 0x80, 0x30, 0x4C, 0x01, 0x83, 0xE0, 0x0C, 0x0F,
    0x00, 0x00, 0x10, 0x00, 0x06, 0x0C, 0x00, 0x18, 0x70, 0x00, 0xC3, 0xC0, 0x06, 0x1F, 0x03, 0x30,
    0xFC, 0x19, 0x86, 0x60, 0xEC, 0x33, 0x03, 0x7F, 0xFE, 0x1F, 0xFF, 0xF0, 0x18, 0x70, 0x01, 0xC7,
    0xC0, 0x1E, 0x3E, 0x03, 0xF1, 0xB8, 0x3B, 0x9C, 0xC1, 0x9C, 0xC7, 0x00, 0xEE, 0x1C, 0x07, 0xE0,
    0x70, 0x3E, 0x01, 0xC1, 0xE0, 0x06, 0x00, 0x00, 0x00, 0x00, 0x60, 0x00, 0x03, 0x80, 0x00, 0x1F,
    0xF8, 0x7F, 0xFF, 0xC3, 0xFF, 0xCC, 0x0C, 0x3C, 0xE0, 0x77, 0xFE, 0x01, 0xFF, 0xE0, 0x07, 0xFB,
    0x00, 0x3B, 0xDC, 0x03, 0xBF, 0x70, 0x7F, 0xFD, 0xC3, 0x9E, 0x64, 0x00, 0x3F, 0xF9, 0xFF, 0xFF,
    0xCF, 0xFF, 0x80, 0x00, 0x70, 0x00, 0x03, 0x80, 0x00, 0x1C, 0x00, 0x00, 0xE0, 0x00, 0x02, 0x00,
    0x00, 0x00, 0x00, 0x00, 0x07, 0xFE, 0x1F, 0xFF, 0xF0, 0xFF, 0xC1, 0x80, 0xC6, 0xCC, 0x06, 0x37,
    0x60, 0x31, 0xBB, 0x0F, 0xED, 0xD8, 0x7F, 0xEE, 0xC0, 0x63, 0x66, 0x03, 0x1B, 0xB0, 0x1B, 0xDD,
    0x80, 0xF8, 0xE0, 0x1F, 0x0F, 0x0D, 0xF0, 0xF8, 0x6E, 0x06, 0xC3, 0x00, 0xE6, 0x18, 0x0E, 0x3F,
    0xC0, 0xC0, 0xFC, 0x00, 0xFF, 0xE3, 0xFF, 0xFF, 0x1F, 0xFB, 0x98, 0x18, 0xDD, 0xC0, 0xC7, 0xFE,
    0x06, 0x3F, 0xF1, 0xFF, 0xBB, 0x07, 0xFD, 0xF8, 0x0C, 0x7F, 0xE0, 0x63, 0xF0, 0x03, 0x6B, 0x80,
    0x1F, 0xFF, 0xC3, 0xE7, 0xFE, 0x7C, 0x03, 0x01, 0x80, 0x18, 0x00, 0x3F, 0xFF, 0x01, 0xFF, 0xF8,
    0x37, 0xFF, 0x8F, 0xFF, 0xC7, 0xF8, 0x63, 0x1C, 0x31, 0x8E, 0x78, 0xFF, 0xFC, 0x7F, 0xFE, 0x31,
    0xC3, 0x18, 0xE1, 0x9F, 0xFF, 0xCF, 0xFF, 0xE7, 0xDC, 0x33, 0x0E, 0x19, 0x87, 0x0D, 0x83, 0x86,
    0xC1, 0xDB, 0xC0, 0xEF, 0xE0, 0x01, 0xC0, 0x00, 0x00, 0x01, 0x00, 0x00, 0x60, 0x00, 0x18, 0x00,
    0x06, 0x00, 0x41, 0xFE, 0x1F, 0xFF, 0x87, 0xFE, 0x61, 0x86, 0x18, 0x63, 0xFE, 0x1F, 0xFF, 0x87,
    0xF8, 0x61, 0x86, 0x38, 0x61, 0xFE, 0x1F, 0xFF, 0x97, 0xFE, 0x0C, 0x86, 0x03, 0x01, 0x80, 0xC0,
    0x7F, 0xF0, 0x1F, 0xFC, 0x01, 0xFC, 0x00, 0x00, 0x00, 0x7F, 0xFC, 0x03, 0xFF, 0xE0, 0x18, 0xFF,
    0x00, 0xFF, 0xF8, 0x07, 0xFD, 0xC0, 0x3B, 0xFE, 0x01, 0xFF, 0xF0, 0x0F, 0xF0, 0x00, 0x0F, 0xC0,
    0x00, 0xF7, 0x80, 0x1F, 0x1F, 0x81, 0xF8, 0xFF, 0x3C, 0xC6, 0x3D, 0x06, 0x30, 0x40, 0x71, 0x80,
    0x07, 0x0C, 0x00, 0x70, 0x60, 0x07, 0x03, 0x00, 0x00, 0x08, 0x00, 0x00, 0x08, 0x00, 0x01, 0xC0,
    0x00, 0x18, 0x00, 0x03, 0xF8, 0xFF, 0x3F, 0xCF, 0xF7, 0x38, 0x7B, 0x73, 0x87, 0xBF, 0xF0, 0x7F,
    0xDE, 0x07, 0xF0, 0xE0, 0x7B, 0x1F, 0x87, 0xB3, 0xBC, 0x7F, 0xE1, 0xF7, 0xFF, 0xFF, 0x63, 0xFF,
    0xC6, 0x07, 0x18, 0x00, 0x71, 0x80, 0x07, 0xF8, 0x00, 0x3F, 0xC0, 0x03, 0xC0, 0x00, 0x00, 0x00,
    0x00, 0x03, 0x00, 0xFF, 0x98, 0x03, 0xFF, 0xD0, 0x33, 0xBD, 0xC1, 0xD9, 0xDC, 0x07, 0xC7, 0xC0,
    0x1F, 0xFE, 0x01, 0xFF, 0xF8, 0x1C, 0x00, 0xF1, 0xFF, 0xFB, 0xD8, 0xFF, 0x84, 0x06, 0x0C, 0x00,
    0x3F, 0xE0, 0x01, 0xFF, 0x00, 0x0E, 0x38, 0x00, 0x3B, 0x80, 0x3F, 0xFF, 0xE1, 0xFF, 0xFF, 0x87,
    0xF0, 0x00, 0x00, 0x0F, 0xDF, 0xFF, 0xFF, 0xFF, 0xFC, 0x00, 0x60, 0x00, 0x1C, 0x00, 0x37, 0xFC,
    0x07, 0xFF, 0xC0, 0xFE, 0x30, 0x1C, 0x06, 0x01, 0x80, 0xC0, 0x3F, 0xF8, 0x07, 0xFF, 0x00, 0xC0,
    0x60, 0x18, 0x0C, 0x03, 0x01, 0x80, 0x7F, 0xF0, 0x0F, 0xFE, 0x01, 0x80, 0x00, 0x00, 0x30, 0x06,
    0x0E, 0x01, 0x83, 0x00, 0xE1, 0xC0, 0xB0, 0x7F, 0xBF, 0xDF, 0xEF, 0xFE, 0x1B, 0x1F, 0x06, 0xC7,
    0xE1, 0xB1, 0xDC, 0x6F, 0xE3, 0x9B, 0xF8, 0x76, 0xC6, 0x0D, 0xB1, 0x80, 0x6C, 0x60, 0x3B, 0xF8,
    0x4E, 0xFF, 0x1F, 0xB8, 0x03, 0xC0, 0x00, 0x70, 0x00, 0x20, 0x00, 0x03, 0x80, 0x00, 0x1C, 0x00,
    0x0F, 0xFF, 0x00, 0x7F, 0xF8, 0x03, 0xB9, 0xC0, 0x1C, 0xEE, 0x8F, 0xFF, 0xFE, 0x7F, 0xFF, 0xF1,
    0xF3, 0x1C, 0x03, 0x9F, 0xE0, 0x38, 0x7F, 0x03, 0x80, 0x70, 0x1F, 0xFF, 0xC0, 0x3F, 0xFE, 0x01,
    0xBB, 0x30, 0x0C, 0xD9, 0x80, 0x7F, 0xFF, 0xBF, 0xFF, 0xFE, 0xFF, 0xF0, 0x00, 0xC7, 0xFF, 0xFF,
    0xFF, 0xE7, 0xC0, 0x3E, 0x01, 0xFF, 0xFF, 0xFF, 0xFC, 0x03, 0xE0, 0x1F, 0xFF, 0xFF, 0xFF, 0xFC,
    0x3E, 0x01, 0xF0, 0x0F, 0xFF, 0xFF, 0xFF, 0xFC, 0x03, 0x00, 0x00, 0x01, 0xFF, 0x87, 0xFF, 0xF8,
    0x7F, 0xC1, 0x86, 0x7C, 0x38, 0x7F, 0xFF, 0x87, 0xFF, 0xF0, 0x7F, 0xCC, 0x06, 0x7C, 0xC0, 0x7F,
    0xFF, 0xC7, 0xFF, 0xFC, 0x6F, 0xCE, 0x06, 0xFC, 0x60, 0x7F, 0xC7, 0x37, 0xFC, 0x33, 0x61, 0xFF,
    0xB0, 0x3F, 0x1F, 0x07, 0xC0, 0xE0, 0x30, 0x06, 0x10, 0x00, 0x00, 0xE0, 0x02, 0x06, 0x3F, 0xF8,
    0x31, 0xFF, 0xC3, 0xF8, 0x00, 0x1F, 0xFF, 0xE0, 0xF9, 0xFF, 0x8D, 0xCE, 0x18, 0x6F, 0xB0, 0xC7,
    0xFF, 0xFE, 0x1F, 0x8F, 0xF8, 0x1C, 0x61, 0x80, 0xF3, 0x1C, 0x0D, 0xCC, 0xE0, 0x66, 0x76, 0x06,
    0x31, 0xE6, 0x71, 0xFF, 0xFB, 0x07, 0xFF, 0x80, 0x00, 0x00, 0x00, 0x00, 0x00, 0x07, 0xFC, 0x7F,
    0xFF, 0xC7, 0xFC, 0x18, 0x0C, 0x31, 0x81, 0xC3, 0x18, 0x18, 0x31, 0x83, 0xF3, 0x38, 0x3F, 0xB3,
    0x83, 0xB3, 0xFF, 0x7B, 0x3F, 0xFD, 0xB0, 0x07, 0x9B, 0x0F, 0x71, 0xFF, 0xFE, 0x1F, 0x7F, 0x61,
    0x80, 0x06, 0x00, 0x06, 0xE0, 0x00, 0x7E, 0x00, 0x01, 0xC0, 0x00, 0x00, 0x00, 0x7F, 0xE0, 0x3F,
    0xFF, 0x87, 0xFF, 0x60, 0x0F, 0x1F, 0xF8, 0x0C, 0x7F, 0xE0, 0x71, 0x99, 0x81, 0xA7, 0xFE, 0x0F,
    0xFF, 0xF8, 0x3F, 0xE6, 0xE1, 0xED, 0xFF, 0x87, 0xB7, 0xFC, 0x36, 0xFF, 0x80, 0x1B, 0xFC, 0x00,
    0x7E, 0x78, 0x01, 0xF3, 0xF8, 0x06, 0x1C, 0xF8, 0x01, 0xE0, 0xF8, 0x0E, 0x00, 0xE0, 0x00, 0x08,
    0x00, 0x00, 0xC0, 0x00, 0x1C, 0x01, 0xF9, 0xF8, 0x7F, 0xBF, 0xC3, 0xC7, 0x38, 0x1C, 0x7F, 0xE1,
    0x8F, 0xFF, 0x1F, 0xFE, 0x73, 0xF6, 0x7F, 0x3F, 0x7F, 0xF7, 0xB7, 0xF7, 0x7B, 0x66, 0x7D, 0xB7,
    0xFF, 0x1F, 0x7F, 0xF1, 0xFE, 0x67, 0x18, 0xC6, 0x70, 0x0C, 0x7F, 0x01, 0x86, 0xF0, 0x18, 0x06,
    0x00, 0x00, 0x00, 0x00, 0x3E, 0x03, 0xFF, 0xE0, 0x3F, 0xF0, 0x00, 0x00, 0x00, 0x00, 0x00, 0x0F,
    0xFF, 0xFF, 0xFF, 0xFB, 0xFF, 0x00, 0x00, 0x64, 0x01, 0xCD, 0xC0, 0x39, 0x9C, 0x0E, 0x31, 0xC3,
    0x86, 0x1C, 0x60, 0xC1, 0xD8, 0x18, 0x1E, 0x3F, 0x00, 0x03, 0xE0, 0x00, 0x1C, 0x00, 0x00, 0x08,
    0x00, 0xC0, 0xC0, 0x0E, 0x0C, 0x00, 0xFF, 0xF8, 0x7F, 0xFF, 0x83, 0xF3, 0xE0, 0x1F, 0xBF, 0x83,
    0xFE, 0xFC, 0x6E, 0xCD, 0xEC, 0xF8, 0xC4, 0x0F, 0xFE, 0x00, 0xFF, 0xE0, 0x00, 0x1F, 0xEF, 0xFF,
    0xFF, 0xFF, 0xFC, 0x00, 0xEE, 0xE0, 0x1E, 0xE7, 0x83, 0xEE, 0x3C, 0x73, 0xE0, 0xC0, 0x1E, 0x00,
    0x00, 0x00, 0x00, 0x00, 0x00, 0x00, 0x08, 0x38, 0x00, 0xE1, 0xC0, 0x1F, 0x0E, 0x03, 0xE0, 0x78,
    0x3F, 0x0F, 0xE0, 0x3E, 0x7F, 0x8F, 0xFF, 0xEE, 0x7F, 0xB7, 0x38, 0x73, 0xBB, 0x87, 0xF9, 0xD8,
    0x3F, 0x0F, 0xC3, 0xFC, 0x7C, 0x3F, 0x40, 0xE1, 0xB8, 0x0E, 0x19, 0xC0, 0xE0, 0x8E, 0x0E, 0x00,
    0x70, 0xE0, 0x03, 0x9E, 0x00, 0x1F, 0xC0, 0x00, 0x00, 0x00, 0x00, 0x00, 0x00, 0x00, 0x0C, 0x60,
    0x01, 0xE3, 0x00, 0x1E, 0x38, 0x07, 0xE1, 0x80, 0x33, 0x1F, 0xF8, 0x3E, 0xFF, 0xCF, 0xFE, 0xE6,
    0x7E, 0x67, 0x60, 0x76, 0x3A, 0x07, 0xED, 0xF0, 0x3F, 0x7F, 0xC3, 0xFF, 0x76, 0x1B, 0x7B, 0xB9,
    0x99, 0x9C, 0xD8, 0xDC, 0xE7, 0x86, 0xC7, 0x10, 0x30, 0xF8, 0x03, 0x87, 0xC0, 0x0C, 0x1C, 0x00,
    0x00, 0x00, 0x00, 0x00, 0x00, 0x00, 0x18, 0x60, 0x07, 0x86, 0x00, 0xF0, 0xFE, 0x7E, 0x1F, 0xE6,
    0xE3, 0x9C, 0x0F, 0x7F, 0x87, 0xFC, 0xF0, 0x7F, 0x8F, 0x01, 0xE3, 0xF0, 0x1F, 0xF7, 0xE1, 0xF8,
    0xFF, 0x3F, 0x9C, 0xE3, 0xE3, 0xCC, 0x6E, 0x6F, 0xCC, 0xE0, 0x78, 0xCE, 0x0F, 0x00, 0xE1, 0xC0,
    0x0E, 0x78, 0x00, 0xCE, 0x00, 0x00, 0x00, 0x00, 0x01, 0x00, 0x00, 0x1F, 0xFE, 0x03, 0xFF, 0xF0,
    0x7C, 0xE1, 0x87, 0xC3, 0x0C, 0x06, 0x19, 0xE1, 0xFF, 0xFF, 0x0F, 0xF7, 0xF0, 0x0E, 0x01, 0xC0,
    0xFB, 0xFF, 0x07, 0xFF, 0xF0, 0x7B, 0x0C, 0x03, 0xC7, 0xFE, 0x36, 0x3F, 0xF3, 0x30, 0x18, 0x11,
    0x80, 0xC0, 0x0D, 0xFF, 0xF0, 0x6F, 0xFF, 0xC3, 0x10, 0x00, 0x00, 0x00, 0x00, 0x00, 0x00, 0x00,
    0x1C, 0x00, 0x03, 0x80, 0x18, 0x70, 0x63, 0xFF, 0xFE, 0x7F, 0xFF, 0xDC, 0x84, 0x33, 0x39, 0xEC,
    0x67, 0x1F, 0x0F, 0xC0, 0xE0, 0xF0, 0x0E, 0x38, 0x3F, 0x81, 0xFF, 0xF0, 0x1F, 0xF0, 0x00, 0x38,
    0x00, 0x07, 0x00, 0x00, 0xE0, 0x1F, 0xFF, 0xFF, 0xFF, 0xFF, 0xBF, 0x00, 0x00, 0x00, 0xC0, 0x00,
    0x1C, 0x00, 0x03, 0x80, 0x00, 0x70, 0x00, 0x3F, 0xF8, 0xFF, 0xFF, 0x8F, 0xFA, 0x00, 0x60, 0x70,
    0x0C, 0x0E, 0x01, 0xC1, 0x80, 0x18, 0x70, 0x03, 0x8E, 0x00, 0x31, 0x80, 0x07, 0x70, 0x00, 0xEC,
    0x00, 0x0B, 0xFE, 0xFF, 0xFF, 0xFF, 0xFF, 0xF8, 0x04, 0x00, 0x00, 0x6F, 0xF0, 0x26, 0xFF, 0x87,
    0x6E, 0x30, 0x36, 0x77, 0x03, 0x63, 0xE0, 0x76, 0x1C, 0x07, 0x63, 0xF0, 0x76, 0x77, 0xC3, 0x7E,
    0x1E, 0x07, 0xC0, 0x00, 0x6F, 0xF0, 0x1F, 0xFF, 0x01, 0xFD, 0x80, 0x07, 0x1C, 0x00, 0x3B, 0x80,
    0x03, 0xFF, 0xEF, 0xFF, 0xFE, 0x7F, 0xFE, 0x00, 0x00, 0xC0, 0x00, 0x0C, 0x00, 0x00, 0xEF, 0x03,
    0xFF, 0xF0, 0x1F, 0xF8, 0x00, 0x33, 0x9C, 0xFF, 0xFF, 0xEF, 0xFF, 0xF0, 0x0F, 0xFE, 0x00, 0xFF,
    0xE0, 0x0F, 0xFE, 0x00, 0xFF, 0xE0, 0x0D, 0xFE, 0x00, 0xFF, 0xE0, 0x0F, 0xE0, 0x4F, 0xFF, 0xFE,
    0xFF, 0xFF, 0xC0, 0x0E, 0x00, 0x00, 0xE0, 0x00, 0x0E, 0x00, 0x00, 0x40, 0x00, 0x00, 0x0E, 0x00,
    0x80, 0x64, 0x1C, 0x66, 0x60, 0xC6, 0x66, 0x0C, 0x66, 0x67, 0xFF, 0xFE, 0x7F, 0xFF, 0xE3, 0x70,
    0x3E, 0x37, 0xFF, 0xF3, 0x67, 0xF0, 0x3E, 0x0C, 0x01, 0xEF, 0xFF, 0x1F, 0xFF, 0xF1, 0xFF, 0xF3,
    0xFC, 0xFF, 0x37, 0x0F, 0xF3, 0x00, 0xFF, 0xF0, 0x0F, 0xFF, 0x00, 0xE9, 0x70, 0x00, 0x00, 0x00,
    0x04, 0x00, 0x30, 0x70, 0x01, 0x83, 0xF8, 0x1F, 0xFF, 0xE1, 0xFF, 0xF8, 0x0D, 0xDD, 0xE0, 0xCF,
    0xCF, 0x0C, 0x64, 0x60, 0x07, 0x03, 0x00, 0x3F, 0xFF, 0x83, 0xFF, 0xFC, 0x38, 0x06, 0x03, 0xC6,
    0x30, 0x3E, 0x39, 0x81, 0xB0, 0xEC, 0x01, 0x83, 0x60, 0x0C, 0x03, 0x00, 0x60, 0xF8, 0x03, 0x07,
    0xC0, 0x18, 0x0E, 0x00, 0x00, 0x08, 0x01, 0x83, 0x80, 0x31, 0x7F, 0x0F, 0xFF, 0xF3, 0xFF, 0xF0,
    0x6F, 0xCE, 0x19, 0xFF, 0xC6, 0xFF, 0xF8, 0x0C, 0xE3, 0x03, 0xFF, 0xE0, 0x7F, 0xFC, 0x0C, 0x70,
    0x01, 0xFF, 0xFC, 0x3F, 0xFF, 0x80, 0xF8, 0x70, 0x3F, 0xCC, 0x0E, 0xFF, 0x87, 0x9C, 0xF3, 0xC3,
    0x84, 0x60, 0x70, 0x00, 0x04, 0x00, 0x00, 0x04, 0x00, 0x30, 0x70, 0x03, 0x8B, 0xB8, 0x1F, 0xFF,
    0xE1, 0xFF, 0xFC, 0x0D, 0xF9, 0xE0, 0xC7, 0xC7, 0x0C, 0x1E, 0x00, 0x01, 0xFC, 0x00, 0x1C, 0xF8,
    0x01, 0xC7, 0xF0, 0x3F, 0xFF, 0xE7, 0x9F, 0x87, 0xF2, 0x31, 0xC8, 0x19, 0xCE, 0x00, 0xE6, 0xE0,
    0x03, 0x3E, 0x00, 0x1B, 0xFE, 0x0F, 0xFF, 0xF8, 0x3F, 0xFF, 0x80, 0x00, 0x08, 0x01, 0x83, 0x80,
    0x30, 0x73, 0x0F, 0xFF, 0xF3, 0xFF, 0xFC, 0x6E, 0xCE, 0x1E, 0xF0, 0xC6, 0xFF, 0xFC, 0xE6, 0xFF,
    0x8E, 0x40, 0x30, 0xDF, 0xE6, 0x19, 0xFC, 0xC3, 0x3F, 0x98, 0x67, 0xF3, 0x0C, 0xC6, 0x61, 0x9F,
    0xCC, 0x33, 0xF9, 0x86, 0x61, 0xB0, 0xC0, 0x1E, 0x18, 0x01, 0xC0, 0x00, 0x00, 0x08, 0x08, 0x00,
    0xC1, 0xC0, 0x0F, 0xDF, 0xE1, 0xFF, 0xFE, 0x3F, 0x37, 0x03, 0x3F, 0xF0, 0x7F, 0xFF, 0x0C, 0xFF,
    0xE0, 0x0F, 0xFE, 0x00, 0xFF, 0xE0, 0x0F, 0xFE, 0x00, 0xFD, 0xE0, 0x0F, 0xFE, 0x00, 0xFF, 0x80,
    0x07, 0xFF, 0xEF, 0xFF, 0xFE, 0x7F, 0x18, 0x00, 0xE1, 0x80, 0x1C, 0x1C, 0x07, 0x81, 0x80, 0x00,
    0x08, 0x00, 0x00, 0x18, 0x01, 0x83, 0x80, 0x73, 0x7F, 0x0F, 0xFF, 0xF3, 0xF3, 0x70, 0xE7, 0xC6,
    0x3C, 0x78, 0x61, 0xFF, 0xFF, 0x7F, 0xFF, 0xCD, 0xFF, 0xBB, 0xBF, 0xF6, 0x27, 0x06, 0x00, 0xFF,
    0xC0, 0x1F, 0xF8, 0x03, 0xFF, 0x80, 0x7F, 0xF8, 0x0F, 0x86, 0x01, 0xFF, 0xC0, 0x3F, 0xFC, 0x07,
    0xC0, 0x00, 0x40, 0x00, 0x00, 0x08, 0x00, 0xE1, 0xC0, 0x0F, 0xDF, 0xC1, 0xFF, 0xFC, 0x3F, 0x77,
    0x07, 0xFF, 0x30, 0x4C, 0x3B, 0x07, 0xFF, 0xFC, 0x7F, 0xFF, 0xC3, 0xFB, 0xB0, 0x3F, 0xFF, 0xE3,
    0xFF, 0xFE, 0xFF, 0xFF, 0x83, 0xE7, 0xF8, 0x1F, 0x71, 0x83, 0xFF, 0xF8, 0x7D, 0xFF, 0x8E, 0xC3,
    0xF8, 0x8C, 0x3F, 0x80, 0xC3, 0x00, 0x00, 0x00, 0x00, 0x04, 0x00, 0x00, 0x18, 0x00, 0x00, 0x6B,
    0xFC, 0x0D, 0xBF, 0xF0, 0x36, 0xF8, 0xC0, 0xFE, 0xE3, 0x01, 0xF3, 0xFC, 0x1F, 0xFF, 0xF0, 0x7F,
    0xF8, 0xC0, 0x38, 0xE3, 0x01, 0xFB, 0xFC, 0x07, 0xFF, 0xF0, 0x3E, 0xFF, 0xC0, 0xD8, 0xE3, 0x06,
    0x63, 0x8C, 0x31, 0x8E, 0x30, 0x06, 0xFF, 0xF8, 0x1B, 0xFF, 0xE0, 0x60, 0x00, 0x00, 0x00, 0x00,
    0x00, 0x00, 0x00, 0x03, 0x80, 0x1F, 0xE0, 0xFF, 0xE0, 0x1D, 0xC0, 0x00, 0xF3, 0x01, 0xF1, 0xC0,
    0x3C, 0xE0, 0x07, 0xF0, 0x00, 0x7B, 0x80, 0x3C, 0xF0, 0x1F, 0xFE, 0x7F, 0xFF, 0xCF, 0xF9, 0x70,
    0xEE, 0xE8, 0x3B, 0x9C, 0x1C, 0xE3, 0x8F, 0xF8, 0x76, 0x3E, 0x1D, 0x07, 0x80, 0x00, 0x00, 0x00,
    0x01, 0x80, 0x00, 0x70, 0x00, 0x1C, 0x40, 0xFF, 0xF8, 0x1F, 0xFC, 0x18, 0x77, 0xE7, 0xFF, 0xFD,
    0xFF, 0xE6, 0xE3, 0xB3, 0xB7, 0xDF, 0xCC, 0xFF, 0x00, 0x0F, 0x70, 0x07, 0x8E, 0x1F, 0xFF, 0xC3,
    0xFF, 0xF0, 0x37, 0x7C, 0x1D, 0xDF, 0x0F, 0x71, 0xE7, 0x7C, 0x3B, 0x0F, 0x00, 0x00, 0x80, 0x00,
    0x00, 0x00, 0x03, 0x00, 0x06, 0xDF, 0xF1, 0xB7, 0xF8, 0x6C, 0xEE, 0x1B, 0x1F, 0x06, 0xC3, 0xC1,
    0xB1, 0xFC, 0x6F, 0xF7, 0xC3, 0xCE, 0x61, 0xE7, 0x00, 0x3F, 0xE0, 0x03, 0x9C, 0x1F, 0xFF, 0x87,
    0xFF, 0xF0, 0xF3, 0x6C, 0x1C, 0xDE, 0x0F, 0x33, 0xCF, 0x7C, 0x3B, 0x0F, 0x00, 0x00, 0x80, 0x00,
    0x00, 0x0F, 0x0F, 0xFF, 0xE3, 0xFF, 0xF8, 0xFF, 0xFE, 0x1F, 0xFF, 0x06, 0x30, 0xC1, 0xFF, 0xF8,
    0x7F, 0xFC, 0x0B, 0xCC, 0x03, 0xEF, 0x00, 0xFF, 0xE0, 0x07, 0x9C, 0x3F, 0xFF, 0x8F, 0xFF, 0xF0,
    0x6E, 0xEC, 0x3B, 0xBC, 0x3E, 0xE3, 0xDC, 0xF8, 0x74, 0x1E, 0x00, 0x01, 0x00, 0x00, 0x00, 0x00,
    0xC7, 0x60, 0x0C, 0x37, 0x01, 0xC3, 0x38, 0x1A, 0x31, 0x83, 0xB3, 0x78, 0xF7, 0xFF, 0x8F, 0x6F,
    0xC0, 0x3E, 0x38, 0x01, 0xC1, 0xFE, 0x19, 0xFF, 0xC3, 0xFF, 0xC8, 0x7E, 0x0D, 0xC7, 0x80, 0xF8,
    0x03, 0x8F, 0x10, 0xF1, 0xF3, 0x7C, 0x7F, 0x3F, 0x9E, 0x3F, 0x63, 0x01, 0xF0, 0x00, 0x0E, 0x08,
    0x00, 0x01, 0x80, 0x00, 0x70, 0x02, 0x0C, 0x7F, 0xF3, 0xBF, 0xFE, 0xEF, 0x99, 0xBD, 0xB3, 0x33,
    0xF6, 0x66, 0x1C, 0xCF, 0xC3, 0x9F, 0xF8, 0x6B, 0xFF, 0x3F, 0xE6, 0x67, 0xCC, 0xCC, 0x43, 0x99,
    0x81, 0xFB, 0x31, 0xF7, 0xFE, 0xF8, 0xFF, 0xCE, 0x0C, 0x00, 0x08, 0x00, 0x00, 0xCF, 0xF8, 0x1C,
    0xFF, 0x81, 0xB7, 0xB0, 0x3B, 0x07, 0x0F, 0x70, 0xE0, 0xF6, 0x1E, 0x07, 0xE3, 0xF8, 0x1C, 0xF3,
    0xC1, 0xDC, 0x0E, 0x3F, 0x07, 0xC7, 0xEF, 0xF8, 0x78, 0x7F, 0x80, 0x19, 0xC0, 0x0F, 0x1C, 0x07,
    0xE1, 0xC0, 0xFB, 0xFF, 0xEE, 0x3F, 0xFF, 0x00, 0x80, 0x00, 0x00, 0x00, 0x00, 0xC1, 0x80, 0x0C,
    0x18, 0x01, 0xC3, 0xF8, 0x1B, 0x3F, 0x83, 0xB7, 0x30, 0x73, 0xF7, 0x0F, 0x7F, 0xE0, 0x7F, 0x9E,
    0x01, 0xD1, 0xE0, 0x1C, 0x3F, 0x01, 0xB7, 0x3C, 0x7F, 0xE1, 0xF7, 0xDF, 0xFF, 0x01, 0x7F, 0x80,
    0x76, 0x18, 0x3E, 0x61, 0x8F, 0x87, 0xF8, 0x60, 0x7F, 0x80, 0x07, 0xF0, 0x00, 0x00, 0x00, 0x0C,
    0x1C, 0x00, 0xC0, 0xC0, 0x1C, 0x0C, 0x01, 0xAF, 0xFC, 0x3B, 0xFF, 0xC7, 0x71, 0x80, 0xF6, 0x3B,
    0x07, 0xE3, 0x38, 0x1D, 0xFF, 0xC1, 0x8F, 0xFE, 0x3F, 0x3E, 0x47, 0xE3, 0x60, 0x78, 0x36, 0x00,
    0x37, 0x63, 0x0F, 0x66, 0x33, 0xCE, 0x63, 0xF8, 0xC7, 0xF6, 0x38, 0x7E, 0x03, 0x01, 0xC0, 0x08,
    0x04, 0x00, 0xDC, 0x60, 0x1C, 0xC6, 0x81, 0x8F, 0x6C, 0x3B, 0xFF, 0xC7, 0x7D, 0xF8, 0xF6, 0xDF,
    0x07, 0xEF, 0xFE, 0x1C, 0xFF, 0xC1, 0xCC, 0xF0, 0x3A, 0xDF, 0x87, 0xFD, 0xFC, 0x7C, 0xFE, 0xC2,
    0x3F, 0x6C, 0x0E, 0xE6, 0x03, 0xCC, 0x60, 0xF8, 0xFF, 0xE6, 0x0F, 0xFF, 0x00, 0xC0, 0x00, 0x08,
    0x18, 0x00, 0xC1, 0xC0, 0x1C, 0x1C, 0xC1, 0xAF, 0xFC, 0x3B, 0xFF, 0xC7, 0x71, 0xF8, 0xF6, 0x1F,
    0xE7, 0xFF, 0xFF, 0x1D, 0xFF, 0x01, 0x83, 0xC0, 0x3F, 0x7F, 0x87, 0xEF, 0xF8, 0x7B, 0xE1, 0x80,
    0x37, 0xF8, 0x0E, 0x7F, 0x87, 0xC6, 0x18, 0xF0, 0x7F, 0x86, 0x07, 0xF8, 0x00, 0x70, 0x00, 0x00,
    0x00, 0x08, 0x0C, 0x01, 0x81, 0x80, 0x71, 0xFE, 0x0D, 0x3F, 0xC3, 0xB0, 0xC0, 0xEF, 0xFF, 0xFD,
    0xFF, 0xFB, 0xF3, 0x76, 0x1C, 0x7F, 0x83, 0x17, 0xC0, 0xFF, 0xB8, 0x3F, 0x3F, 0x07, 0x83, 0xFE,
    0x07, 0xFF, 0xC3, 0xBF, 0x83, 0xE1, 0xFC, 0xF0, 0x73, 0xCC, 0x3C, 0x3C, 0x1E, 0x01, 0x80, 0x00,
    0x00, 0x00, 0xC3, 0x80, 0x0C, 0x3B, 0x01, 0xC3, 0x30, 0x1B, 0x77, 0x03, 0xB7, 0xFC, 0x77, 0xFF,
    0xEF, 0x6F, 0x60, 0x7F, 0xE6, 0x01, 0xD7, 0xFC, 0x1C, 0x7F, 0xC1, 0xF6, 0x60, 0x7F, 0x7F, 0xC7,
    0x87, 0xFC, 0x03, 0x66, 0x00, 0xF6, 0x60, 0x3C, 0x7F, 0xEF, 0x87, 0xFF, 0x60, 0x60, 0x00, 0x06,
    0x00, 0x00, 0x00, 0x00, 0x00, 0x00, 0x00, 0x60, 0x0E, 0x03, 0x83, 0xF0, 0x19, 0xFF, 0x81, 0xDE,
    0xCC, 0x0D, 0xFF, 0xC1, 0xEC, 0xDE, 0x0E, 0xEF, 0xFC, 0x3E, 0x7F, 0xC0, 0xF7, 0xFF, 0x87, 0x3F,
    0xFC, 0x3F, 0x67, 0x07, 0xF3, 0xFC, 0x1C, 0x3F, 0xE0, 0x0F, 0xFE, 0x01, 0xF9, 0xE0, 0x7D, 0xCF,
    0x83, 0xCC, 0xFF, 0x08, 0xDE, 0x3E, 0x01, 0xC0, 0xE0, 0x00, 0x10, 0x01, 0x87, 0x00, 0x30, 0x70,
    0x0E, 0xC7, 0xC1, 0x9F, 0xFC, 0x77, 0xFF, 0x9D, 0xF0, 0x77, 0xBF, 0xFE, 0x3F, 0xFF, 0xC3, 0xBB,
    0xF8, 0x67, 0xFF, 0x9F, 0xFD, 0xB7, 0xDF, 0xB6, 0xE3, 0xFF, 0xC1, 0xFF, 0xF8, 0xFF, 0xDB, 0xFB,
    0xFB, 0x7E, 0x7F, 0x7D, 0x1B, 0xEF, 0x80, 0x30, 0x70, 0x40, 0xFF, 0x7F, 0xFF, 0xDF, 0xFC, 0xCC,
    0x63, 0x66, 0x39, 0xB3, 0xDE, 0xD9, 0xFF, 0xEC, 0xDE, 0xF6, 0x66, 0x3B, 0x33, 0x9D, 0x9B, 0xFF,
    0xCD, 0xBD, 0xE7, 0x9C, 0x73, 0xC6, 0x19, 0xC6, 0x0D, 0xC2, 0x3E, 0xE0, 0x0F, 0x30, 0x03, 0x80,
    0x00, 0x00, 0x00, 0x1F, 0x80, 0xFF, 0xFE, 0x03, 0xF6, 0x60, 0x1F, 0xFF, 0x00, 0xFF, 0xF8, 0x06,
    0x3F, 0xE0, 0x7F, 0xFF, 0x03, 0xFE, 0x00, 0x07, 0xFF, 0x00, 0x3F, 0xF8, 0x01, 0xFF, 0xC0, 0x0F,
    0xFE, 0x00, 0x7F, 0xF0, 0x03, 0xFF, 0x80, 0x1F, 0xFC, 0x00, 0xFF, 0xE0, 0x4F, 0xFF, 0xF3, 0xFF,
    0xFF, 0x8F, 0xC0, 0x00, 0x00, 0x80, 0x00, 0x3C, 0x7E, 0x3F, 0xFF, 0xF7, 0xFF, 0xE7, 0x3F, 0x86,
    0x73, 0xFA, 0x77, 0x7F, 0xFF, 0xF7, 0xFB, 0xFF, 0x1F, 0x9E, 0xF3, 0xFC, 0xEF, 0x67, 0xDE, 0xFF,
    0xFF, 0xFF, 0x3E, 0xFF, 0xF3, 0xFF, 0xF7, 0x3F, 0x8E, 0x73, 0x7A, 0xE7, 0x3F, 0xBF, 0xF3, 0xFD,
    0xFF, 0x30, 0x0C, 0x60, 0x06, 0x00, 0x80, 0x30, 0x0E, 0x01, 0x80, 0xF0, 0x7F, 0x9E, 0x03, 0xFF,
    0xE0, 0x03, 0x5B, 0x00, 0xFF, 0x1F, 0x83, 0xFF, 0xFC, 0x0F, 0xFE, 0x03, 0xFF, 0x30, 0x0F, 0x81,
    0xFC, 0x3F, 0xFF, 0xE1, 0xFF, 0xE0, 0x1F, 0xE3, 0x0C, 0xDB, 0x18, 0x6C, 0xC0, 0xC3, 0xC6, 0x07,
    0xF8, 0x30, 0x3F, 0x81, 0x80, 0x70, 0x00, 0x00, 0x00, 0x00, 0x00, 0x00, 0xC3, 0x80, 0x0C, 0x38,
    0x01, 0xF3, 0x98, 0x1B, 0xBB, 0x83, 0xBB, 0xF4, 0xFF, 0xFC, 0x4F, 0xEF, 0x86, 0x7F, 0xFF, 0xC7,
    0xF9, 0xFC, 0x79, 0xB8, 0x07, 0xFB, 0x88, 0x7F, 0xB9, 0xC7, 0x1B, 0xFE, 0x7F, 0xBE, 0x27, 0xFB,
    0x82, 0x71, 0xB8, 0x67, 0x5B, 0xFE, 0x77, 0x9F, 0xE7, 0x38, 0xF8, 0x00, 0x00, 0x00, 0x00, 0x60,
    0x03, 0xE7, 0x00, 0x3E, 0x73, 0xF3, 0x67, 0x3F, 0x37, 0xFF, 0x33, 0xFF, 0xF3, 0x3E, 0x73, 0x33,
    0x67, 0x33, 0x37, 0xFF, 0x33, 0x7F, 0xF3, 0x3E, 0x63, 0x33, 0xE7, 0xBF, 0x36, 0xFF, 0xF3, 0x6D,
    0xF6, 0x77, 0xFF, 0x06, 0x7E, 0x70, 0x7E, 0x03, 0x0C, 0xE0, 0x30, 0xC6, 0x03, 0x00, 0x00, 0x00,
    0x02, 0x00, 0x0C, 0x00, 0x70, 0x01, 0xC0, 0xFF, 0xFD, 0xFF, 0xF7, 0xC0, 0xD8, 0x03, 0x7F, 0xFD,
    0xFF, 0xF7, 0xC1, 0xD8, 0x07, 0x7F, 0xFD, 0xFF, 0xF7, 0x81, 0xD8, 0x07, 0x70, 0x1D, 0xFF, 0xF7,
    0xFF, 0xDC, 0x00, 0x00, 0x00, 0x01, 0x00, 0x00, 0x18, 0x00, 0x03, 0x80, 0x00, 0x3F, 0x80, 0x07,
    0xFC, 0x00, 0xFF, 0x80, 0x1C, 0x30, 0x03, 0xFF, 0xF0, 0x7F, 0xFF, 0x85, 0xEE, 0x30, 0x18, 0xE3,
    0x01, 0x8E, 0x30, 0x1F, 0xFF, 0x01, 0xFF, 0xF2, 0x18, 0x00, 0x21, 0x80, 0x06, 0x18, 0x00, 0x61,
    0xFF, 0xFE, 0x1F, 0xFF, 0xE0, 0x7F, 0xE0, 0x00, 0x00, 0x00, 0xC3, 0x80, 0x1C, 0x70, 0x03, 0x8E,
    0xE7, 0xFF, 0xFE, 0xFF, 0xFF, 0x80, 0xC6, 0x00, 0x18, 0x80, 0x3F, 0xFF, 0x07, 0xFF, 0xE0, 0x23,
    0x0C, 0x00, 0x61, 0x80, 0x0C, 0x30, 0x01, 0xA6, 0x00, 0x37, 0xC0, 0x0E, 0x78, 0x01, 0xC6, 0x00,
    0x38, 0x00, 0x07, 0x00, 0x00, 0xE0, 0x00, 0x08, 0x00, 0x00, 0x00, 0x00, 0xC3, 0x00, 0x1C, 0x70,
    0x03, 0x8F, 0xEF, 0xFF, 0xFF, 0xFF, 0xF0, 0x00, 0xC6, 0x00, 0xDE, 0x98, 0x1E, 0xFF, 0x81, 0xFF,
    0xF1, 0x8B, 0x0E, 0x3C, 0x61, 0xC1, 0xFF, 0x30, 0x1F, 0xBE, 0x41, 0xB3, 0xC8, 0x66, 0x33, 0x1C,
    0xC0, 0x67, 0x1F, 0xFD, 0xC1, 0xFF, 0x90, 0x1F, 0xC0, 0x00, 0x00, 0x00, 0x71, 0xC0, 0x03, 0x1C,
    0x00, 0x7F, 0xFE, 0x7F, 0xFF, 0xE3, 0xF9, 0x80, 0x01, 0x93, 0x01, 0xB9, 0xF8, 0x1F, 0x8D, 0xC0,
    0xF0, 0xCC, 0x1E, 0x1F, 0xC7, 0xFF, 0xFE, 0x6F, 0xFC, 0x00, 0xE1, 0xC0, 0x3F, 0x1E, 0x07, 0x73,
    0xF0, 0xE7, 0x73, 0x83, 0x66, 0x1C, 0x1F, 0xC0, 0xF0, 0xF8, 0x07, 0x00, 0x00, 0x00, 0x00, 0x00,
    0x00, 0x61, 0xC0, 0x07, 0x1C, 0x07, 0xFF, 0xFE, 0xFF, 0xFF, 0xC3, 0x33, 0x80, 0x33, 0x70, 0x03,
    0x87, 0xF0, 0x1C, 0xFF, 0x04, 0xDE, 0x70, 0xE3, 0xFE, 0x07, 0xE3, 0xC0, 0x38, 0x7F, 0x00, 0xDE,
    0x7E, 0x0F, 0xFF, 0xF1, 0xEF, 0xF2, 0x38, 0xC3, 0x07, 0x0C, 0x70, 0xF0, 0xFF, 0x06, 0x0F, 0xF0,
    0x00, 0x00, 0x00, 0x00, 0x00, 0x00, 0x71, 0x80, 0x03, 0x18, 0x01, 0xFF, 0xFC, 0x7F, 0xFF, 0xC3,
    0x31, 0x38, 0x2B, 0x1F, 0xC3, 0xFF, 0xF8, 0x3F, 0xFC, 0x03, 0xFF, 0xD8, 0x3F, 0xFD, 0x83, 0xFF,
    0xD8, 0xFF, 0xFF, 0x8F, 0xFF, 0x70, 0x3F, 0xF7, 0x36, 0xF6, 0x73, 0x6F, 0xFF, 0xBD, 0xBF, 0xDF,
    0xD8, 0x19, 0xFB, 0x03, 0x0E, 0x00, 0x00, 0x00, 0x03, 0x00, 0x00, 0x38, 0x00, 0x01, 0xDF, 0xF8,
    0x1C, 0xFF, 0x81, 0xC0, 0x00, 0x0D, 0x80, 0x00, 0xDC, 0x1F, 0xCC, 0xFF, 0xFF, 0x0E, 0xFF, 0x80,
    0xE0, 0x18, 0x07, 0x00, 0xC0, 0x78, 0x06, 0x07, 0xC0, 0x30, 0x66, 0x01, 0x80, 0x30, 0x0C, 0x01,
    0x80, 0x60, 0x0C, 0x3B, 0x00, 0x60, 0xF8, 0x03, 0x03, 0xC0, 0x00, 0x04, 0x00, 0x00, 0x60, 0x00,
    0x03, 0x80, 0x00, 0x1C, 0x00, 0x00, 0xFF, 0x00, 0xFF, 0xF8, 0x07, 0xF8, 0x00, 0x1F, 0xFC, 0x00,
    0xFF, 0xE0, 0x00, 0x70, 0x01, 0xFF, 0xFF, 0x0F, 0xFF, 0xF8, 0x03, 0xE7, 0x00, 0x3B, 0xF8, 0x03,
    0xCF, 0x80, 0x7E, 0x38, 0x07, 0xF0, 0xF0, 0x73, 0xF3, 0xE0, 0x1F, 0x0F, 0xC3, 0xF0, 0x1E, 0x1E,
    0x00, 0x00, 0x00, 0x00, 0x00, 0xC0, 0x30, 0x07, 0x01, 0x80, 0x1C, 0x0C, 0x00, 0x67, 0xFF, 0x0F,
    0xBF, 0xF9, 0xFD, 0x99, 0x86, 0xEC, 0xD8, 0x07, 0x66, 0xC0, 0x7F, 0xFF, 0x07, 0xFF, 0xF8, 0x3E,
    0xF1, 0x83, 0xFF, 0xCC, 0x36, 0xF6, 0xE3, 0x33, 0x3E, 0x01, 0x98, 0xF0, 0x0D, 0xCF, 0xC0, 0x6C,
    0xEF, 0x03, 0xCE, 0x1E, 0x1C, 0xC0, 0x70, 0x00, 0x00, 0x00, 0x00, 0x10, 0x00, 0x18, 0xC0, 0x00,
    0xC6, 0x80, 0x06, 0x3E, 0x01, 0xFF, 0xF8, 0x0F, 0xFE, 0xE0, 0x0C, 0x37, 0x8F, 0xFF, 0xFE, 0x7F,
    0xFF, 0x80, 0x18, 0x66, 0x07, 0xFF, 0xB8, 0x7F, 0xFF, 0x81, 0xF3, 0x7C, 0x07, 0xBB, 0xC0, 0x7F,
    0x8C, 0x6F, 0xDC, 0xF3, 0x6F, 0xFF, 0xD8, 0x7D, 0xE7, 0x87, 0xCE, 0x3C, 0x18, 0xC0, 0xE0, 0x00,
    0x00, 0x00, 0x1C, 0x70, 0x04, 0x61, 0x80, 0x3B, 0x0C, 0x01, 0xFF, 0xFE, 0x07, 0xFF, 0xF0, 0x1E,
    0x18, 0x03, 0xF0, 0xD0, 0x7D, 0xBF, 0xC1, 0x8F, 0xFC, 0x00, 0x78, 0x10, 0x7F, 0xFF, 0xC3, 0xFF,
    0xFE, 0x01, 0xF9, 0xC0, 0x1E, 0xFC, 0x03, 0xE3, 0xC0, 0x7F, 0x3F, 0x83, 0x1F, 0x9F, 0x03, 0xF0,
    0x3E, 0x1E, 0x00, 0x60, 0x18, 0x00, 0x00, 0x71, 0x3F, 0x80, 0xCE, 0xFE, 0x03, 0x9B, 0x38, 0x1E,
    0x3F, 0xE1, 0xFC, 0xBF, 0x03, 0xE0, 0xCC, 0x03, 0xFF, 0xF8, 0x0F, 0xFF, 0xE0, 0x7D, 0xBD, 0xC3,
    0xEE, 0xFE, 0x0F, 0xFB, 0x70, 0x7F, 0x7C, 0xE3, 0x71, 0xFF, 0xC1, 0xC7, 0xF3, 0x07, 0xFF, 0x0C,
    0x1F, 0xFF, 0xE0, 0x70, 0x3F, 0xE0, 0xC0, 0x07, 0x80, 0x00, 0x00, 0x00, 0x7F, 0xFC, 0x03, 0xFF,
    0xE0, 0x03, 0x38, 0x01, 0xFF, 0xFC, 0x0F, 0xFF, 0xE0, 0x37, 0x67, 0x01, 0x9B, 0xF0, 0x0F, 0xFF,
    0xC0, 0x7F, 0xC0, 0x00, 0x30, 0x7D, 0xFF, 0xFF, 0xF7, 0xFF, 0xFC, 0x03, 0x86, 0x00, 0x1F, 0xF0,
    0x00, 0x7F, 0x80, 0x01, 0xFF, 0x00, 0xFE, 0x3E, 0x0F, 0x80, 0x70, 0x00, 0x02, 0x00, 0xFF, 0xF0,
    0x07, 0xFF, 0x00, 0x60, 0x30, 0x06, 0x63, 0x00, 0x66, 0x30, 0x06, 0x63, 0x00, 0x66, 0x30, 0x06,
    0x63, 0x00, 0x66, 0x30, 0x06, 0xFB, 0x00, 0x6F, 0xB1, 0x07, 0xDB, 0x30, 0x1F, 0x83, 0x03, 0xB8,
    0x30, 0x73, 0x83, 0x1E, 0x3F, 0xF7, 0x81, 0xFE, 0xE0, 0x0F, 0xC0, 0x00, 0x00, 0x04, 0x63, 0x00,
    0xCC, 0xE7, 0x19, 0x9F, 0xF3, 0x33, 0xFC, 0x66, 0xDC, 0x0C, 0xFB, 0xC1, 0x9E, 0x1C, 0x0B, 0xFF,
    0x81, 0xFF, 0xC0, 0x3F, 0x98, 0x06, 0x63, 0x00, 0xCC, 0x60, 0x19, 0xCC, 0x03, 0x7D, 0x98, 0x7F,
    0xB3, 0x07, 0x70, 0x61, 0xCF, 0x3D, 0xF0, 0xFF, 0xF8, 0x0F, 0xE0, 0x00, 0x00, 0x00, 0x60, 0x00,
    0x03, 0x8F, 0xF8, 0x3F, 0x7F, 0xC1, 0xF9, 0x66, 0x1D, 0x87, 0x31, 0xFF, 0x3F, 0x8F, 0xFB, 0x7C,
    0x76, 0xFB, 0xC1, 0xFE, 0xF8, 0x0F, 0xF7, 0xF8, 0x6D, 0xBF, 0xC3, 0x6F, 0x30, 0x1F, 0xFB, 0xF8,
    0xFF, 0xFF, 0xEE, 0xDF, 0xF0, 0x66, 0xC3, 0x03, 0x3E, 0x18, 0x30, 0xF0, 0xC1, 0x83, 0x86, 0x00,
    0x00, 0x00, 0x00, 0x03, 0x80, 0x00, 0x7E, 0x00, 0x03, 0xE0, 0x00, 0x7F, 0xFF, 0xFF, 0xFE, 0xFF,
    0xF0, 0x00, 0x7F, 0x80, 0x7F, 0xF0, 0x0F, 0xE0, 0x01, 0xFF, 0xC0, 0x3F, 0xF8, 0x02, 0x00, 0x00,
    0xFF, 0xE0, 0x1F, 0xFC, 0x03, 0xE1, 0x80, 0x60, 0x30, 0x0F, 0xFE, 0x01, 0xFF, 0xC0, 0x3F, 0xC0,
    0x02, 0x00, 0x00, 0x00, 0x00, 0x00, 0x00, 0x30, 0x07, 0x01, 0x80, 0x1C, 0x0C, 0x00, 0x70, 0x60,
    0x01, 0x83, 0x00, 0x00, 0x18, 0x01, 0x9F, 0xFE, 0x7E, 0xFF, 0xFB, 0xF3, 0xF0, 0x01, 0x81, 0x80,
    0x0C, 0x0C, 0x00, 0x60, 0x60, 0x03, 0x23, 0x00, 0x3F, 0x18, 0x01, 0xF0, 0xC0, 0x1F, 0x06, 0x00,
    0xF0, 0x30, 0x00, 0x01, 0x80, 0x00, 0x0C, 0x00, 0x00, 0x00, 0x00, 0x00, 0x00, 0x00, 0x40, 0x70,
    0x07, 0x03, 0x80, 0x1E, 0x1C, 0x00, 0x70, 0xE0, 0x01, 0x87, 0x00, 0x00, 0x38, 0x0F, 0x81, 0x80,
    0x7E, 0x0E, 0x01, 0xF0, 0x70, 0x03, 0x07, 0xC0, 0x18, 0x3E, 0x00, 0xC1, 0xB8, 0x06, 0x5C, 0xC0,
    0x3E, 0xC7, 0x01, 0xEE, 0x18, 0x1E, 0xE0, 0xE0, 0xEE, 0x03, 0x80, 0xE0, 0x0E, 0x04, 0x00, 0x20,
    0x18, 0x00, 0x00, 0xE7, 0xFE, 0x03, 0x9F, 0xF0, 0x0E, 0x01, 0x80, 0x30, 0x0C, 0x00, 0x00, 0x61,
    0xF9, 0x8F, 0x0F, 0xCF, 0xF8, 0x0E, 0x7F, 0xC0, 0x73, 0x80, 0x03, 0x9C, 0x00, 0x1C, 0xE0, 0x30,
    0xEF, 0x01, 0x87, 0xF8, 0x0C, 0x3D, 0xC0, 0xE3, 0xCF, 0xFE, 0x1C, 0x3F, 0xF0, 0x00, 0x00, 0x00,
    0x18, 0x7F, 0x00, 0xE3, 0xF8, 0x03, 0x98, 0xC0, 0x0E, 0xC6, 0x00, 0x26, 0x30, 0x00, 0x71, 0xF9,
    0xFB, 0x0F, 0xCF, 0xF0, 0xE0, 0x0C, 0xFF, 0x80, 0x63, 0xFC, 0x03, 0x18, 0xC0, 0x18, 0x6E, 0x00,
    0xDB, 0xE0, 0x07, 0x8F, 0x00, 0x3C, 0xFC, 0x03, 0xDE, 0x78, 0x0D, 0xC1, 0xF0, 0x1C, 0x03, 0x80,
    0x18, 0x00, 0x00, 0xE3, 0xFF, 0x03, 0xBF, 0xFC, 0x0E, 0x6C, 0x00, 0x30, 0x60, 0x00, 0x03, 0x01,
    0xF1, 0x98, 0x0F, 0xCE, 0xF8, 0x0C, 0x77, 0xE0, 0x63, 0xBE, 0x03, 0x1D, 0x80, 0x18, 0xEC, 0x00,
    0xDF, 0x60, 0x07, 0xFB, 0x00, 0x3D, 0xD8, 0x03, 0xFF, 0xFF, 0x1C, 0xFF, 0xF8, 0x00, 0x00, 0x00,
    0x00, 0x70, 0x06, 0x03, 0x80, 0x38, 0x3C, 0x00, 0xE1, 0xF0, 0x03, 0x9D, 0xC0, 0x09, 0xDF, 0x00,
    0x0D, 0xDE, 0x7E, 0xCC, 0x7B, 0xFC, 0xF9, 0xC3, 0x1C, 0xC0, 0x19, 0xCE, 0x00, 0xC0, 0xEC, 0x06,
    0x0E, 0xE0, 0x37, 0xCF, 0x01, 0xE8, 0xF0, 0x1E, 0x0F, 0x00, 0xF1, 0xE0, 0x02, 0x3E, 0x00, 0x03,
    0x80, 0x00, 0x18, 0x7F, 0xE3, 0x9F, 0xFC, 0x39, 0xF9, 0x83, 0x80, 0x30, 0x2F, 0xF6, 0x01, 0xFE,
    0xDF, 0x80, 0x1B, 0xF7, 0xF3, 0x0C, 0xFE, 0x61, 0x8C, 0xCC, 0x31, 0x99, 0x86, 0x3F, 0x30, 0xDF,
    0xE6, 0x1E, 0xC0, 0xC7, 0x81, 0x18, 0xF0, 0x3F, 0x08, 0x03, 0xE0, 0x00, 0x1C, 0x00, 0x00, 0x00,
    0x00, 0x00, 0x00, 0x00, 0x60, 0x06, 0x03, 0xC0, 0x38, 0x1F, 0x00, 0xE0, 0xFC, 0x03, 0x87, 0x60,
    0x08, 0x3F, 0x80, 0x3F, 0xFC, 0xFD, 0xFE, 0x03, 0xE0, 0x30, 0x03, 0x3F, 0xC0, 0x19, 0xFE, 0x00,
    0xC3, 0x30, 0x06, 0x19, 0xC0, 0x36, 0xCE, 0x41, 0xE7, 0xF3, 0x0F, 0xF9, 0xD8, 0xFF, 0x07, 0xC2,
    0x00, 0x1C, 0x00, 0x00, 0xE0, 0x00, 0x00, 0x00, 0x00, 0x0E, 0x01, 0x80, 0x60, 0x1C, 0x06, 0x00,
    0xEF, 0xFF, 0x07, 0xFF, 0xF0, 0x20, 0xC0, 0x00, 0x1D, 0x87, 0xE7, 0x98, 0x7E, 0x7B, 0x80, 0xC3,
    0xF4, 0x0C, 0x0E, 0xE0, 0xC1, 0xDC, 0x0C, 0xB9, 0xC0, 0xFF, 0x38, 0x0F, 0xCF, 0x81, 0xE1, 0xFC,
    0x1C, 0x38, 0xE0, 0x0F, 0x07, 0x01, 0x80, 0x30, 0x00, 0x21, 0x80, 0xC1, 0x8C, 0x07, 0x0E, 0xE0,
    0x1C, 0x3E, 0x00, 0x77, 0xFE, 0x01, 0xFF, 0xF0, 0x01, 0x98, 0x0F, 0x80, 0xC0, 0x7E, 0x7F, 0xE0,
    0x63, 0xFE, 0x03, 0x01, 0x80, 0x19, 0xFF, 0xE0, 0xCF, 0xFF, 0x86, 0xC3, 0x00, 0x3E, 0x18, 0x01,
    0xE0, 0xC0, 0x1E, 0x06, 0x00, 0xE0, 0x70, 0x00, 0x03, 0x80, 0x00, 0x00, 0x00, 0x18, 0xFF, 0xE0,
    0xE7, 0xFF, 0x03, 0x9B, 0x00, 0x0E, 0x3F, 0x00, 0x2F, 0xFC, 0x00, 0x3F, 0xE3, 0xF0, 0x67, 0x0F,
    0x87, 0x3E, 0x0D, 0xFF, 0xF8, 0x6F, 0xFF, 0x83, 0x10, 0x00, 0x18, 0xFF, 0x80, 0xDF, 0xFC, 0x07,
    0xB0, 0x60, 0x39, 0x83, 0x03, 0xCF, 0xF8, 0x08, 0x7F, 0xC0, 0x03, 0x00, 0x00, 0x00, 0x47, 0x80,
    0xC3, 0xFE, 0x07, 0x1F, 0xF0, 0x1C, 0xC3, 0x00, 0x77, 0xF8, 0x01, 0x3F, 0xE0, 0x00, 0xC0, 0x0F,
    0xDF, 0xF8, 0x7E, 0xFF, 0xE0, 0x60, 0x60, 0x03, 0x03, 0x78, 0x1B, 0xFF, 0xE0, 0xCF, 0xFE, 0x06,
    0xCF, 0x80, 0x3C, 0xEC, 0x01, 0xEE, 0x38, 0x1E, 0xE1, 0xE0, 0x6E, 0x03, 0xC0, 0xC0, 0x0C, 0x00,
    0x0C, 0x00, 0x00, 0x70, 0x07, 0x03, 0xF0, 0x1D, 0xFF, 0xC0, 0xE7, 0xF8, 0x03, 0xBF, 0xE0, 0x09,
    0xFF, 0x01, 0x8F, 0xFE, 0x7F, 0xFF, 0xF3, 0xF7, 0xFC, 0x03, 0x1F, 0xF0, 0x18, 0xFF, 0x80, 0xC7,
    0xFC, 0x06, 0x7F, 0xE0, 0x37, 0xFF, 0x01, 0xEF, 0xF8, 0x1E, 0x60, 0xC0, 0xE3, 0x3E, 0x00, 0x18,
    0xF0, 0x00, 0xC3, 0x80, 0x00, 0x00, 0x00, 0x00, 0xE0, 0x18, 0x0E, 0x01, 0xE7, 0xFC, 0x0F, 0x7F,
    0xC0, 0x70, 0xE0, 0x00, 0xFF, 0xF1, 0xCF, 0xFF, 0x7E, 0x23, 0xE7, 0xE7, 0xBC, 0x0C, 0xDF, 0x00,
    0xCF, 0x70, 0x0C, 0x76, 0x00, 0xCF, 0xFF, 0x0D, 0xFF, 0xF0, 0xD9, 0xF0, 0x0F, 0x3B, 0xC1, 0xE7,
    0x1E, 0x1C, 0xE0, 0x70, 0x1C, 0x02, 0x00, 0x18, 0x06, 0xF1, 0xC0, 0x7F, 0x9C, 0x07, 0xF9, 0x80,
    0x6B, 0xB8, 0xC6, 0xFB, 0xFE, 0x6F, 0xBF, 0xC6, 0xF7, 0x38, 0x6F, 0x7B, 0x06, 0xFD, 0xB0, 0x6F,
    0xDF, 0x07, 0xF0, 0xE0, 0x7F, 0x0E, 0x07, 0xF0, 0xF0, 0x1F, 0x1F, 0x03, 0xBB, 0xBC, 0x71, 0xF1,
    0xEE, 0x1C, 0x0F, 0xC1, 0x80, 0x70, 0x00, 0x60, 0x07, 0xF7, 0x18, 0x7F, 0x31, 0xC6, 0x33, 0x38,
    0x7B, 0x37, 0x07, 0xF3, 0xE0, 0x7F, 0x3C, 0x07, 0xF3, 0x7E, 0x7F, 0xFF, 0xE7, 0xFF, 0xF8, 0x7F,
    0x3E, 0x07, 0xF3, 0x60, 0x7B, 0x37, 0x07, 0xF3, 0x38, 0x1E, 0x37, 0x83, 0x73, 0xDC, 0x73, 0xB8,
    0xEE, 0x3F, 0x07, 0x80, 0x60, 0x00, 0x06, 0x00, 0x00, 0x31, 0xFF, 0x01, 0x8F, 0xF8, 0x3F, 0x8C,
    0xC3, 0xFC, 0x66, 0x03, 0x06, 0x30, 0x19, 0x7F, 0x8F, 0xFF, 0x38, 0x7F, 0xFB, 0xC0, 0xB0, 0xFF,
    0x0F, 0xF7, 0xB8, 0x7F, 0xB1, 0xC3, 0x61, 0x8E, 0x1F, 0x0F, 0xF0, 0xFC, 0x7F, 0x8C, 0xFF, 0x80,
    0x61, 0xFF, 0xE6, 0x01, 0xFF, 0xE0, 0x00, 0x7C, 0x00, 0x00, 0x00, 0x3F, 0xF8, 0x01, 0xFF, 0xC0,
    0x0C, 0x06, 0x00, 0x60, 0x30, 0x03, 0x03, 0x80, 0x1F, 0xFC, 0x00, 0xFF, 0xE0, 0x02, 0x70, 0x00,
    0x3B, 0x80, 0x01, 0xDF, 0xE0, 0x0C, 0xFF, 0x00, 0xE7, 0x00, 0x07, 0xB8, 0x00, 0x7F, 0xC0, 0x03,
    0x3F, 0x80, 0x30, 0x7F, 0xF3, 0x00, 0x3F, 0xF0, 0x00, 0x1C, 0x23, 0xA3, 0xE1, 0xFD, 0xFF, 0x8F,
    0xEF, 0xE0, 0x63, 0x60, 0x03, 0x1B, 0x00, 0x1F, 0xDF, 0xE0, 0xFE, 0xFF, 0x86, 0xC6, 0x18, 0x37,
    0xB0, 0xC1, 0xBD, 0x9E, 0x0D, 0x8F, 0xF8, 0x6C, 0x7F, 0x83, 0x63, 0x00, 0x1B, 0xF8, 0x00, 0xFE,
    0xC3, 0xDF, 0xC7, 0xFF, 0x70, 0x3F, 0xF0, 0x01, 0x80, 0x00, 0x00, 0x21, 0x81, 0xFD, 0xFE, 0x0F,
    0xFF, 0xF0, 0x73, 0x63, 0x83, 0x9B, 0xFC, 0x1C, 0xDF, 0xE0, 0xFE, 0xC6, 0x07, 0xF7, 0xF0, 0x3E,
    0x3F, 0xE1, 0xBD, 0xE3, 0x0F, 0xFF, 0xB8, 0x7C, 0x6F, 0x83, 0xE3, 0x38, 0x1F, 0x19, 0xC0, 0xFF,
    0xCF, 0x07, 0xF7, 0xDC, 0x7E, 0x3C, 0x7B, 0x87, 0xC1, 0xC0, 0x18, 0x04, 0x00, 0x03, 0x01, 0x18,
    0xD8, 0x0F, 0xE7, 0xC0, 0x7F, 0x3E, 0x03, 0x3D, 0xF6, 0x19, 0xFF, 0xB0, 0xFF, 0xFF, 0x87, 0xEF,
    0xF8, 0x2E, 0x3B, 0x01, 0xF8, 0xDC, 0x0F, 0xFE, 0xF0, 0x7F, 0xF7, 0xC3, 0xED, 0xB7, 0x9E, 0x1D,
    0x8C, 0xFE, 0xCC, 0x67, 0xEE, 0x63, 0xFC, 0xE3, 0xFB, 0x8E, 0x1F, 0xC0, 0x40, 0x38, 0x00, 0x00,
    0x00, 0x70, 0x30, 0x03, 0x81, 0x80, 0x1C, 0x0C, 0x07, 0xFC, 0xFE, 0x3F, 0xFF, 0xF0, 0x70, 0xF0,
    0x03, 0xC1, 0x80, 0x1E, 0xFF, 0xF1, 0xFF, 0xFF, 0x8F, 0xE6, 0x00, 0x7E, 0x33, 0x80, 0x67, 0xFE,
    0x03, 0xEF, 0xF0, 0x7C, 0x07, 0x0F, 0xC3, 0x70, 0x76, 0x1F, 0x00, 0x30, 0x78, 0x01, 0x81, 0xE0,
    0x0C, 0x03, 0x00, 0x00, 0x08, 0x00, 0x00, 0x00, 0x00, 0x63, 0x00, 0x06, 0x36, 0x03, 0xFF, 0xF0,
    0x3F, 0xFB, 0x80, 0x63, 0x9C, 0xFF, 0xFF, 0xEF, 0xFF, 0xF8, 0x0E, 0x18, 0x07, 0xFF, 0x98, 0x7F,
    0xFD, 0xC1, 0xF0, 0xD8, 0x1F, 0xEF, 0x83, 0xFE, 0xF0, 0x3F, 0x66, 0x30, 0x7E, 0xF3, 0x7F, 0x9B,
    0xB7, 0xF3, 0x1E, 0x23, 0x61, 0xE0, 0x34, 0x0E, 0x00, 0x00, 0x00, 0x0E, 0x00, 0x00, 0x73, 0xFE,
    0x03, 0x0F, 0xF0, 0xFF, 0xE1, 0x87, 0xFF, 0xFC, 0x0E, 0x1F, 0xE0, 0x7B, 0xFF, 0xC3, 0xDF, 0xFE,
    0x3F, 0xB1, 0xC1, 0xFD, 0xFE, 0x0F, 0xCF, 0xF0, 0x0D, 0xFF, 0x80, 0x7B, 0xFC, 0x1F, 0x98, 0xFD,
    0xFF, 0xFF, 0xEC, 0xFF, 0xF8, 0x06, 0x01, 0xC0, 0x30, 0x0E, 0x01, 0x80, 0x30, 0x00, 0x00, 0x00,
    0x00, 0x00, 0x00, 0x70, 0x30, 0x03, 0x83, 0x80, 0x18, 0x1E, 0x07, 0xF9, 0xF8, 0x3F, 0xFC, 0xE0,
    0xE1, 0xFF, 0xC3, 0xDF, 0xFF, 0x3F, 0xFC, 0x79, 0xFF, 0xFB, 0x0F, 0xFB, 0x78, 0x7C, 0xFB, 0xC0,
    0x67, 0xDE, 0x03, 0xF6, 0xF1, 0xFD, 0xF7, 0x8F, 0xCF, 0xBC, 0x26, 0x6C, 0x60, 0x33, 0xEB, 0x01,
    0x9F, 0x78, 0x0C, 0xD9, 0xC0, 0x00, 0x00, 0x00, 0x00, 0x0C, 0x01, 0x80, 0x70, 0x0E, 0x03, 0x80,
    0x38, 0x18, 0x00, 0xFF, 0xFE, 0x02, 0xFF, 0xF1, 0xFB, 0xE3, 0x0F, 0xC3, 0x18, 0x3E, 0x38, 0xC0,
    0xE1, 0x86, 0x06, 0x1C, 0x70, 0x39, 0xE3, 0x80, 0xED, 0xDC, 0x07, 0xC7, 0xC0, 0x7C, 0x1E, 0x1F,
    0xF8, 0x20, 0xFF, 0xFF, 0xE0, 0x07, 0xFF, 0xC0, 0x00, 0xFC, 0x00, 0x00, 0x00, 0x00, 0x18, 0x0C,
    0x00, 0xC0, 0x70, 0x06, 0x01, 0xC0, 0x30, 0x07, 0xFF, 0xF0, 0x1F, 0xFF, 0x8F, 0xC8, 0x60, 0x7E,
    0x63, 0x01, 0xE3, 0x98, 0x07, 0x0E, 0xC0, 0x30, 0x36, 0x01, 0xC1, 0xB0, 0x07, 0x09, 0x80, 0x38,
    0x7C, 0x03, 0x81, 0xE0, 0x7F, 0xC7, 0x03, 0xFF, 0xFF, 0x00, 0x1F, 0xFE, 0x00, 0x03, 0xE0, 0x00,
    0x01, 0x81, 0x80, 0x3E, 0x0E, 0x1F, 0xE0, 0x38, 0xF8, 0x00, 0xE6, 0x00, 0x02, 0x30, 0xF1, 0xF9,
    0xFF, 0xCF, 0xCF, 0xF0, 0x3C, 0x67, 0x00, 0xE7, 0x38, 0x06, 0x39, 0xC0, 0x39, 0x8E, 0x00, 0xEC,
    0x70, 0x07, 0xC3, 0x80, 0x74, 0x1C, 0x1F, 0xF0, 0xE0, 0xFF, 0xFF, 0x00, 0x07, 0xFF, 0xC0, 0x00,
    0xFC, 0x00, 0x01, 0x81, 0x80, 0x3C, 0x0E, 0x3F, 0xE0, 0x39, 0xF0, 0x00, 0xEE, 0x00, 0x03, 0x7F,
    0xE1, 0xFB, 0xFF, 0x0F, 0xDE, 0x38, 0x3C, 0xF9, 0x80, 0xE6, 0xFC, 0x06, 0x33, 0xC0, 0x3B, 0x9E,
    0x00, 0xF9, 0xF8, 0x07, 0x9C, 0xE0, 0x7D, 0x83, 0x9F, 0xF8, 0x0C, 0xFF, 0xFF, 0x80, 0x07, 0xFF,
    0xC0, 0x00, 0xFC, 0x00, 0x23, 0x01, 0x81, 0x98, 0x0E, 0x0C, 0xC0, 0x38, 0x67, 0x80, 0xFF, 0xFE,
    0x03, 0x7F, 0xE0, 0x78, 0xCC, 0x0F, 0xC6, 0x60, 0x3C, 0x3F, 0xF0, 0xFF, 0xFF, 0x86, 0x7F, 0xC0,
    0x38, 0xC6, 0x00, 0xE6, 0x30, 0x07, 0x61, 0x80, 0x76, 0x0C, 0x0F, 0xF0, 0x60, 0xFF, 0xFF, 0x00,
    0x07, 0xFF, 0xC0, 0x01, 0xFC, 0x10, 0x00, 0x01, 0xC0, 0x7E, 0x07, 0x3F, 0xF0, 0x1C, 0xFC, 0x00,
    0x60, 0x00, 0x00, 0x00, 0x31, 0xFF, 0xFF, 0xCF, 0xFF, 0xFC, 0x3C, 0x37, 0x00, 0xE1, 0xB8, 0x06,
    0x1D, 0xC4, 0x38, 0xCE, 0x60, 0xEE, 0x73, 0x07, 0x63, 0xB8, 0x76, 0x0F, 0xCF, 0xF8, 0x3C, 0x7F,
    0xFF, 0xE0, 0x03, 0xFF, 0xC0, 0x00, 0x7C, 0x00, 0x18, 0x01, 0x80, 0xE0, 0x0E, 0x06, 0x00, 0x3B,
    0xFF, 0xC0, 0xFF, 0xFE, 0x02, 0x1E, 0x01, 0xF9, 0xF8, 0x0F, 0xCD, 0xF0, 0x3C, 0xFF, 0xC0, 0xE7,
    0xFC, 0x06, 0x03, 0x80, 0x3B, 0xFF, 0xE0, 0xFF, 0xFF, 0x07, 0x07, 0x00, 0x70, 0x38, 0x0F, 0xF1,
    0xC0, 0xFF, 0xFF, 0x00, 0x07, 0xFF, 0xC0, 0x01, 0xFC, 0x00, 0xC7, 0x81, 0x87, 0xFC, 0x0E, 0x1F,
    0xE0, 0x38, 0xFF, 0x00, 0xE7, 0xF8, 0x02, 0x31, 0xC1, 0xF9, 0xFE, 0x0F, 0xCF, 0xF8, 0x3C, 0x78,
    0xC0, 0xE3, 0xEE, 0x06, 0x1B, 0xE0, 0x38, 0xCF, 0x00, 0xE7, 0xFC, 0x07, 0xFC, 0xF0, 0x77, 0xC3,
    0x9F, 0xF8, 0x00, 0xFF, 0xFF, 0xC0, 0x07, 0xFF, 0xC0, 0x00, 0xFC, 0x00, 0x03, 0x01, 0x83, 0x18,
    0x0E, 0x1C, 0xC0, 0x38, 0x7C, 0x00, 0xE1, 0xFC, 0x02, 0x7F, 0xE0, 0xF9, 0xF0, 0x0F, 0xC1, 0x88,
    0x3D, 0xFF, 0xE0, 0xEF, 0xFF, 0x06, 0x07, 0x80, 0x38, 0x7E, 0x00, 0xE7, 0x38, 0x07, 0x70, 0xE0,
    0x77, 0x03, 0x8F, 0xF8, 0x08, 0x7F, 0xFF, 0xC0, 0x03, 0xFF, 0xC0, 0x00, 0xFC, 0x00, 0x00, 0x00,
    0x00, 0x1C, 0x0C, 0x03, 0xE0, 0x70, 0xFE, 0x01, 0xCF, 0xC0, 0x07, 0x06, 0x00, 0x17, 0xFF, 0xC7,
    0xFF, 0xFC, 0x7E, 0x0C, 0x01, 0xE0, 0x60, 0x07, 0x3F, 0xF0, 0x31, 0xFF, 0x81, 0xCE, 0x1C, 0x07,
    0x30, 0xC0, 0x39, 0xFE, 0x03, 0x8F, 0xF8, 0x7F, 0xE0, 0x03, 0xFF, 0xFE, 0x00, 0x1F, 0xFE, 0x00,
    0x07, 0xE0, 0x00, 0x41, 0x81, 0x83, 0x1C, 0x0E, 0x1C, 0xE0, 0x38, 0x7E, 0x00, 0xFF, 0xFE, 0x02,
    0xFF, 0xF1, 0xFB, 0x33, 0x0F, 0xD9, 0x98, 0x3C, 0xCC, 0xC0, 0xE6, 0x7E, 0x06, 0x3F, 0xF0, 0x39,
    0xFB, 0x80, 0xE1, 0x80, 0x07, 0x1C, 0x00, 0x71, 0xC0, 0x0F, 0xF8, 0x00, 0xFF, 0xFE, 0x00, 0x0F,
    0xFF, 0x80, 0x01, 0xFC, 0x00, 0x08, 0x00, 0x00, 0x60, 0x0C, 0x1F, 0x00, 0x70, 0xF8, 0x01, 0xC7,
    0xFC, 0x07, 0x3F, 0xE0, 0x13, 0x30, 0x0F, 0x99, 0x80, 0x7F, 0xFF, 0xF1, 0xEF, 0xFF, 0x86, 0x0D,
    0xC0, 0x70, 0x6E, 0x21, 0xC7, 0x73, 0x07, 0x33, 0x98, 0x3B, 0x1C, 0xC3, 0xB0, 0xFE, 0x7F, 0x83,
    0xE3, 0xFF, 0xF8, 0x00, 0x7F, 0xFE, 0x00, 0x0F, 0xF0, 0x00, 0x08, 0x00, 0x00, 0xE0, 0x0C, 0x03,
    0x00, 0x73, 0xFF, 0x81, 0xDF, 0xFC, 0x07, 0x07, 0xC0, 0x17, 0xFF, 0x0F, 0xDF, 0xF8, 0x7E, 0xCD,
    0xC1, 0xE7, 0xFE, 0x07, 0x3F, 0xF0, 0x30, 0xFC, 0x01, 0xC7, 0xF8, 0x07, 0x77, 0xE0, 0x3F, 0x73,
    0x83, 0xE3, 0x80, 0x7F, 0x9C, 0x07, 0xFF, 0xF8, 0x00, 0x3F, 0xFE, 0x00, 0x0F, 0xE0, 0x06, 0x00,
    0x00, 0x70, 0xFE, 0x07, 0x0F, 0xF7, 0xFF, 0xE6, 0x3F, 0xEE, 0xE1, 0x8C, 0xFC, 0x1D, 0xCF, 0x80,
    0xD8, 0xFC, 0xFF, 0xFE, 0xE7, 0xFF, 0xE6, 0x00, 0x0E, 0x73, 0xFE, 0xE3, 0x1F, 0xEF, 0xF1, 0x8E,
    0xFF, 0x18, 0xCE, 0x61, 0x9C, 0xE0, 0x1F, 0xEE, 0x01, 0xFC, 0xE0, 0x18, 0x0C, 0x00, 0x00, 0x00,
    0x07, 0x00, 0x00, 0x30, 0xFE, 0x03, 0x3F, 0xF3, 0xFF, 0xF7, 0x1F, 0xF6, 0x60, 0x3E, 0x6C, 0x7F,
    0xFF, 0xC7, 0xFF, 0xFC, 0x07, 0x06, 0xE0, 0xFE, 0x67, 0x1F, 0xF6, 0x37, 0xC6, 0x63, 0xEF, 0xE7,
    0xF0, 0xFE, 0x6F, 0x0C, 0x66, 0x60, 0xC6, 0x60, 0x0F, 0xE6, 0x00, 0xFE, 0x60, 0x0C, 0x06, 0x00,
    0x00, 0x20, 0x00, 0x01, 0x8F, 0xFF, 0xFC, 0xFF, 0xFF, 0xC1, 0xE0, 0x1C, 0x5F, 0x81, 0xC7, 0xFC,
    0x18, 0x7F, 0xFF, 0x87, 0xFF, 0xFC, 0x7F, 0xF8, 0x07, 0x7F, 0x80, 0x73, 0xB8, 0x07, 0xFB, 0x83,
    0x7F, 0xB8, 0x36, 0x1B, 0x83, 0x7F, 0xF8, 0x77, 0xFF, 0xFE, 0x60, 0x1F, 0xE0, 0x00, 0x00, 0x00,
    0x00, 0x00, 0x00, 0xE0, 0x01, 0xFF, 0x01, 0xFF, 0xC0, 0x1E, 0xFF, 0xCF, 0xFF, 0xFC, 0x7F, 0xF0,
    0x01, 0xFF, 0xF0, 0x1F, 0xFF, 0x01, 0xCF, 0xF0, 0x1F, 0xFF, 0x01, 0xFE, 0x60, 0x0F, 0xFF, 0x00,
    0xFF, 0xF0, 0x0C, 0xFF, 0x03, 0xFF, 0xF0, 0x1F, 0xF8, 0x00, 0x0F, 0xFE, 0xFF, 0xFF, 0xEF, 0xFF,
    0xF0, 0x19, 0xFE, 0x03, 0xFF, 0xE0, 0x3F, 0xF8, 0x07, 0xFF, 0x00, 0xDF, 0xE0, 0x1F, 0xFC, 0x03,
    0xFF, 0xFF, 0xFF, 0xFF, 0x7F, 0xFF, 0x03, 0xFF, 0xE0, 0x3F, 0xFC, 0x07, 0xFF, 0x00, 0xFF, 0xE0,
    0x1F, 0xFE, 0x03, 0xFF, 0xC0, 0xFF, 0xF8, 0x06, 0xE1, 0xDF, 0xFF, 0xFD, 0xFF, 0xFF, 0x00, 0x00,
    0x00, 0x00, 0x60, 0x18, 0x03, 0x00, 0xC0, 0x3F, 0x86, 0x01, 0xFC, 0x30, 0x1C, 0x01, 0x80, 0xC0,
    0x0C, 0x0F, 0xF9, 0xFE, 0x5F, 0xFF, 0xF8, 0x71, 0xFC, 0x03, 0x80, 0xC0, 0xFF, 0x86, 0x07, 0xFC,
    0x30, 0x07, 0x01, 0x80, 0x38, 0x0C, 0x01, 0xD8, 0x60, 0x0F, 0x83, 0x00, 0x78, 0x18, 0x03, 0x80,
    0xC0, 0x00, 0x06, 0x00, 0x00, 0x00, 0x00, 0x18, 0x0C, 0x03, 0x01, 0xC0, 0x60, 0x38, 0x1F, 0xC7,
    0x03, 0xF8, 0xFC, 0xC1, 0xFF, 0xF9, 0xFF, 0xFF, 0xFF, 0x73, 0xBE, 0xEE, 0xE3, 0x9D, 0xDF, 0xFD,
    0xFF, 0xFF, 0xFF, 0xF7, 0xC6, 0xE0, 0x38, 0x1C, 0x07, 0x63, 0x80, 0xF8, 0x70, 0x1E, 0x0E, 0x03,
    0x81, 0xC0, 0x40, 0x38, 0x00, 0x02, 0x00, 0x18, 0x03, 0x00, 0xC0, 0x18, 0x06, 0x70, 0xC0, 0x7F,
    0xFF, 0xE3, 0xF7, 0xFF, 0x38, 0x3B, 0x81, 0x80, 0x1E, 0x0F, 0xFF, 0xFC, 0x3F, 0xFF, 0xE0, 0xE3,
    0x7F, 0x07, 0xB8, 0x60, 0xFF, 0xFF, 0xF7, 0xF7, 0xFF, 0x0C, 0x18, 0xC0, 0x6D, 0x86, 0x03, 0xFE,
    0x30, 0x1F, 0xFF, 0xC0, 0xC0, 0xFF, 0xC0, 0x00, 0x3C, 0x00, 0x00, 0x00, 0x60, 0xDC, 0x07, 0x06,
    0x60, 0x36, 0x33, 0x01, 0xFF, 0xFE, 0x1F, 0xBF, 0xF0, 0xC0, 0x6E, 0x0F, 0xE3, 0x70, 0x7F, 0xFF,
    0xF8, 0x67, 0xFF, 0x83, 0x40, 0x00, 0xFF, 0x7F, 0x87, 0xF3, 0xFC, 0x06, 0x18, 0x60, 0x36, 0xFF,
    0x01, 0xF7, 0xF8, 0x0F, 0x30, 0xC0, 0xF1, 0xFE, 0x03, 0x0F, 0xF0, 0x00, 0x60, 0x00, 0x00, 0x00,
    0x00, 0x00, 0x00, 0x00, 0xC0, 0x18, 0x06, 0x00, 0xC0, 0x3C, 0x1F, 0x83, 0xFE, 0xFE, 0x1E, 0xFB,
    0xF9, 0x81, 0xFF, 0xCD, 0xCC, 0x78, 0x7F, 0xCF, 0xE0, 0xE7, 0xFE, 0x07, 0x7F, 0xF8, 0xBE, 0xFF,
    0xC7, 0xF7, 0xFF, 0x1E, 0x3F, 0xF8, 0x67, 0x8C, 0x03, 0x3F, 0x60, 0x1F, 0xFF, 0x00, 0xF6, 0x7F,
    0x07, 0x60, 0xFE, 0x22, 0x00, 0xE0, 0x0C, 0x00, 0x00, 0xE3, 0xFF, 0x07, 0x7F, 0xF8, 0x7F, 0xE0,
    0xC3, 0xFF, 0x0E, 0x38, 0x3F, 0xF1, 0xFD, 0xFF, 0x1F, 0xFE, 0x70, 0x0C, 0x73, 0xF0, 0x6B, 0xFF,
    0xDF, 0xFF, 0xF0, 0xFF, 0xC6, 0x00, 0xCF, 0xFE, 0x06, 0xFF, 0xF8, 0x3F, 0x71, 0x83, 0xDB, 0x8C,
    0x1D, 0x8F, 0xE0, 0x4C, 0x7F, 0x00, 0x43, 0x00, 0x00, 0x00, 0x00, 0x40, 0x70, 0x03, 0x03, 0x80,
    0x38, 0xFF, 0xC1, 0xFF, 0xFC, 0x1F, 0xCD, 0xC0, 0xC0, 0x7F, 0xCF, 0xFF, 0xFE, 0x7F, 0xFF, 0x80,
    0x63, 0xFE, 0x03, 0x1F, 0xF0, 0xFF, 0xFF, 0x87, 0xFB, 0xFC, 0x06, 0x1F, 0xE0, 0x32, 0xFF, 0x01,
    0xF3, 0x63, 0x0F, 0x3B, 0x18, 0xF3, 0x98, 0xC7, 0x78, 0xFC, 0x03, 0x03, 0xE0, 0x0C, 0x02, 0x00,
    0xE0, 0x60, 0x0E, 0x0E, 0x00, 0xE1, 0xC0, 0x0E, 0x38, 0x00, 0xEF, 0x00, 0x0F, 0xC0, 0x00, 0xE3,
    0xFC, 0xFF, 0xFF, 0xEF, 0xFF, 0xE0, 0x0E, 0xE0, 0x00, 0xE7, 0x00, 0x0E, 0x38, 0x00, 0xE1, 0xC0,
    0x0E, 0x6E, 0x00, 0xFC, 0x78, 0x0F, 0x83, 0xE3, 0xE0, 0x0E, 0x3C, 0x00, 0x00, 0x20, 0x03, 0x9C,
    0xFF, 0xE3, 0xBF, 0xF8, 0x70, 0x06, 0xC8, 0x61, 0xB8, 0x18, 0x6E, 0x06, 0x1B, 0xBF, 0xF6, 0xFF,
    0xFF, 0xBB, 0xF8, 0x6E, 0x1E, 0x1B, 0x8F, 0x86, 0xE7, 0x61, 0xBB, 0x98, 0x6F, 0xF6, 0x1B, 0x87,
    0x86, 0xE0, 0xFD, 0xB8, 0x13, 0xE6, 0x00, 0x78, 0x00, 0x06, 0x30, 0x00, 0x1C, 0xFF, 0xC7, 0x7F,
    0xE3, 0x90, 0x3C, 0xC0, 0x1F, 0x00, 0x0F, 0x9F, 0xC7, 0xCF, 0xF3, 0xE7, 0xF1, 0xF3, 0x18, 0xF9,
    0x8C, 0x7C, 0xFE, 0x3E, 0x7F, 0x9F, 0x30, 0x0F, 0x80, 0x07, 0xC0, 0x63, 0xE0, 0x3F, 0xF0, 0x07,
    0xD8, 0x01, 0xE0, 0x00, 0x00, 0x60, 0x00, 0x1C, 0xFF, 0xE3, 0xBF, 0xF8, 0x77, 0x06, 0xC8, 0x01,
    0xB9, 0xFC, 0x6E, 0x7F, 0x9B, 0x9F, 0xE6, 0xE6, 0x39, 0xB9, 0xFE, 0x6E, 0x7F, 0x1B, 0x98, 0xC6,
    0xE6, 0x31, 0xB9, 0xFE, 0x6E, 0x7F, 0x1B, 0x98, 0x06, 0xE0, 0x1F, 0xB8, 0x03, 0xE6, 0x00, 0x38,
    0x00, 0x04, 0x62, 0xFF, 0xB9, 0xFF, 0xCE, 0x7C, 0x63, 0x8C, 0x3C, 0x67, 0x1E, 0x1B, 0x0F, 0x3F,
    0xC7, 0x9F, 0xF3, 0xCF, 0x39, 0xE6, 0x18, 0xF3, 0xFE, 0x78, 0xFE, 0xFC, 0x3C, 0x7E, 0x3E, 0x3F,
    0x3B, 0xFF, 0xB8, 0xFB, 0xF0, 0x0D, 0xE0, 0x03, 0xD0, 0x00, 0xE0, 0x00, 0x00, 0xFE, 0x00, 0x7F,
    0xFF, 0xF3, 0xBF, 0xF9, 0x9C, 0x3D, 0xCC, 0x1E, 0xC6, 0x0F, 0x73, 0x0F, 0x9D, 0xFF, 0xC6, 0xFF,
    0xFB, 0x61, 0xF7, 0xB0, 0xF9, 0x98, 0x7C, 0x0C, 0x3E, 0x06, 0x1F, 0x03, 0xFF, 0x81, 0xFF, 0xC0,
    0xC0, 0x60, 0x20, 0x00, 0x00, 0x47, 0x1F, 0x8C, 0x63, 0xF3, 0x8C, 0x6E, 0x71, 0x8D, 0x8C, 0x31,
    0xF3, 0xFF, 0xBE, 0x7F, 0xFE, 0xCC, 0x98, 0xCF, 0xB3, 0x1F, 0xF7, 0x63, 0xFE, 0x6C, 0x6E, 0xCF,
    0x8C, 0x18, 0xF1, 0x83, 0x06, 0x30, 0x60, 0xC6, 0x0C, 0x98, 0xC1, 0x9F, 0x18, 0x31, 0xE3, 0x02,
    0x1C, 0x00, 0x00, 0x30, 0x1F, 0x86, 0x03, 0xF1, 0xE0, 0x6E, 0x3E, 0x0D, 0x8E, 0xE1, 0xE3, 0x8E,
    0x3E, 0x61, 0xE6, 0xDF, 0xFE, 0xDE, 0xFC, 0xFF, 0x86, 0x2F, 0xFF, 0xFE, 0x6D, 0xFF, 0xCC, 0x1B,
    0x61, 0x83, 0x6E, 0x30, 0xEC, 0xE6, 0x39, 0x8E, 0xCF, 0xB1, 0xD9, 0x9E, 0x13, 0x01, 0xC0, 0x00,
    0x00, 0x00, 0x00, 0x0E, 0x07, 0xC0, 0xE0, 0x7E, 0x0C, 0xC6, 0xF7, 0xFE, 0x7F, 0x7F, 0x87, 0x99,
    0xB8, 0x79, 0xBF, 0xC6, 0xC7, 0xDC, 0x6C, 0xFF, 0xC7, 0xFF, 0xFC, 0x7F, 0xD9, 0xC7, 0xD9, 0xFC,
    0x61, 0xDF, 0xC6, 0x0D, 0x9C, 0x60, 0xDF, 0xC6, 0xFD, 0xBC, 0x6F, 0xFF, 0x86, 0x07, 0xFF, 0x60,
    0x01, 0xF0, 0x00, 0x00, 0x00, 0x60, 0x1F, 0x8C, 0x03, 0xF9, 0xF8, 0x6E, 0x7F, 0x0D, 0x9C, 0xC1,
    0xF3, 0x38, 0x36, 0xFF, 0xE6, 0xFF, 0xFC, 0xCD, 0xFF, 0x1F, 0xBF, 0xE3, 0xF0, 0x0C, 0x66, 0xFF,
    0x8C, 0x1F, 0xF1, 0x86, 0x67, 0x31, 0xF7, 0xF6, 0x36, 0xF7, 0xCE, 0xF3, 0x79, 0x8F, 0xF3, 0x00,
    0x7C, 0x00, 0x00, 0x7E, 0x03, 0xFF, 0xE0, 0xBF, 0x80, 0x1F, 0xFF, 0xF7, 0xFF, 0xFE, 0xFD, 0xFD,
    0xBF, 0xF7, 0xE6, 0xFF, 0xF0, 0x1F, 0xDE, 0x07, 0xFF, 0xE0, 0xFF, 0xFE, 0x00, 0xE0, 0x03, 0xFF,
    0xF8, 0x7F, 0xFF, 0x0C, 0xEC, 0x61, 0x9D, 0x8C, 0x33, 0xB9, 0x86, 0x77, 0xF0, 0xC4, 0x5E, 0x00,
    0x00, 0x80, 0x00, 0x0F, 0xFF, 0xFF, 0xF7, 0xFF, 0xE0, 0x07, 0x00, 0x03, 0x80, 0x1F, 0xFF, 0xF3,
    0xFF, 0xFC, 0xCC, 0xE7, 0x33, 0xF9, 0x8C, 0xFE, 0x63, 0x33, 0x98, 0xCF, 0xE6, 0x33, 0xF9, 0x8C,
    0xCE, 0x63, 0x3F, 0xF8, 0xFF, 0xFE, 0x3F, 0xE0, 0x04, 0x00, 0x00, 0x00, 0x00, 0x8F, 0xFF, 0xF9,
    0xFF, 0xFF, 0x10, 0x60, 0x00, 0x9D, 0xE0, 0x1F, 0xFE, 0x03, 0xFF, 0x80, 0x66, 0x30, 0x0C, 0xE6,
    0x01, 0x9C, 0xC0, 0x33, 0x98, 0x06, 0x73, 0x00, 0xCC, 0x60, 0x19, 0x8C, 0x03, 0x7F, 0x80, 0x3D,
    0xF0, 0x07, 0x0F, 0x03, 0xC0, 0xF0, 0xE0, 0x07, 0x00, 0x00, 0x00, 0x00, 0x00, 0x00, 0x3F, 0xFC,
    0x07, 0xFF, 0xFF, 0xCE, 0x0F, 0xFD, 0xF8, 0x19, 0xFF, 0x83, 0x3F, 0x30, 0x63, 0x66, 0x1C, 0x6C,
    0xC3, 0x8D, 0xB8, 0x71, 0xB7, 0x0E, 0x36, 0xE1, 0xC6, 0xDC, 0x38, 0xFB, 0x9F, 0x1F, 0xE3, 0xE1,
    0xFC, 0x3C, 0x71, 0xC1, 0x1C, 0x1C, 0x07, 0x01, 0x80, 0x00, 0x00, 0x00, 0x00, 0x00, 0x07, 0xFF,
    0x80, 0x3F, 0xFC, 0x02, 0x1C, 0x07, 0xFF, 0xFC, 0x1F, 0xFF, 0xF0, 0x31, 0xF3, 0x81, 0x8E, 0xDC,
    0x0C, 0x76, 0xE0, 0x63, 0xB7, 0x03, 0x7D, 0xB8, 0x1E, 0xED, 0xC7, 0xE7, 0x6E, 0x7C, 0x3F, 0x71,
    0x80, 0xFF, 0x00, 0x03, 0xB8, 0x00, 0x38, 0xE0, 0x03, 0x83, 0x80, 0x38, 0x0C, 0x00, 0x00, 0x00,
    0x01, 0xFF, 0xF3, 0x1F, 0xFF, 0x37, 0xC7, 0x03, 0x7F, 0x7E, 0x37, 0xFF, 0xE3, 0x7F, 0xE6, 0x37,
    0xF7, 0x63, 0x7F, 0xB6, 0x37, 0xFB, 0x63, 0x7F, 0xF6, 0x37, 0xFF, 0x63, 0x7F, 0xF6, 0x37, 0xFE,
    0x66, 0x7D, 0xFE, 0x61, 0xCF, 0xC6, 0x1D, 0xCE, 0xC1, 0xF8, 0x7C, 0x07, 0x03, 0x00, 0x00, 0x00,
    0x0F, 0xFF, 0xF7, 0xFF, 0xFF, 0x3F, 0x87, 0x01, 0xB3, 0x7E, 0x1E, 0x3F, 0xE0, 0xE3, 0xE6, 0xFF,
    0xF7, 0x67, 0xFF, 0xB6, 0x0F, 0xFB, 0x60, 0xFB, 0xF6, 0x0F, 0x3F, 0x60, 0xE3, 0xF6, 0x0E, 0x3E,
    0x60, 0xE3, 0xFE, 0x2E, 0x0F, 0xC3, 0xE1, 0xCE, 0x1E, 0x38, 0x70, 0xC6, 0x03, 0x00, 0x00, 0x00,
    0x02, 0x00, 0x00, 0x38, 0x00, 0x00, 0xCF, 0xFC, 0x36, 0xFF, 0xE1, 0xBE, 0x30, 0x0D, 0xCB, 0xF0,
    0x6C, 0x7F, 0x8F, 0xFF, 0xEC, 0x7F, 0xFB, 0x60, 0xFB, 0xDB, 0x07, 0xDE, 0xD8, 0x3F, 0xF6, 0xC3,
    0x7D, 0xB6, 0x39, 0xED, 0xB1, 0x8E, 0x7D, 0x80, 0x63, 0xFC, 0x0F, 0x0E, 0xE0, 0xE0, 0x63, 0x9E,
    0x0E, 0x1C, 0xC0, 0xE0, 0x60, 0x00, 0x00, 0x00, 0x00, 0x01, 0xE1, 0xFF, 0xFF, 0x87, 0xF7, 0xC0,
    0x3F, 0xBF, 0x81, 0xFD, 0xFE, 0x0C, 0xEF, 0x30, 0x7F, 0x6D, 0x83, 0xC3, 0x6C, 0x7F, 0xFB, 0x61,
    0xFF, 0xDF, 0x07, 0xC6, 0xF8, 0x3F, 0xBF, 0xC1, 0xFF, 0xFC, 0x1F, 0x87, 0xE0, 0xFC, 0x73, 0x86,
    0xFF, 0x0C, 0x63, 0xFE, 0x02, 0x03, 0xFF, 0xF0, 0x01, 0xFC, 0x06, 0x00, 0x00, 0x31, 0xFF, 0x8D,
    0x9F, 0xFC, 0x7F, 0xEE, 0x03, 0xFF, 0x7E, 0x3F, 0x3F, 0xF1, 0xBF, 0x79, 0x83, 0xFB, 0x6C, 0x1F,
    0x9B, 0x61, 0xF8, 0xDB, 0x09, 0xE6, 0xD8, 0x3B, 0xB6, 0xC3, 0x9F, 0xF6, 0x3F, 0xEF, 0xB0, 0x77,
    0x7F, 0x83, 0x39, 0xF8, 0x1F, 0xDC, 0xF0, 0xFF, 0xC3, 0x82, 0x1C, 0x0C, 0x00, 0x00, 0x00, 0x00,
    0x00, 0x00, 0x00, 0x30, 0x0F, 0xE1, 0x80, 0x7F, 0x1E, 0x01, 0x39, 0xF0, 0x0D, 0xCE, 0xE0, 0xEC,
    0xE7, 0x87, 0x6E, 0x3E, 0x3B, 0xFF, 0xF9, 0x9E, 0xFD, 0xCF, 0xE3, 0x00, 0x7F, 0x9D, 0xC3, 0xBF,
    0x6E, 0x07, 0xDB, 0x61, 0xF6, 0xFF, 0x1F, 0x33, 0x30, 0x61, 0x9B, 0x00, 0x7F, 0xFF, 0x81, 0xFF,
    0xFC, 0x06, 0x00, 0x00, 0x00, 0x0C, 0x0F, 0xFC, 0xE0, 0x7F, 0xCF, 0x07, 0xFC, 0xF8, 0x7F, 0xCF,
    0xC7, 0xFC, 0xEC, 0x7F, 0xCE, 0xC7, 0xFF, 0xFE, 0x6F, 0xFF, 0xE7, 0xFC, 0xE0, 0x3E, 0x0F, 0x01,
    0xFD, 0xF0, 0xFF, 0x9F, 0x87, 0xF9, 0x98, 0x7F, 0xF9, 0xC7, 0xBF, 0x0C, 0x7F, 0x70, 0xEE, 0xCE,
    0x07, 0x40, 0xC0, 0x30, 0x00, 0x60, 0x00, 0x03, 0x80, 0x00, 0x1C, 0x00, 0x7F, 0xFF, 0xC3, 0xFF,
    0xFE, 0x01, 0xCE, 0x00, 0x07, 0xF0, 0x00, 0x1E, 0x00, 0x00, 0xF8, 0x00, 0x1E, 0xF8, 0x03, 0xC3,
    0xF8, 0x7F, 0x1F, 0xF7, 0x18, 0xE7, 0x00, 0xC7, 0x00, 0x0E, 0x38, 0x00, 0x61, 0xC0, 0x07, 0x0E,
    0x00, 0x70, 0x70, 0x07, 0x03, 0x80, 0x70, 0x1C, 0x00, 0x00, 0x40, 0x00, 0x00, 0xC0, 0x00, 0x1C,
    0x00, 0x23, 0x80, 0x06, 0x7F, 0x80, 0xCF, 0xF0, 0x19, 0xC0, 0x03, 0x38, 0x07, 0xFF, 0xFF, 0xFF,
    0xFF, 0xEF, 0x18, 0x40, 0xC3, 0x8E, 0x1C, 0x71, 0xC3, 0x8E, 0x38, 0x71, 0xE7, 0x0E, 0x7F, 0xE1,
    0xDC, 0xFC, 0x3E, 0x0F, 0x87, 0x07, 0xF0, 0xFF, 0xFE, 0x1F, 0xFD, 0xC0, 0x00, 0x10, 0x3F, 0x1F,
    0xBF, 0x9F, 0xFF, 0xDF, 0xFF, 0x6F, 0xAF, 0x07, 0x87, 0xFB, 0xFF, 0xFD, 0xFF, 0xFE, 0xFF, 0xF0,
    0x78, 0x78, 0x3C, 0x3C, 0x1E, 0x1E, 0x0F, 0x0F, 0x07, 0x87, 0x83, 0xC3, 0xC1, 0xE1, 0xE0, 0xF0,
    0x3F, 0x7B, 0xFB, 0xFF, 0xDF, 0xF0, 0xFF, 0x00, 0x7F, 0xBF, 0xFD, 0xFF, 0xEF, 0xF0, 0x7F, 0x83,
    0xFC, 0x1F, 0xE0, 0xFF, 0x07, 0xF8, 0x3F, 0xC1, 0xFE, 0x0F, 0x3F, 0x78, 0xFE, 0xF3, 0xFD, 0xE7,
    0xC3, 0xCF, 0x07, 0x9F, 0xEF, 0x3F, 0xDE, 0x7F, 0xBC, 0xF0, 0x79, 0xE0, 0xF3, 0xC1, 0xE7, 0x83,
    0xCF, 0x07, 0xDE, 0x0F, 0xBC, 0x1F, 0x78, 0x1E, 0x3F, 0x1F, 0xB9, 0xFC, 0xFF, 0xFF, 0xF7, 0xF7,
    0xFE, 0xDF, 0x4E, 0xF0, 0x78, 0x03, 0xFD, 0xFE, 0xFF, 0xF7, 0xFB, 0xFF, 0xDF, 0xEF, 0xF0, 0x78,
    0x3F, 0xC1, 0xE0, 0xFF, 0x07, 0x83, 0xFC, 0x1E, 0x0F, 0xF0, 0x78, 0x3F, 0xC1, 0xE0, 0xFF, 0x07,
    0x83, 0xFC, 0x1E, 0x0F, 0x3F, 0x1F, 0xBC, 0xFE, 0x7F, 0x7B, 0xFD, 0xFC, 0xF7, 0xDB, 0xE9, 0xEF,
    0x07, 0x83, 0xDF, 0xEF, 0xF7, 0xBF, 0xDF, 0xEF, 0x7F, 0xBF, 0xDE, 0xF0, 0x78, 0x3D, 0xE0, 0xF0,
    0x7B, 0xC1, 0xE0, 0xF7, 0x83, 0xC1, 0xEF, 0x07, 0x83, 0xDE, 0x0F, 0x07, 0xFC, 0x1E, 0x0F, 0xF8,
    0x3C, 0x0F, 0x1F, 0xB6, 0xDB, 0x6D, 0xB6, 0xBF, 0x60, 0x00, 0x31, 0x8E, 0x31, 0xC6, 0x18, 0x63,
    0x8E, 0x38, 0x61, 0x87, 0x0C, 0x30, 0x61, 0xC3, 0x03, 0x06, 0x1C, 0x30, 0xE1, 0x86, 0x18, 0x71,
    0xC7, 0x18, 0x63, 0x8C, 0x31, 0x8E, 0x30, 0x5F, 0xBD, 0x00, 0x06, 0x76, 0x00, 0x00, 0x27, 0x72,
    0x00, 0x0F, 0xE7, 0xFD, 0xC7, 0xE1, 0xD0, 0x70, 0x38, 0x1C, 0x0E, 0x03, 0x01, 0xC0, 0x70, 0x0C,
    0x02, 0x01, 0xC0, 0x70, 0x08, 0x00, 0x00, 0x20, 0x00, 0x03, 0x80, 0x00, 0x3E, 0x00, 0x03, 0xF8,
    0x00, 0x3F, 0xE0, 0x03, 0xE3, 0x80, 0x3D, 0xEE, 0x03, 0xDF, 0x78, 0x3F, 0xFB, 0xE3, 0xFF, 0xBF,
    0x9F, 0xFB, 0xFC, 0x7F, 0xBF, 0xC1, 0xFD, 0xFC, 0x07, 0xFF, 0xC0, 0x1F, 0xFC, 0x00, 0x7B, 0xC0,
    0x01, 0xFC, 0x00, 0x07, 0xC0, 0x00, 0x1C, 0x00, 0x00, 0x40, 0x00,
};

static const EpdGlyph ubuntu_10_boldGlyphs[] = {
    { 0, 0, 0, 0, 0, 0, 0 }, // U+0000
    { 0, 0, 0, 0, 0, 0, 0 }, // U+0008
    { 0, 0, 80, 0, 0, 0, 0 }, // U+0009
    { 0, 0, 80, 0, 0, 0, 0 }, // U+000D
    { 0, 0, 0, 0, 0, 0, 0 }, // U+001D
    { 0, 0, 80, 0, 0, 0, 0 }, // U+0020
    { 4, 15, 95, 1, 15, 8, 0 }, // !
    { 8, 6, 155, 1, 16, 6, 8 }, // "
    { 13, 15, 233, 1, 15, 25, 14 }, // #
    { 11, 19, 189, 0, 16, 27, 39 }, // $
    { 19, 15, 306, 0, 15, 36, 66 }, // %
    { 15, 15, 235, 0, 15, 29, 102 }, // &
    { 4, 6, 82, 1, 16, 3, 131 }, // '
    { 7, 20, 119, 1, 16, 18, 134 }, // (
    { 6, 20, 119, 0, 16, 15, 152 }, // )
    { 10, 8, 167, 0, 15, 10, 167 }, // *
    { 10, 11, 189, 1, 12, 14, 177 }, // +
    { 5, 6, 82, 0, 3, 4, 191 }, // ,
    { 7, 3, 113, 0, 8, 3, 195 }, // -
    { 5, 4, 82, 0, 4, 3, 198 }, // .
    { 11, 20, 146, -1, 16, 28, 201 }, // /
    { 12, 15, 189, 0, 15, 23, 229 }, // 0
    { 8, 15, 189, 1, 15, 15, 252 }, // 1
    { 11, 15, 189, 0, 15, 21, 267 }, // 2
    { 11, 15, 189, 0, 15, 21, 288 }, // 3
    { 12, 15, 189, 0, 15, 23, 309 }, // 4
    { 11, 15, 189, 0, 15, 21, 332 }, // 5
    { 12, 15, 189, 0, 15, 23, 353 }, // 6
    { 12, 15, 189, 0, 15, 23, 376 }, // 7
    { 12, 15, 189, 0, 15, 23, 399 }, // 8
    { 12, 15, 189, 0, 15, 23, 422 }, // 9
    { 5, 11, 82, 0, 11, 7, 445 }, // :
    { 5, 14, 82, 0, 11, 9, 452 }, // ;
    { 10, 11, 189, 1, 12, 14, 461 }, // <
    { 10, 8, 189, 1, 10, 10, 475 }, // =
    { 10, 11, 189, 1, 12, 14, 485 }, // >
    { 10, 16, 152, 0, 16, 20, 499 }, // ?
    { 19, 18, 325, 1, 15, 43, 519 }, // @
    { 15, 15, 240, 0, 15, 29, 562 }, // A
    { 13, 15, 224, 1, 15, 25, 591 }, // B
    { 13, 15, 216, 1, 15, 25, 616 }, // C
    { 14, 15, 246, 1, 15, 27, 641 }, // D
    { 11, 15, 202, 1, 15, 21, 668 }, // E
    { 11, 15, 191, 1, 15, 21, 689 }, // F
    { 13, 15, 234, 1, 15, 25, 710 }, // G
    { 13, 15, 245, 1, 15, 25, 735 }, // H
    { 4, 15, 105, 1, 15, 8, 760 }, // I
    { 10, 15, 176, 0, 15, 19, 768 }, // J
    { 14, 15, 228, 1, 15, 27, 787 }, // K
    { 11, 15, 188, 1, 15, 21, 814 }, // L
    { 17, 15, 299, 1, 15, 32, 835 }, // M
    { 14, 15, 252, 1, 15, 27, 867 }, // N
    { 15, 15, 263, 1, 15, 29, 894 }, // O
    { 12, 15, 215, 1, 15, 23, 923 }, // P
    { 15, 18, 263, 1, 15, 34, 946 }, // Q
    { 13, 15, 222, 1, 15, 25, 980 }, // R
    { 12, 15, 194, 0, 15, 23, 1005 }, // S
    { 13, 15, 205, 0, 15, 25, 1028 }, // T
    { 13, 15, 236, 1, 15, 25, 1053 }, // U
    { 15, 15, 241, 0, 15, 29, 1078 }, // V
    { 20, 15, 316, 0, 15, 38, 1107 }, // W
    { 14, 15, 225, 0, 15, 27, 1145 }, // X
    { 14, 15, 220, 0, 15, 27, 1172 }, // Y
    { 13, 15, 203, 0, 15, 25, 1199 }, // Z
    { 7, 20, 124, 1, 16, 18, 1224 }, // [
    { 11, 20, 146, -1, 16, 28, 1242 }, // <backslash>
    { 6, 20, 124, 0, 16, 15, 1270 }, // ]
    { 12, 9, 189, 0, 15, 14, 1285 }, // ^
    { 11, 3, 167, 0, -1, 5, 1299 }, // _
    { 6, 5, 95, 0, 17, 4, 1304 }, // `
    { 11, 11, 184, 0, 11, 16, 1308 }, // a
    { 11, 16, 201, 1, 16, 22, 1324 }, // b
    { 10, 11, 167, 0, 11, 14, 1346 }, // c
    { 12, 16, 201, 0, 16, 24, 1360 }, // d
    { 12, 11, 195, 0, 11, 17, 1384 }, // e
    { 9, 16, 141, 1, 16, 18, 1401 }, // f
    { 11, 15, 198, 0, 11, 21, 1419 }, // g
    { 10, 16, 196, 1, 16, 20, 1440 }, // h
    { 4, 16, 96, 1, 16, 8, 1460 }, // i
    { 7, 20, 96, -2, 16, 18, 1468 }, // j
    { 11, 16, 193, 1, 16, 22, 1486 }, // k
    { 6, 16, 105, 1, 16, 12, 1508 }, // l
    { 16, 11, 287, 1, 11, 22, 1520 }, // m
    { 10, 11, 196, 1, 11, 14, 1542 }, // n
    { 12, 11, 202, 0, 11, 17, 1556 }, // o
    { 11, 15, 201, 1, 11, 21, 1573 }, // p
    { 12, 15, 201, 0, 11, 23, 1594 }, // q
    { 8, 11, 141, 1, 11, 11, 1617 }, // r
    { 10, 11, 162, 0, 11, 14, 1628 }, // s
    { 8, 14, 148, 1, 14, 14, 1642 }, // t
    { 10, 11, 196, 1, 11, 14, 1656 }, // u
    { 12, 11, 183, 0, 11, 17, 1670 }, // v
    { 17, 11, 261, 0, 11, 24, 1687 }, // w
    { 12, 11, 185, 0, 11, 17, 1711 }, // x
    { 12, 15, 182, 0, 11, 23, 1728 }, // y
    { 10, 11, 167, 0, 11, 14, 1751 }, // z
    { 8, 20, 124, 0, 16, 20, 1765 }, // {
    { 4, 20, 107, 1, 16, 10, 1785 }, // |
    { 8, 20, 124, 0, 16, 20, 1795 }, // }
    { 12, 5, 189, 0, 9, 8, 1815 }, // ~
    { 0, 0, 80, 0, 0, 0, 1823 }, // U+00A0
    { 4, 15, 95, 1, 11, 8, 1823 }, // U+00A1
    { 10, 16, 189, 0, 14, 20, 1831 }, // U+00A2
    { 11, 15, 189, 0, 15, 21, 1851 }, // U+00A3
    { 12, 11, 189, 0, 13, 17, 1872 }, // U+00A4
    { 14, 15, 189, -1, 15, 27, 1889 }, // U+00A5
    { 4, 20, 101, 1, 16, 10, 1916 }, // U+00A6
    { 11, 19, 172, 0, 15, 27, 1926 }, // U+00A7
    { 9, 3, 179, 1, 16, 4, 1953 }, // U+00A8
    { 15, 15, 265, 1, 15, 29, 1957 }, // U+00A9
    { 8, 8, 133, 0, 15, 8, 1986 }, // U+00AA
    { 12, 11, 199, 0, 11, 17, 1994 }, // U+00AB
    { 10, 8, 189, 1, 9, 10, 2011 }, // U+00AC
    { 7, 3, 113, 0, 8, 3, 2021 }, // U+00AD
    { 15, 15, 265, 1, 15, 29, 2024 }, // U+00AE
    { 8, 2, 125, 0, 15, 2, 2053 }, // U+00AF
    { 8, 6, 121, 0, 16, 6, 2055 }, // U+00B0
    { 10, 15, 189, 1, 15, 19, 2061 }, // U+00B1
    { 7, 9, 121, 0, 15, 8, 2080 }, // U+00B2
    { 7, 9, 121, 0, 15, 8, 2088 }, // U+00B3
    { 6, 5, 95, 0, 17, 4, 2096 }, // U+00B4
    { 10, 15, 198, 1, 11, 19, 2100 }, // U+00B5
    { 14, 19, 237, 0, 15, 34, 2119 }, // U+00B6
    { 5, 4, 82, 0, 9, 3, 2153 }, // U+00B7
    { 6, 6, 109, 0, 1, 5, 2156 }, // U+00B8
    { 6, 9, 121, 0, 15, 7, 2161 }, // U+00B9
    { 9, 8, 152, 0, 15, 9, 2168 }, // U+00BA
    { 13, 11, 199, 0, 11, 18, 2177 }, // U+00BB
    { 19, 15, 293, 0, 15, 36, 2195 }, // U+00BC
    { 18, 15, 293, 0, 15, 34, 2231 }, // U+00BD
    { 19, 15, 293, 0, 15, 36, 2265 }, // U+00BE
    { 10, 15, 152, 0, 11, 19, 2301 }, // U+00BF
    { 15, 21, 240, 0, 21, 40, 2320 }, // U+00C0
    { 15, 21, 240, 0, 21, 40, 2360 }, // U+00C1
    { 15, 21, 240, 0, 21, 40, 2400 }, // U+00C2
    { 15, 19, 240, 0, 19, 36, 2440 }, // U+00C3
    { 15, 19, 240, 0, 19, 36, 2476 }, // U+00C4
    { 15, 19, 240, 0, 19, 36, 2512 }, // U+00C5
    { 21, 15, 331, 0, 15, 40, 2548 }, // U+00C6
    { 13, 20, 216, 1, 15, 33, 2588 }, // U+00C7
    { 11, 21, 202, 1, 21, 29, 2621 }, // U+00C8
    { 11, 21, 202, 1, 21, 29, 2650 }, // U+00C9
    { 11, 21, 202, 1, 21, 29, 2679 }, // U+00CA
    { 11, 19, 202, 1, 19, 27, 2708 }, // U+00CB
    { 6, 21, 105, 0, 21, 16, 2735 }, // U+00CC
    { 5, 21, 105, 1, 21, 14, 2751 }, // U+00CD
    { 7, 21, 105, 0, 21, 19, 2765 }, // U+00CE
    { 9, 19, 105, -1, 19, 22, 2784 }, // U+00CF
    { 15, 15, 249, 0, 15, 29, 2806 }, // U+00D0
    { 14, 19, 252, 1, 19, 34, 2835 }, // U+00D1
    { 15, 21, 263, 1, 21, 40, 2869 }, // U+00D2
    { 15, 21, 263, 1, 21, 40, 2909 }, // U+00D3
    { 15, 21, 263, 1, 21, 40, 2949 }, // U+00D4
    { 15, 19, 263, 1, 19, 36, 2989 }, // U+00D5
    { 15, 19, 263, 1, 19, 36, 3025 }, // U+00D6
    { 10, 9, 189, 1, 11, 12, 3061 }, // U+00D7
    { 15, 17, 263, 1, 16, 32, 3073 }, // U+00D8
    { 13, 21, 236, 1, 21, 35, 3105 }, // U+00D9
    { 13, 21, 236, 1, 21, 35, 3140 }, // U+00DA
    { 13, 21, 236, 1, 21, 35, 3175 }, // U+00DB
    { 13, 19, 236, 1, 19, 31, 3210 }, // U+00DC
    { 14, 21, 220, 0, 21, 37, 3241 }, // U+00DD
    { 12, 15, 215, 1, 15, 23, 3278 }, // U+00DE
    { 13, 16, 220, 1, 16, 26, 3301 }, // U+00DF
    { 11, 17, 184, 0, 17, 24, 3327 }, // U+00E0
    { 11, 17, 184, 0, 17, 24, 3351 }, // U+00E1
    { 11, 17, 184, 0, 17, 24, 3375 }, // U+00E2
    { 11, 16, 184, 0, 16, 22, 3399 }, // U+00E3
    { 11, 16, 184, 0, 16, 22, 3421 }, // U+00E4
    { 11, 18, 184, 0, 18, 25, 3443 }, // U+00E5
    { 18, 11, 291, 0, 11, 25, 3468 }, // U+00E6
    { 10, 15, 167, 0, 11, 19, 3493 }, // U+00E7
    { 12, 17, 195, 0, 17, 26, 3512 }, // U+00E8
    { 12, 17, 195, 0, 17, 26, 3538 }, // U+00E9
    { 12, 17, 195, 0, 17, 26, 3564 }, // U+00EA
    { 12, 16, 195, 0, 16, 24, 3590 }, // U+00EB
    { 6, 17, 96, 0, 17, 13, 3614 }, // U+00EC
    { 6, 17, 96, 0, 17, 13, 3627 }, // U+00ED
    { 8, 17, 96, -1, 17, 17, 3640 }, // U+00EE
    { 9, 16, 96, -2, 16, 18, 3657 }, // U+00EF
    { 13, 16, 200, 0, 16, 26, 3675 }, // U+00F0
    { 10, 16, 196, 1, 16, 20, 3701 }, // U+00F1
    { 12, 17, 202, 0, 17, 26, 3721 }, // U+00F2
    { 12, 17, 202, 0, 17, 26, 3747 }, // U+00F3
    { 12, 17, 202, 0, 17, 26, 3773 }, // U+00F4
    { 12, 16, 202, 0, 16, 24, 3799 }, // U+00F5
    { 12, 16, 202, 0, 16, 24, 3823 }, // U+00F6
    { 10, 13, 189, 1, 13, 17, 3847 }, // U+00F7
    { 12, 13, 202, 0, 12, 20, 3864 }, // U+00F8
    { 10, 17, 196, 1, 17, 22, 3884 }, // U+00F9
    { 10, 17, 196, 1, 17, 22, 3906 }, // U+00FA
    { 10, 17, 196, 1, 17, 22, 3928 }, // U+00FB
    { 10, 16, 196, 1, 16, 20, 3950 }, // U+00FC
    { 12, 21, 182, 0, 17, 32, 3970 }, // U+00FD
    { 11, 20, 201, 1, 16, 28, 4002 }, // U+00FE
    { 12, 20, 182, 0, 16, 30, 4030 }, // U+00FF
    { 15, 18, 240, 0, 18, 34, 4060 }, // U+0100
    { 11, 15, 184, 0, 15, 21, 4094 }, // U+0101
    { 15, 19, 240, 0, 19, 36, 4115 }, // U+0102
    { 11, 16, 184, 0, 16, 22, 4151 }, // U+0103
    { 16, 20, 240, 0, 15, 40, 4173 }, // U+0104
    { 11, 15, 184, 0, 11, 21, 4213 }, // U+0105
    { 13, 21, 216, 1, 21, 35, 4234 }, // U+0106
    { 10, 17, 167, 0, 17, 22, 4269 }, // U+0107
    { 13, 21, 216, 1, 21, 35, 4291 }, // U+0108
    { 10, 17, 167, 0, 17, 22, 4326 }, // U+0109
    { 13, 19, 216, 1, 19, 31, 4348 }, // U+010A
    { 10, 16, 167, 0, 16, 20, 4379 }, // U+010B
    { 13, 21, 216, 1, 21, 35, 4399 }, // U+010C
    { 10, 17, 167, 0, 17, 22, 4434 }, // U+010D
    { 14, 21, 246, 1, 21, 37, 4456 }, // U+010E
    { 16, 16, 228, 0, 16, 32, 4493 }, // U+010F
    { 15, 15, 249, 0, 15, 29, 4525 }, // U+0110
    { 13, 16, 202, 0, 16, 26, 4554 }, // U+0111
    { 11, 18, 202, 1, 18, 25, 4580 }, // U+0112
    { 12, 15, 195, 0, 15, 23, 4605 }, // U+0113
    { 11, 19, 202, 1, 19, 27, 4628 }, // U+0114
    { 12, 16, 195, 0, 16, 24, 4655 }, // U+0115
    { 11, 19, 202, 1, 19, 27, 4679 }, // U+0116
    { 12, 16, 195, 0, 16, 24, 4706 }, // U+0117
    { 12, 20, 202, 1, 15, 30, 4730 }, // U+0118
    { 12, 15, 195, 0, 11, 23, 4760 }, // U+0119
    { 11, 21, 202, 1, 21, 29, 4783 }, // U+011A
    { 12, 17, 195, 0, 17, 26, 4812 }, // U+011B
    { 13, 21, 234, 1, 21, 35, 4838 }, // U+011C
    { 11, 21, 198, 0, 17, 29, 4873 }, // U+011D
    { 13, 19, 234, 1, 19, 31, 4902 }, // U+011E
    { 11, 20, 198, 0, 16, 28, 4933 }, // U+011F
    { 13, 19, 234, 1, 19, 31, 4961 }, // U+0120
    { 11, 20, 198, 0, 16, 28, 4992 }, // U+0121
    { 13, 20, 234, 1, 15, 33, 5020 }, // U+0122
    { 11, 21, 198, 0, 17, 29, 5053 }, // U+0123
    { 13, 21, 245, 1, 21, 35, 5082 }, // U+0124
    { 10, 20, 196, 1, 20, 25, 5117 }, // U+0125
    { 16, 15, 252, 0, 15, 30, 5142 }, // U+0126
    { 12, 16, 200, 0, 16, 24, 5172 }, // U+0127
    { 9, 19, 105, -1, 19, 22, 5196 }, // U+0128
    { 8, 16, 96, -1, 16, 16, 5218 }, // U+0129
    { 8, 18, 105, -1, 18, 18, 5234 }, // U+012A
    { 8, 15, 96, -1, 15, 15, 5252 }, // U+012B
    { 7, 19, 105, 0, 19, 17, 5267 }, // U+012C
    { 8, 16, 96, -1, 16, 16, 5284 }, // U+012D
    { 6, 20, 105, 0, 15, 15, 5300 }, // U+012E
    { 6, 21, 96, 0, 16, 16, 5315 }, // U+012F
    { 4, 19, 105, 1, 19, 10, 5331 }, // U+0130
    { 4, 11, 96, 1, 11, 6, 5341 }, // U+0131
    { 16, 15, 280, 1, 15, 30, 5347 }, // U+0132
    { 10, 20, 192, 1, 16, 25, 5377 }, // U+0133
    { 12, 21, 176, 0, 21, 32, 5402 }, // U+0134
    { 9, 21, 96, -2, 17, 24, 5434 }, // U+0135
    { 14, 20, 228, 1, 15, 35, 5458 }, // U+0136
    { 11, 21, 193, 1, 16, 29, 5493 }, // U+0137
    { 12, 11, 194, 1, 11, 17, 5522 }, // U+0138
    { 11, 21, 188, 1, 21, 29, 5539 }, // U+0139
    { 6, 21, 105, 1, 21, 16, 5568 }, // U+013A
    { 11, 20, 188, 1, 15, 28, 5584 }, // U+013B
    { 6, 21, 105, 1, 16, 16, 5612 }, // U+013C
    { 11, 15, 188, 1, 15, 21, 5628 }, // U+013D
    { 8, 16, 123, 1, 16, 16, 5649 }, // U+013E
    { 11, 15, 188, 1, 15, 21, 5665 }, // U+013F
    { 10, 16, 173, 1, 16, 20, 5686 }, // U+0140
    { 13, 15, 198, 0, 15, 25, 5706 }, // U+0141
    { 9, 16, 121, -1, 16, 18, 5731 }, // U+0142
    { 14, 21, 252, 1, 21, 37, 5749 }, // U+0143
    { 10, 17, 196, 1, 17, 22, 5786 }, // U+0144
    { 14, 20, 252, 1, 15, 35, 5808 }, // U+0145
    { 10, 16, 196, 1, 11, 20, 5843 }, // U+0146
    { 14, 21, 252, 1, 21, 37, 5863 }, // U+0147
    { 10, 17, 196, 1, 17, 22, 5900 }, // U+0148
    { 13, 16, 206, -1, 16, 26, 5922 }, // U+0149
    { 14, 19, 252, 1, 15, 34, 5948 }, // U+014A
    { 10, 15, 196, 1, 11, 19, 5982 }, // U+014B
    { 15, 18, 263, 1, 18, 34, 6001 }, // U+014C
    { 12, 15, 202, 0, 15, 23, 6035 }, // U+014D
    { 15, 19, 263, 1, 19, 36, 6058 }, // U+014E
    { 12, 16, 202, 0, 16, 24, 6094 }, // U+014F
    { 15, 21, 263, 1, 21, 40, 6118 }, // U+0150
    { 12, 17, 202, 0, 17, 26, 6158 }, // U+0151
    { 20, 15, 332, 1, 15, 38, 6184 }, // U+0152
    { 19, 11, 312, 0, 11, 27, 6222 }, // U+0153
    { 13, 21, 222, 1, 21, 35, 6249 }, // U+0154
    { 8, 17, 141, 1, 17, 17, 6284 }, // U+0155
    { 13, 20, 222, 1, 15, 33, 6301 }, // U+0156
    { 9, 16, 141, 0, 11, 18, 6334 }, // U+0157
    { 13, 20, 222, 1, 20, 33, 6352 }, // U+0158
    { 8, 17, 141, 1, 17, 17, 6385 }, // U+0159
    { 12, 21, 194, 0, 21, 32, 6402 }, // U+015A
    { 10, 17, 162, 0, 17, 22, 6434 }, // U+015B
    { 12, 21, 194, 0, 21, 32, 6456 }, // U+015C
    { 10, 17, 162, 0, 17, 22, 6488 }, // U+015D
    { 12, 20, 194, 0, 15, 30, 6510 }, // U+015E
    { 10, 16, 162, 0, 11, 20, 6540 }, // U+015F
    { 12, 21, 194, 0, 21, 32, 6560 }, // U+0160
    { 10, 17, 162, 0, 17, 22, 6592 }, // U+0161
    { 13, 19, 205, 0, 15, 31, 6614 }, // U+0162
    { 8, 18, 148, 1, 14, 18, 6645 }, // U+0163
    { 13, 21, 205, 0, 21, 35, 6663 }, // U+0164
    { 8, 16, 148, 1, 16, 16, 6698 }, // U+0165
    { 13, 15, 205, 0, 15, 25, 6714 }, // U+0166
    { 8, 14, 148, 1, 14, 14, 6739 }, // U+0167
    { 13, 19, 236, 1, 19, 31, 6753 }, // U+0168
    { 10, 16, 196, 1, 16, 20, 6784 }, // U+0169
    { 13, 18, 236, 1, 18, 30, 6804 }, // U+016A
    { 10, 15, 196, 1, 15, 19, 6834 }, // U+016B
    { 13, 19, 236, 1, 19, 31, 6853 }, // U+016C
    { 10, 16, 196, 1, 16, 20, 6884 }, // U+016D
    { 13, 21, 236, 1, 21, 35, 6904 }, // U+016E
    { 10, 18, 196, 1, 18, 23, 6939 }, // U+016F
    { 13, 21, 236, 1, 21, 35, 6962 }, // U+0170
    { 11, 17, 196, 1, 17, 24, 6997 }, // U+0171
    { 13, 19, 236, 1, 15, 31, 7021 }, // U+0172
    { 10, 15, 196, 1, 11, 19, 7052 }, // U+0173
    { 20, 21, 316, 0, 21, 53, 7071 }, // U+0174
    { 17, 17, 261, 0, 17, 37, 7124 }, // U+0175
    { 14, 21, 220, 0, 21, 37, 7161 }, // U+0176
    { 12, 21, 182, 0, 17, 32, 7198 }, // U+0177
    { 14, 19, 220, 0, 19, 34, 7230 }, // U+0178
    { 13, 21, 203, 0, 21, 35, 7264 }, // U+0179
    { 10, 17, 167, 0, 17, 22, 7299 }, // U+017A
    { 13, 19, 203, 0, 19, 31, 7321 }, // U+017B
    { 10, 16, 167, 0, 16, 20, 7352 }, // U+017C
    { 13, 21, 203, 0, 21, 35, 7372 }, // U+017D
    { 10, 17, 167, 0, 17, 22, 7407 }, // U+017E
    { 9, 16, 110, 1, 16, 18, 7429 }, // U+017F
    { 15, 17, 263, 1, 17, 32, 7447 }, // U+01A0
    { 13, 13, 202, 0, 13, 22, 7479 }, // U+01A1
    { 15, 17, 249, 1, 17, 32, 7501 }, // U+01AF
    { 13, 13, 209, 1, 13, 22, 7533 }, // U+01B0
    { 26, 20, 433, 1, 20, 65, 7555 }, // U+01C4
    { 24, 17, 405, 1, 17, 51, 7620 }, // U+01C5
    { 23, 17, 365, 0, 17, 49, 7671 }, // U+01C6
    { 21, 15, 363, 1, 15, 40, 7720 }, // U+01C7
    { 16, 20, 283, 1, 16, 40, 7760 }, // U+01C8
    { 11, 20, 201, 1, 16, 28, 7800 }, // U+01C9
    { 25, 15, 427, 1, 15, 47, 7828 }, // U+01CA
    { 20, 20, 348, 1, 16, 50, 7875 }, // U+01CB
    { 17, 20, 293, 1, 16, 43, 7925 }, // U+01CC
    { 15, 21, 240, 0, 21, 40, 7968 }, // U+01CD
    { 11, 17, 184, 0, 17, 24, 8008 }, // U+01CE
    { 7, 21, 105, 0, 21, 19, 8032 }, // U+01CF
    { 8, 17, 96, -1, 17, 17, 8051 }, // U+01D0
    { 15, 21, 263, 1, 21, 40, 8068 }, // U+01D1
    { 12, 17, 202, 0, 17, 26, 8108 }, // U+01D2
    { 13, 21, 236, 1, 21, 35, 8134 }, // U+01D3
    { 10, 17, 196, 1, 17, 22, 8169 }, // U+01D4
    { 13, 22, 236, 1, 22, 36, 8191 }, // U+01D5
    { 10, 18, 196, 1, 18, 23, 8227 }, // U+01D6
    { 13, 22, 236, 1, 22, 36, 8250 }, // U+01D7
    { 10, 19, 196, 1, 19, 24, 8286 }, // U+01D8
    { 13, 21, 236, 1, 21, 35, 8310 }, // U+01D9
    { 10, 19, 196, 1, 19, 24, 8345 }, // U+01DA
    { 13, 22, 236, 1, 22, 36, 8369 }, // U+01DB
    { 10, 19, 196, 1, 19, 24, 8405 }, // U+01DC
    { 12, 11, 195, 0, 11, 17, 8429 }, // U+01DD
    { 15, 22, 240, 0, 22, 42, 8446 }, // U+01DE
    { 11, 18, 184, 0, 18, 25, 8488 }, // U+01DF
    { 15, 22, 240, 0, 22, 42, 8513 }, // U+01E0
    { 11, 18, 184, 0, 18, 25, 8555 }, // U+01E1
    { 21, 18, 331, 0, 18, 48, 8580 }, // U+01E2
    { 18, 15, 291, 0, 15, 34, 8628 }, // U+01E3
    { 15, 15, 243, 1, 15, 29, 8662 }, // U+01E4
    { 13, 15, 201, 0, 11, 25, 8691 }, // U+01E5
    { 13, 21, 234, 1, 21, 35, 8716 }, // U+01E6
    { 11, 21, 198, 0, 17, 29, 8751 }, // U+01E7
    { 14, 21, 228, 1, 21, 37, 8780 }, // U+01E8
    { 11, 20, 193, 1, 20, 28, 8817 }, // U+01E9
    { 15, 19, 263, 1, 15, 36, 8845 }, // U+01EA
    { 12, 15, 202, 0, 11, 23, 8881 }, // U+01EB
    { 15, 22, 263, 1, 18, 42, 8904 }, // U+01EC
    { 12, 19, 202, 0, 15, 29, 8946 }, // U+01ED
    { 12, 21, 205, 0, 21, 32, 8975 }, // U+01EE
    { 10, 22, 172, 0, 18, 28, 9007 }, // U+01EF
    { 9, 21, 96, -2, 17, 24, 9035 }, // U+01F0
    { 26, 15, 433, 1, 15, 49, 9059 }, // U+01F1
    { 24, 15, 405, 1, 15, 45, 9108 }, // U+01F2
    { 23, 16, 365, 0, 16, 46, 9153 }, // U+01F3
    { 13, 21, 234, 1, 21, 35, 9199 }, // U+01F4
    { 11, 21, 198, 0, 17, 29, 9234 }, // U+01F5
    { 21, 15, 354, 1, 15, 40, 9263 }, // U+01F6
    { 13, 19, 224, 1, 15, 31, 9303 }, // U+01F7
    { 14, 21, 252, 1, 21, 37, 9334 }, // U+01F8
    { 10, 17, 196, 1, 17, 22, 9371 }, // U+01F9
    { 15, 22, 240, 0, 22, 42, 9393 }, // U+01FA
    { 11, 20, 184, 0, 20, 28, 9435 }, // U+01FB
    { 21, 21, 331, 0, 21, 56, 9463 }, // U+01FC
    { 18, 17, 291, 0, 17, 39, 9519 }, // U+01FD
    { 15, 21, 263, 1, 20, 40, 9558 }, // U+01FE
    { 12, 18, 202, 0, 17, 27, 9598 }, // U+01FF
    { 15, 21, 240, 0, 21, 40, 9625 }, // U+0200
    { 11, 17, 184, 0, 17, 24, 9665 }, // U+0201
    { 15, 19, 240, 0, 19, 36, 9689 }, // U+0202
    { 11, 15, 184, 0, 15, 21, 9725 }, // U+0203
    { 11, 21, 202, 1, 21, 29, 9746 }, // U+0204
    { 12, 17, 195, 0, 17, 26, 9775 }, // U+0205
    { 11, 19, 202, 1, 19, 27, 9801 }, // U+0206
    { 12, 15, 195, 0, 15, 23, 9828 }, // U+0207
    { 10, 21, 105, -2, 21, 27, 9851 }, // U+0208
    { 9, 17, 96, -2, 17, 20, 9878 }, // U+0209
    { 8, 19, 105, -1, 19, 19, 9898 }, // U+020A
    { 8, 15, 96, -1, 15, 15, 9917 }, // U+020B
    { 15, 21, 263, 1, 21, 40, 9932 }, // U+020C
    { 12, 17, 202, 0, 17, 26, 9972 }, // U+020D
    { 15, 19, 263, 1, 19, 36, 9998 }, // U+020E
    { 12, 15, 202, 0, 15, 23, 10034 }, // U+020F
    { 13, 20, 222, 1, 20, 33, 10057 }, // U+0210
    { 9, 17, 141, 0, 17, 20, 10090 }, // U+0211
    { 13, 19, 222, 1, 19, 31, 10110 }, // U+0212
    { 8, 15, 141, 1, 15, 15, 10141 }, // U+0213
    { 13, 21, 236, 1, 21, 35, 10156 }, // U+0214
    { 10, 17, 196, 1, 17, 22, 10191 }, // U+0215
    { 13, 19, 236, 1, 19, 31, 10213 }, // U+0216
    { 10, 15, 196, 1, 15, 19, 10244 }, // U+0217
    { 12, 20, 194, 0, 15, 30, 10263 }, // U+0218
    { 10, 16, 162, 0, 11, 20, 10293 }, // U+0219
    { 13, 20, 205, 0, 15, 33, 10313 }, // U+021A
    { 8, 19, 148, 1, 14, 19, 10346 }, // U+021B
    { 11, 19, 189, 0, 15, 27, 10365 }, // U+021C
    { 10, 15, 159, 0, 11, 19, 10392 }, // U+021D
    { 13, 21, 245, 1, 21, 35, 10411 }, // U+021E
    { 10, 20, 196, 1, 20, 25, 10446 }, // U+021F
    { 8, 4, 0, -12, 17, 4, 10471 }, // U+0300
    { 7, 4, 0, -8, 17, 4, 10475 }, // U+0301
    { 9, 4, 0, -5, 17, 5, 10479 }, // U+0302
    { 9, 4, 0, -12, 17, 5, 10484 }, // U+0303
    { 8, 3, 0, -4, 16, 3, 10489 }, // U+0304
    { 12, 2, 0, -11, 18, 3, 10492 }, // U+0305
    { 8, 4, 0, -4, 17, 4, 10495 }, // U+0306
    { 4, 3, 0, -2, 16, 2, 10499 }, // U+0307
    { 8, 3, 0, -4, 16, 3, 10501 }, // U+0308
    { 5, 5, 0, -8, 16, 4, 10504 }, // U+0309
    { 6, 6, 0, -3, 18, 5, 10508 }, // U+030A
    { 11, 3, 0, -4, 16, 5, 10513 }, // U+030B
    { 10, 4, 0, -5, 17, 5, 10518 }, // U+030C
    { 2, 6, 0, -3, 17, 2, 10523 }, // U+030D
    { 10, 5, 0, -10, 16, 7, 10525 }, // U+030F
    { 8, 3, 130, 0, 15, 3, 10532 }, // U+0311
    { 6, 4, 0, -3, -1, 3, 10535 }, // U+0316
    { 6, 4, 0, -3, -1, 3, 10538 }, // U+0317
    { 6, 4, 0, -8, -1, 3, 10541 }, // U+0318
    { 6, 4, 0, -9, -1, 3, 10544 }, // U+0319
    { 6, 4, 0, -4, 16, 3, 10547 }, // U+031A
    { 5, 5, 0, -2, 16, 4, 10550 }, // U+031B
    { 4, 5, 0, -3, 0, 3, 10554 }, // U+031C
    { 5, 4, 0, -8, -1, 3, 10557 }, // U+031D
    { 5, 4, 0, -8, -1, 3, 10560 }, // U+031E
    { 6, 7, 0, -3, 1, 6, 10563 }, // U+031F
    { 6, 2, 0, -3, -1, 2, 10569 }, // U+0320
    { 3, 3, 0, -7, -1, 2, 10571 }, // U+0323
    { 8, 4, 0, -4, -1, 4, 10573 }, // U+0324
    { 6, 5, 0, -3, 0, 4, 10577 }, // U+0325
    { 4, 3, 0, -2, -2, 2, 10581 }, // U+0326
    { 6, 5, 0, -3, 0, 4, 10583 }, // U+0327
    { 6, 6, 0, -3, 1, 5, 10587 }, // U+0328
    { 2, 7, 0, -1, 1, 2, 10592 }, // U+0329
    { 7, 4, 0, -9, -1, 4, 10594 }, // U+032A
    { 8, 5, 0, -4, -1, 5, 10598 }, // U+032C
    { 8, 5, 0, -4, -1, 5, 10603 }, // U+032D
    { 8, 4, 0, -4, -1, 4, 10608 }, // U+032E
    { 8, 4, 0, -4, -1, 4, 10612 }, // U+032F
    { 8, 4, 0, -4, -1, 4, 10616 }, // U+0330
    { 6, 3, 0, -3, -2, 3, 10620 }, // U+0331
    { 12, 2, 0, -11, -2, 3, 10623 }, // U+0332
    { 8, 4, 0, -4, 7, 4, 10626 }, // U+0334
    { 8, 3, 0, -8, 7, 3, 10630 }, // U+0335
    { 23, 3, 0, -22, 7, 9, 10633 }, // U+0336
    { 8, 18, 0, -4, 16, 18, 10642 }, // U+0338
    { 4, 5, 0, -1, 0, 3, 10660 }, // U+0339
    { 7, 4, 0, -9, -1, 4, 10663 }, // U+033A
    { 7, 4, 0, -9, -1, 4, 10667 }, // U+033B
    { 9, 4, 0, -10, -1, 5, 10671 }, // U+033C
    { 6, 6, 0, -3, 15, 5, 10676 }, // U+033D
    { 6, 5, 0, -3, 16, 4, 10681 }, // U+0340
    { 6, 5, 0, -3, 16, 4, 10685 }, // U+0341
    { 0, 0, 0, 0, 0, 0, 10689 }, // U+034F
    { 3, 3, 0, -7, 13, 2, 10689 }, // U+0358
    { 18, 6, 0, -9, 18, 14, 10691 }, // U+0361
    { 11, 21, 202, 1, 21, 29, 10705 }, // U+0400
    { 11, 20, 202, 1, 20, 28, 10734 }, // U+0401
    { 17, 15, 271, 0, 15, 32, 10762 }, // U+0402
    { 11, 21, 198, 1, 21, 29, 10794 }, // U+0403
    { 13, 15, 229, 1, 15, 25, 10823 }, // U+0404
    { 12, 15, 194, 0, 15, 23, 10848 }, // U+0405
    { 4, 15, 105, 1, 15, 8, 10871 }, // U+0406
    { 9, 19, 105, -1, 19, 22, 10879 }, // U+0407
    { 10, 15, 176, 0, 15, 19, 10901 }, // U+0408
    { 23, 15, 377, 0, 15, 44, 10920 }, // U+0409
    { 21, 15, 358, 1, 15, 40, 10964 }, // U+040A
    { 16, 15, 257, 0, 15, 30, 11004 }, // U+040B
    { 14, 21, 228, 1, 21, 37, 11034 }, // U+040C
    { 14, 21, 252, 1, 21, 37, 11071 }, // U+040D
    { 14, 20, 217, 0, 20, 35, 11108 }, // U+040E
    { 13, 19, 243, 1, 15, 31, 11143 }, // U+040F
    { 15, 15, 240, 0, 15, 29, 11174 }, // U+0410
    { 12, 15, 217, 1, 15, 23, 11203 }, // U+0411
    { 13, 15, 224, 1, 15, 25, 11226 }, // U+0412
    { 11, 15, 198, 1, 15, 21, 11251 }, // U+0413
    { 17, 19, 274, 0, 15, 41, 11272 }, // U+0414
    { 11, 15, 202, 1, 15, 21, 11313 }, // U+0415
    { 21, 15, 328, 0, 15, 40, 11334 }, // U+0416
    { 12, 15, 203, 0, 15, 23, 11374 }, // U+0417
    { 14, 15, 252, 1, 15, 27, 11397 }, // U+0418
    { 14, 20, 252, 1, 20, 35, 11424 }, // U+0419
    { 14, 15, 228, 1, 15, 27, 11459 }, // U+041A
    { 15, 15, 263, 0, 15, 29, 11486 }, // U+041B
    { 17, 15, 299, 1, 15, 32, 11515 }, // U+041C
    { 13, 15, 245, 1, 15, 25, 11547 }, // U+041D
    { 15, 15, 263, 1, 15, 29, 11572 }, // U+041E
    { 13, 15, 243, 1, 15, 25, 11601 }, // U+041F
    { 12, 15, 215, 1, 15, 23, 11626 }, // U+0420
    { 13, 15, 216, 1, 15, 25, 11649 }, // U+0421
    { 13, 15, 205, 0, 15, 25, 11674 }, // U+0422
    { 14, 15, 217, 0, 15, 27, 11699 }, // U+0423
    { 18, 16, 290, 0, 16, 36, 11726 }, // U+0424
    { 14, 15, 225, 0, 15, 27, 11762 }, // U+0425
    { 16, 19, 263, 1, 15, 38, 11789 }, // U+0426
    { 13, 15, 227, 0, 15, 25, 11827 }, // U+0427
    { 19, 15, 340, 1, 15, 36, 11852 }, // U+0428
    { 22, 19, 360, 1, 15, 53, 11888 }, // U+0429
    { 16, 15, 258, 0, 15, 30, 11941 }, // U+042A
    { 17, 15, 309, 1, 15, 32, 11971 }, // U+042B
    { 12, 15, 220, 1, 15, 23, 12003 }, // U+042C
    { 14, 15, 227, 0, 15, 27, 12026 }, // U+042D
    { 21, 15, 360, 1, 15, 40, 12053 }, // U+042E
    { 13, 15, 230, 0, 15, 25, 12093 }, // U+042F
    { 11, 11, 184, 0, 11, 16, 12118 }, // U+0430
    { 12, 16, 200, 0, 16, 24, 12134 }, // U+0431
    { 11, 11, 199, 1, 11, 16, 12158 }, // U+0432
    { 9, 11, 151, 1, 11, 13, 12174 }, // U+0433
    { 14, 14, 226, 0, 11, 25, 12187 }, // U+0434
    { 12, 11, 195, 0, 11, 17, 12212 }, // U+0435
    { 18, 11, 283, 0, 11, 25, 12229 }, // U+0436
    { 10, 11, 165, 0, 11, 14, 12254 }, // U+0437
    { 11, 11, 206, 1, 11, 16, 12268 }, // U+0438
    { 11, 17, 206, 1, 17, 24, 12284 }, // U+0439
    { 12, 11, 195, 1, 11, 17, 12308 }, // U+043A
    { 12, 11, 209, 0, 11, 17, 12325 }, // U+043B
    { 14, 11, 254, 1, 11, 20, 12342 }, // U+043C
    { 10, 11, 198, 1, 11, 14, 12362 }, // U+043D
    { 12, 11, 202, 0, 11, 17, 12376 }, // U+043E
    { 10, 11, 198, 1, 11, 14, 12393 }, // U+043F
    { 11, 15, 201, 1, 11, 21, 12407 }, // U+0440
    { 10, 11, 167, 0, 11, 14, 12428 }, // U+0441
    { 11, 11, 175, 0, 11, 16, 12442 }, // U+0442
    { 12, 15, 182, 0, 11, 23, 12458 }, // U+0443
    { 16, 20, 265, 0, 16, 40, 12481 }, // U+0444
    { 12, 11, 185, 0, 11, 17, 12521 }, // U+0445
    { 12, 14, 211, 1, 11, 21, 12538 }, // U+0446
    { 11, 11, 189, 0, 11, 16, 12559 }, // U+0447
    { 16, 11, 287, 1, 11, 22, 12575 }, // U+0448
    { 18, 14, 300, 1, 11, 32, 12597 }, // U+0449
    { 13, 11, 213, 0, 11, 18, 12629 }, // U+044A
    { 15, 11, 275, 1, 11, 21, 12647 }, // U+044B
    { 11, 11, 188, 1, 11, 16, 12668 }, // U+044C
    { 11, 11, 174, 0, 11, 16, 12684 }, // U+044D
    { 17, 11, 291, 1, 11, 24, 12700 }, // U+044E
    { 11, 11, 195, 0, 11, 16, 12724 }, // U+044F
    { 12, 17, 195, 0, 17, 26, 12740 }, // U+0450
    { 12, 16, 195, 0, 16, 24, 12766 }, // U+0451
    { 12, 20, 200, 0, 16, 30, 12790 }, // U+0452
    { 9, 17, 151, 1, 17, 20, 12820 }, // U+0453
    { 11, 11, 174, 0, 11, 16, 12840 }, // U+0454
    { 10, 11, 162, 0, 11, 14, 12856 }, // U+0455
    { 4, 16, 96, 1, 16, 8, 12870 }, // U+0456
    { 9, 16, 96, -2, 16, 18, 12878 }, // U+0457
    { 7, 20, 96, -2, 16, 18, 12896 }, // U+0458
    { 19, 11, 301, 0, 11, 27, 12914 }, // U+0459
    { 17, 11, 289, 1, 11, 24, 12941 }, // U+045A
    { 12, 16, 200, 0, 16, 24, 12965 }, // U+045B
    { 12, 17, 195, 1, 17, 26, 12989 }, // U+045C
    { 11, 17, 206, 1, 17, 24, 13015 }, // U+045D
    { 12, 21, 182, 0, 17, 32, 13039 }, // U+045E
    { 10, 14, 198, 1, 11, 18, 13071 }, // U+045F
    { 15, 16, 249, 0, 16, 30, 13089 }, // U+0462
    { 13, 16, 212, 0, 16, 26, 13119 }, // U+0463
    { 19, 16, 304, 0, 15, 38, 13145 }, // U+046A
    { 15, 12, 236, 0, 11, 23, 13183 }, // U+046B
    { 15, 15, 263, 1, 15, 29, 13206 }, // U+0472
    { 12, 11, 202, 0, 11, 17, 13235 }, // U+0473
    { 18, 15, 264, 0, 15, 34, 13252 }, // U+0474
    { 13, 11, 199, 0, 11, 18, 13286 }, // U+0475
    { 25, 20, 394, 0, 16, 63, 13304 }, // U+0478
    { 20, 15, 326, 1, 11, 38, 13367 }, // U+0479
    { 16, 23, 276, 1, 19, 46, 13405 }, // U+048A
    { 13, 19, 210, 1, 16, 31, 13451 }, // U+048B
    { 13, 15, 220, 0, 15, 25, 13482 }, // U+048C
    { 12, 11, 189, 0, 11, 17, 13507 }, // U+048D
    { 12, 15, 218, 1, 15, 23, 13524 }, // U+048E
    { 11, 15, 205, 1, 11, 21, 13547 }, // U+048F
    { 11, 18, 191, 1, 18, 25, 13568 }, // U+0490
    { 9, 14, 154, 1, 14, 16, 13593 }, // U+0491
    { 12, 15, 211, 1, 15, 23, 13609 }, // U+0492
    { 10, 11, 175, 1, 11, 14, 13632 }, // U+0493
    { 13, 19, 225, 1, 15, 31, 13646 }, // U+0494
    { 11, 15, 190, 1, 11, 21, 13677 }, // U+0495
    { 22, 19, 341, 0, 15, 53, 13698 }, // U+0496
    { 18, 14, 291, 0, 11, 32, 13751 }, // U+0497
    { 12, 20, 203, 0, 15, 30, 13783 }, // U+0498
    { 10, 16, 165, 0, 11, 20, 13813 }, // U+0499
    { 15, 19, 246, 1, 15, 36, 13833 }, // U+049A
    { 12, 14, 202, 1, 11, 21, 13869 }, // U+049B
    { 16, 15, 261, 1, 15, 30, 13890 }, // U+049C
    { 14, 11, 227, 1, 11, 20, 13920 }, // U+049D
    { 15, 16, 236, 0, 16, 30, 13940 }, // U+049E
    { 13, 12, 202, 0, 12, 20, 13970 }, // U+049F
    { 17, 15, 266, 0, 15, 32, 13990 }, // U+04A0
    { 14, 11, 219, 0, 11, 20, 14022 }, // U+04A1
    { 16, 19, 269, 1, 15, 38, 14042 }, // U+04A2
    { 12, 14, 212, 1, 11, 21, 14080 }, // U+04A3
    { 17, 15, 279, 1, 15, 32, 14101 }, // U+04A4
    { 13, 11, 218, 1, 11, 18, 14133 }, // U+04A5
    { 22, 19, 370, 1, 15, 53, 14151 }, // U+04A6
    { 17, 15, 291, 1, 11, 32, 14204 }, // U+04A7
    { 16, 19, 267, 1, 15, 38, 14236 }, // U+04A8
    { 13, 14, 211, 0, 11, 23, 14274 }, // U+04A9
    { 13, 20, 216, 1, 15, 33, 14297 }, // U+04AA
    { 10, 15, 167, 0, 11, 19, 14330 }, // U+04AB
    { 13, 19, 205, 0, 15, 31, 14349 }, // U+04AC
    { 11, 14, 168, 0, 11, 20, 14380 }, // U+04AD
    { 14, 15, 220, 0, 15, 27, 14400 }, // U+04AE
    { 12, 15, 183, 0, 11, 23, 14427 }, // U+04AF
    { 14, 15, 220, 0, 15, 27, 14450 }, // U+04B0
    { 12, 15, 183, 0, 11, 23, 14477 }, // U+04B1
    { 15, 19, 239, 0, 15, 36, 14500 }, // U+04B2
    { 12, 14, 196, 0, 11, 21, 14536 }, // U+04B3
    { 20, 19, 313, 0, 15, 48, 14557 }, // U+04B4
    { 15, 14, 232, 0, 11, 27, 14605 }, // U+04B5
    { 14, 19, 241, 1, 15, 34, 14632 }, // U+04B6
    { 13, 14, 196, 0, 11, 23, 14666 }, // U+04B7
    { 12, 15, 227, 1, 15, 23, 14689 }, // U+04B8
    { 11, 11, 187, 0, 11, 16, 14712 }, // U+04B9
    { 13, 15, 233, 1, 15, 25, 14728 }, // U+04BA
    { 10, 16, 196, 1, 16, 20, 14753 }, // U+04BB
    { 18, 15, 293, 0, 15, 34, 14773 }, // U+04BC
    { 14, 11, 236, 0, 11, 20, 14807 }, // U+04BD
    { 18, 19, 293, 0, 15, 43, 14827 }, // U+04BE
    { 14, 14, 236, 0, 11, 25, 14870 }, // U+04BF
    { 4, 15, 105, 1, 15, 8, 14895 }, // U+04C0
    { 21, 20, 328, 0, 20, 53, 14903 }, // U+04C1
    { 18, 17, 283, 0, 17, 39, 14956 }, // U+04C2
    { 13, 19, 234, 1, 15, 31, 14995 }, // U+04C3
    { 11, 15, 191, 1, 11, 21, 15026 }, // U+04C4
    { 18, 19, 277, 0, 15, 43, 15047 }, // U+04C5
    { 14, 14, 225, 0, 11, 25, 15090 }, // U+04C6
    { 13, 19, 245, 1, 15, 31, 15115 }, // U+04C7
    { 11, 15, 200, 1, 11, 21, 15146 }, // U+04C8
    { 16, 19, 262, 1, 15, 38, 15167 }, // U+04C9
    { 12, 14, 209, 1, 11, 21, 15205 }, // U+04CA
    { 13, 19, 227, 0, 15, 31, 15226 }, // U+04CB
    { 11, 14, 189, 0, 11, 20, 15257 }, // U+04CC
    { 19, 19, 317, 1, 15, 46, 15277 }, // U+04CD
    { 16, 14, 265, 1, 11, 28, 15323 }, // U+04CE
    { 4, 15, 96, 1, 15, 8, 15351 }, // U+04CF
    { 15, 20, 240, 0, 20, 38, 15359 }, // U+04D0
    { 11, 17, 184, 0, 17, 24, 15397 }, // U+04D1
    { 15, 19, 240, 0, 19, 36, 15421 }, // U+04D2
    { 11, 16, 184, 0, 16, 22, 15457 }, // U+04D3
    { 21, 15, 331, 0, 15, 40, 15479 }, // U+04D4
    { 18, 11, 291, 0, 11, 25, 15519 }, // U+04D5
    { 11, 20, 202, 1, 20, 28, 15544 }, // U+04D6
    { 12, 17, 195, 0, 17, 26, 15572 }, // U+04D7
    { 14, 15, 243, 1, 15, 27, 15598 }, // U+04D8
    { 12, 11, 195, 0, 11, 17, 15625 }, // U+04D9
    { 14, 19, 243, 1, 19, 34, 15642 }, // U+04DA
    { 12, 16, 195, 0, 16, 24, 15676 }, // U+04DB
    { 21, 19, 328, 0, 19, 50, 15700 }, // U+04DC
    { 18, 16, 283, 0, 16, 36, 15750 }, // U+04DD
    { 12, 20, 203, 0, 20, 30, 15786 }, // U+04DE
    { 10, 16, 165, 0, 16, 20, 15816 }, // U+04DF
    { 12, 15, 205, 0, 15, 23, 15836 }, // U+04E0
    { 10, 15, 172, 0, 11, 19, 15859 }, // U+04E1
    { 14, 18, 252, 1, 18, 32, 15878 }, // U+04E2
    { 11, 15, 206, 1, 15, 21, 15910 }, // U+04E3
    { 14, 19, 252, 1, 19, 34, 15931 }, // U+04E4
    { 11, 16, 206, 1, 16, 22, 15965 }, // U+04E5
    { 15, 19, 263, 1, 19, 36, 15987 }, // U+04E6
    { 12, 16, 202, 0, 16, 24, 16023 }, // U+04E7
    { 15, 15, 263, 1, 15, 29, 16047 }, // U+04E8
    { 12, 11, 202, 0, 11, 17, 16076 }, // U+04E9
    { 15, 19, 263, 1, 19, 36, 16093 }, // U+04EA
    { 12, 16, 202, 0, 16, 24, 16129 }, // U+04EB
    { 14, 19, 227, 0, 19, 34, 16153 }, // U+04EC
    { 11, 16, 174, 0, 16, 22, 16187 }, // U+04ED
    { 14, 18, 217, 0, 18, 32, 16209 }, // U+04EE
    { 12, 19, 182, 0, 15, 29, 16241 }, // U+04EF
    { 14, 19, 217, 0, 19, 34, 16270 }, // U+04F0
    { 12, 20, 182, 0, 16, 30, 16304 }, // U+04F1
    { 14, 21, 217, 0, 21, 37, 16334 }, // U+04F2
    { 12, 21, 182, 0, 17, 32, 16371 }, // U+04F3
    { 13, 19, 227, 0, 19, 31, 16403 }, // U+04F4
    { 11, 16, 189, 0, 16, 22, 16434 }, // U+04F5
    { 11, 19, 198, 1, 15, 27, 16456 }, // U+04F6
    { 9, 14, 151, 1, 11, 16, 16483 }, // U+04F7
    { 17, 19, 309, 1, 19, 41, 16499 }, // U+04F8
    { 15, 16, 275, 1, 16, 30, 16540 }, // U+04F9
    { 13, 16, 200, 0, 15, 26, 16570 }, // U+04FE
    { 10, 12, 166, 0, 11, 15, 16596 }, // U+04FF
    { 14, 13, 225, 0, 13, 23, 16611 }, // U+05D0
    { 12, 13, 198, 0, 13, 20, 16634 }, // U+05D1
    { 9, 14, 137, 0, 13, 16, 16654 }, // U+05D2
    { 12, 13, 190, 0, 13, 20, 16670 }, // U+05D3
    { 12, 13, 219, 1, 13, 20, 16690 }, // U+05D4
    { 6, 13, 113, 0, 13, 10, 16710 }, // U+05D5
    { 8, 13, 124, 0, 13, 13, 16720 }, // U+05D6
    { 14, 13, 229, 0, 13, 23, 16733 }, // U+05D7
    { 13, 13, 220, 0, 13, 22, 16756 }, // U+05D8
    { 6, 8, 111, 0, 13, 6, 16778 }, // U+05D9
    { 11, 17, 190, 0, 13, 24, 16784 }, // U+05DA
    { 11, 13, 176, 0, 13, 18, 16808 }, // U+05DB
    { 11, 17, 185, 0, 17, 24, 16826 }, // U+05DC
    { 14, 13, 234, 0, 13, 23, 16850 }, // U+05DD
    { 15, 13, 234, 0, 13, 25, 16873 }, // U+05DE
    { 6, 17, 118, 0, 13, 13, 16898 }, // U+05DF
    { 8, 13, 135, 0, 13, 13, 16911 }, // U+05E0
    { 14, 13, 227, 0, 13, 23, 16924 }, // U+05E1
    { 13, 15, 210, 0, 14, 25, 16947 }, // U+05E2
    { 13, 17, 218, 0, 13, 28, 16972 }, // U+05E3
    { 13, 13, 209, 0, 13, 22, 17000 }, // U+05E4
    { 12, 17, 196, 0, 13, 26, 17022 }, // U+05E5
    { 12, 13, 197, 0, 13, 20, 17048 }, // U+05E6
    { 14, 17, 218, 0, 13, 30, 17068 }, // U+05E7
    { 10, 13, 181, 0, 13, 17, 17098 }, // U+05E8
    { 15, 13, 262, 1, 13, 25, 17115 }, // U+05E9
    { 14, 13, 241, 0, 13, 23, 17140 }, // U+05EA
    { 9, 6, 148, 0, 13, 7, 17163 }, // U+05F4
    { 16, 20, 230, -1, 16, 40, 17170 }, // U+1EA0
    { 10, 15, 192, 1, 11, 19, 17210 }, // U+1EA1
    { 16, 21, 230, -1, 20, 42, 17229 }, // U+1EA2
    { 10, 17, 192, 1, 16, 22, 17271 }, // U+1EA3
    { 16, 23, 230, -1, 22, 46, 17293 }, // U+1EA4
    { 10, 20, 192, 1, 19, 25, 17339 }, // U+1EA5
    { 16, 23, 230, -1, 22, 46, 17364 }, // U+1EA6
    { 10, 20, 192, 1, 19, 25, 17410 }, // U+1EA7
    { 16, 23, 230, -1, 22, 46, 17435 }, // U+1EA8
    { 11, 21, 192, 1, 20, 29, 17481 }, // U+1EA9
    { 16, 23, 230, -1, 22, 46, 17510 }, // U+1EAA
    { 10, 20, 192, 1, 19, 25, 17556 }, // U+1EAB
    { 16, 23, 230, -1, 19, 46, 17581 }, // U+1EAC
    { 10, 20, 192, 1, 16, 25, 17627 }, // U+1EAD
    { 16, 23, 230, -1, 22, 46, 17652 }, // U+1EAE
    { 10, 20, 192, 1, 19, 25, 17698 }, // U+1EAF
    { 16, 23, 230, -1, 22, 46, 17723 }, // U+1EB0
    { 10, 20, 192, 1, 19, 25, 17769 }, // U+1EB1
    { 16, 23, 230, -1, 22, 46, 17794 }, // U+1EB2
    { 10, 20, 192, 1, 19, 25, 17840 }, // U+1EB3
    { 16, 23, 230, -1, 22, 46, 17865 }, // U+1EB4
    { 10, 19, 192, 1, 18, 24, 17911 }, // U+1EB5
    { 16, 23, 230, -1, 19, 46, 17935 }, // U+1EB6
    { 10, 19, 192, 1, 15, 24, 17981 }, // U+1EB7
    { 12, 20, 213, 1, 16, 30, 18005 }, // U+1EB8
    { 11, 15, 181, 0, 11, 21, 18035 }, // U+1EB9
    { 12, 21, 213, 1, 20, 32, 18056 }, // U+1EBA
    { 11, 17, 181, 0, 16, 24, 18088 }, // U+1EBB
    { 12, 20, 213, 1, 19, 30, 18112 }, // U+1EBC
    { 11, 16, 181, 0, 15, 22, 18142 }, // U+1EBD
    { 12, 23, 213, 1, 22, 35, 18164 }, // U+1EBE
    { 11, 20, 181, 0, 19, 28, 18199 }, // U+1EBF
    { 12, 23, 213, 1, 22, 35, 18227 }, // U+1EC0
    { 11, 20, 181, 0, 19, 28, 18262 }, // U+1EC1
    { 12, 23, 213, 1, 22, 35, 18290 }, // U+1EC2
    { 11, 21, 181, 0, 20, 29, 18325 }, // U+1EC3
    { 12, 23, 213, 1, 22, 35, 18354 }, // U+1EC4
    { 11, 20, 181, 0, 19, 28, 18389 }, // U+1EC5
    { 12, 23, 213, 1, 19, 35, 18417 }, // U+1EC6
    { 11, 20, 181, 0, 16, 28, 18452 }, // U+1EC7
    { 5, 21, 101, 1, 20, 14, 18480 }, // U+1EC8
    { 5, 17, 88, 1, 16, 11, 18494 }, // U+1EC9
    { 3, 19, 101, 2, 15, 8, 18505 }, // U+1ECA
    { 3, 19, 88, 1, 15, 8, 18513 }, // U+1ECB
    { 15, 20, 248, 0, 16, 38, 18521 }, // U+1ECC
    { 10, 15, 187, 1, 11, 19, 18559 }, // U+1ECD
    { 15, 21, 248, 0, 20, 40, 18578 }, // U+1ECE
    { 10, 17, 187, 1, 16, 22, 18618 }, // U+1ECF
    { 15, 23, 248, 0, 22, 44, 18640 }, // U+1ED0
    { 10, 20, 187, 1, 19, 25, 18684 }, // U+1ED1
    { 15, 23, 248, 0, 22, 44, 18709 }, // U+1ED2
    { 10, 20, 187, 1, 19, 25, 18753 }, // U+1ED3
    { 15, 23, 248, 0, 22, 44, 18778 }, // U+1ED4
    { 11, 21, 187, 1, 20, 29, 18822 }, // U+1ED5
    { 15, 23, 248, 0, 22, 44, 18851 }, // U+1ED6
    { 10, 20, 187, 1, 19, 25, 18895 }, // U+1ED7
    { 15, 23, 248, 0, 19, 44, 18920 }, // U+1ED8
    { 10, 20, 187, 1, 16, 25, 18964 }, // U+1ED9
    { 16, 20, 248, 0, 19, 40, 18989 }, // U+1EDA
    { 11, 17, 187, 1, 16, 24, 19029 }, // U+1EDB
    { 16, 20, 248, 0, 19, 40, 19053 }, // U+1EDC
    { 11, 17, 187, 1, 16, 24, 19093 }, // U+1EDD
    { 16, 21, 248, 0, 20, 42, 19117 }, // U+1EDE
    { 11, 17, 187, 1, 16, 24, 19159 }, // U+1EDF
    { 16, 20, 248, 0, 19, 40, 19183 }, // U+1EE0
    { 11, 16, 187, 1, 15, 22, 19223 }, // U+1EE1
    { 16, 20, 248, 0, 16, 40, 19245 }, // U+1EE2
    { 11, 16, 187, 1, 12, 22, 19285 }, // U+1EE3
    { 11, 20, 237, 2, 16, 28, 19307 }, // U+1EE4
    { 11, 15, 197, 1, 11, 21, 19335 }, // U+1EE5
    { 11, 21, 237, 2, 20, 29, 19356 }, // U+1EE6
    { 11, 17, 197, 1, 16, 24, 19385 }, // U+1EE7
    { 14, 20, 237, 2, 19, 35, 19409 }, // U+1EE8
    { 12, 17, 197, 1, 16, 26, 19444 }, // U+1EE9
    { 14, 20, 237, 2, 19, 35, 19470 }, // U+1EEA
    { 12, 17, 197, 1, 16, 26, 19505 }, // U+1EEB
    { 14, 21, 237, 2, 20, 37, 19531 }, // U+1EEC
    { 12, 17, 197, 1, 16, 26, 19568 }, // U+1EED
    { 14, 20, 237, 2, 19, 35, 19594 }, // U+1EEE
    { 12, 16, 197, 1, 15, 24, 19629 }, // U+1EEF
    { 14, 22, 237, 2, 18, 39, 19653 }, // U+1EF0
    { 12, 17, 197, 1, 13, 26, 19692 }, // U+1EF1
    { 14, 21, 220, 0, 21, 37, 19718 }, // U+1EF2
    { 12, 21, 182, 0, 17, 32, 19755 }, // U+1EF3
    { 13, 20, 200, 0, 16, 33, 19787 }, // U+1EF4
    { 11, 15, 167, 0, 11, 21, 19820 }, // U+1EF5
    { 13, 21, 200, 0, 20, 35, 19841 }, // U+1EF6
    { 11, 20, 167, 0, 16, 28, 19876 }, // U+1EF7
    { 13, 20, 200, 0, 19, 33, 19904 }, // U+1EF8
    { 11, 19, 167, 0, 15, 27, 19937 }, // U+1EF9
    { 0, 0, 167, 0, 0, 0, 19964 }, // U+2000
    { 0, 0, 333, 0, 0, 0, 19964 }, // U+2001
    { 0, 0, 167, 0, 0, 0, 19964 }, // U+2002
    { 0, 0, 333, 0, 0, 0, 19964 }, // U+2003
    { 0, 0, 111, 0, 0, 0, 19964 }, // U+2004
    { 0, 0, 83, 0, 0, 0, 19964 }, // U+2005
    { 0, 0, 56, 0, 0, 0, 19964 }, // U+2006
    { 0, 0, 200, 0, 0, 0, 19964 }, // U+2007
    { 0, 0, 117, 0, 0, 0, 19964 }, // U+2008
    { 0, 0, 67, 0, 0, 0, 19964 }, // U+2009
    { 0, 0, 33, 0, 0, 0, 19964 }, // U+200A
    { 0, 0, 0, 0, 0, 0, 19964 }, // U+200B
    { 2, 16, 0, -1, 15, 4, 19964 }, // U+200C
    { 6, 16, 0, -3, 15, 12, 19968 }, // U+200D
    { 6, 16, 0, -1, 15, 12, 19980 }, // U+200E
    { 6, 16, 0, -5, 15, 12, 19992 }, // U+200F
    { 7, 3, 106, 0, 8, 3, 20004 }, // U+2010
    { 8, 3, 117, 0, 7, 3, 20007 }, // U+2011
    { 12, 3, 167, -1, 7, 5, 20010 }, // U+2012
    { 11, 3, 167, 0, 8, 5, 20015 }, // U+2013
    { 21, 3, 333, 0, 8, 8, 20020 }, // U+2014
    { 21, 3, 333, 0, 8, 8, 20028 }, // U+2015
    { 7, 22, 333, 7, 19, 20, 20036 }, // U+2016
    { 5, 6, 81, 0, 16, 4, 20056 }, // U+2018
    { 5, 6, 81, 0, 16, 4, 20060 }, // U+2019
    { 5, 6, 81, 0, 3, 4, 20064 }, // U+201A
    { 3, 6, 117, 2, 18, 3, 20068 }, // U+201B
    { 10, 6, 151, 0, 16, 8, 20071 }, // U+201C
    { 9, 6, 151, 0, 16, 7, 20079 }, // U+201D
    { 9, 6, 151, 0, 3, 7, 20086 }, // U+201E
    { 7, 6, 117, 0, 18, 6, 20093 }, // U+201F
    { 10, 18, 165, 0, 15, 23, 20099 }, // U+2020
    { 10, 18, 165, 0, 15, 23, 20122 }, // U+2021
    { 7, 6, 121, 0, 10, 6, 20145 }, // U+2022
    { 13, 4, 333, 4, 10, 7, 20151 }, // U+2025
    { 19, 4, 333, 1, 4, 10, 20158 }, // U+2026
    { 3, 4, 333, 9, 10, 2, 20168 }, // U+2027
    { 27, 15, 440, 0, 15, 51, 20170 }, // U+2030
    { 20, 17, 333, 1, 16, 43, 20221 }, // U+2031
    { 4, 7, 95, 1, 18, 4, 20264 }, // U+2032
    { 7, 7, 129, 1, 18, 7, 20268 }, // U+2033
    { 9, 7, 173, 1, 18, 8, 20275 }, // U+2034
    { 4, 7, 167, 3, 18, 4, 20283 }, // U+2035
    { 7, 7, 129, 1, 18, 7, 20287 }, // U+2036
    { 9, 7, 173, 1, 18, 8, 20294 }, // U+2037
    { 7, 11, 109, 0, 11, 10, 20302 }, // U+2039
    { 7, 11, 109, 0, 11, 10, 20312 }, // U+203A
    { 15, 15, 333, 3, 15, 29, 20322 }, // U+203B
    { 11, 17, 333, 5, 16, 24, 20351 }, // U+203C
    { 11, 17, 200, 1, 16, 24, 20375 }, // U+203D
    { 12, 2, 167, -1, 18, 3, 20399 }, // U+203E
    { 18, 6, 333, 1, 3, 14, 20402 }, // U+203F
    { 17, 17, 300, 1, 16, 37, 20416 }, // U+2042
    { 11, 15, 51, -4, 15, 21, 20453 }, // U+2044
    { 18, 17, 333, 1, 16, 39, 20474 }, // U+2047
    { 14, 17, 333, 2, 16, 30, 20513 }, // U+2048
    { 15, 17, 333, 4, 16, 32, 20543 }, // U+2049
    { 8, 17, 167, 1, 16, 17, 20575 }, // U+2051
    { 9, 16, 110, -1, 15, 18, 20592 }, // U+2052
    { 3, 14, 333, 9, 15, 6, 20610 }, // U+205A
    { 3, 16, 333, 9, 16, 6, 20616 }, // U+205D
    { 8, 9, 121, 0, 15, 9, 20622 }, // U+2070
    { 2, 9, 60, 1, 15, 3, 20631 }, // U+2071
    { 8, 8, 121, 0, 15, 8, 20634 }, // U+2074
    { 7, 9, 121, 0, 15, 8, 20642 }, // U+2075
    { 8, 9, 121, 0, 15, 9, 20650 }, // U+2076
    { 8, 8, 121, 0, 15, 8, 20659 }, // U+2077
    { 8, 9, 121, 0, 15, 9, 20667 }, // U+2078
    { 8, 9, 121, 0, 15, 9, 20676 }, // U+2079
    { 6, 7, 127, 1, 14, 6, 20685 }, // U+207A
    { 6, 3, 127, 1, 12, 3, 20691 }, // U+207B
    { 6, 5, 127, 1, 13, 4, 20694 }, // U+207C
    { 4, 11, 127, 3, 16, 6, 20698 }, // U+207D
    { 4, 11, 127, 1, 16, 6, 20704 }, // U+207E
    { 6, 7, 113, 1, 13, 6, 20710 }, // U+207F
    { 8, 9, 121, 0, 9, 9, 20716 }, // U+2080
    { 6, 9, 121, 0, 9, 7, 20725 }, // U+2081
    { 7, 9, 121, 0, 9, 8, 20732 }, // U+2082
    { 7, 9, 121, 0, 9, 8, 20740 }, // U+2083
    { 8, 8, 121, 0, 9, 8, 20748 }, // U+2084
    { 7, 9, 121, 0, 9, 8, 20756 }, // U+2085
    { 8, 9, 121, 0, 9, 9, 20764 }, // U+2086
    { 8, 8, 121, 0, 9, 8, 20773 }, // U+2087
    { 8, 9, 121, 0, 9, 9, 20781 }, // U+2088
    { 8, 9, 121, 0, 9, 9, 20790 }, // U+2089
    { 6, 7, 127, 1, 7, 6, 20799 }, // U+208A
    { 6, 2, 127, 1, 5, 2, 20805 }, // U+208B
    { 6, 4, 127, 1, 6, 3, 20807 }, // U+208C
    { 4, 11, 127, 3, 9, 6, 20810 }, // U+208D
    { 4, 11, 127, 1, 9, 6, 20816 }, // U+208E
    { 7, 7, 107, 0, 6, 7, 20822 }, // U+2090
    { 6, 7, 107, 0, 6, 6, 20829 }, // U+2091
    { 7, 7, 107, 0, 6, 7, 20835 }, // U+2092
    { 6, 7, 100, 0, 6, 6, 20842 }, // U+2093
    { 7, 7, 110, 0, 6, 7, 20848 }, // U+2094
    { 6, 10, 107, 0, 9, 8, 20855 }, // U+2095
    { 7, 10, 102, 0, 9, 9, 20863 }, // U+2096
    { 3, 10, 60, 1, 9, 4, 20872 }, // U+2097
    { 9, 7, 152, 0, 6, 8, 20876 }, // U+2098
    { 7, 7, 113, 0, 6, 7, 20884 }, // U+2099
    { 7, 8, 107, 0, 6, 7, 20891 }, // U+209A
    { 6, 7, 100, 0, 6, 6, 20898 }, // U+209B
    { 6, 9, 100, 0, 8, 7, 20904 }, // U+209C
    { 13, 17, 233, 1, 16, 28, 20911 }, // U+20A0
    { 15, 21, 234, 0, 18, 40, 20939 }, // U+20A1
    { 15, 17, 234, 0, 16, 32, 20979 }, // U+20A2
    { 12, 17, 194, 0, 16, 26, 21011 }, // U+20A3
    { 15, 17, 238, 0, 16, 32, 21037 }, // U+20A4
    { 15, 18, 333, 3, 14, 34, 21069 }, // U+20A5
    { 17, 16, 246, -1, 15, 34, 21103 }, // U+20A6
    { 19, 17, 333, 1, 16, 41, 21137 }, // U+20A7
    { 21, 17, 366, 1, 16, 45, 21178 }, // U+20A8
    { 20, 17, 293, -1, 16, 43, 21223 }, // U+20A9
    { 16, 13, 288, 1, 13, 26, 21266 }, // U+20AA
    { 12, 20, 192, 0, 16, 30, 21292 }, // U+20AB
    { 12, 15, 189, 0, 15, 23, 21322 }, // U+20AC
    { 14, 16, 210, 0, 15, 28, 21345 }, // U+20AD
    { 12, 15, 189, 0, 15, 23, 21373 }, // U+20AE
    { 21, 21, 356, 1, 16, 56, 21396 }, // U+20AF
    { 12, 21, 200, 0, 16, 32, 21452 }, // U+20B0
    { 13, 17, 206, 0, 16, 28, 21484 }, // U+20B1
    { 14, 20, 251, 1, 17, 35, 21512 }, // U+20B2
    { 16, 17, 230, -1, 16, 34, 21547 }, // U+20B3
    { 12, 15, 189, 0, 15, 23, 21581 }, // U+20B4
    { 15, 20, 234, 0, 17, 38, 21604 }, // U+20B5
    { 13, 15, 198, 0, 14, 25, 21642 }, // U+20B6
    { 13, 18, 212, 0, 16, 30, 21667 }, // U+20B7
    { 12, 17, 192, 0, 16, 26, 21697 }, // U+20B8
    { 13, 15, 189, 0, 15, 25, 21723 }, // U+20B9
    { 13, 16, 216, 0, 15, 26, 21748 }, // U+20BA
    { 17, 17, 260, 0, 16, 37, 21774 }, // U+20BB
    { 13, 17, 251, 1, 16, 28, 21811 }, // U+20BC
    { 12, 17, 206, 1, 16, 26, 21839 }, // U+20BD
    { 15, 19, 234, 0, 18, 36, 21865 }, // U+20BE
    { 13, 20, 217, 0, 17, 33, 21901 }, // U+20BF
    { 10, 14, 177, 1, 11, 18, 21934 }, // U+20C0
    { 18, 19, 333, 1, 17, 43, 21952 }, // U+20C1
    { 19, 8, 333, 1, 12, 19, 21995 }, // U+2190
    { 19, 8, 333, 1, 12, 19, 22014 }, // U+2190
    { 9, 20, 333, 6, 18, 23, 22033 }, // U+2191
    { 19, 8, 333, 1, 12, 19, 22056 }, // U+2192
    { 9, 20, 333, 6, 18, 23, 22075 }, // U+2193
    { 19, 8, 333, 1, 12, 19, 22098 }, // U+2194
    { 9, 19, 333, 6, 17, 22, 22117 }, // U+2195
    { 15, 15, 333, 3, 15, 29, 22139 }, // U+2196
    { 15, 15, 333, 3, 15, 29, 22168 }, // U+2197
    { 15, 15, 333, 3, 16, 29, 22197 }, // U+2198
    { 15, 15, 333, 4, 16, 29, 22226 }, // U+2199
    { 20, 13, 333, 0, 16, 33, 22255 }, // U+21B6
    { 20, 13, 333, 1, 16, 33, 22288 }, // U+21B7
    { 19, 18, 333, 1, 18, 43, 22321 }, // U+21B8
    { 19, 16, 333, 1, 16, 38, 22364 }, // U+21B9
    { 19, 16, 333, 1, 16, 38, 22402 }, // U+21C4
    { 15, 20, 333, 3, 18, 38, 22440 }, // U+21C5
    { 19, 16, 333, 1, 16, 38, 22478 }, // U+21C6
    { 19, 16, 333, 1, 16, 38, 22516 }, // U+21CB
    { 20, 16, 333, 0, 16, 40, 22554 }, // U+21CC
    { 21, 17, 333, 0, 16, 45, 22594 }, // U+21CD
    { 19, 17, 333, 1, 16, 41, 22639 }, // U+21CE
    { 19, 17, 333, 1, 16, 41, 22680 }, // U+21CF
    { 21, 15, 333, 0, 15, 40, 22721 }, // U+21D0
    { 19, 15, 333, 1, 15, 36, 22761 }, // U+21D2
    { 19, 14, 333, 1, 15, 34, 22797 }, // U+21D4
    { 19, 14, 333, 0, 15, 34, 22831 }, // U+21E6
    { 15, 19, 333, 3, 18, 36, 22865 }, // U+21E7
    { 19, 14, 333, 2, 15, 34, 22901 }, // U+21E8
    { 15, 19, 333, 3, 17, 36, 22935 }, // U+21E9
    { 15, 19, 333, 3, 18, 36, 22971 }, // U+21EA
    { 15, 20, 333, 3, 18, 38, 23007 }, // U+21F5
    { 17, 16, 333, 2, 16, 34, 23045 }, // U+2200
    { 9, 16, 167, 1, 16, 18, 23079 }, // U+2201
    { 12, 15, 204, 0, 15, 23, 23097 }, // U+2202
    { 13, 15, 333, 4, 15, 25, 23120 }, // U+2203
    { 13, 20, 333, 4, 18, 33, 23145 }, // U+2204
    { 17, 17, 333, 2, 16, 37, 23178 }, // U+2205
    { 15, 15, 231, 0, 15, 29, 23215 }, // U+2206
    { 15, 15, 333, 3, 15, 29, 23244 }, // U+2207
    { 15, 13, 333, 3, 14, 25, 23273 }, // U+2208
    { 15, 19, 333, 3, 17, 36, 23298 }, // U+2209
    { 11, 13, 167, 0, 12, 18, 23334 }, // U+220A
    { 15, 13, 333, 3, 14, 25, 23352 }, // U+220B
    { 15, 19, 333, 3, 17, 36, 23377 }, // U+220C
    { 11, 13, 167, 0, 12, 18, 23413 }, // U+220D
    { 13, 17, 243, 1, 15, 28, 23431 }, // U+220F
    { 11, 17, 181, 0, 15, 24, 23459 }, // U+2211
    { 10, 3, 189, 1, 8, 4, 23483 }, // U+2212
    { 15, 15, 333, 3, 15, 29, 23487 }, // U+2213
    { 11, 15, 51, -4, 15, 21, 23516 }, // U+2215
    { 8, 18, 117, 0, 16, 18, 23537 }, // U+2216
    { 5, 4, 82, 0, 9, 3, 23555 }, // U+2219
    { 14, 15, 201, 0, 15, 27, 23558 }, // U+221A
    { 14, 19, 213, 0, 18, 34, 23585 }, // U+221B
    { 14, 19, 213, 0, 18, 34, 23619 }, // U+221C
    { 18, 10, 333, 1, 13, 23, 23653 }, // U+221D
    { 13, 7, 212, 0, 10, 12, 23676 }, // U+221E
    { 14, 15, 333, 4, 15, 27, 23688 }, // U+221F
    { 16, 15, 333, 3, 15, 30, 23715 }, // U+2220
    { 3, 22, 333, 9, 19, 9, 23745 }, // U+2223
    { 9, 22, 333, 6, 19, 25, 23754 }, // U+2224
    { 14, 21, 333, 3, 18, 37, 23779 }, // U+2225
    { 14, 21, 333, 3, 18, 37, 23816 }, // U+2226
    { 17, 15, 333, 2, 15, 32, 23853 }, // U+2227
    { 17, 15, 333, 2, 16, 32, 23885 }, // U+2228
    { 13, 16, 333, 4, 16, 26, 23917 }, // U+2229
    { 13, 16, 333, 4, 16, 26, 23943 }, // U+222A
    { 9, 21, 134, 0, 16, 24, 23969 }, // U+222B
    { 14, 19, 333, 4, 17, 34, 23993 }, // U+222C
    { 19, 19, 333, 1, 17, 46, 24027 }, // U+222D
    { 9, 19, 333, 6, 17, 22, 24073 }, // U+222E
    { 15, 19, 333, 3, 17, 36, 24095 }, // U+222F
    { 21, 19, 333, 0, 17, 50, 24131 }, // U+2230
    { 15, 14, 333, 3, 15, 27, 24181 }, // U+2234
    { 15, 13, 333, 3, 14, 25, 24208 }, // U+2235
    { 3, 14, 333, 9, 15, 6, 24233 }, // U+2236
    { 15, 14, 333, 3, 15, 27, 24239 }, // U+2237
    { 11, 4, 200, 1, 7, 6, 24266 }, // U+223C
    { 19, 10, 333, 1, 13, 24, 24272 }, // U+223D
    { 19, 10, 333, 1, 13, 24, 24296 }, // U+223E
    { 17, 8, 333, 2, 11, 17, 24320 }, // U+2242
    { 17, 8, 333, 2, 12, 17, 24337 }, // U+2243
    { 17, 11, 333, 2, 13, 24, 24354 }, // U+2245
    { 12, 11, 189, 0, 12, 17, 24378 }, // U+2248
    { 17, 11, 333, 2, 13, 24, 24395 }, // U+224B
    { 19, 16, 333, 1, 15, 38, 24419 }, // U+224C
    { 15, 14, 333, 3, 14, 27, 24457 }, // U+2251
    { 15, 14, 333, 3, 14, 27, 24484 }, // U+2252
    { 15, 14, 333, 3, 14, 27, 24511 }, // U+2253
    { 15, 15, 333, 3, 19, 29, 24538 }, // U+225C
    { 10, 14, 189, 1, 14, 18, 24567 }, // U+2260
    { 15, 10, 333, 3, 13, 19, 24585 }, // U+2261
    { 15, 15, 333, 3, 15, 29, 24604 }, // U+2262
    { 10, 13, 189, 1, 13, 17, 24633 }, // U+2264
    { 10, 13, 189, 1, 13, 17, 24650 }, // U+2265
    { 15, 17, 333, 3, 16, 32, 24667 }, // U+2266
    { 15, 17, 333, 3, 16, 32, 24699 }, // U+2267
    { 15, 18, 333, 3, 16, 34, 24731 }, // U+2268
    { 15, 18, 333, 3, 16, 34, 24765 }, // U+2269
    { 17, 15, 333, 2, 15, 32, 24799 }, // U+226A
    { 17, 15, 333, 2, 15, 32, 24831 }, // U+226B
    { 13, 22, 333, 4, 19, 36, 24863 }, // U+226E
    { 13, 22, 333, 4, 19, 36, 24899 }, // U+226F
    { 15, 15, 333, 3, 15, 29, 24935 }, // U+2272
    { 15, 15, 333, 3, 15, 29, 24964 }, // U+2273
    { 13, 18, 333, 4, 17, 30, 24993 }, // U+2276
    { 13, 18, 333, 4, 17, 30, 25023 }, // U+2277
    { 15, 13, 333, 3, 14, 25, 25053 }, // U+2282
    { 15, 13, 333, 3, 14, 25, 25078 }, // U+2283
    { 15, 19, 333, 3, 17, 36, 25103 }, // U+2284
    { 15, 19, 333, 3, 17, 36, 25139 }, // U+2285
    { 16, 16, 333, 2, 16, 32, 25175 }, // U+2286
    { 16, 16, 333, 3, 16, 32, 25207 }, // U+2287
    { 16, 21, 333, 2, 18, 42, 25239 }, // U+2288
    { 16, 21, 333, 2, 18, 42, 25281 }, // U+2289
    { 16, 18, 333, 2, 16, 36, 25323 }, // U+228A
    { 16, 18, 333, 3, 16, 36, 25359 }, // U+228B
    { 17, 17, 333, 2, 16, 37, 25395 }, // U+2295
    { 17, 17, 333, 2, 16, 37, 25432 }, // U+2296
    { 17, 17, 333, 2, 16, 37, 25469 }, // U+2297
    { 17, 17, 333, 2, 16, 37, 25506 }, // U+2298
    { 19, 19, 333, 1, 17, 46, 25543 }, // U+2299
    { 19, 18, 333, 1, 17, 43, 25589 }, // U+229C
    { 17, 17, 333, 2, 16, 37, 25632 }, // U+229D
    { 19, 20, 333, 1, 18, 48, 25669 }, // U+229E
    { 19, 19, 333, 1, 17, 46, 25717 }, // U+22A0
    { 15, 15, 333, 3, 15, 29, 25763 }, // U+22A2
    { 15, 15, 333, 3, 15, 29, 25792 }, // U+22A3
    { 15, 15, 333, 3, 15, 29, 25821 }, // U+22A4
    { 15, 15, 333, 3, 15, 29, 25850 }, // U+22A5
    { 15, 15, 333, 3, 15, 29, 25879 }, // U+22BF
    { 19, 18, 333, 1, 17, 43, 25908 }, // U+22C0
    { 19, 18, 333, 1, 17, 43, 25951 }, // U+22C1
    { 16, 18, 333, 2, 17, 36, 25994 }, // U+22C2
    { 16, 19, 333, 3, 17, 38, 26030 }, // U+22C3
    { 7, 7, 333, 7, 11, 7, 26068 }, // U+22C4
    { 5, 5, 117, 1, 10, 4, 26075 }, // U+22C5
    { 15, 17, 333, 3, 17, 32, 26079 }, // U+22DA
    { 15, 17, 333, 3, 17, 32, 26111 }, // U+22DB
    { 3, 16, 333, 9, 16, 6, 26143 }, // U+22EE
    { 17, 4, 333, 2, 10, 9, 26149 }, // U+22EF
    { 17, 16, 333, 2, 16, 34, 26158 }, // U+22F0
    { 17, 16, 333, 2, 16, 34, 26192 }, // U+22F1
    { 7, 7, 333, 1, 5, 7, 26226 }, // U+3002
    { 5, 16, 333, 15, 18, 10, 26233 }, // U+300C
    { 5, 15, 333, 1, 13, 10, 26243 }, // U+300D
    { 19, 4, 333, 1, 10, 10, 26253 }, // U+4E00
    { 21, 18, 333, 0, 17, 48, 26263 }, // U+4E0A
    { 19, 19, 333, 1, 16, 46, 26311 }, // U+4E0B
    { 20, 19, 333, 0, 16, 48, 26357 }, // U+4E0D
    { 19, 21, 333, 1, 18, 50, 26405 }, // U+4E13
    { 19, 19, 333, 1, 17, 46, 26455 }, // U+4E22
    { 19, 19, 333, 1, 16, 46, 26501 }, // U+4E24
    { 21, 21, 333, 0, 18, 56, 26547 }, // U+4E2A
    { 17, 21, 333, 2, 18, 45, 26603 }, // U+4E2D
    { 17, 21, 333, 2, 18, 45, 26648 }, // U+4E32
    { 18, 20, 333, 1, 18, 45, 26693 }, // U+4E3A
    { 19, 20, 333, 1, 18, 48, 26738 }, // U+4E3B
    { 21, 19, 333, 0, 17, 50, 26786 }, // U+4E49
    { 18, 21, 333, 1, 18, 48, 26836 }, // U+4E66
    { 20, 13, 333, 0, 14, 33, 26884 }, // U+4E8C
    { 20, 19, 333, 1, 17, 48, 26917 }, // U+4EA4
    { 21, 21, 333, 0, 18, 56, 26965 }, // U+4ECA
    { 21, 20, 333, 0, 18, 53, 27021 }, // U+4ECE
    { 21, 19, 333, 0, 17, 50, 27074 }, // U+4ED6
    { 19, 18, 333, 1, 16, 43, 27124 }, // U+4EE5
    { 21, 21, 333, 0, 18, 56, 27167 }, // U+4EF6
    { 21, 21, 333, 0, 18, 56, 27223 }, // U+4F11
    { 21, 21, 333, 0, 18, 56, 27279 }, // U+4F1A
    { 21, 21, 333, 0, 18, 56, 27335 }, // U+4F20
    { 21, 20, 333, 0, 17, 53, 27391 }, // U+4F4D
    { 21, 20, 333, 0, 18, 53, 27444 }, // U+4F4F
    { 21, 21, 333, 0, 18, 56, 27497 }, // U+4F53
    { 21, 21, 333, 0, 18, 56, 27553 }, // U+4F59
    { 21, 21, 333, 0, 18, 56, 27609 }, // U+4F5C
    { 21, 20, 333, 0, 17, 53, 27665 }, // U+4F60
    { 21, 20, 333, 0, 18, 53, 27718 }, // U+4F7F
    { 21, 19, 333, 0, 17, 50, 27771 }, // U+4F9B
    { 20, 21, 333, 0, 18, 53, 27821 }, // U+4FA7
    { 21, 19, 333, 0, 17, 50, 27874 }, // U+4FBF
    { 21, 20, 333, 0, 17, 53, 27924 }, // U+4FDD
    { 21, 21, 333, 0, 18, 56, 27977 }, // U+4FE1
    { 21, 20, 333, 0, 17, 53, 28033 }, // U+4FEE
    { 19, 21, 333, 0, 18, 50, 28086 }, // U+5012
    { 21, 20, 333, 0, 17, 53, 28136 }, // U+503E
    { 20, 19, 333, 0, 17, 48, 28189 }, // U+504F
    { 20, 20, 333, 0, 18, 50, 28237 }, // U+5145
    { 20, 20, 333, 0, 18, 50, 28287 }, // U+5148
    { 20, 19, 333, 0, 17, 48, 28337 }, // U+5149
    { 21, 19, 333, 0, 17, 50, 28385 }, // U+5165
    { 21, 20, 333, 0, 18, 53, 28435 }, // U+5168
    { 21, 20, 333, 0, 18, 53, 28488 }, // U+5173
    { 21, 21, 333, 0, 18, 56, 28541 }, // U+5176
    { 21, 20, 333, 0, 18, 53, 28597 }, // U+5178
    { 17, 21, 333, 2, 18, 45, 28650 }, // U+5185
    { 21, 19, 333, 0, 17, 50, 28695 }, // U+518D
    { 18, 20, 333, 1, 17, 45, 28745 }, // U+5199
    { 20, 20, 333, 1, 17, 50, 28790 }, // U+51C6
    { 21, 20, 333, 0, 18, 53, 28840 }, // U+51D1
    { 21, 18, 333, 0, 16, 48, 28893 }, // U+51E0
    { 17, 21, 333, 2, 18, 45, 28941 }, // U+51FA
    { 21, 19, 333, 0, 17, 50, 28986 }, // U+5206
    { 19, 18, 333, 0, 16, 43, 29036 }, // U+5207
    { 19, 21, 333, 0, 18, 50, 29079 }, // U+5217
    { 19, 21, 333, 0, 18, 50, 29129 }, // U+521B
    { 19, 21, 333, 0, 18, 50, 29179 }, // U+5220
    { 19, 21, 333, 0, 18, 50, 29229 }, // U+5230
    { 18, 21, 333, 1, 18, 48, 29279 }, // U+5236
    { 19, 21, 333, 0, 18, 50, 29327 }, // U+5237
    { 19, 21, 333, 1, 18, 50, 29377 }, // U+524D
    { 19, 21, 333, 0, 18, 50, 29427 }, // U+5269
    { 20, 21, 333, 1, 18, 53, 29477 }, // U+526A
    { 19, 21, 333, 0, 18, 50, 29530 }, // U+526F
    { 20, 19, 333, 0, 17, 48, 29580 }, // U+529F
    { 20, 19, 333, 0, 17, 48, 29628 }, // U+52A0
    { 21, 20, 333, 0, 18, 53, 29676 }, // U+52A1
    { 19, 19, 333, 1, 17, 46, 29729 }, // U+52A8
    { 18, 21, 333, 1, 18, 48, 29775 }, // U+52FF
    { 18, 18, 333, 2, 16, 41, 29823 }, // U+5339
    { 17, 19, 333, 3, 16, 41, 29864 }, // U+533A
    { 16, 21, 333, 3, 18, 42, 29905 }, // U+5360
    { 19, 21, 333, 1, 18, 50, 29947 }, // U+5361
    { 20, 19, 333, 0, 16, 48, 29997 }, // U+5373
    { 20, 20, 333, 0, 17, 50, 30045 }, // U+539F
    { 20, 20, 333, 1, 18, 50, 30095 }, // U+53D1
    { 21, 19, 333, 0, 16, 50, 30145 }, // U+53D6
    { 15, 14, 333, 3, 14, 27, 30195 }, // U+53E3
    { 19, 19, 333, 1, 16, 46, 30222 }, // U+53EF
    { 20, 19, 333, 0, 17, 48, 30268 }, // U+53F3
    { 21, 20, 333, 0, 17, 53, 30316 }, // U+53F7
    { 16, 19, 333, 2, 16, 38, 30369 }, // U+540C
    { 18, 21, 333, 0, 18, 48, 30407 }, // U+540D
    { 20, 21, 333, 0, 18, 53, 30455 }, // U+540E
    { 17, 21, 333, 2, 18, 45, 30508 }, // U+5411
    { 19, 19, 333, 1, 16, 46, 30553 }, // U+5426
    { 18, 21, 333, 1, 18, 48, 30599 }, // U+542F
    { 19, 21, 333, 1, 18, 50, 30647 }, // U+544A
    { 21, 21, 333, 0, 18, 56, 30697 }, // U+547D
    { 21, 21, 333, 1, 18, 56, 30753 }, // U+54C8
    { 19, 19, 333, 1, 17, 46, 30809 }, // U+5668
    { 17, 17, 333, 2, 15, 37, 30855 }, // U+56DE
    { 17, 20, 333, 2, 17, 43, 30892 }, // U+56E0
    { 18, 20, 333, 2, 17, 45, 30935 }, // U+56F4
    { 17, 19, 333, 2, 16, 41, 30980 }, // U+56FA
    { 17, 20, 333, 2, 17, 43, 31021 }, // U+56FE
    { 21, 21, 333, 0, 18, 56, 31064 }, // U+5728
    { 21, 19, 333, 0, 17, 50, 31120 }, // U+5730
    { 21, 19, 333, 0, 18, 50, 31170 }, // U+5740
    { 19, 20, 333, 0, 18, 48, 31220 }, // U+5747
    { 21, 21, 333, 0, 18, 56, 31268 }, // U+5907
    { 20, 21, 333, 1, 18, 53, 31324 }, // U+590D
    { 21, 21, 333, 0, 18, 56, 31377 }, // U+5916
    { 21, 19, 333, 0, 17, 50, 31433 }, // U+5927
    { 20, 18, 333, 1, 16, 45, 31483 }, // U+5929
    { 21, 20, 333, 0, 18, 53, 31528 }, // U+5931
    { 21, 20, 333, 0, 18, 53, 31581 }, // U+5939
    { 20, 20, 333, 0, 18, 50, 31634 }, // U+5982
    { 21, 20, 333, 0, 17, 53, 31684 }, // U+59CB
    { 20, 21, 333, 1, 18, 53, 31737 }, // U+5B57
    { 21, 21, 333, 0, 18, 56, 31790 }, // U+5B58
    { 19, 19, 333, 1, 17, 46, 31846 }, // U+5B83
    { 19, 21, 333, 1, 18, 50, 31892 }, // U+5B89
    { 19, 20, 333, 1, 18, 48, 31942 }, // U+5B8C
    { 19, 20, 333, 1, 18, 48, 31990 }, // U+5B9A
    { 19, 20, 333, 1, 18, 48, 32038 }, // U+5BBD
    { 19, 21, 333, 1, 18, 50, 32086 }, // U+5BC6
    { 21, 19, 333, 0, 17, 50, 32136 }, // U+5BF9
    { 20, 19, 333, 1, 17, 48, 32186 }, // U+5C01
    { 22, 21, 333, 0, 18, 58, 32234 }, // U+5C04
    { 21, 21, 333, 0, 18, 56, 32292 }, // U+5C06
    { 20, 19, 333, 1, 17, 48, 32348 }, // U+5C0F
    { 21, 19, 333, 0, 17, 50, 32396 }, // U+5C31
    { 21, 20, 333, 0, 17, 53, 32446 }, // U+5C3D
    { 19, 20, 333, 0, 17, 48, 32499 }, // U+5C40
    { 19, 19, 333, 0, 17, 46, 32547 }, // U+5C45
    { 20, 20, 333, 0, 17, 50, 32593 }, // U+5C4F
    { 21, 19, 333, 0, 17, 50, 32643 }, // U+5C55
    { 18, 20, 333, 0, 18, 45, 32693 }, // U+5D29
    { 21, 20, 333, 1, 18, 53, 32738 }, // U+5D4C
    { 20, 19, 333, 0, 18, 48, 32791 }, // U+5DE6
    { 19, 18, 333, 2, 16, 43, 32839 }, // U+5DF2
    { 20, 21, 333, 0, 18, 53, 32882 }, // U+5E03
    { 20, 21, 333, 0, 18, 53, 32935 }, // U+5E0C
    { 19, 21, 333, 1, 18, 50, 32988 }, // U+5E26
    { 19, 21, 333, 1, 18, 50, 33038 }, // U+5E38
    { 19, 20, 333, 1, 17, 48, 33088 }, // U+5E45
    { 21, 21, 333, 0, 18, 56, 33136 }, // U+5E55
    { 21, 20, 333, 0, 17, 53, 33192 }, // U+5E73
    { 21, 21, 333, 0, 18, 56, 33245 }, // U+5E76
    { 21, 19, 333, 0, 17, 50, 33301 }, // U+5E94
    { 21, 21, 333, 0, 18, 56, 33351 }, // U+5E95
    { 20, 21, 333, 0, 18, 53, 33407 }, // U+5EA6
    { 21, 20, 333, 0, 17, 53, 33460 }, // U+5EFA
    { 19, 19, 333, 1, 16, 46, 33513 }, // U+5F00
    { 19, 21, 333, 1, 18, 50, 33559 }, // U+5F0F
    { 15, 20, 333, 2, 17, 38, 33609 }, // U+5F15
    { 15, 19, 333, 3, 17, 36, 33647 }, // U+5F53
    { 19, 20, 333, 1, 17, 48, 33683 }, // U+5F55
    { 21, 21, 333, 0, 18, 56, 33731 }, // U+5FEB
    { 20, 20, 333, 1, 18, 50, 33787 }, // U+5FFD
    { 21, 20, 333, 0, 18, 53, 33837 }, // U+6001
    { 20, 20, 333, 1, 18, 50, 33890 }, // U+603B
    { 21, 21, 333, 0, 18, 56, 33940 }, // U+6062
    { 20, 20, 333, 1, 18, 50, 33996 }, // U+606F
    { 21, 21, 333, 0, 18, 56, 34046 }, // U+60C5
    { 21, 21, 333, 0, 18, 56, 34102 }, // U+6210
    { 20, 21, 333, 1, 18, 53, 34158 }, // U+6216
    { 21, 20, 333, 0, 18, 53, 34211 }, // U+622A
    { 18, 21, 333, 0, 18, 48, 34264 }, // U+6237
    { 21, 21, 333, 0, 18, 56, 34312 }, // U+6240
    { 21, 21, 333, 0, 18, 56, 34368 }, // U+624B
    { 21, 19, 333, 0, 17, 50, 34424 }, // U+6253
    { 20, 19, 333, 0, 17, 48, 34474 }, // U+6269
    { 20, 19, 333, 0, 17, 48, 34522 }, // U+626B
    { 21, 20, 333, 0, 18, 53, 34570 }, // U+627E
    { 21, 20, 333, 0, 17, 53, 34623 }, // U+6297
    { 21, 20, 333, 0, 17, 53, 34676 }, // U+62A5
    { 21, 20, 333, 0, 17, 53, 34729 }, // U+62E9
    { 21, 21, 333, 0, 18, 56, 34782 }, // U+6301
    { 21, 19, 333, 0, 17, 50, 34838 }, // U+6309
    { 21, 19, 333, 0, 17, 50, 34888 }, // U+6362
    { 21, 19, 333, 0, 17, 50, 34938 }, // U+636E
    { 21, 19, 333, 0, 17, 50, 34988 }, // U+63A5
    { 21, 19, 333, 0, 17, 50, 35038 }, // U+63CF
    { 21, 19, 333, 0, 17, 50, 35088 }, // U+63D0
    { 21, 19, 333, 0, 17, 50, 35138 }, // U+63D2
    { 21, 20, 333, 0, 18, 53, 35188 }, // U+641C
    { 21, 20, 333, 0, 17, 53, 35241 }, // U+64CD
    { 21, 20, 333, 0, 18, 53, 35294 }, // U+6536
    { 21, 20, 333, 0, 18, 53, 35347 }, // U+653E
    { 21, 19, 333, 0, 17, 50, 35400 }, // U+6548
    { 20, 19, 333, 1, 17, 48, 35450 }, // U+6570
    { 20, 19, 333, 1, 17, 48, 35498 }, // U+6587
    { 22, 21, 333, 0, 18, 58, 35546 }, // U+659C
    { 20, 19, 333, 1, 17, 48, 35604 }, // U+65AD
    { 21, 20, 333, 0, 17, 53, 35652 }, // U+65B0
    { 19, 19, 333, 1, 17, 46, 35705 }, // U+65B9
    { 20, 18, 333, 0, 16, 45, 35751 }, // U+65E0
    { 13, 18, 333, 4, 16, 30, 35796 }, // U+65E5
    { 20, 19, 333, 1, 17, 48, 35826 }, // U+65F6
    { 20, 21, 333, 1, 18, 53, 35874 }, // U+6620
    { 21, 19, 333, 0, 17, 50, 35927 }, // U+662F
    { 20, 19, 333, 1, 17, 48, 35977 }, // U+663E
    { 19, 21, 333, 1, 18, 50, 36025 }, // U+6682
    { 21, 19, 333, 0, 17, 50, 36075 }, // U+66F4
    { 19, 20, 333, 1, 17, 48, 36125 }, // U+6700
    { 20, 21, 333, 0, 18, 53, 36173 }, // U+6709
    { 21, 19, 333, 0, 16, 50, 36226 }, // U+670D
    { 21, 21, 333, 0, 18, 56, 36276 }, // U+672A
    { 21, 21, 333, 0, 18, 56, 36332 }, // U+672C
    { 21, 19, 333, 0, 17, 50, 36388 }, // U+673A
    { 21, 21, 333, 0, 18, 56, 36438 }, // U+6761
    { 21, 21, 333, 0, 18, 56, 36494 }, // U+6765
    { 21, 20, 333, 0, 17, 53, 36550 }, // U+677E
    { 21, 21, 333, 0, 18, 56, 36603 }, // U+6790
    { 21, 20, 333, 0, 17, 53, 36659 }, // U+679C
    { 21, 20, 333, 0, 18, 53, 36712 }, // U+67E5
    { 21, 20, 333, 0, 17, 53, 36765 }, // U+6807
    { 21, 20, 333, 0, 17, 53, 36818 }, // U+680F
    { 21, 20, 333, 0, 17, 53, 36871 }, // U+6821
    { 21, 20, 333, 0, 17, 53, 36924 }, // U+6837
    { 21, 19, 333, 0, 17, 50, 36977 }, // U+6839
    { 21, 21, 333, 0, 18, 56, 37027 }, // U+683C
    { 20, 20, 333, 0, 17, 50, 37083 }, // U+6863
    { 21, 21, 333, 0, 18, 56, 37133 }, // U+68C0
    { 21, 21, 333, 0, 18, 56, 37189 }, // U+6A21
    { 21, 21, 333, 0, 18, 56, 37245 }, // U+6A2A
    { 21, 20, 333, 0, 18, 53, 37301 }, // U+6B21
    { 21, 17, 333, 0, 16, 45, 37354 }, // U+6B63
    { 19, 19, 333, 1, 17, 46, 37399 }, // U+6B64
    { 19, 21, 333, 1, 18, 50, 37445 }, // U+6B65
    { 21, 20, 333, 0, 17, 53, 37495 }, // U+6BB5
    { 21, 21, 333, 0, 18, 56, 37548 }, // U+6BCF
    { 20, 19, 333, 1, 17, 48, 37604 }, // U+6BD4
    { 20, 19, 333, 1, 16, 48, 37652 }, // U+6CA1
    { 20, 19, 333, 1, 17, 48, 37700 }, // U+6CD5
    { 21, 20, 333, 0, 18, 53, 37748 }, // U+6CE8
    { 20, 20, 333, 1, 18, 50, 37801 }, // U+6D45
    { 19, 21, 333, 0, 18, 50, 37851 }, // U+6D4F
    { 18, 19, 333, 1, 17, 43, 37901 }, // U+6D88
    { 21, 20, 333, 0, 17, 53, 37944 }, // U+6DF1
    { 21, 20, 333, 0, 17, 53, 37997 }, // U+6DFB
    { 21, 20, 333, 0, 18, 53, 38050 }, // U+6E05
    { 20, 19, 333, 1, 17, 48, 38103 }, // U+6E29
    { 21, 18, 333, 0, 16, 48, 38151 }, // U+6E7F
    { 21, 20, 333, 0, 18, 53, 38199 }, // U+6E83
    { 21, 18, 333, 0, 16, 48, 38252 }, // U+6E90
    { 21, 20, 333, 0, 18, 53, 38300 }, // U+6EE4
    { 21, 20, 333, 0, 17, 53, 38353 }, // U+706F
    { 20, 20, 333, 1, 17, 50, 38406 }, // U+70B9
    { 19, 21, 333, 1, 18, 50, 38456 }, // U+70ED
    { 18, 20, 333, 1, 17, 45, 38506 }, // U+7247
    { 21, 20, 333, 0, 17, 53, 38551 }, // U+7248
    { 21, 21, 333, 0, 18, 56, 38604 }, // U+7279
    { 21, 20, 333, 0, 17, 53, 38660 }, // U+72B6
    { 21, 21, 333, 0, 18, 56, 38713 }, // U+7387
    { 21, 19, 333, 0, 17, 50, 38769 }, // U+73B0
    { 21, 17, 333, 0, 16, 45, 38819 }, // U+7406
    { 17, 19, 333, 1, 16, 41, 38864 }, // U+7528
    { 18, 20, 333, 2, 18, 45, 38905 }, // U+7535
    { 21, 20, 333, 0, 17, 53, 38950 }, // U+754C
    { 20, 21, 333, 1, 18, 53, 39003 }, // U+7565
    { 21, 19, 333, 0, 17, 50, 39056 }, // U+767B
    { 19, 18, 333, 1, 16, 43, 39106 }, // U+767E
    { 18, 19, 333, 2, 17, 43, 39149 }, // U+7684
    { 21, 20, 333, 0, 18, 53, 39192 }, // U+76D8
    { 13, 18, 333, 4, 16, 30, 39245 }, // U+76EE
    { 20, 18, 333, 1, 16, 45, 39275 }, // U+7720
    { 21, 19, 333, 0, 17, 50, 39320 }, // U+77ED
    { 20, 20, 333, 0, 17, 50, 39370 }, // U+7801
    { 22, 18, 333, 0, 16, 50, 39420 }, // U+786C
    { 20, 21, 333, 0, 18, 53, 39470 }, // U+786E
    { 19, 18, 333, 1, 16, 43, 39523 }, // U+793A
    { 20, 21, 333, 1, 18, 53, 39566 }, // U+7981
    { 21, 21, 333, 0, 18, 56, 39619 }, // U+79D2
    { 21, 21, 333, 0, 18, 56, 39675 }, // U+79F0
    { 20, 21, 333, 0, 18, 53, 39731 }, // U+79FB
    { 21, 20, 333, 0, 17, 53, 39784 }, // U+7A0B
    { 19, 20, 333, 1, 18, 48, 39837 }, // U+7A7A
    { 19, 18, 333, 1, 17, 43, 39885 }, // U+7ACB
    { 20, 19, 333, 1, 17, 48, 39928 }, // U+7AD6
    { 20, 21, 333, 1, 18, 53, 39976 }, // U+7AE0
    { 20, 20, 333, 0, 17, 50, 40029 }, // U+7AEF
    { 21, 20, 333, 0, 18, 53, 40079 }, // U+7B26
    { 19, 21, 333, 1, 18, 50, 40132 }, // U+7B2C
    { 21, 20, 333, 0, 18, 53, 40182 }, // U+7B7E
    { 19, 21, 333, 1, 18, 50, 40235 }, // U+7B80
    { 20, 21, 333, 1, 18, 53, 40285 }, // U+7B97
    { 19, 21, 333, 1, 18, 50, 40338 }, // U+7BA1
    { 20, 21, 333, 1, 18, 53, 40388 }, // U+7C4D
    { 22, 20, 333, 0, 17, 55, 40441 }, // U+7C97
    { 18, 21, 333, 1, 18, 48, 40496 }, // U+7CFB
    { 18, 21, 333, 2, 18, 48, 40544 }, // U+7D22
    { 18, 21, 333, 2, 18, 48, 40592 }, // U+7D27
    { 18, 20, 333, 1, 17, 45, 40640 }, // U+7D2F
    { 20, 20, 333, 1, 18, 50, 40685 }, // U+7EBF
    { 19, 18, 333, 1, 17, 43, 40735 }, // U+7EC6
    { 20, 19, 333, 1, 17, 48, 40778 }, // U+7ECF
    { 20, 21, 333, 1, 18, 53, 40826 }, // U+7EDC
    { 20, 19, 333, 1, 17, 48, 40879 }, // U+7EDF
    { 20, 19, 333, 1, 17, 48, 40927 }, // U+7EE7
    { 20, 20, 333, 1, 17, 50, 40975 }, // U+7EEA
    { 19, 19, 333, 1, 17, 46, 41025 }, // U+7EED
    { 20, 21, 333, 1, 18, 53, 41071 }, // U+7EF4
    { 21, 20, 333, 0, 18, 53, 41124 }, // U+7F13
    { 19, 20, 333, 1, 18, 48, 41177 }, // U+7F16
    { 17, 19, 333, 2, 16, 41, 41225 }, // U+7F51
    { 21, 19, 333, 0, 17, 50, 41266 }, // U+7F6E
    { 20, 19, 333, 0, 17, 48, 41316 }, // U+7FFB
    { 21, 20, 333, 0, 17, 53, 41364 }, // U+8017
    { 20, 21, 333, 1, 18, 53, 41417 }, // U+80FD
    { 20, 20, 333, 0, 17, 50, 41470 }, // U+811A
    { 14, 21, 333, 3, 18, 37, 41520 }, // U+81EA
    { 20, 20, 333, 1, 18, 50, 41557 }, // U+8272
    { 19, 21, 333, 1, 18, 50, 41607 }, // U+8282
    { 19, 20, 333, 1, 18, 48, 41657 }, // U+8303
    { 20, 21, 333, 1, 18, 53, 41705 }, // U+83B7
    { 20, 21, 333, 1, 18, 53, 41758 }, // U+843D
    { 20, 21, 333, 1, 18, 53, 41811 }, // U+85CF
    { 21, 20, 333, 0, 17, 53, 41864 }, // U+884C
    { 21, 20, 333, 0, 18, 53, 41917 }, // U+8868
    { 21, 21, 333, 0, 18, 56, 41970 }, // U+88AB
    { 21, 20, 333, 0, 18, 53, 42026 }, // U+88C1
    { 21, 20, 333, 0, 18, 53, 42079 }, // U+88C5
    { 22, 19, 333, 0, 17, 53, 42132 }, // U+892A
    { 21, 19, 333, 0, 17, 50, 42185 }, // U+8981
    { 20, 19, 333, 0, 17, 48, 42235 }, // U+89C1
    { 19, 20, 333, 1, 18, 48, 42283 }, // U+89C8
    { 21, 21, 333, 0, 18, 56, 42331 }, // U+89E3
    { 19, 20, 333, 1, 17, 48, 42387 }, // U+8A00
    { 21, 21, 333, 0, 18, 56, 42435 }, // U+8BA1
    { 21, 20, 333, 0, 18, 53, 42491 }, // U+8BA4
    { 21, 18, 333, 0, 16, 48, 42544 }, // U+8BB0
    { 21, 18, 333, 0, 16, 48, 42592 }, // U+8BBE
    { 21, 17, 333, 0, 16, 45, 42640 }, // U+8BC1
    { 21, 20, 333, 0, 18, 53, 42685 }, // U+8BCA
    { 19, 19, 333, 0, 16, 46, 42738 }, // U+8BCD
    { 21, 21, 333, 0, 18, 56, 42784 }, // U+8BD5
    { 20, 19, 333, 0, 17, 48, 42840 }, // U+8BE5
    { 21, 20, 333, 0, 17, 53, 42888 }, // U+8BE6
    { 21, 18, 333, 0, 16, 48, 42941 }, // U+8BED
    { 21, 19, 333, 0, 17, 50, 42989 }, // U+8BEF
    { 21, 20, 333, 0, 18, 53, 43039 }, // U+8BF7
    { 20, 20, 333, 0, 18, 50, 43092 }, // U+8BFB
    { 20, 19, 333, 1, 17, 48, 43142 }, // U+8D25
    { 20, 19, 333, 1, 17, 48, 43190 }, // U+8D26
    { 21, 19, 333, 0, 17, 50, 43238 }, // U+8D85
    { 21, 19, 333, 0, 17, 50, 43288 }, // U+8DB3
    { 21, 18, 333, 0, 16, 48, 43338 }, // U+8DDD
    { 21, 19, 333, 0, 17, 50, 43386 }, // U+8DDF
    { 21, 19, 333, 0, 17, 50, 43436 }, // U+8DF3
    { 21, 21, 333, 0, 18, 56, 43486 }, // U+8F6C
    { 20, 21, 333, 1, 18, 53, 43542 }, // U+8F7D
    { 21, 20, 333, 0, 17, 53, 43595 }, // U+8F91
    { 21, 21, 333, 0, 18, 56, 43648 }, // U+8F93
    { 21, 19, 333, 0, 17, 50, 43704 }, // U+8FB9
    { 21, 20, 333, 0, 18, 53, 43754 }, // U+8FC7
    { 21, 19, 333, 0, 17, 50, 43807 }, // U+8FD1
    { 21, 19, 333, 0, 17, 50, 43857 }, // U+8FD4
    { 21, 19, 333, 0, 17, 50, 43907 }, // U+8FDB
    { 21, 19, 333, 0, 17, 50, 43957 }, // U+8FDC
    { 21, 19, 333, 0, 17, 50, 44007 }, // U+8FDE
    { 21, 19, 333, 0, 17, 50, 44057 }, // U+9000
    { 21, 19, 333, 0, 17, 50, 44107 }, // U+9001
    { 21, 20, 333, 0, 18, 53, 44157 }, // U+9002
    { 21, 19, 333, 0, 17, 50, 44210 }, // U+9006
    { 21, 20, 333, 0, 18, 53, 44260 }, // U+9009
    { 21, 20, 333, 0, 18, 53, 44313 }, // U+901F
    { 20, 20, 333, 0, 17, 50, 44366 }, // U+90E8
    { 20, 20, 333, 0, 17, 50, 44416 }, // U+90FD
    { 20, 18, 333, 1, 16, 45, 44466 }, // U+914D
    { 20, 20, 333, 1, 18, 50, 44511 }, // U+91CD
    { 19, 19, 333, 1, 17, 46, 44561 }, // U+91CF
    { 21, 21, 333, 0, 18, 56, 44607 }, // U+9488
    { 19, 20, 333, 1, 17, 48, 44663 }, // U+949F
    { 21, 19, 333, 0, 17, 50, 44711 }, // U+94FE
    { 21, 21, 333, 0, 18, 56, 44761 }, // U+9519
    { 21, 20, 333, 0, 18, 53, 44817 }, // U+952E
    { 21, 19, 333, 0, 17, 50, 44870 }, // U+952F
    { 21, 20, 333, 0, 18, 53, 44920 }, // U+955C
    { 20, 19, 333, 1, 17, 48, 44973 }, // U+957F
    { 18, 20, 333, 2, 17, 45, 45021 }, // U+95ED
    { 17, 20, 333, 2, 17, 43, 45066 }, // U+95EE
    { 18, 20, 333, 2, 17, 45, 45109 }, // U+95F4
    { 17, 20, 333, 2, 17, 43, 45154 }, // U+9605
    { 17, 18, 333, 2, 16, 39, 45197 }, // U+9633
    { 19, 19, 333, 2, 17, 46, 45236 }, // U+9644
    { 19, 20, 333, 2, 17, 48, 45282 }, // U+9664
    { 20, 20, 333, 1, 17, 50, 45330 }, // U+968F
    { 19, 19, 333, 2, 17, 46, 45380 }, // U+9690
    { 19, 20, 333, 1, 17, 48, 45426 }, // U+9700
    { 18, 18, 333, 1, 16, 41, 45474 }, // U+9762
    { 19, 20, 333, 1, 17, 48, 45515 }, // U+9875
    { 19, 20, 333, 1, 17, 48, 45563 }, // U+9876
    { 21, 20, 333, 0, 17, 53, 45611 }, // U+9879
    { 20, 19, 333, 0, 16, 48, 45664 }, // U+987A
    { 20, 19, 333, 0, 16, 48, 45712 }, // U+9884
    { 21, 21, 333, 0, 18, 56, 45760 }, // U+9891
    { 21, 19, 333, 0, 17, 50, 45816 }, // U+9898
    { 21, 20, 333, 0, 17, 53, 45866 }, // U+989D
    { 21, 20, 333, 0, 18, 53, 45919 }, // U+9A8C
    { 20, 19, 333, 1, 17, 48, 45972 }, // U+9ED8
    { 21, 21, 333, 0, 18, 56, 46020 }, // U+9F50
    { 19, 21, 333, 1, 18, 50, 46076 }, // U+9F7F
    { 17, 16, 280, 1, 16, 34, 46126 }, // U+FB00
    { 13, 16, 236, 1, 16, 26, 46160 }, // U+FB01
    { 15, 16, 245, 1, 16, 30, 46186 }, // U+FB02
    { 22, 16, 376, 1, 16, 44, 46216 }, // U+FB03
    { 23, 16, 385, 1, 16, 46, 46260 }, // U+FB04
    { 3, 17, 333, 3, 16, 7, 46306 }, // U+FF01
    { 6, 20, 333, 14, 18, 15, 46313 }, // U+FF08
    { 6, 20, 333, 1, 18, 15, 46328 }, // U+FF09
    { 3, 6, 333, 2, 3, 3, 46343 }, // U+FF0C
    { 4, 12, 333, 3, 11, 6, 46346 }, // U+FF1A
    { 10, 17, 333, 1, 16, 22, 46352 }, // U+FF1F
    { 21, 20, 333, 0, 18, 53, 46374 }, // U+FFFD
};

static const EpdUnicodeInterval ubuntu_10_boldIntervals[] = {
    { 0x0, 0x0, 0x0 },
    { 0x8, 0x9, 0x1 },
    { 0xD, 0xD, 0x3 },
    { 0x1D, 0x1D, 0x4 },
    { 0x20, 0x7E, 0x5 },
    { 0xA0, 0xFF, 0x64 },
    { 0x100, 0x17F, 0xC4 },
    { 0x1A0, 0x1A1, 0x144 },
    { 0x1AF, 0x1B0, 0x146 },
    { 0x1C4, 0x21F, 0x148 },
    { 0x300, 0x30D, 0x1A4 },
    { 0x30F, 0x30F, 0x1B2 },
    { 0x311, 0x311, 0x1B3 },
    { 0x316, 0x320, 0x1B4 },
    { 0x323, 0x32A, 0x1BF },
    { 0x32C, 0x332, 0x1C7 },
    { 0x334, 0x336, 0x1CE },
    { 0x338, 0x33D, 0x1D1 },
    { 0x340, 0x341, 0x1D7 },
    { 0x34F, 0x34F, 0x1D9 },
    { 0x358, 0x358, 0x1DA },
    { 0x361, 0x361, 0x1DB },
    { 0x400, 0x45F, 0x1DC },
    { 0x462, 0x463, 0x23C },
    { 0x46A, 0x46B, 0x23E },
    { 0x472, 0x475, 0x240 },
    { 0x478, 0x479, 0x244 },
    { 0x48A, 0x4F9, 0x246 },
    { 0x4FE, 0x4FF, 0x2B6 },
    { 0x5D0, 0x5EA, 0x2B8 },
    { 0x5F4, 0x5F4, 0x2D3 },
    { 0x1EA0, 0x1EF9, 0x2D4 },
    { 0x2000, 0x2016, 0x32E },
    { 0x2018, 0x2022, 0x345 },
    { 0x2025, 0x2027, 0x350 },
    { 0x2030, 0x2037, 0x353 },
    { 0x2039, 0x203F, 0x35B },
    { 0x2042, 0x2042, 0x362 },
    { 0x2044, 0x2044, 0x363 },
    { 0x2047, 0x2049, 0x364 },
    { 0x2051, 0x2052, 0x367 },
    { 0x205A, 0x205A, 0x369 },
    { 0x205D, 0x205D, 0x36A },
    { 0x2070, 0x2071, 0x36B },
    { 0x2074, 0x208E, 0x36D },
    { 0x2090, 0x209C, 0x388 },
    { 0x20A0, 0x20C1, 0x395 },
    { 0x2190, 0x2190, 0x3B7 },
    { 0x2190, 0x2199, 0x3B8 },
    { 0x21B6, 0x21B9, 0x3C2 },
    { 0x21C4, 0x21C6, 0x3C6 },
    { 0x21CB, 0x21D0, 0x3C9 },
    { 0x21D2, 0x21D2, 0x3CF },
    { 0x21D4, 0x21D4, 0x3D0 },
    { 0x21E6, 0x21EA, 0x3D1 },
    { 0x21F5, 0x21F5, 0x3D6 },
    { 0x2200, 0x220D, 0x3D7 },
    { 0x220F, 0x220F, 0x3E5 },
    { 0x2211, 0x2213, 0x3E6 },
    { 0x2215, 0x2216, 0x3E9 },
    { 0x2219, 0x2220, 0x3EB },
    { 0x2223, 0x2230, 0x3F3 },
    { 0x2234, 0x2237, 0x401 },
    { 0x223C, 0x223E, 0x405 },
    { 0x2242, 0x2243, 0x408 },
    { 0x2245, 0x2245, 0x40A },
    { 0x2248, 0x2248, 0x40B },
    { 0x224B, 0x224C, 0x40C },
    { 0x2251, 0x2253, 0x40E },
    { 0x225C, 0x225C, 0x411 },
    { 0x2260, 0x2262, 0x412 },
    { 0x2264, 0x226B, 0x415 },
    { 0x226E, 0x226F, 0x41D },
    { 0x2272, 0x2273, 0x41F },
    { 0x2276, 0x2277, 0x421 },
    { 0x2282, 0x228B, 0x423 },
    { 0x2295, 0x2299, 0x42D },
    { 0x229C, 0x229E, 0x432 },
    { 0x22A0, 0x22A0, 0x435 },
    { 0x22A2, 0x22A5, 0x436 },
    { 0x22BF, 0x22C5, 0x43A },
    { 0x22DA, 0x22DB, 0x441 },
    { 0x22EE, 0x22F1, 0x443 },
    { 0x3002, 0x3002, 0x447 },
    { 0x300C, 0x300D, 0x448 },
    { 0x4E00, 0x4E00, 0x44A },
    { 0x4E0A, 0x4E0B, 0x44B },
    { 0x4E0D, 0x4E0D, 0x44D },
    { 0x4E13, 0x4E13, 0x44E },
    { 0x4E22, 0x4E22, 0x44F },
    { 0x4E24, 0x4E24, 0x450 },
    { 0x4E2A, 0x4E2A, 0x451 },
    { 0x4E2D, 0x4E2D, 0x452 },
    { 0x4E32, 0x4E32, 0x453 },
    { 0x4E3A, 0x4E3B, 0x454 },
    { 0x4E49, 0x4E49, 0x456 },
    { 0x4E66, 0x4E66, 0x457 },
    { 0x4E8C, 0x4E8C, 0x458 },
    { 0x4EA4, 0x4EA4, 0x459 },
    { 0x4ECA, 0x4ECA, 0x45A },
    { 0x4ECE, 0x4ECE, 0x45B },
    { 0x4ED6, 0x4ED6, 0x45C },
    { 0x4EE5, 0x4EE5, 0x45D },
    { 0x4EF6, 0x4EF6, 0x45E },
    { 0x4F11, 0x4F11, 0x45F },
    { 0x4F1A, 0x4F1A, 0x460 },
    { 0x4F20, 0x4F20, 0x461 },
    { 0x4F4D, 0x4F4D, 0x462 },
    { 0x4F4F, 0x4F4F, 0x463 },
    { 0x4F53, 0x4F53, 0x464 },
    { 0x4F59, 0x4F59, 0x465 },
    { 0x4F5C, 0x4F5C, 0x466 },
    { 0x4F60, 0x4F60, 0x467 },
    { 0x4F7F, 0x4F7F, 0x468 },
    { 0x4F9B, 0x4F9B, 0x469 },
    { 0x4FA7, 0x4FA7, 0x46A },
    { 0x4FBF, 0x4FBF, 0x46B },
    { 0x4FDD, 0x4FDD, 0x46C },
    { 0x4FE1, 0x4FE1, 0x46D },
    { 0x4FEE, 0x4FEE, 0x46E },
    { 0x5012, 0x5012, 0x46F },
    { 0x503E, 0x503E, 0x470 },
    { 0x504F, 0x504F, 0x471 },
    { 0x5145, 0x5145, 0x472 },
    { 0x5148, 0x5149, 0x473 },
    { 0x5165, 0x5165, 0x475 },
    { 0x5168, 0x5168, 0x476 },
    { 0x5173, 0x5173, 0x477 },
    { 0x5176, 0x5176, 0x478 },
    { 0x5178, 0x5178, 0x479 },
    { 0x5185, 0x5185, 0x47A },
    { 0x518D, 0x518D, 0x47B },
    { 0x5199, 0x5199, 0x47C },
    { 0x51C6, 0x51C6, 0x47D },
    { 0x51D1, 0x51D1, 0x47E },
    { 0x51E0, 0x51E0, 0x47F },
    { 0x51FA, 0x51FA, 0x480 },
    { 0x5206, 0x5207, 0x481 },
    { 0x5217, 0x5217, 0x483 },
    { 0x521B, 0x521B, 0x484 },
    { 0x5220, 0x5220, 0x485 },
    { 0x5230, 0x5230, 0x486 },
    { 0x5236, 0x5237, 0x487 },
    { 0x524D, 0x524D, 0x489 },
    { 0x5269, 0x526A, 0x48A },
    { 0x526F, 0x526F, 0x48C },
    { 0x529F, 0x52A1, 0x48D },
    { 0x52A8, 0x52A8, 0x490 },
    { 0x52FF, 0x52FF, 0x491 },
    { 0x5339, 0x533A, 0x492 },
    { 0x5360, 0x5361, 0x494 },
    { 0x5373, 0x5373, 0x496 },
    { 0x539F, 0x539F, 0x497 },
    { 0x53D1, 0x53D1, 0x498 },
    { 0x53D6, 0x53D6, 0x499 },
    { 0x53E3, 0x53E3, 0x49A },
    { 0x53EF, 0x53EF, 0x49B },
    { 0x53F3, 0x53F3, 0x49C },
    { 0x53F7, 0x53F7, 0x49D },
    { 0x540C, 0x540E, 0x49E },
    { 0x5411, 0x5411, 0x4A1 },
    { 0x5426, 0x5426, 0x4A2 },
    { 0x542F, 0x542F, 0x4A3 },
    { 0x544A, 0x544A, 0x4A4 },
    { 0x547D, 0x547D, 0x4A5 },
    { 0x54C8, 0x54C8, 0x4A6 },
    { 0x5668, 0x5668, 0x4A7 },
    { 0x56DE, 0x56DE, 0x4A8 },
    { 0x56E0, 0x56E0, 0x4A9 },
    { 0x56F4, 0x56F4, 0x4AA },
    { 0x56FA, 0x56FA, 0x4AB },
    { 0x56FE, 0x56FE, 0x4AC },
    { 0x5728, 0x5728, 0x4AD },
    { 0x5730, 0x5730, 0x4AE },
    { 0x5740, 0x5740, 0x4AF },
    { 0x5747, 0x5747, 0x4B0 },
    { 0x5907, 0x5907, 0x4B1 },
    { 0x590D, 0x590D, 0x4B2 },
    { 0x5916, 0x5916, 0x4B3 },
    { 0x5927, 0x5927, 0x4B4 },
    { 0x5929, 0x5929, 0x4B5 },
    { 0x5931, 0x5931, 0x4B6 },
    { 0x5939, 0x5939, 0x4B7 },
    { 0x5982, 0x5982, 0x4B8 },
    { 0x59CB, 0x59CB, 0x4B9 },
    { 0x5B57, 0x5B58, 0x4BA },
    { 0x5B83, 0x5B83, 0x4BC },
    { 0x5B89, 0x5B89, 0x4BD },
    { 0x5B8C, 0x5B8C, 0x4BE },
    { 0x5B9A, 0x5B9A, 0x4BF },
    { 0x5BBD, 0x5BBD, 0x4C0 },
    { 0x5BC6, 0x5BC6, 0x4C1 },
    { 0x5BF9, 0x5BF9, 0x4C2 },
    { 0x5C01, 0x5C01, 0x4C3 },
    { 0x5C04, 0x5C04, 0x4C4 },
    { 0x5C06, 0x5C06, 0x4C5 },
    { 0x5C0F, 0x5C0F, 0x4C6 },
    { 0x5C31, 0x5C31, 0x4C7 },
    { 0x5C3D, 0x5C3D, 0x4C8 },
    { 0x5C40, 0x5C40, 0x4C9 },
    { 0x5C45, 0x5C45, 0x4CA },
    { 0x5C4F, 0x5C4F, 0x4CB },
    { 0x5C55, 0x5C55, 0x4CC },
    { 0x5D29, 0x5D29, 0x4CD },
    { 0x5D4C, 0x5D4C, 0x4CE },
    { 0x5DE6, 0x5DE6, 0x4CF },
    { 0x5DF2, 0x5DF2, 0x4D0 },
    { 0x5E03, 0x5E03, 0x4D1 },
    { 0x5E0C, 0x5E0C, 0x4D2 },
    { 0x5E26, 0x5E26, 0x4D3 },
    { 0x5E38, 0x5E38, 0x4D4 },
    { 0x5E45, 0x5E45, 0x4D5 },
    { 0x5E55, 0x5E55, 0x4D6 },
    { 0x5E73, 0x5E73, 0x4D7 },
    { 0x5E76, 0x5E76, 0x4D8 },
    { 0x5E94, 0x5E95, 0x4D9 },
    { 0x5EA6, 0x5EA6, 0x4DB },
    { 0x5EFA, 0x5EFA, 0x4DC },
    { 0x5F00, 0x5F00, 0x4DD },
    { 0x5F0F, 0x5F0F, 0x4DE },
    { 0x5F15, 0x5F15, 0x4DF },
    { 0x5F53, 0x5F53, 0x4E0 },
    { 0x5F55, 0x5F55, 0x4E1 },
    { 0x5FEB, 0x5FEB, 0x4E2 },
    { 0x5FFD, 0x5FFD, 0x4E3 },
    { 0x6001, 0x6001, 0x4E4 },
    { 0x603B, 0x603B, 0x4E5 },
    { 0x6062, 0x6062, 0x4E6 },
    { 0x606F, 0x606F, 0x4E7 },
    { 0x60C5, 0x60C5, 0x4E8 },
    { 0x6210, 0x6210, 0x4E9 },
    { 0x6216, 0x6216, 0x4EA },
    { 0x622A, 0x622A, 0x4EB },
    { 0x6237, 0x6237, 0x4EC },
    { 0x6240, 0x6240, 0x4ED },
    { 0x624B, 0x624B, 0x4EE },
    { 0x6253, 0x6253, 0x4EF },
    { 0x6269, 0x6269, 0x4F0 },
    { 0x626B, 0x626B, 0x4F1 },
    { 0x627E, 0x627E, 0x4F2 },
    { 0x6297, 0x6297, 0x4F3 },
    { 0x62A5, 0x62A5, 0x4F4 },
    { 0x62E9, 0x62E9, 0x4F5 },
    { 0x6301, 0x6301, 0x4F6 },
    { 0x6309, 0x6309, 0x4F7 },
    { 0x6362, 0x6362, 0x4F8 },
    { 0x636E, 0x636E, 0x4F9 },
    { 0x63A5, 0x63A5, 0x4FA },
    { 0x63CF, 0x63D0, 0x4FB },
    { 0x63D2, 0x63D2, 0x4FD },
    { 0x641C, 0x641C, 0x4FE },
    { 0x64CD, 0x64CD, 0x4FF },
    { 0x6536, 0x6536, 0x500 },
    { 0x653E, 0x653E, 0x501 },
    { 0x6548, 0x6548, 0x502 },
    { 0x6570, 0x6570, 0x503 },
    { 0x6587, 0x6587, 0x504 },
    { 0x659C, 0x659C, 0x505 },
    { 0x65AD, 0x65AD, 0x506 },
    { 0x65B0, 0x65B0, 0x507 },
    { 0x65B9, 0x65B9, 0x508 },
    { 0x65E0, 0x65E0, 0x509 },
    { 0x65E5, 0x65E5, 0x50A },
    { 0x65F6, 0x65F6, 0x50B },
    { 0x6620, 0x6620, 0x50C },
    { 0x662F, 0x662F, 0x50D },
    { 0x663E, 0x663E, 0x50E },
    { 0x6682, 0x6682, 0x50F },
    { 0x66F4, 0x66F4, 0x510 },
    { 0x6700, 0x6700, 0x511 },
    { 0x6709, 0x6709, 0x512 },
    { 0x670D, 0x670D, 0x513 },
    { 0x672A, 0x672A, 0x514 },
    { 0x672C, 0x672C, 0x515 },
    { 0x673A, 0x673A, 0x516 },
    { 0x6761, 0x6761, 0x517 },
    { 0x6765, 0x6765, 0x518 },
    { 0x677E, 0x677E, 0x519 },
    { 0x6790, 0x6790, 0x51A },
    { 0x679C, 0x679C, 0x51B },
    { 0x67E5, 0x67E5, 0x51C },
    { 0x6807, 0x6807, 0x51D },
    { 0x680F, 0x680F, 0x51E },
    { 0x6821, 0x6821, 0x51F },
    { 0x6837, 0x6837, 0x520 },
    { 0x6839, 0x6839, 0x521 },
    { 0x683C, 0x683C, 0x522 },
    { 0x6863, 0x6863, 0x523 },
    { 0x68C0, 0x68C0, 0x524 },
    { 0x6A21, 0x6A21, 0x525 },
    { 0x6A2A, 0x6A2A, 0x526 },
    { 0x6B21, 0x6B21, 0x527 },
    { 0x6B63, 0x6B65, 0x528 },
    { 0x6BB5, 0x6BB5, 0x52B },
    { 0x6BCF, 0x6BCF, 0x52C },
    { 0x6BD4, 0x6BD4, 0x52D },
    { 0x6CA1, 0x6CA1, 0x52E },
    { 0x6CD5, 0x6CD5, 0x52F },
    { 0x6CE8, 0x6CE8, 0x530 },
    { 0x6D45, 0x6D45, 0x531 },
    { 0x6D4F, 0x6D4F, 0x532 },
    { 0x6D88, 0x6D88, 0x533 },
    { 0x6DF1, 0x6DF1, 0x534 },
    { 0x6DFB, 0x6DFB, 0x535 },
    { 0x6E05, 0x6E05, 0x536 },
    { 0x6E29, 0x6E29, 0x537 },
    { 0x6E7F, 0x6E7F, 0x538 },
    { 0x6E83, 0x6E83, 0x539 },
    { 0x6E90, 0x6E90, 0x53A },
    { 0x6EE4, 0x6EE4, 0x53B },
    { 0x706F, 0x706F, 0x53C },
    { 0x70B9, 0x70B9, 0x53D },
    { 0x70ED, 0x70ED, 0x53E },
    { 0x7247, 0x7248, 0x53F },
    { 0x7279, 0x7279, 0x541 },
    { 0x72B6, 0x72B6, 0x542 },
    { 0x7387, 0x7387, 0x543 },
    { 0x73B0, 0x73B0, 0x544 },
    { 0x7406, 0x7406, 0x545 },
    { 0x7528, 0x7528, 0x546 },
    { 0x7535, 0x7535, 0x547 },
    { 0x754C, 0x754C, 0x548 },
    { 0x7565, 0x7565, 0x549 },
    { 0x767B, 0x767B, 0x54A },
    { 0x767E, 0x767E, 0x54B },
    { 0x7684, 0x7684, 0x54C },
    { 0x76D8, 0x76D8, 0x54D },
    { 0x76EE, 0x76EE, 0x54E },
    { 0x7720, 0x7720, 0x54F },
    { 0x77ED, 0x77ED, 0x550 },
    { 0x7801, 0x7801, 0x551 },
    { 0x786C, 0x786C, 0x552 },
    { 0x786E, 0x786E, 0x553 },
    { 0x793A, 0x793A, 0x554 },
    { 0x7981, 0x7981, 0x555 },
    { 0x79D2, 0x79D2, 0x556 },
    { 0x79F0, 0x79F0, 0x557 },
    { 0x79FB, 0x79FB, 0x558 },
    { 0x7A0B, 0x7A0B, 0x559 },
    { 0x7A7A, 0x7A7A, 0x55A },
    { 0x7ACB, 0x7ACB, 0x55B },
    { 0x7AD6, 0x7AD6, 0x55C },
    { 0x7AE0, 0x7AE0, 0x55D },
    { 0x7AEF, 0x7AEF, 0x55E },
    { 0x7B26, 0x7B26, 0x55F },
    { 0x7B2C, 0x7B2C, 0x560 },
    { 0x7B7E, 0x7B7E, 0x561 },
    { 0x7B80, 0x7B80, 0x562 },
    { 0x7B97, 0x7B97, 0x563 },
    { 0x7BA1, 0x7BA1, 0x564 },
    { 0x7C4D, 0x7C4D, 0x565 },
    { 0x7C97, 0x7C97, 0x566 },
    { 0x7CFB, 0x7CFB, 0x567 },
    { 0x7D22, 0x7D22, 0x568 },
    { 0x7D27, 0x7D27, 0x569 },
    { 0x7D2F, 0x7D2F, 0x56A },
    { 0x7EBF, 0x7EBF, 0x56B },
    { 0x7EC6, 0x7EC6, 0x56C },
    { 0x7ECF, 0x7ECF, 0x56D },
    { 0x7EDC, 0x7EDC, 0x56E },
    { 0x7EDF, 0x7EDF, 0x56F },
    { 0x7EE7, 0x7EE7, 0x570 },
    { 0x7EEA, 0x7EEA, 0x571 },
    { 0x7EED, 0x7EED, 0x572 },
    { 0x7EF4, 0x7EF4, 0x573 },
    { 0x7F13, 0x7F13, 0x574 },
    { 0x7F16, 0x7F16, 0x575 },
    { 0x7F51, 0x7F51, 0x576 },
    { 0x7F6E, 0x7F6E, 0x577 },
    { 0x7FFB, 0x7FFB, 0x578 },
    { 0x8017, 0x8017, 0x579 },
    { 0x80FD, 0x80FD, 0x57A },
    { 0x811A, 0x811A, 0x57B },
    { 0x81EA, 0x81EA, 0x57C },
    { 0x8272, 0x8272, 0x57D },
    { 0x8282, 0x8282, 0x57E },
    { 0x8303, 0x8303, 0x57F },
    { 0x83B7, 0x83B7, 0x580 },
    { 0x843D, 0x843D, 0x581 },
    { 0x85CF, 0x85CF, 0x582 },
    { 0x884C, 0x884C, 0x583 },
    { 0x8868, 0x8868, 0x584 },
    { 0x88AB, 0x88AB, 0x585 },
    { 0x88C1, 0x88C1, 0x586 },
    { 0x88C5, 0x88C5, 0x587 },
    { 0x892A, 0x892A, 0x588 },
    { 0x8981, 0x8981, 0x589 },
    { 0x89C1, 0x89C1, 0x58A },
    { 0x89C8, 0x89C8, 0x58B },
    { 0x89E3, 0x89E3, 0x58C },
    { 0x8A00, 0x8A00, 0x58D },
    { 0x8BA1, 0x8BA1, 0x58E },
    { 0x8BA4, 0x8BA4, 0x58F },
    { 0x8BB0, 0x8BB0, 0x590 },
    { 0x8BBE, 0x8BBE, 0x591 },
    { 0x8BC1, 0x8BC1, 0x592 },
    { 0x8BCA, 0x8BCA, 0x593 },
    { 0x8BCD, 0x8BCD, 0x594 },
    { 0x8BD5, 0x8BD5, 0x595 },
    { 0x8BE5, 0x8BE6, 0x596 },
    { 0x8BED, 0x8BED, 0x598 },
    { 0x8BEF, 0x8BEF, 0x599 },
    { 0x8BF7, 0x8BF7, 0x59A },
    { 0x8BFB, 0x8BFB, 0x59B },
    { 0x8D25, 0x8D26, 0x59C },
    { 0x8D85, 0x8D85, 0x59E },
    { 0x8DB3, 0x8DB3, 0x59F },
    { 0x8DDD, 0x8DDD, 0x5A0 },
    { 0x8DDF, 0x8DDF, 0x5A1 },
    { 0x8DF3, 0x8DF3, 0x5A2 },
    { 0x8F6C, 0x8F6C, 0x5A3 },
    { 0x8F7D, 0x8F7D, 0x5A4 },
    { 0x8F91, 0x8F91, 0x5A5 },
    { 0x8F93, 0x8F93, 0x5A6 },
    { 0x8FB9, 0x8FB9, 0x5A7 },
    { 0x8FC7, 0x8FC7, 0x5A8 },
    { 0x8FD1, 0x8FD1, 0x5A9 },
    { 0x8FD4, 0x8FD4, 0x5AA },
    { 0x8FDB, 0x8FDC, 0x5AB },
    { 0x8FDE, 0x8FDE, 0x5AD },
    { 0x9000, 0x9002, 0x5AE },
    { 0x9006, 0x9006, 0x5B1 },
    { 0x9009, 0x9009, 0x5B2 },
    { 0x901F, 0x901F, 0x5B3 },
    { 0x90E8, 0x90E8, 0x5B4 },
    { 0x90FD, 0x90FD, 0x5B5 },
    { 0x914D, 0x914D, 0x5B6 },
    { 0x91CD, 0x91CD, 0x5B7 },
    { 0x91CF, 0x91CF, 0x5B8 },
    { 0x9488, 0x9488, 0x5B9 },
    { 0x949F, 0x949F, 0x5BA },
    { 0x94FE, 0x94FE, 0x5BB },
    { 0x9519, 0x9519, 0x5BC },
    { 0x952E, 0x952F, 0x5BD },
    { 0x955C, 0x955C, 0x5BF },
    { 0x957F, 0x957F, 0x5C0 },
    { 0x95ED, 0x95EE, 0x5C1 },
    { 0x95F4, 0x95F4, 0x5C3 },
    { 0x9605, 0x9605, 0x5C4 },
    { 0x9633, 0x9633, 0x5C5 },
    { 0x9644, 0x9644, 0x5C6 },
    { 0x9664, 0x9664, 0x5C7 },
    { 0x968F, 0x9690, 0x5C8 },
    { 0x9700, 0x9700, 0x5CA },
    { 0x9762, 0x9762, 0x5CB },
    { 0x9875, 0x9876, 0x5CC },
    { 0x9879, 0x987A, 0x5CE },
    { 0x9884, 0x9884, 0x5D0 },
    { 0x9891, 0x9891, 0x5D1 },
    { 0x9898, 0x9898, 0x5D2 },
    { 0x989D, 0x989D, 0x5D3 },
    { 0x9A8C, 0x9A8C, 0x5D4 },
    { 0x9ED8, 0x9ED8, 0x5D5 },
    { 0x9F50, 0x9F50, 0x5D6 },
    { 0x9F7F, 0x9F7F, 0x5D7 },
    { 0xFB00, 0xFB04, 0x5D8 },
    { 0xFF01, 0xFF01, 0x5DD },
    { 0xFF08, 0xFF09, 0x5DE },
    { 0xFF0C, 0xFF0C, 0x5E0 },
    { 0xFF1A, 0xFF1A, 0x5E1 },
    { 0xFF1F, 0xFF1F, 0x5E2 },
    { 0xFFFD, 0xFFFD, 0x5E3 },
};

static const EpdKernClassEntry ubuntu_10_boldKernLeftClasses[] = {
    { 0x0022, 1 }, // "
    { 0x0026, 2 }, // &
    { 0x0027, 1 }, // '
    { 0x0028, 3 }, // (
    { 0x0029, 4 }, // )
    { 0x002A, 5 }, // *
    { 0x002C, 6 }, // ,
    { 0x002D, 7 }, // -
    { 0x002E, 6 }, // .
    { 0x002F, 8 }, // /
    { 0x003A, 9 }, // :
    { 0x003B, 9 }, // ;
    { 0x0040, 10 }, // @
    { 0x0041, 11 }, // A
    { 0x0042, 12 }, // B
    { 0x0043, 13 }, // C
    { 0x0044, 14 }, // D
    { 0x0045, 15 }, // E
    { 0x0046, 16 }, // F
    { 0x0047, 17 }, // G
    { 0x0048, 18 }, // H
    { 0x0049, 18 }, // I
    { 0x004A, 19 }, // J
    { 0x004B, 20 }, // K
    { 0x004C, 21 }, // L
    { 0x004D, 22 }, // M
    { 0x004E, 18 }, // N
    { 0x004F, 23 }, // O
    { 0x0050, 24 }, // P
    { 0x0051, 25 }, // Q
    { 0x0052, 26 }, // R
    { 0x0053, 27 }, // S
    { 0x0054, 28 }, // T
    { 0x0055, 29 }, // U
    { 0x0056, 30 }, // V
    { 0x0057, 31 }, // W
    { 0x0058, 32 }, // X
    { 0x0059, 33 }, // Y
    { 0x005A, 34 }, // Z
    { 0x005B, 35 }, // [
    { 0x005C, 36 }, // <backslash>
    { 0x005D, 37 }, // ]
    { 0x0061, 38 }, // a
    { 0x0062, 39 }, // b
    { 0x0063, 40 }, // c
    { 0x0064, 41 }, // d
    { 0x0066, 42 }, // f
    { 0x0067, 43 }, // g
    { 0x0068, 44 }, // h
    { 0x0069, 45 }, // i
    { 0x006A, 46 }, // j
    { 0x006B, 47 }, // k
    { 0x006C, 48 }, // l
    { 0x006D, 49 }, // m
    { 0x006E, 49 }, // n
    { 0x006F, 50 }, // o
    { 0x0070, 39 }, // p
    { 0x0071, 51 }, // q
    { 0x0072, 52 }, // r
    { 0x0073, 53 }, // s
    { 0x0074, 54 }, // t
    { 0x0075, 55 }, // u
    { 0x0076, 56 }, // v
    { 0x0077, 57 }, // w
    { 0x0078, 58 }, // x
    { 0x0079, 59 }, // y
    { 0x007A, 60 }, // z
    { 0x007B, 61 }, // {
    { 0x007D, 62 }, // }
    { 0x00A1, 63 }, // U+00A1
    { 0x00AB, 64 }, // U+00AB
    { 0x00BB, 65 }, // U+00BB
    { 0x00BF, 66 }, // U+00BF
    { 0x00C0, 11 }, // U+00C0
    { 0x00C1, 11 }, // U+00C1
    { 0x00C2, 11 }, // U+00C2
    { 0x00C3, 11 }, // U+00C3
    { 0x00C4, 11 }, // U+00C4
    { 0x00C5, 11 }, // U+00C5
    { 0x00C6, 15 }, // U+00C6
    { 0x00C7, 13 }, // U+00C7
    { 0x00C8, 15 }, // U+00C8
    { 0x00C9, 15 }, // U+00C9
    { 0x00CA, 15 }, // U+00CA
    { 0x00CB, 15 }, // U+00CB
    { 0x00CC, 18 }, // U+00CC
    { 0x00CD, 18 }, // U+00CD
    { 0x00CE, 18 }, // U+00CE
    { 0x00CF, 18 }, // U+00CF
    { 0x00D0, 14 }, // U+00D0
    { 0x00D1, 18 }, // U+00D1
    { 0x00D2, 23 }, // U+00D2
    { 0x00D3, 23 }, // U+00D3
    { 0x00D4, 23 }, // U+00D4
    { 0x00D5, 23 }, // U+00D5
    { 0x00D6, 23 }, // U+00D6
    { 0x00D8, 23 }, // U+00D8
    { 0x00D9, 29 }, // U+00D9
    { 0x00DA, 29 }, // U+00DA
    { 0x00DB, 29 }, // U+00DB
    { 0x00DC, 29 }, // U+00DC
    { 0x00DD, 33 }, // U+00DD
    { 0x00DE, 67 }, // U+00DE
    { 0x00DF, 68 }, // U+00DF
    { 0x00E0, 38 }, // U+00E0
    { 0x00E1, 38 }, // U+00E1
    { 0x00E2, 38 }, // U+00E2
    { 0x00E3, 38 }, // U+00E3
    { 0x00E4, 38 }, // U+00E4
    { 0x00E5, 38 }, // U+00E5
    { 0x00E7, 40 }, // U+00E7
    { 0x00EC, 45 }, // U+00EC
    { 0x00ED, 45 }, // U+00ED
    { 0x00EE, 45 }, // U+00EE
    { 0x00EF, 45 }, // U+00EF
    { 0x00F0, 69 }, // U+00F0
    { 0x00F1, 49 }, // U+00F1
    { 0x00F2, 50 }, // U+00F2
    { 0x00F3, 50 }, // U+00F3
    { 0x00F4, 50 }, // U+00F4
    { 0x00F5, 50 }, // U+00F5
    { 0x00F6, 50 }, // U+00F6
    { 0x00F8, 50 }, // U+00F8
    { 0x00F9, 55 }, // U+00F9
    { 0x00FA, 55 }, // U+00FA
    { 0x00FB, 55 }, // U+00FB
    { 0x00FC, 55 }, // U+00FC
    { 0x00FD, 59 }, // U+00FD
    { 0x00FE, 70 }, // U+00FE
    { 0x00FF, 59 }, // U+00FF
    { 0x0100, 11 }, // U+0100
    { 0x0101, 38 }, // U+0101
    { 0x0102, 11 }, // U+0102
    { 0x0103, 38 }, // U+0103
    { 0x0104, 11 }, // U+0104
    { 0x0105, 38 }, // U+0105
    { 0x0106, 13 }, // U+0106
    { 0x0107, 40 }, // U+0107
    { 0x0108, 13 }, // U+0108
    { 0x0109, 40 }, // U+0109
    { 0x010A, 13 }, // U+010A
    { 0x010B, 40 }, // U+010B
    { 0x010C, 13 }, // U+010C
    { 0x010D, 40 }, // U+010D
    { 0x010E, 14 }, // U+010E
    { 0x010F, 71 }, // U+010F
    { 0x0110, 14 }, // U+0110
    { 0x0111, 41 }, // U+0111
    { 0x0112, 15 }, // U+0112
    { 0x0114, 15 }, // U+0114
    { 0x0116, 15 }, // U+0116
    { 0x0118, 15 }, // U+0118
    { 0x011A, 15 }, // U+011A
    { 0x011C, 17 }, // U+011C
    { 0x011D, 43 }, // U+011D
    { 0x011E, 17 }, // U+011E
    { 0x011F, 43 }, // U+011F
    { 0x0120, 17 }, // U+0120
    { 0x0121, 43 }, // U+0121
    { 0x0122, 17 }, // U+0122
    { 0x0123, 43 }, // U+0123
    { 0x0124, 18 }, // U+0124
    { 0x0125, 44 }, // U+0125
    { 0x0126, 18 }, // U+0126
    { 0x0127, 44 }, // U+0127
    { 0x0128, 18 }, // U+0128
    { 0x0129, 45 }, // U+0129
    { 0x012A, 18 }, // U+012A
    { 0x012B, 45 }, // U+012B
    { 0x012C, 18 }, // U+012C
    { 0x012D, 45 }, // U+012D
    { 0x012E, 18 }, // U+012E
    { 0x012F, 45 }, // U+012F
    { 0x0130, 18 }, // U+0130
    { 0x0131, 45 }, // U+0131
    { 0x0132, 19 }, // U+0132
    { 0x0133, 46 }, // U+0133
    { 0x0134, 19 }, // U+0134
    { 0x0135, 46 }, // U+0135
    { 0x0136, 20 }, // U+0136
    { 0x0137, 47 }, // U+0137
    { 0x0138, 47 }, // U+0138
    { 0x0139, 21 }, // U+0139
    { 0x013A, 48 }, // U+013A
    { 0x013B, 21 }, // U+013B
    { 0x013C, 48 }, // U+013C
    { 0x013D, 21 }, // U+013D
    { 0x013E, 71 }, // U+013E
    { 0x013F, 21 }, // U+013F
    { 0x0140, 48 }, // U+0140
    { 0x0141, 21 }, // U+0141
    { 0x0142, 48 }, // U+0142
    { 0x0143, 18 }, // U+0143
    { 0x0144, 49 }, // U+0144
    { 0x0145, 18 }, // U+0145
    { 0x0146, 49 }, // U+0146
    { 0x0147, 18 }, // U+0147
    { 0x0148, 49 }, // U+0148
    { 0x0149, 49 }, // U+0149
    { 0x014A, 72 }, // U+014A
    { 0x014B, 73 }, // U+014B
    { 0x014C, 23 }, // U+014C
    { 0x014D, 50 }, // U+014D
    { 0x014E, 23 }, // U+014E
    { 0x014F, 50 }, // U+014F
    { 0x0150, 23 }, // U+0150
    { 0x0151, 50 }, // U+0151
    { 0x0152, 15 }, // U+0152
    { 0x0154, 26 }, // U+0154
    { 0x0155, 52 }, // U+0155
    { 0x0156, 26 }, // U+0156
    { 0x0157, 52 }, // U+0157
    { 0x0158, 26 }, // U+0158
    { 0x0159, 52 }, // U+0159
    { 0x015A, 27 }, // U+015A
    { 0x015B, 53 }, // U+015B
    { 0x015C, 27 }, // U+015C
    { 0x015D, 53 }, // U+015D
    { 0x015E, 27 }, // U+015E
    { 0x015F, 53 }, // U+015F
    { 0x0160, 27 }, // U+0160
    { 0x0161, 53 }, // U+0161
    { 0x0162, 28 }, // U+0162
    { 0x0163, 54 }, // U+0163
    { 0x0164, 28 }, // U+0164
    { 0x0165, 54 }, // U+0165
    { 0x0166, 28 }, // U+0166
    { 0x0167, 54 }, // U+0167
    { 0x0168, 29 }, // U+0168
    { 0x0169, 55 }, // U+0169
    { 0x016A, 29 }, // U+016A
    { 0x016B, 55 }, // U+016B
    { 0x016C, 29 }, // U+016C
    { 0x016D, 55 }, // U+016D
    { 0x016E, 29 }, // U+016E
    { 0x016F, 55 }, // U+016F
    { 0x0170, 29 }, // U+0170
    { 0x0171, 55 }, // U+0171
    { 0x0172, 29 }, // U+0172
    { 0x0173, 55 }, // U+0173
    { 0x0174, 31 }, // U+0174
    { 0x0175, 57 }, // U+0175
    { 0x0176, 33 }, // U+0176
    { 0x0177, 59 }, // U+0177
    { 0x0178, 33 }, // U+0178
    { 0x0179, 34 }, // U+0179
    { 0x017A, 60 }, // U+017A
    { 0x017B, 34 }, // U+017B
    { 0x017C, 60 }, // U+017C
    { 0x017D, 34 }, // U+017D
    { 0x017E, 60 }, // U+017E
    { 0x017F, 42 }, // U+017F
    { 0x01A0, 74 }, // U+01A0
    { 0x01C4, 34 }, // U+01C4
    { 0x01C5, 60 }, // U+01C5
    { 0x01C6, 60 }, // U+01C6
    { 0x01C7, 19 }, // U+01C7
    { 0x01C8, 46 }, // U+01C8
    { 0x01C9, 46 }, // U+01C9
    { 0x01CA, 19 }, // U+01CA
    { 0x01CB, 46 }, // U+01CB
    { 0x01CC, 46 }, // U+01CC
    { 0x01CD, 11 }, // U+01CD
    { 0x01CE, 38 }, // U+01CE
    { 0x01CF, 18 }, // U+01CF
    { 0x01D0, 45 }, // U+01D0
    { 0x01D1, 23 }, // U+01D1
    { 0x01D2, 50 }, // U+01D2
    { 0x01D3, 29 }, // U+01D3
    { 0x01D4, 55 }, // U+01D4
    { 0x01D5, 29 }, // U+01D5
    { 0x01D6, 55 }, // U+01D6
    { 0x01D7, 29 }, // U+01D7
    { 0x01D8, 55 }, // U+01D8
    { 0x01D9, 29 }, // U+01D9
    { 0x01DA, 55 }, // U+01DA
    { 0x01DB, 29 }, // U+01DB
    { 0x01DC, 55 }, // U+01DC
    { 0x01DD, 50 }, // U+01DD
    { 0x01DE, 11 }, // U+01DE
    { 0x01DF, 38 }, // U+01DF
    { 0x01E0, 11 }, // U+01E0
    { 0x01E1, 38 }, // U+01E1
    { 0x01E2, 15 }, // U+01E2
    { 0x01E4, 17 }, // U+01E4
    { 0x01E5, 43 }, // U+01E5
    { 0x01E6, 17 }, // U+01E6
    { 0x01E7, 43 }, // U+01E7
    { 0x01E8, 20 }, // U+01E8
    { 0x01E9, 47 }, // U+01E9
    { 0x01EA, 23 }, // U+01EA
    { 0x01EB, 50 }, // U+01EB
    { 0x01EC, 23 }, // U+01EC
    { 0x01ED, 50 }, // U+01ED
    { 0x01EE, 75 }, // U+01EE
    { 0x01EF, 76 }, // U+01EF
    { 0x01F0, 46 }, // U+01F0
    { 0x01F1, 34 }, // U+01F1
    { 0x01F2, 60 }, // U+01F2
    { 0x01F3, 60 }, // U+01F3
    { 0x01F4, 17 }, // U+01F4
    { 0x01F5, 43 }, // U+01F5
    { 0x01F6, 55 }, // U+01F6
    { 0x01F7, 77 }, // U+01F7
    { 0x01F8, 18 }, // U+01F8
    { 0x01F9, 49 }, // U+01F9
    { 0x01FA, 11 }, // U+01FA
    { 0x01FB, 38 }, // U+01FB
    { 0x01FC, 15 }, // U+01FC
    { 0x01FE, 23 }, // U+01FE
    { 0x01FF, 50 }, // U+01FF
    { 0x0200, 11 }, // U+0200
    { 0x0201, 38 }, // U+0201
    { 0x0202, 11 }, // U+0202
    { 0x0203, 38 }, // U+0203
    { 0x0204, 15 }, // U+0204
    { 0x0206, 15 }, // U+0206
    { 0x0208, 18 }, // U+0208
    { 0x0209, 45 }, // U+0209
    { 0x020A, 18 }, // U+020A
    { 0x020B, 45 }, // U+020B
    { 0x020C, 23 }, // U+020C
    { 0x020D, 50 }, // U+020D
    { 0x020E, 23 }, // U+020E
    { 0x020F, 50 }, // U+020F
    { 0x0210, 26 }, // U+0210
    { 0x0211, 52 }, // U+0211
    { 0x0212, 26 }, // U+0212
    { 0x0213, 52 }, // U+0213
    { 0x0214, 29 }, // U+0214
    { 0x0215, 55 }, // U+0215
    { 0x0216, 29 }, // U+0216
    { 0x0217, 55 }, // U+0217
    { 0x0218, 27 }, // U+0218
    { 0x0219, 53 }, // U+0219
    { 0x021A, 28 }, // U+021A
    { 0x021B, 54 }, // U+021B
    { 0x021C, 78 }, // U+021C
    { 0x021E, 18 }, // U+021E
    { 0x021F, 44 }, // U+021F
    { 0x0400, 79 }, // U+0400
    { 0x0401, 79 }, // U+0401
    { 0x0402, 80 }, // U+0402
    { 0x0403, 81 }, // U+0403
    { 0x0404, 82 }, // U+0404
    { 0x0405, 83 }, // U+0405
    { 0x0406, 18 }, // U+0406
    { 0x0407, 18 }, // U+0407
    { 0x0408, 84 }, // U+0408
    { 0x0409, 85 }, // U+0409
    { 0x040A, 85 }, // U+040A
    { 0x040B, 86 }, // U+040B
    { 0x040C, 87 }, // U+040C
    { 0x040D, 18 }, // U+040D
    { 0x040E, 88 }, // U+040E
    { 0x040F, 18 }, // U+040F
    { 0x0410, 89 }, // U+0410
    { 0x0411, 80 }, // U+0411
    { 0x0412, 90 }, // U+0412
    { 0x0413, 81 }, // U+0413
    { 0x0414, 91 }, // U+0414
    { 0x0415, 79 }, // U+0415
    { 0x0416, 92 }, // U+0416
    { 0x0417, 93 }, // U+0417
    { 0x0418, 18 }, // U+0418
    { 0x0419, 18 }, // U+0419
    { 0x041A, 87 }, // U+041A
    { 0x041C, 94 }, // U+041C
    { 0x041D, 18 }, // U+041D
    { 0x041E, 95 }, // U+041E
    { 0x041F, 18 }, // U+041F
    { 0x0420, 96 }, // U+0420
    { 0x0421, 82 }, // U+0421
    { 0x0422, 97 }, // U+0422
    { 0x0423, 88 }, // U+0423
    { 0x0424, 98 }, // U+0424
    { 0x0425, 99 }, // U+0425
    { 0x0426, 91 }, // U+0426
    { 0x0428, 18 }, // U+0428
    { 0x0429, 91 }, // U+0429
    { 0x042A, 85 }, // U+042A
    { 0x042B, 18 }, // U+042B
    { 0x042C, 85 }, // U+042C
    { 0x042D, 100 }, // U+042D
    { 0x042E, 95 }, // U+042E
    { 0x0430, 101 }, // U+0430
    { 0x0431, 102 }, // U+0431
    { 0x0432, 103 }, // U+0432
    { 0x0433, 104 }, // U+0433
    { 0x0434, 105 }, // U+0434
    { 0x0435, 106 }, // U+0435
    { 0x0436, 107 }, // U+0436
    { 0x0437, 108 }, // U+0437
    { 0x043A, 109 }, // U+043A
    { 0x043B, 110 }, // U+043B
    { 0x043C, 111 }, // U+043C
    { 0x043D, 112 }, // U+043D
    { 0x043E, 113 }, // U+043E
    { 0x043F, 112 }, // U+043F
    { 0x0440, 114 }, // U+0440
    { 0x0441, 115 }, // U+0441
    { 0x0442, 116 }, // U+0442
    { 0x0443, 117 }, // U+0443
    { 0x0444, 118 }, // U+0444
    { 0x0445, 119 }, // U+0445
    { 0x0446, 105 }, // U+0446
    { 0x0447, 112 }, // U+0447
    { 0x0448, 112 }, // U+0448
    { 0x0449, 105 }, // U+0449
    { 0x044A, 120 }, // U+044A
    { 0x044B, 112 }, // U+044B
    { 0x044C, 120 }, // U+044C
    { 0x044D, 121 }, // U+044D
    { 0x044E, 122 }, // U+044E
    { 0x044F, 123 }, // U+044F
    { 0x0450, 106 }, // U+0450
    { 0x0451, 106 }, // U+0451
    { 0x0452, 124 }, // U+0452
    { 0x0453, 104 }, // U+0453
    { 0x0454, 125 }, // U+0454
    { 0x0455, 126 }, // U+0455
    { 0x0456, 127 }, // U+0456
    { 0x0457, 127 }, // U+0457
    { 0x0458, 128 }, // U+0458
    { 0x0459, 120 }, // U+0459
    { 0x045A, 120 }, // U+045A
    { 0x045B, 129 }, // U+045B
    { 0x045C, 109 }, // U+045C
    { 0x045E, 117 }, // U+045E
    { 0x045F, 130 }, // U+045F
    { 0x0462, 80 }, // U+0462
    { 0x0463, 131 }, // U+0463
    { 0x0472, 95 }, // U+0472
    { 0x0473, 113 }, // U+0473
    { 0x0474, 132 }, // U+0474
    { 0x0475, 133 }, // U+0475
    { 0x048A, 91 }, // U+048A
    { 0x048B, 105 }, // U+048B
    { 0x048C, 85 }, // U+048C
    { 0x048D, 120 }, // U+048D
    { 0x048F, 114 }, // U+048F
    { 0x0490, 81 }, // U+0490
    { 0x0491, 104 }, // U+0491
    { 0x0492, 81 }, // U+0492
    { 0x0493, 104 }, // U+0493
    { 0x0494, 80 }, // U+0494
    { 0x0495, 134 }, // U+0495
    { 0x0496, 92 }, // U+0496
    { 0x0497, 107 }, // U+0497
    { 0x0498, 93 }, // U+0498
    { 0x0499, 108 }, // U+0499
    { 0x049A, 87 }, // U+049A
    { 0x049B, 109 }, // U+049B
    { 0x049C, 87 }, // U+049C
    { 0x049D, 109 }, // U+049D
    { 0x049E, 87 }, // U+049E
    { 0x049F, 109 }, // U+049F
    { 0x04A0, 87 }, // U+04A0
    { 0x04A1, 109 }, // U+04A1
    { 0x04A2, 91 }, // U+04A2
    { 0x04A3, 105 }, // U+04A3
    { 0x04A4, 97 }, // U+04A4
    { 0x04A5, 104 }, // U+04A5
    { 0x04A6, 85 }, // U+04A6
    { 0x04A7, 135 }, // U+04A7
    { 0x04A8, 136 }, // U+04A8
    { 0x04A9, 137 }, // U+04A9
    { 0x04AA, 82 }, // U+04AA
    { 0x04AB, 115 }, // U+04AB
    { 0x04AC, 97 }, // U+04AC
    { 0x04AD, 116 }, // U+04AD
    { 0x04AE, 138 }, // U+04AE
    { 0x04AF, 139 }, // U+04AF
    { 0x04B0, 138 }, // U+04B0
    { 0x04B1, 139 }, // U+04B1
    { 0x04B2, 99 }, // U+04B2
    { 0x04B3, 119 }, // U+04B3
    { 0x04B4, 91 }, // U+04B4
    { 0x04B5, 105 }, // U+04B5
    { 0x04B6, 91 }, // U+04B6
    { 0x04B7, 105 }, // U+04B7
    { 0x04BA, 140 }, // U+04BA
    { 0x04BB, 141 }, // U+04BB
    { 0x04BC, 142 }, // U+04BC
    { 0x04BE, 142 }, // U+04BE
    { 0x04C0, 18 }, // U+04C0
    { 0x04C1, 92 }, // U+04C1
    { 0x04C2, 107 }, // U+04C2
    { 0x04C3, 143 }, // U+04C3
    { 0x04C4, 144 }, // U+04C4
    { 0x04C6, 105 }, // U+04C6
    { 0x04C7, 84 }, // U+04C7
    { 0x04C8, 145 }, // U+04C8
    { 0x04C9, 91 }, // U+04C9
    { 0x04CA, 105 }, // U+04CA
    { 0x04CC, 112 }, // U+04CC
    { 0x04CD, 91 }, // U+04CD
    { 0x04CE, 105 }, // U+04CE
    { 0x04CF, 18 }, // U+04CF
    { 0x04D0, 89 }, // U+04D0
    { 0x04D1, 101 }, // U+04D1
    { 0x04D2, 89 }, // U+04D2
    { 0x04D3, 101 }, // U+04D3
    { 0x04D4, 146 }, // U+04D4
    { 0x04D5, 147 }, // U+04D5
    { 0x04D6, 79 }, // U+04D6
    { 0x04D7, 106 }, // U+04D7
    { 0x04D8, 148 }, // U+04D8
    { 0x04DA, 148 }, // U+04DA
    { 0x04DC, 92 }, // U+04DC
    { 0x04DD, 107 }, // U+04DD
    { 0x04DE, 93 }, // U+04DE
    { 0x04DF, 108 }, // U+04DF
    { 0x04E0, 149 }, // U+04E0
    { 0x04E1, 150 }, // U+04E1
    { 0x04E2, 18 }, // U+04E2
    { 0x04E4, 18 }, // U+04E4
    { 0x04E6, 95 }, // U+04E6
    { 0x04E7, 113 }, // U+04E7
    { 0x04E8, 95 }, // U+04E8
    { 0x04E9, 113 }, // U+04E9
    { 0x04EA, 95 }, // U+04EA
    { 0x04EB, 113 }, // U+04EB
    { 0x04EC, 100 }, // U+04EC
    { 0x04ED, 108 }, // U+04ED
    { 0x04EE, 88 }, // U+04EE
    { 0x04EF, 117 }, // U+04EF
    { 0x04F0, 88 }, // U+04F0
    { 0x04F1, 117 }, // U+04F1
    { 0x04F2, 88 }, // U+04F2
    { 0x04F3, 117 }, // U+04F3
    { 0x04F6, 81 }, // U+04F6
    { 0x04F7, 104 }, // U+04F7
    { 0x04F8, 18 }, // U+04F8
    { 0x04F9, 112 }, // U+04F9
    { 0x05D0, 151 }, // U+05D0
    { 0x05D1, 152 }, // U+05D1
    { 0x05D2, 153 }, // U+05D2
    { 0x05D3, 154 }, // U+05D3
    { 0x05D5, 155 }, // U+05D5
    { 0x05D6, 156 }, // U+05D6
    { 0x05D8, 157 }, // U+05D8
    { 0x05D9, 158 }, // U+05D9
    { 0x05DB, 159 }, // U+05DB
    { 0x05DC, 160 }, // U+05DC
    { 0x05DE, 161 }, // U+05DE
    { 0x05E0, 162 }, // U+05E0
    { 0x05E1, 163 }, // U+05E1
    { 0x05E2, 164 }, // U+05E2
    { 0x05E4, 165 }, // U+05E4
    { 0x05E6, 166 }, // U+05E6
    { 0x05E8, 167 }, // U+05E8
    { 0x05E9, 168 }, // U+05E9
    { 0x05EA, 169 }, // U+05EA
    { 0x1EF2, 33 }, // U+1EF2
    { 0x1EF3, 59 }, // U+1EF3
    { 0x2013, 7 }, // U+2013
    { 0x2014, 7 }, // U+2014
    { 0x2018, 170 }, // U+2018
    { 0x2019, 171 }, // U+2019
    { 0x201A, 172 }, // U+201A
    { 0x201C, 170 }, // U+201C
    { 0x201D, 171 }, // U+201D
    { 0x201E, 172 }, // U+201E
    { 0x2026, 6 }, // U+2026
    { 0x2039, 64 }, // U+2039
    { 0x203A, 65 }, // U+203A
    { 0xFB00, 42 }, // U+FB00
    { 0xFB01, 45 }, // U+FB01
    { 0xFB02, 48 }, // U+FB02
    { 0xFB03, 45 }, // U+FB03
    { 0xFB04, 48 }, // U+FB04
};

static const EpdKernClassEntry ubuntu_10_boldKernRightClasses[] = {
    { 0x0021, 1 }, // !
    { 0x0022, 2 }, // "
    { 0x0026, 3 }, // &
    { 0x0027, 2 }, // '
    { 0x0028, 4 }, // (
    { 0x0029, 5 }, // )
    { 0x002A, 6 }, // *
    { 0x002C, 7 }, // ,
    { 0x002D, 8 }, // -
    { 0x002E, 7 }, // .
    { 0x002F, 9 }, // /
    { 0x003A, 10 }, // :
    { 0x003B, 10 }, // ;
    { 0x003F, 11 }, // ?
    { 0x0040, 12 }, // @
    { 0x0041, 13 }, // A
    { 0x0042, 14 }, // B
    { 0x0043, 15 }, // C
    { 0x0044, 14 }, // D
    { 0x0045, 14 }, // E
    { 0x0046, 14 }, // F
    { 0x0047, 16 }, // G
    { 0x0048, 14 }, // H
    { 0x0049, 14 }, // I
    { 0x004A, 17 }, // J
    { 0x004B, 14 }, // K
    { 0x004C, 14 }, // L
    { 0x004D, 18 }, // M
    { 0x004E, 14 }, // N
    { 0x004F, 19 }, // O
    { 0x0050, 14 }, // P
    { 0x0051, 19 }, // Q
    { 0x0052, 14 }, // R
    { 0x0053, 20 }, // S
    { 0x0054, 21 }, // T
    { 0x0055, 22 }, // U
    { 0x0056, 23 }, // V
    { 0x0057, 24 }, // W
    { 0x0058, 25 }, // X
    { 0x0059, 26 }, // Y
    { 0x005A, 27 }, // Z
    { 0x005B, 28 }, // [
    { 0x005C, 29 }, // <backslash>
    { 0x005D, 30 }, // ]
    { 0x0061, 31 }, // a
    { 0x0062, 32 }, // b
    { 0x0063, 33 }, // c
    { 0x0064, 34 }, // d
    { 0x0065, 33 }, // e
    { 0x0066, 35 }, // f
    { 0x0067, 33 }, // g
    { 0x0068, 36 }, // h
    { 0x0069, 37 }, // i
    { 0x006A, 38 }, // j
    { 0x006B, 36 }, // k
    { 0x006C, 36 }, // l
    { 0x006D, 39 }, // m
    { 0x006E, 39 }, // n
    { 0x006F, 34 }, // o
    { 0x0070, 39 }, // p
    { 0x0071, 33 }, // q
    { 0x0072, 39 }, // r
    { 0x0073, 40 }, // s
    { 0x0074, 41 }, // t
    { 0x0075, 42 }, // u
    { 0x0076, 43 }, // v
    { 0x0077, 44 }, // w
    { 0x0078, 45 }, // x
    { 0x0079, 46 }, // y
    { 0x007A, 47 }, // z
    { 0x007B, 48 }, // {
    { 0x007D, 49 }, // }
    { 0x00AB, 50 }, // U+00AB
    { 0x00BB, 51 }, // U+00BB
    { 0x00C0, 13 }, // U+00C0
    { 0x00C1, 13 }, // U+00C1
    { 0x00C2, 13 }, // U+00C2
    { 0x00C3, 13 }, // U+00C3
    { 0x00C4, 13 }, // U+00C4
    { 0x00C5, 13 }, // U+00C5
    { 0x00C6, 52 }, // U+00C6
    { 0x00C7, 15 }, // U+00C7
    { 0x00C8, 14 }, // U+00C8
    { 0x00C9, 14 }, // U+00C9
    { 0x00CA, 14 }, // U+00CA
    { 0x00CB, 14 }, // U+00CB
    { 0x00CC, 14 }, // U+00CC
    { 0x00CD, 14 }, // U+00CD
    { 0x00CE, 14 }, // U+00CE
    { 0x00CF, 14 }, // U+00CF
    { 0x00D0, 14 }, // U+00D0
    { 0x00D1, 14 }, // U+00D1
    { 0x00D2, 19 }, // U+00D2
    { 0x00D3, 19 }, // U+00D3
    { 0x00D4, 19 }, // U+00D4
    { 0x00D5, 19 }, // U+00D5
    { 0x00D6, 19 }, // U+00D6
    { 0x00D8, 19 }, // U+00D8
    { 0x00D9, 22 }, // U+00D9
    { 0x00DA, 22 }, // U+00DA
    { 0x00DB, 22 }, // U+00DB
    { 0x00DC, 22 }, // U+00DC
    { 0x00DD, 26 }, // U+00DD
    { 0x00DF, 53 }, // U+00DF
    { 0x00E0, 31 }, // U+00E0
    { 0x00E1, 31 }, // U+00E1
    { 0x00E2, 31 }, // U+00E2
    { 0x00E3, 31 }, // U+00E3
    { 0x00E4, 54 }, // U+00E4
    { 0x00E5, 31 }, // U+00E5
    { 0x00E6, 31 }, // U+00E6
    { 0x00E7, 33 }, // U+00E7
    { 0x00E8, 33 }, // U+00E8
    { 0x00E9, 33 }, // U+00E9
    { 0x00EA, 33 }, // U+00EA
    { 0x00EB, 33 }, // U+00EB
    { 0x00EC, 55 }, // U+00EC
    { 0x00ED, 37 }, // U+00ED
    { 0x00EE, 56 }, // U+00EE
    { 0x00EF, 57 }, // U+00EF
    { 0x00F0, 58 }, // U+00F0
    { 0x00F1, 39 }, // U+00F1
    { 0x00F2, 34 }, // U+00F2
    { 0x00F3, 34 }, // U+00F3
    { 0x00F4, 34 }, // U+00F4
    { 0x00F5, 34 }, // U+00F5
    { 0x00F6, 34 }, // U+00F6
    { 0x00F8, 34 }, // U+00F8
    { 0x00F9, 42 }, // U+00F9
    { 0x00FA, 42 }, // U+00FA
    { 0x00FB, 42 }, // U+00FB
    { 0x00FC, 42 }, // U+00FC
    { 0x00FD, 46 }, // U+00FD
    { 0x00FF, 46 }, // U+00FF
    { 0x0100, 13 }, // U+0100
    { 0x0101, 31 }, // U+0101
    { 0x0102, 13 }, // U+0102
    { 0x0103, 31 }, // U+0103
    { 0x0104, 13 }, // U+0104
    { 0x0105, 31 }, // U+0105
    { 0x0106, 15 }, // U+0106
    { 0x0107, 33 }, // U+0107
    { 0x0108, 15 }, // U+0108
    { 0x0109, 33 }, // U+0109
    { 0x010A, 15 }, // U+010A
    { 0x010B, 33 }, // U+010B
    { 0x010C, 15 }, // U+010C
    { 0x010D, 33 }, // U+010D
    { 0x010E, 14 }, // U+010E
    { 0x010F, 34 }, // U+010F
    { 0x0111, 34 }, // U+0111
    { 0x0112, 14 }, // U+0112
    { 0x0113, 33 }, // U+0113
    { 0x0114, 14 }, // U+0114
    { 0x0115, 33 }, // U+0115
    { 0x0116, 14 }, // U+0116
    { 0x0117, 33 }, // U+0117
    { 0x0118, 14 }, // U+0118
    { 0x0119, 33 }, // U+0119
    { 0x011A, 14 }, // U+011A
    { 0x011B, 33 }, // U+011B
    { 0x011C, 16 }, // U+011C
    { 0x011D, 33 }, // U+011D
    { 0x011E, 16 }, // U+011E
    { 0x011F, 33 }, // U+011F
    { 0x0120, 16 }, // U+0120
    { 0x0121, 33 }, // U+0121
    { 0x0122, 16 }, // U+0122
    { 0x0123, 33 }, // U+0123
    { 0x0124, 14 }, // U+0124
    { 0x0125, 36 }, // U+0125
    { 0x0126, 14 }, // U+0126
    { 0x0127, 36 }, // U+0127
    { 0x0128, 14 }, // U+0128
    { 0x0129, 59 }, // U+0129
    { 0x012A, 14 }, // U+012A
    { 0x012B, 60 }, // U+012B
    { 0x012C, 14 }, // U+012C
    { 0x012D, 61 }, // U+012D
    { 0x012E, 14 }, // U+012E
    { 0x012F, 37 }, // U+012F
    { 0x0130, 14 }, // U+0130
    { 0x0131, 37 }, // U+0131
    { 0x0132, 14 }, // U+0132
    { 0x0133, 37 }, // U+0133
    { 0x0134, 17 }, // U+0134
    { 0x0135, 38 }, // U+0135
    { 0x0136, 14 }, // U+0136
    { 0x0137, 36 }, // U+0137
    { 0x0139, 14 }, // U+0139
    { 0x013A, 36 }, // U+013A
    { 0x013B, 14 }, // U+013B
    { 0x013C, 36 }, // U+013C
    { 0x013D, 14 }, // U+013D
    { 0x013E, 36 }, // U+013E
    { 0x013F, 14 }, // U+013F
    { 0x0140, 36 }, // U+0140
    { 0x0141, 14 }, // U+0141
    { 0x0142, 36 }, // U+0142
    { 0x0143, 14 }, // U+0143
    { 0x0144, 39 }, // U+0144
    { 0x0145, 14 }, // U+0145
    { 0x0146, 39 }, // U+0146
    { 0x0147, 14 }, // U+0147
    { 0x0148, 39 }, // U+0148
    { 0x0149, 39 }, // U+0149
    { 0x014A, 62 }, // U+014A
    { 0x014B, 63 }, // U+014B
    { 0x014C, 19 }, // U+014C
    { 0x014D, 34 }, // U+014D
    { 0x014E, 19 }, // U+014E
    { 0x014F, 34 }, // U+014F
    { 0x0150, 19 }, // U+0150
    { 0x0151, 34 }, // U+0151
    { 0x0152, 19 }, // U+0152
    { 0x0153, 34 }, // U+0153
    { 0x0154, 14 }, // U+0154
    { 0x0155, 39 }, // U+0155
    { 0x0156, 14 }, // U+0156
    { 0x0157, 39 }, // U+0157
    { 0x0158, 14 }, // U+0158
    { 0x0159, 39 }, // U+0159
    { 0x015A, 20 }, // U+015A
    { 0x015B, 40 }, // U+015B
    { 0x015C, 20 }, // U+015C
    { 0x015D, 40 }, // U+015D
    { 0x015E, 20 }, // U+015E
    { 0x015F, 40 }, // U+015F
    { 0x0160, 20 }, // U+0160
    { 0x0161, 40 }, // U+0161
    { 0x0162, 21 }, // U+0162
    { 0x0163, 41 }, // U+0163
    { 0x0164, 21 }, // U+0164
    { 0x0165, 41 }, // U+0165
    { 0x0166, 21 }, // U+0166
    { 0x0167, 41 }, // U+0167
    { 0x0168, 22 }, // U+0168
    { 0x0169, 42 }, // U+0169
    { 0x016A, 22 }, // U+016A
    { 0x016B, 42 }, // U+016B
    { 0x016C, 22 }, // U+016C
    { 0x016D, 42 }, // U+016D
    { 0x016E, 22 }, // U+016E
    { 0x016F, 42 }, // U+016F
    { 0x0170, 22 }, // U+0170
    { 0x0171, 42 }, // U+0171
    { 0x0172, 22 }, // U+0172
    { 0x0173, 42 }, // U+0173
    { 0x0174, 24 }, // U+0174
    { 0x0175, 44 }, // U+0175
    { 0x0176, 26 }, // U+0176
    { 0x0177, 46 }, // U+0177
    { 0x0178, 26 }, // U+0178
    { 0x0179, 27 }, // U+0179
    { 0x017A, 47 }, // U+017A
    { 0x017B, 27 }, // U+017B
    { 0x017C, 47 }, // U+017C
    { 0x017D, 27 }, // U+017D
    { 0x017E, 47 }, // U+017E
    { 0x017F, 35 }, // U+017F
    { 0x01A0, 19 }, // U+01A0
    { 0x01A1, 34 }, // U+01A1
    { 0x01AF, 22 }, // U+01AF
    { 0x01B0, 42 }, // U+01B0
    { 0x01C4, 14 }, // U+01C4
    { 0x01C5, 14 }, // U+01C5
    { 0x01C6, 34 }, // U+01C6
    { 0x01C7, 14 }, // U+01C7
    { 0x01C8, 14 }, // U+01C8
    { 0x01C9, 36 }, // U+01C9
    { 0x01CA, 14 }, // U+01CA
    { 0x01CB, 14 }, // U+01CB
    { 0x01CC, 39 }, // U+01CC
    { 0x01CD, 13 }, // U+01CD
    { 0x01CE, 31 }, // U+01CE
    { 0x01CF, 14 }, // U+01CF
    { 0x01D0, 37 }, // U+01D0
    { 0x01D1, 19 }, // U+01D1
    { 0x01D2, 34 }, // U+01D2
    { 0x01D3, 22 }, // U+01D3
    { 0x01D4, 42 }, // U+01D4
    { 0x01D5, 22 }, // U+01D5
    { 0x01D6, 42 }, // U+01D6
    { 0x01D7, 22 }, // U+01D7
    { 0x01D8, 42 }, // U+01D8
    { 0x01D9, 22 }, // U+01D9
    { 0x01DA, 42 }, // U+01DA
    { 0x01DB, 22 }, // U+01DB
    { 0x01DC, 42 }, // U+01DC
    { 0x01DD, 64 }, // U+01DD
    { 0x01DE, 13 }, // U+01DE
    { 0x01DF, 31 }, // U+01DF
    { 0x01E0, 13 }, // U+01E0
    { 0x01E1, 31 }, // U+01E1
    { 0x01E2, 52 }, // U+01E2
    { 0x01E3, 31 }, // U+01E3
    { 0x01E4, 16 }, // U+01E4
    { 0x01E5, 33 }, // U+01E5
    { 0x01E6, 16 }, // U+01E6
    { 0x01E7, 33 }, // U+01E7
    { 0x01E8, 14 }, // U+01E8
    { 0x01E9, 36 }, // U+01E9
    { 0x01EA, 19 }, // U+01EA
    { 0x01EB, 34 }, // U+01EB
    { 0x01EC, 19 }, // U+01EC
    { 0x01ED, 34 }, // U+01ED
    { 0x01EE, 65 }, // U+01EE
    { 0x01F0, 38 }, // U+01F0
    { 0x01F1, 14 }, // U+01F1
    { 0x01F2, 14 }, // U+01F2
    { 0x01F3, 34 }, // U+01F3
    { 0x01F4, 16 }, // U+01F4
    { 0x01F5, 33 }, // U+01F5
    { 0x01F8, 14 }, // U+01F8
    { 0x01F9, 39 }, // U+01F9
    { 0x01FA, 13 }, // U+01FA
    { 0x01FB, 31 }, // U+01FB
    { 0x01FC, 52 }, // U+01FC
    { 0x01FD, 31 }, // U+01FD
    { 0x01FE, 19 }, // U+01FE
    { 0x01FF, 34 }, // U+01FF
    { 0x0200, 13 }, // U+0200
    { 0x0201, 31 }, // U+0201
    { 0x0202, 13 }, // U+0202
    { 0x0203, 31 }, // U+0203
    { 0x0204, 14 }, // U+0204
    { 0x0205, 33 }, // U+0205
    { 0x0206, 14 }, // U+0206
    { 0x0207, 33 }, // U+0207
    { 0x0208, 14 }, // U+0208
    { 0x0209, 37 }, // U+0209
    { 0x020A, 14 }, // U+020A
    { 0x020B, 37 }, // U+020B
    { 0x020C, 19 }, // U+020C
    { 0x020D, 34 }, // U+020D
    { 0x020E, 19 }, // U+020E
    { 0x020F, 34 }, // U+020F
    { 0x0210, 14 }, // U+0210
    { 0x0211, 39 }, // U+0211
    { 0x0212, 14 }, // U+0212
    { 0x0213, 39 }, // U+0213
    { 0x0214, 22 }, // U+0214
    { 0x0215, 42 }, // U+0215
    { 0x0216, 22 }, // U+0216
    { 0x0217, 42 }, // U+0217
    { 0x0218, 20 }, // U+0218
    { 0x0219, 40 }, // U+0219
    { 0x021A, 21 }, // U+021A
    { 0x021B, 41 }, // U+021B
    { 0x021C, 66 }, // U+021C
    { 0x021D, 67 }, // U+021D
    { 0x021E, 14 }, // U+021E
    { 0x021F, 36 }, // U+021F
    { 0x0402, 68 }, // U+0402
    { 0x0404, 69 }, // U+0404
    { 0x0405, 70 }, // U+0405
    { 0x0408, 71 }, // U+0408
    { 0x0409, 72 }, // U+0409
    { 0x040B, 68 }, // U+040B
    { 0x040E, 73 }, // U+040E
    { 0x0410, 74 }, // U+0410
    { 0x0414, 75 }, // U+0414
    { 0x0416, 76 }, // U+0416
    { 0x0417, 77 }, // U+0417
    { 0x041B, 72 }, // U+041B
    { 0x041C, 78 }, // U+041C
    { 0x041E, 79 }, // U+041E
    { 0x0421, 69 }, // U+0421
    { 0x0422, 68 }, // U+0422
    { 0x0423, 73 }, // U+0423
    { 0x0424, 80 }, // U+0424
    { 0x0425, 81 }, // U+0425
    { 0x0427, 82 }, // U+0427
    { 0x042D, 83 }, // U+042D
    { 0x042F, 84 }, // U+042F
    { 0x0430, 85 }, // U+0430
    { 0x0431, 86 }, // U+0431
    { 0x0432, 87 }, // U+0432
    { 0x0433, 88 }, // U+0433
    { 0x0434, 89 }, // U+0434
    { 0x0435, 90 }, // U+0435
    { 0x0436, 91 }, // U+0436
    { 0x0437, 92 }, // U+0437
    { 0x0438, 88 }, // U+0438
    { 0x0439, 88 }, // U+0439
    { 0x043A, 88 }, // U+043A
    { 0x043B, 93 }, // U+043B
    { 0x043C, 94 }, // U+043C
    { 0x043D, 88 }, // U+043D
    { 0x043E, 95 }, // U+043E
    { 0x043F, 88 }, // U+043F
    { 0x0440, 96 }, // U+0440
    { 0x0441, 97 }, // U+0441
    { 0x0442, 98 }, // U+0442
    { 0x0443, 99 }, // U+0443
    { 0x0444, 100 }, // U+0444
    { 0x0445, 101 }, // U+0445
    { 0x0446, 88 }, // U+0446
    { 0x0447, 102 }, // U+0447
    { 0x0448, 88 }, // U+0448
    { 0x0449, 103 }, // U+0449
    { 0x044A, 104 }, // U+044A
    { 0x044B, 88 }, // U+044B
    { 0x044C, 88 }, // U+044C
    { 0x044D, 105 }, // U+044D
    { 0x044E, 106 }, // U+044E
    { 0x044F, 107 }, // U+044F
    { 0x0450, 90 }, // U+0450
    { 0x0451, 90 }, // U+0451
    { 0x0452, 108 }, // U+0452
    { 0x0453, 88 }, // U+0453
    { 0x0454, 109 }, // U+0454
    { 0x0455, 110 }, // U+0455
    { 0x0456, 111 }, // U+0456
    { 0x0457, 112 }, // U+0457
    { 0x0458, 113 }, // U+0458
    { 0x0459, 93 }, // U+0459
    { 0x045A, 88 }, // U+045A
    { 0x045B, 114 }, // U+045B
    { 0x045C, 88 }, // U+045C
    { 0x045D, 88 }, // U+045D
    { 0x045E, 99 }, // U+045E
    { 0x045F, 103 }, // U+045F
    { 0x0462, 68 }, // U+0462
    { 0x0463, 115 }, // U+0463
    { 0x0472, 79 }, // U+0472
    { 0x0473, 95 }, // U+0473
    { 0x0475, 99 }, // U+0475
    { 0x048B, 88 }, // U+048B
    { 0x048D, 116 }, // U+048D
    { 0x048F, 96 }, // U+048F
    { 0x0491, 88 }, // U+0491
    { 0x0493, 88 }, // U+0493
    { 0x0495, 88 }, // U+0495
    { 0x0496, 76 }, // U+0496
    { 0x0497, 91 }, // U+0497
    { 0x0498, 77 }, // U+0498
    { 0x0499, 92 }, // U+0499
    { 0x049B, 88 }, // U+049B
    { 0x049D, 88 }, // U+049D
    { 0x049F, 88 }, // U+049F
    { 0x04A1, 88 }, // U+04A1
    { 0x04A3, 88 }, // U+04A3
    { 0x04A5, 88 }, // U+04A5
    { 0x04A7, 88 }, // U+04A7
    { 0x04A8, 117 }, // U+04A8
    { 0x04A9, 118 }, // U+04A9
    { 0x04AA, 69 }, // U+04AA
    { 0x04AB, 97 }, // U+04AB
    { 0x04AC, 68 }, // U+04AC
    { 0x04AD, 98 }, // U+04AD
    { 0x04AE, 119 }, // U+04AE
    { 0x04AF, 120 }, // U+04AF
    { 0x04B0, 119 }, // U+04B0
    { 0x04B1, 120 }, // U+04B1
    { 0x04B2, 81 }, // U+04B2
    { 0x04B3, 101 }, // U+04B3
    { 0x04B4, 68 }, // U+04B4
    { 0x04B5, 98 }, // U+04B5
    { 0x04B6, 82 }, // U+04B6
    { 0x04B7, 102 }, // U+04B7
    { 0x04B8, 82 }, // U+04B8
    { 0x04B9, 102 }, // U+04B9
    { 0x04BB, 121 }, // U+04BB
    { 0x04BC, 122 }, // U+04BC
    { 0x04BD, 123 }, // U+04BD
    { 0x04BE, 122 }, // U+04BE
    { 0x04BF, 123 }, // U+04BF
    { 0x04C1, 76 }, // U+04C1
    { 0x04C2, 91 }, // U+04C2
    { 0x04C4, 88 }, // U+04C4
    { 0x04C5, 72 }, // U+04C5
    { 0x04C6, 93 }, // U+04C6
    { 0x04C8, 88 }, // U+04C8
    { 0x04CA, 88 }, // U+04CA
    { 0x04CB, 82 }, // U+04CB
    { 0x04CC, 102 }, // U+04CC
    { 0x04CE, 94 }, // U+04CE
    { 0x04D0, 74 }, // U+04D0
    { 0x04D1, 85 }, // U+04D1
    { 0x04D2, 74 }, // U+04D2
    { 0x04D3, 85 }, // U+04D3
    { 0x04D4, 124 }, // U+04D4
    { 0x04D5, 125 }, // U+04D5
    { 0x04D7, 90 }, // U+04D7
    { 0x04D8, 126 }, // U+04D8
    { 0x04D9, 127 }, // U+04D9
    { 0x04DA, 126 }, // U+04DA
    { 0x04DB, 127 }, // U+04DB
    { 0x04DC, 76 }, // U+04DC
    { 0x04DD, 91 }, // U+04DD
    { 0x04DE, 77 }, // U+04DE
    { 0x04DF, 92 }, // U+04DF
    { 0x04E0, 128 }, // U+04E0
    { 0x04E1, 129 }, // U+04E1
    { 0x04E3, 88 }, // U+04E3
    { 0x04E5, 88 }, // U+04E5
    { 0x04E6, 79 }, // U+04E6
    { 0x04E7, 95 }, // U+04E7
    { 0x04E8, 79 }, // U+04E8
    { 0x04E9, 95 }, // U+04E9
    { 0x04EA, 79 }, // U+04EA
    { 0x04EB, 95 }, // U+04EB
    { 0x04EC, 83 }, // U+04EC
    { 0x04ED, 92 }, // U+04ED
    { 0x04EE, 73 }, // U+04EE
    { 0x04EF, 99 }, // U+04EF
    { 0x04F0, 73 }, // U+04F0
    { 0x04F1, 99 }, // U+04F1
    { 0x04F2, 73 }, // U+04F2
    { 0x04F3, 99 }, // U+04F3
    { 0x04F4, 82 }, // U+04F4
    { 0x04F5, 102 }, // U+04F5
    { 0x04F7, 88 }, // U+04F7
    { 0x04F9, 88 }, // U+04F9
    { 0x05D0, 130 }, // U+05D0
    { 0x05D1, 131 }, // U+05D1
    { 0x05D2, 132 }, // U+05D2
    { 0x05D3, 133 }, // U+05D3
    { 0x05D4, 134 }, // U+05D4
    { 0x05D6, 135 }, // U+05D6
    { 0x05D7, 136 }, // U+05D7
    { 0x05D8, 137 }, // U+05D8
    { 0x05D9, 138 }, // U+05D9
    { 0x05DA, 139 }, // U+05DA
    { 0x05DB, 140 }, // U+05DB
    { 0x05DC, 141 }, // U+05DC
    { 0x05DD, 142 }, // U+05DD
    { 0x05DE, 143 }, // U+05DE
    { 0x05E1, 144 }, // U+05E1
    { 0x05E2, 145 }, // U+05E2
    { 0x05E3, 146 }, // U+05E3
    { 0x05E4, 147 }, // U+05E4
    { 0x05E5, 148 }, // U+05E5
    { 0x05E7, 149 }, // U+05E7
    { 0x05E8, 150 }, // U+05E8
    { 0x05E9, 151 }, // U+05E9
    { 0x05EA, 152 }, // U+05EA
    { 0x1EF2, 26 }, // U+1EF2
    { 0x1EF3, 46 }, // U+1EF3
    { 0x2013, 8 }, // U+2013
    { 0x2014, 8 }, // U+2014
    { 0x2018, 153 }, // U+2018
    { 0x2019, 154 }, // U+2019
    { 0x201A, 155 }, // U+201A
    { 0x201C, 153 }, // U+201C
    { 0x201D, 154 }, // U+201D
    { 0x201E, 155 }, // U+201E
    { 0x2026, 7 }, // U+2026
    { 0x2039, 50 }, // U+2039
    { 0x203A, 51 }, // U+203A
    { 0xFB00, 35 }, // U+FB00
    { 0xFB01, 35 }, // U+FB01
    { 0xFB02, 35 }, // U+FB02
    { 0xFB03, 35 }, // U+FB03
    { 0xFB04, 35 }, // U+FB04
};

static const int8_t ubuntu_10_boldKernMatrix[] = {
       0,    0,    0,    0,    0,    0,    0,    0,    0,    0,    0,    0,  -17,    0,    0,    0,  -29,    0,    0,    0,    0,    0,    6,    6,    0,    0,    0,    0,    0,    0,    0,    0,    0,    0,    0,    0,    0,    0,    0,    0,    0,    0,    0,    0,    0,    0,    0,    0,    0,    0,    0,  -36,    0,    0,    0,    0,    0,    0,    0,    0,    0,    0,    0,    0,    0,    0,    0,    6,    0,    0,  -32,  -21,    0,  -19,  -19,    0,    0,    0,    0,   -5,    0,    4,    0,    0,   -5,    0,    0,    0,  -14,  -10,    0,    0,  -15,   -5,  -10,    0,  -11,    0,    0,  -16,    0,    0,    0,    0,    0,    0,   -6,    4,   -8,   -5,    0,    0,    0,    4,    0,    0,    0,  -10,    0,    0,    0,    0,    0,  -33,   -5,    0,   -4,    0,    0,    0,    0,    0,    0,    0,    0,    0,    0,    0,    0,    0,    0,    0,    0,    0,    0,    0,    0,    0,    0,    0,    0,    0,    0,    0,    0,
       0,    0,    0,    0,    0,    0,    0,    0,    0,    0,    0,    0,   10,    0,   -7,   -7,    7,    0,   -7,    0,  -27,    0,  -23,  -13,    3,  -33,    0,    0,    0,    0,   -7,    0,   -7,   -7,    0,    0,    0,    0,    0,    0,    0,    0,  -12,  -10,    3,  -12,    0,    0,    0,    0,    0,    0,    0,   -7,    0,    0,    0,    0,    0,    0,    0,    0,    0,    0,    0,    0,    0,    0,    0,    0,    0,    0,    0,    0,    0,    0,    0,    0,    0,    0,    0,    0,    0,    0,    0,    0,    0,    0,    0,    0,    0,    0,    0,    0,    0,    0,    0,    0,    0,    0,    0,    0,    0,    0,    0,    0,    0,    0,    0,    0,    0,    0,    0,    0,    0,    0,    0,    0,    0,    0,    0,    0,    0,    0,    0,    0,    0,    0,    0,    0,    0,    0,    0,    0,    0,    0,    0,    0,    0,    0,    0,    0,    0,    0,    0,    0,    0,    0,    0,    0,    0,    0,    0,    0,    0,
       0,    0,    0,  -10,   27,   -7,    0,   -3,    0,    0,    0,  -10,    0,    0,   -7,   -7,    0,    0,   -7,    0,    8,    0,   10,    9,    9,   11,    3,    0,    0,    0,   -8,    0,  -10,  -10,   -4,    0,    4,   28,   -7,   -6,    0,   -8,   -3,   -3,    0,   10,    0,    0,    0,    0,    0,    0,   -5,   -8,    4,    4,    4,  -10,    4,    4,    4,    0,    0,    0,    0,    0,    0,    8,   -7,   -4,    0,    0,    6,    0,    7,    7,    0,    0,   -7,  -10,    9,    0,    0,    0,   -8,   -4,   -5,   -5,    7,   -8,    0,    0,    0,   -3,  -10,    0,   -8,    0,   10,  -12,    0,   -7,   -5,    0,    0,   -5,    0,    6,   -6,   -6,    4,    4,   28,    6,    0,    0,  -11,  -10,    8,    0,    0,    0,   -5,    4,   -6,   -4,   -6,    0,    4,    0,    0,    0,    0,    0,    0,    0,    0,    0,    0,    0,    0,    0,    0,    0,    0,    0,    0,    0,    0,    0,    0,    0,    0,    0,    0,
       0,    0,    0,   -8,    0,   -6,    0,    7,    0,    0,    0,   -4,   -7,    0,    0,    0,   -4,    0,    0,    0,   -6,    0,  -11,   -4,   -7,  -13,   -4,    0,    0,    0,    0,    0,    0,    0,    0,    0,    0,    0,    0,    0,    0,    0,    0,    0,   -5,    0,    0,    0,    0,    0,    0,   -7,    0,    0,    0,    0,    0,    0,    0,    0,    0,   -7,    0,    0,    0,    0,    0,   -6,    0,   -5,   -4,    0,   -7,   -7,    0,   -5,   -5,    0,    0,    0,   -7,    0,   -7,   -7,    0,    0,    0,    0,    0,    0,    0,    0,    0,    0,    0,    0,    0,    0,    0,    0,   -5,    0,    0,    0,    0,    0,    0,   -6,    0,    0,    0,    0,    0,    0,    0,    0,    0,    0,  -11,    0,    0,    0,    0,    0,    0,    0,    0,   -6,   -6,    0,    0,    0,    0,    0,    0,    0,    0,    0,    0,    0,    0,    0,    0,    0,    0,    0,    0,    0,    0,    0,    0,    0,    0,    0,    0,
       0,    0,    0,    0,    0,    0,    0,    0,    0,    0,    0,   -6,  -27,    0,    0,    0,  -35,   -3,    0,    0,    0,    0,    0,    0,   -7,   -3,    0,    0,    0,    0,   -6,    0,  -10,  -10,    0,    0,    0,   -3,    0,   -3,    0,    0,    5,    5,    4,    5,    0,    0,    0,    0,    0,  -46,    0,   -6,    0,    0,    0,  -16,    0,    0,    0,   -4,    0,    0,    0,    0,    0,    0,    0,    0,  -35,  -25,   -4,  -27,  -24,   -6,   -5,   -3,    0,    0,   -7,    0,   -5,    0,   -6,    0,    0,    0,  -15,   -5,    0,    0,  -15,   -5,  -10,    0,   -5,    0,    0,   -6,    4,    0,    0,    0,    0,    0,   -4,    0,   -3,   -3,    0,    0,   -3,    0,    0,    0,    0,   -5,    0,    0,    0,    0,    0,  -24,   -4,   -4,    0,   -4,    0,    0,    0,    0,    0,    0,    0,    0,    0,    0,    0,    0,    0,    0,    0,    0,    0,    0,    0,    0,    0,    0,    0,    0,    0,    0,    0,
       0,    0,    0,    0,    0,    0,    0,    0,    0,    0,    0,    0,   10,    0,  -13,  -13,   13,    0,  -13,    4,  -27,  -10,  -27,  -14,    8,  -32,    7,    0,    0,    0,  -10,    0,  -10,  -10,    0,    0,    0,    0,    0,    0,    0,    0,  -19,  -18,    7,  -19,    6,    0,    0,    0,    0,    8,    0,  -10,    0,    0,    0,   -7,    0,    0,    0,    0,    0,    0,    0,    0,    0,  -27,   -5,    4,   13,    8,    0,   10,    9,    4,    5,    0,  -13,  -13,    8,  -25,    0,    0,    0,    0,    0,    0,    9,    0,    0,    5,    9,    0,  -10,    0,    0,  -12,  -10,    0,    7,  -15,    0,   -6,    5,    0,    0,    0,    0,    0,    0,    0,    0,    0,   -5,    0,   -6,    0,  -21,  -11,    0,  -28,  -16,   10,    0,   -3,    0,    4,  -14,    0,    0,    0,    0,    0,    0,    0,    0,    0,    0,    0,    0,    0,    0,    0,    0,    0,    0,    0,    0,    0,    0,    0,    0,    0,    0,
       0,    0,    0,    0,    0,    0,    0,    0,    0,    0,    0,    0,    0,    0,    7,    7,   -5,    0,    7,    0,  -18,    0,  -10,    0,  -11,  -22,   -3,    0,    0,    0,    5,    0,    4,    4,    7,    0,    0,    0,    0,    0,    0,    0,    0,    3,   -7,    0,    0,    0,    0,    0,    0,  -15,    0,    5,    0,    0,    0,    4,    0,    0,    0,    6,    0,    0,    0,    0,    0,  -18,    7,   -3,   -5,    0,   -8,    0,    0,  -10,    0,    0,    7,    6,  -11,    0,   -5,    0,    5,    8,    4,    4,    0,    8,   -8,    0,    0,    0,    4,    4,    8,    0,    0,    8,   -7,    7,    4,    0,    0,    4,    4,    0,   10,    0,    4,    4,    4,    0,    0,    5,    7,    8,  -15,    0,    4,    0,    9,    0,    0,    7,    8,   -5,    0,    0,    0,    0,    0,    0,    0,    0,    0,    0,    0,    0,    0,    0,    0,    0,    0,    0,    0,    0,    0,    0,    0,    0,    0,    0,    0,
       0,    0,    0,    0,    0,    0,    0,    0,    0,    0,    0,  -12,  -22,    0,   -8,   -8,  -24,    0,   -8,    0,   14,    0,   16,   14,   11,   17,    6,    0,    0,    0,  -13,    6,  -19,  -19,    0,    6,    5,    5,  -11,  -10,    0,   -6,    0,    0,    0,    0,   -3,    0,    0,    0,    0,  -40,    0,  -13,    5,    5,    5,  -16,    5,    5,    5,    0,    0,    0,    0,    0,    0,   14,   -6,    0,  -24,  -18,    7,  -22,  -17,    9,    0,    0,   -8,   -6,   11,    4,    0,   -6,  -13,   -4,   -5,   -5,  -15,  -11,    0,    0,  -15,   -9,  -19,   -5,  -11,    0,    0,  -12,    0,    0,   -5,    0,    0,   -4,   -9,    8,   -9,  -10,    5,    5,    5,    8,    0,    0,   -6,  -11,   10,    0,    0,    0,    0,  -18,   -7,    0,   -6,    0,   -3,    0,    0,    0,    0,    0,    0,    0,    0,    0,    0,    0,    0,    0,    0,    0,    0,    0,    0,    0,    0,    0,    0,    0,    0,    0,    0,
       0,    0,    0,    0,    0,    0,    0,    0,    0,    0,    0,    0,    6,    0,    0,    0,    8,    0,    0,    0,  -21,    0,   -4,    0,    5,  -13,    4,    0,    0,    0,    0,    0,    0,    0,    0,    0,    0,    0,    0,    0,    0,    0,    5,    5,    4,    5,    3,    0,    0,    0,    0,    5,    0,    0,    0,    0,    0,    0,    0,    0,    0,    0,    0,    0,    0,    0,    0,  -21,    0,    0,    8,    0,    0,    6,    0,    0,    0,    0,    0,    0,    5,    0,    0,    0,    0,    0,    0,    0,    0,    0,    0,    0,    5,    0,    0,    0,    0,    0,    0,    0,    4,    0,    0,    0,    0,    0,    0,    0,    0,    0,    0,    0,    0,    0,    5,    5,    0,    0,   -7,    0,    0,    5,    5,    7,    0,    0,    0,    0,    0,    0,    0,    0,    0,    0,    0,    0,    0,    0,    0,    0,    0,    0,    0,    0,    0,    0,    0,    0,    0,    0,    0,    0,    0,    0,    0,
       0,    0,    0,    0,    0,    0,    0,    0,    0,    0,    0,    0,   -7,    0,    0,    0,   -6,    0,    0,    0,  -12,    0,  -10,   -4,   -8,  -14,   -4,    0,    0,    0,    0,    0,    0,    0,    0,    0,    0,    0,    0,    0,    0,    0,    0,    0,   -3,    0,    0,    0,    0,    0,    0,  -18,    0,    0,    0,    0,    0,    0,    0,    0,    0,   -5,    0,    0,    0,    0,    0,  -12,    0,   -4,   -6,    0,   -8,   -7,    0,  -11,   -6,    0,    0,    0,   -8,    0,   -9,   -6,    0,    0,    0,    0,    0,    0,    0,    0,    0,    0,    0,    0,    0,    0,    0,    0,   -3,    0,    0,    0,    0,    0,    0,   -5,    0,    0,    0,    0,    0,    0,    0,    0,    0,    0,  -12,    0,    0,    0,    0,   -6,    0,    0,    0,   -6,    0,    0,    0,    0,    0,    0,    0,    0,    0,    0,    0,    0,    0,    0,    0,    0,    0,    0,    0,    0,    0,    0,    0,    0,    0,    0,    0,
       0,  -17,    0,   -6,    0,  -27,   10,    0,    8,    6,  -11,    0,   12,    0,   -8,   -8,   11,    0,   -8,    6,  -27,   -7,  -22,  -13,   12,  -33,    8,    0,  -27,   -9,   -4,    0,   -4,   -4,    0,    0,    0,    0,    0,    3,    0,    0,  -12,   -9,    8,  -12,    5,   -3,    0,   -5,    4,    7,    0,   -4,    0,    0,    0,   -5,    0,    0,    0,    0,    0,    0,    0,  -15,    0,    0,    0,    0,    0,    0,    0,    0,    0,    0,    0,    0,    0,    0,    0,    0,    0,    0,    0,    0,    0,    0,    0,    0,    0,    0,    0,    0,    0,    0,    0,    0,    0,    0,    0,    0,    0,    0,    0,    0,    0,    0,    0,    0,    0,    0,    0,    0,    0,    0,    0,    0,    0,    0,    0,    0,    0,    0,    0,    0,    0,    0,    0,    0,    0,    0,    0,    0,    0,    0,    0,    0,    0,    0,    0,    0,    0,    0,    0,    0,    0,    0,    0,    0,    0,    0,  -25,  -22,   14,
       0,    0,    0,    0,   -4,   -4,    0,    4,  -10,    4,   -7,    0,   -3,    0,    0,    0,    0,    0,    0,    0,   -6,    0,  -10,   -3,   -7,  -11,    0,    0,   -7,   -8,    0,    0,    0,    0,    0,    0,    0,    0,    0,    0,    0,    0,   -3,    0,   -3,   -3,   -3,    0,   -3,    3,    4,   -9,    0,    0,    0,    0,    0,    0,    0,    0,    0,    0,    0,    0,    0,   -5,    0,    0,    0,    0,    0,    0,    0,    0,    0,    0,    0,    0,    0,    0,    0,    0,    0,    0,    0,    0,    0,    0,    0,    0,    0,    0,    0,    0,    0,    0,    0,    0,    0,    0,    0,    0,    0,    0,    0,    0,    0,    0,    0,    0,    0,    0,    0,    0,    0,    0,    0,    0,    0,    0,    0,    0,    0,    0,    0,    0,    0,    0,    0,    0,    0,    0,    0,    0,    0,    0,    0,    0,    0,    0,    0,    0,    0,    0,    0,    0,    0,    0,    0,    0,    0,    0,    0,    0,    4,
       0,    0,    3,   -4,    5,   -3,    8,   -4,    4,    6,    5,    0,    9,    0,   -8,   -8,   10,    0,   -8,    6,    7,    0,    7,    6,    9,    8,    6,    0,    7,    9,    3,    0,   -4,   -4,    0,    0,    0,    0,    0,    2,    0,   -4,    0,    0,    8,    0,    5,    0,    0,   -8,    5,    9,    0,    3,    0,    0,    0,   -3,    0,    0,    0,    0,    0,    0,    0,    0,    0,    0,    0,    0,    0,    0,    0,    0,    0,    0,    0,    0,    0,    0,    0,    0,    0,    0,    0,    0,    0,    0,    0,    0,    0,    0,    0,    0,    0,    0,    0,    0,    0,    0,    0,    0,    0,    0,    0,    0,    0,    0,    0,    0,    0,    0,    0,    0,    0,    0,    0,    0,    0,    0,    0,    0,    0,    0,    0,    0,    0,    0,    0,    0,    0,    0,    0,    0,    0,    0,    0,    0,    0,    0,    0,    0,    0,    0,    0,    0,    0,    0,    0,    0,    0,    0,    7,   12,   13,
       0,    0,    0,    0,   -7,    0,  -13,    7,  -17,    0,   -6,    0,   -8,    0,    0,    0,   -8,    0,    0,    0,   -8,    0,   -8,   -3,  -13,  -15,   -3,    0,    0,   -7,    0,    0,    0,    0,    0,    0,    0,    0,    0,    0,    0,    0,    0,    0,    0,    0,    0,    0,   -5,    3,    0,  -20,    0,    0,    0,    0,    0,    0,    0,    0,    0,    0,    0,    0,   -5,   -7,    0,    0,    0,    0,    0,    0,    0,    0,    0,    0,    0,    0,    0,    0,    0,    0,    0,    0,    0,    0,    0,    0,    0,    0,    0,    0,    0,    0,    0,    0,    0,    0,    0,    0,    0,    0,    0,    0,    0,    0,    0,    0,    0,    0,    0,    0,    0,    0,    0,    0,    0,    0,    0,    0,    0,    0,    0,    0,    0,    0,    0,    0,    0,    0,    0,    0,    0,    0,    0,    0,    0,    0,    0,    0,    0,    0,    0,    0,    0,    0,    0,    0,    0,    0,    0,    0,    0,    3,   -4,
       0,    0,    0,    0,    0,    0,    0,    0,    0,    0,    0,    0,    0,    0,    0,    0,    8,    0,   -6,    0,    0,    0,    4,    0,    7,    3,    4,    0,    0,    0,   -4,    0,   -4,   -4,    0,    0,    0,    0,    0,    0,    0,    0,    0,    0,    7,    0,    0,    0,    0,    0,    4,    6,    0,   -4,    0,    0,    0,   -3,    0,    0,    0,    3,    0,    0,    0,    0,    0,    0,    0,    0,    0,    0,    0,    0,    0,    0,    0,    0,    0,    0,    0,    0,    0,    0,    0,    0,    0,    0,    0,    0,    0,    0,    0,    0,    0,    0,    0,    0,    0,    0,    0,    0,    0,    0,    0,    0,    0,    0,    0,    0,    0,    0,    0,    0,    0,    0,    0,    0,    0,    0,    0,    0,    0,    0,    0,    0,    0,    0,    0,    0,    0,    0,    0,    0,    0,    0,    0,    0,    0,    0,    0,    0,    0,    0,    0,    0,    0,    0,    0,    0,    0,    0,    4,    6,   13,
       0,    0,   -7,   -5,    7,    0,  -21,    5,  -26,    0,    7,   -3,  -16,    0,   -3,   -3,  -25,   -3,   -3,    0,    7,    0,    9,    7,    4,    9,    0,    0,   10,    9,   -8,    0,   -3,   -3,    0,    0,    0,    0,   -7,   -4,    0,   -7,    0,    0,   -3,    0,   -7,    0,    0,    0,   -4,  -39,    0,   -8,    0,    0,    0,   -3,    0,    0,    0,    0,    0,    0,    0,    0,    0,    0,    0,    0,    0,    0,    0,    0,    0,    0,    0,    0,    0,    0,    0,    0,    0,    0,    0,    0,    0,    0,    0,    0,    0,    0,    0,    0,    0,    0,    0,    0,    0,    0,    0,    0,    0,    0,    0,    0,    0,    0,    0,    0,    0,    0,    0,    0,    0,    0,    0,    0,    0,    0,    0,    0,    0,    0,    0,    0,    0,    0,    0,    0,    0,    0,    0,    0,    0,    0,    0,    0,    0,    0,    0,    0,    0,    0,    0,    0,    0,    0,    0,    0,    0,    0,   13,   12,  -21,
       0,    0,    0,    0,    0,   -9,    7,    6,    0,    3,    0,    0,    0,    0,    0,    0,    0,    0,    0,    0,   -3,    0,   -7,   -7,    0,   -7,    0,    0,    0,    0,    0,    0,    0,    0,    0,    0,    0,    0,    0,    0,    0,    0,   -4,    0,    0,   -4,    0,    0,    0,    0,    0,    0,    0,    0,    0,    0,    0,    0,    0,    0,    0,    0,    0,    0,    0,    0,    0,    0,    0,    0,    0,    0,    0,    0,    0,    0,    0,    0,    0,    0,    0,    0,    0,    0,    0,    0,    0,    0,    0,    0,    0,    0,    0,    0,    0,    0,    0,    0,    0,    0,    0,    0,    0,    0,    0,    0,    0,    0,    0,    0,    0,    0,    0,    0,    0,    0,    0,    0,    0,    0,    0,    0,    0,    0,    0,    0,    0,    0,    0,    0,    0,    0,    0,    0,    0,    0,    0,    0,    0,    0,    0,    0,    0,    0,    0,    0,    0,    0,    0,    0,    0,    0,   -3,    0,    8,
       0,    0,    0,    0,    0,    0,    0,    0,   -3,    0,    0,    0,    0,    0,    0,    0,    0,    0,    0,    0,    0,    0,    0,    0,    0,    0,    0,    0,    0,    0,    0,    0,    0,    0,    0,    0,    0,    0,    0,    0,    0,    0,    0,    0,    0,    0,    0,    0,    0,    0,    0,    0,    0,    0,    0,    0,    0,    0,    0,    0,    0,    0,    0,    0,    0,    0,    0,    0,    0,    0,    0,    0,    0,    0,    0,    0,    0,    0,    0,    0,    0,    0,    0,    0,    0,    0,    0,    0,    0,    0,    0,    0,    0,    0,    0,    0,    0,    0,    0,    0,    0,    0,    0,    0,    0,    0,    0,    0,    0,    0,    0,    0,    0,    0,    0,    0,    0,    0,    0,    0,    0,    0,    0,    0,    0,    0,    0,    0,    0,    0,    0,    0,    0,    0,    0,    0,    0,    0,    0,    0,    0,    0,    0,    0,    0,    0,    0,    0,    0,    0,    0,    0,    0,    0,    0,
       0,    0,    0,    0,    0,    0,    0,    0,  -10,    0,    0,    0,   -6,    0,    0,    0,   -4,    0,    0,    0,    0,    0,    0,    0,    0,    0,    0,    0,    3,    0,    0,    0,    0,    0,    0,    0,    0,    0,    0,    0,    0,    0,    0,    0,    0,    0,    0,    0,    0,    0,    3,  -13,    0,    0,    0,    0,    0,    0,    0,    0,    0,    0,    0,    0,    0,    0,    0,    0,    0,    0,    0,    0,    0,    0,    0,    0,    0,    0,    0,    0,    0,    0,    0,    0,    0,    0,    0,    0,    0,    0,    0,    0,    0,    0,    0,    0,    0,    0,    0,    0,    0,    0,    0,    0,    0,    0,    0,    0,    0,    0,    0,    0,    0,    0,    0,    0,    0,    0,    0,    0,    0,    0,    0,    0,    0,    0,    0,    0,    0,    0,    0,    0,    0,    0,    0,    0,    0,    0,    0,    0,    0,    0,    0,    0,    0,    0,    0,    0,    0,    0,    0,    0,    5,    5,    0,
       0,    0,   -7,   -6,    8,  -13,   10,  -17,    8,    3,    0,   -5,    8,    0,  -18,  -18,    7,    0,  -18,    0,    8,    0,    6,    4,   12,    6,    8,    0,    7,    9,   -3,    0,  -13,  -13,    0,    0,    0,    0,    0,    3,   -3,  -11,  -15,  -15,   11,  -15,    7,   -4,    0,  -17,    0,    9,    0,   -3,    0,    0,   14,  -11,   12,   10,    3,    0,    0,   -6,    0,    0,    0,    0,    0,    0,    0,    0,    0,    0,    0,    0,    0,    0,    0,    0,    0,    0,    0,    0,    0,    0,    0,    0,    0,    0,    0,    0,    0,    0,    0,    0,    0,    0,    0,    0,    0,    0,    0,    0,    0,    0,    0,    0,    0,    0,    0,    0,    0,    0,    0,    0,    0,    0,    0,    0,    0,    0,    0,    0,    0,    0,    0,    0,    0,    0,    0,    0,    0,    0,    0,    0,    0,    0,    0,    0,    0,    0,    0,    0,    0,    0,    0,    0,    0,    0,    0,    0,    0,    0,   10,
       3,  -32,    3,    0,    0,  -34,   13,   -7,    6,    8,  -12,    0,   10,    0,   -7,   -7,   10,    3,   -7,    6,  -26,   -3,  -28,  -17,   10,  -33,    6,    0,  -27,  -11,    4,    0,    0,    0,    0,    0,    0,    0,    0,    3,    0,    0,  -16,  -10,   10,  -16,    5,   -5,   -4,   -6,    7,   10,    0,    4,    0,    0,    0,    0,    0,    0,    0,    0,    0,    0,    0,  -17,    0,    0,    0,    0,    0,    0,    0,    0,    0,    0,    0,    0,    0,    0,    0,    0,    0,    0,    0,    0,    0,    0,    0,    0,    0,    0,    0,    0,    0,    0,    0,    0,    0,    0,    0,    0,    0,    0,    0,    0,    0,    0,    0,    0,    0,    0,    0,    0,    0,    0,    0,    0,    0,    0,    0,    0,    0,    0,    0,    0,    0,    0,    0,    0,    0,    0,    0,    0,    0,    0,    0,    0,    0,    0,    0,    0,    0,    0,    0,    0,    0,    0,    0,    0,    0,    0,  -21,  -18,   16,
       0,    0,    0,    0,    0,   -3,    0,    0,   -3,    0,   -5,    0,    0,    0,    0,    0,    0,    0,    0,    0,   -3,    0,   -3,    0,    0,   -5,    0,    0,   -7,    0,    0,    0,    0,    0,    0,    0,    0,    0,    0,    0,    0,    0,    0,    0,    0,    0,    0,    0,    0,    0,    0,    0,    0,    0,    0,    0,    0,    0,    0,    0,    0,    0,    0,    0,    0,    0,    0,    0,    0,    0,    0,    0,    0,    0,    0,    0,    0,    0,    0,    0,    0,    0,    0,    0,    0,    0,    0,    0,    0,    0,    0,    0,    0,    0,    0,    0,    0,    0,    0,    0,    0,    0,    0,    0,    0,    0,    0,    0,    0,    0,    0,    0,    0,    0,    0,    0,    0,    0,    0,    0,    0,    0,    0,    0,    0,    0,    0,    0,    0,    0,    0,    0,    0,    0,    0,    0,    0,    0,    0,    0,    0,    0,    0,    0,    0,    0,    0,    0,    0,    0,    0,    0,   -7,   -5,    0,
       0,    0,    0,    0,   -7,    0,  -13,    7,  -17,    0,   -6,    0,   -8,    0,    0,    0,   -8,    0,    0,    0,   -8,    0,   -8,   -3,  -13,  -15,   -3,    0,    0,   -7,    0,    0,    0,    0,    0,    0,    0,    0,    0,    0,    0,    0,    0,    0,    0,    0,    0,    0,   -4,    3,    0,  -20,    0,    0,    0,    0,    0,    0,    0,    0,    0,    0,    0,    0,   -4,   -7,    0,    0,    0,    0,    0,    0,    0,    0,    0,    0,    0,    0,    0,    0,    0,    0,    0,    0,    0,    0,    0,    0,    0,    0,    0,    0,    0,    0,    0,    0,    0,    0,    0,    0,    0,    0,    0,    0,    0,    0,    0,    0,    0,    0,    0,    0,    0,    0,    0,    0,    0,    0,    0,    0,    0,    0,    0,    0,    0,    0,    0,    0,    0,    0,    0,    0,    0,    0,    0,    0,    0,    0,    0,    0,    0,    0,    0,    0,    0,    0,    0,    0,    0,    0,    0,    0,    0,    3,   -4,
       0,    0,   -7,    0,   -3,    0,  -35,    0,  -26,    4,    0,    0,  -23,    0,    0,    0,  -30,    0,    0,    0,    4,    0,    0,    0,   -7,   -3,    0,   -5,    0,   -4,   -7,    0,   -5,   -5,    0,    0,    0,    0,    0,    0,    0,    0,    7,    7,    4,    7,    0,    0,   -3,   -3,    4,  -42,    0,   -7,    0,    0,    0,   -8,    0,    0,    0,    0,    0,    0,    0,    0,    0,    0,    0,    0,    0,    0,    0,    0,    0,    0,    0,    0,    0,    0,    0,    0,    0,    0,    0,    0,    0,    0,    0,    0,    0,    0,    0,    0,    0,    0,    0,    0,    0,    0,    0,    0,    0,    0,    0,    0,    0,    0,    0,    0,    0,    0,    0,    0,    0,    0,    0,    0,    0,    0,    0,    0,    0,    0,    0,    0,    0,    0,    0,    0,    0,    0,    0,    0,    0,    0,    0,    0,    0,    0,    0,    0,    0,    0,    0,    0,    0,    0,    0,    0,    0,    0,   10,   10,  -31,
       0,    0,    0,    0,   -7,    0,  -13,    7,  -17,    0,   -6,    0,   -8,    0,    0,    0,   -8,    0,    0,    0,   -8,    0,   -8,   -3,  -13,  -15,   -3,    0,    0,   -7,    0,    0,    0,    0,    0,    0,    0,    5,    0,    0,    0,    0,    0,    0,    0,    0,    0,    0,    0,    3,    0,  -20,    0,    0,    0,    0,    0,    0,    0,    0,    0,    0,    0,    0,   -4,    0,    0,    0,    0,    0,    0,    0,    0,    0,    0,    0,    0,    0,    0,    0,    0,    0,    0,    0,    0,    0,    0,    0,    0,    0,    0,    0,    0,    0,    0,    0,    0,    0,    0,    0,    0,    0,    0,    0,    0,    0,    0,    0,    0,    0,    0,    0,    0,    0,    0,    0,    0,    0,    0,    0,    0,    0,    0,    0,    0,    0,    0,    0,    0,    0,    0,    0,    0,    0,    0,    0,    0,    0,    0,    0,    0,    0,    0,    0,    0,    0,    0,    0,    0,    0,    0,    0,    0,    3,   -4,
       0,    0,    0,    0,    0,   -3,    8,   -7,    6,    4,   -5,   -3,   10,    0,   -6,   -6,    9,    0,   -6,    0,   -3,   -3,   -5,    0,    7,  -11,    6,    0,   -3,   -8,   -8,    0,   -8,   -8,    0,    0,    0,    0,    0,    0,   -3,   -3,    0,    0,    6,    0,    3,    0,    0,   -7,    0,    7,    0,   -8,    0,    0,    0,   -9,    0,    0,    0,    0,    0,    0,    0,    0,    0,    0,    0,    0,    0,    0,    0,    0,    0,    0,    0,    0,    0,    0,    0,    0,    0,    0,    0,    0,    0,    0,    0,    0,    0,    0,    0,    0,    0,    0,    0,    0,    0,    0,    0,    0,    0,    0,    0,    0,    0,    0,    0,    0,    0,    0,    0,    0,    0,    0,    0,    0,    0,    0,    0,    0,    0,    0,    0,    0,    0,    0,    0,    0,    0,    0,    0,    0,    0,    0,    0,    0,    0,    0,    0,    0,    0,    0,    0,    0,    0,    0,    0,    0,    0,    0,    4,    4,   11,
       0,    0,    0,    0,   -3,  -12,    3,    9,   -5,    0,   -3,    0,    0,    0,    0,    0,    0,    0,    0,    0,   -7,    0,   -3,   -3,    0,   -3,    0,    0,    0,    0,    4,    0,    0,    0,    0,    0,    0,    0,    0,    0,    0,    0,   -5,   -4,   -4,   -5,    0,    0,    0,    5,    0,   -7,    0,    4,    0,    0,    0,    0,    0,    0,    0,    0,    0,    0,    0,    0,    0,    0,    0,    0,    0,    0,    0,    0,    0,    0,    0,    0,    0,    0,    0,    0,    0,    0,    0,    0,    0,    0,    0,    0,    0,    0,    0,    0,    0,    0,    0,    0,    0,    0,    0,    0,    0,    0,    0,    0,    0,    0,    0,    0,    0,    0,    0,    0,    0,    0,    0,    0,    0,    0,    0,    0,    0,    0,    0,    0,    0,    0,    0,    0,    0,    0,    0,    0,    0,    0,    0,    0,    0,    0,    0,    0,    0,    0,    0,    0,    0,    0,    0,    0,    0,    0,   -7,    0,    6,
       0,    0,   -7,   -6,    8,    0,  -27,  -18,  -33,  -20,    9,  -12,  -27,    0,   -8,   -8,  -28,   -3,   -8,    0,    9,    0,   10,    9,    9,   11,    3,    0,   13,   10,  -25,    0,  -25,  -25,    0,    0,    0,    0,  -23,  -24,    0,  -23,  -25,  -25,  -25,  -25,  -24,   -6,    0,  -25,  -22,  -38,    0,  -25,   -3,    9,   15,  -31,   15,   11,   10,    0,  -18,  -20,    0,    0,    0,    0,    0,    0,    0,    0,    0,    0,    0,    0,    0,    0,    0,    0,    0,    0,    0,    0,    0,    0,    0,    0,    0,    0,    0,    0,    0,    0,    0,    0,    0,    0,    0,    0,    0,    0,    0,    0,    0,    0,    0,    0,    0,    0,    0,    0,    0,    0,    0,    0,    0,    0,    0,    0,    0,    0,    0,    0,    0,    0,    0,    0,    0,    0,    0,    0,    0,    0,    0,    0,    0,    0,    0,    0,    0,    0,    0,    0,    0,    0,    0,    0,    0,    0,    0,    0,    9,    7,  -18,
       0,    0,    0,    0,    0,    0,  -10,    0,  -18,    3,    0,    0,   -7,    0,    0,    0,   -6,    0,    0,    0,    0,    0,    0,    0,    0,    0,    0,    0,    3,    0,    0,    0,    0,    0,    0,    0,    0,    0,    0,    0,    0,    0,    0,    0,    0,    0,    0,    0,    0,    0,    0,  -18,    0,    0,    0,    0,    0,    0,    0,    0,    0,    0,    0,    0,    0,    0,    0,    0,    0,    0,    0,    0,    0,    0,    0,    0,    0,    0,    0,    0,    0,    0,    0,    0,    0,    0,    0,    0,    0,    0,    0,    0,    0,    0,    0,    0,    0,    0,    0,    0,    0,    0,    0,    0,    0,    0,    0,    0,    0,    0,    0,    0,    0,    0,    0,    0,    0,    0,    0,    0,    0,    0,    0,    0,    0,    0,    0,    0,    0,    0,    0,    0,    0,    0,    0,    0,    0,    0,    0,    0,    0,    0,    0,    0,    0,    0,    0,    0,    0,    0,    0,    0,    2,    8,    0,
       0,    6,  -10,  -10,   11,    0,  -27,  -10,  -31,   -4,    9,  -10,  -22,    0,   -8,   -8,  -29,   -3,   -8,    0,   11,    0,   12,   11,   11,   13,    5,    0,   13,   12,  -14,    0,  -18,  -18,    0,    0,    0,    0,   -8,  -13,    0,   -7,    0,    0,    0,    0,   -4,   -6,    0,  -13,    0,  -49,    0,  -14,    7,    0,   17,  -20,   15,   12,   11,    0,   -6,   -7,    0,    0,    0,    0,    0,    0,    0,    0,    0,    0,    0,    0,    0,    0,    0,    0,    0,    0,    0,    0,    0,    0,    0,    0,    0,    0,    0,    0,    0,    0,    0,    0,    0,    0,    0,    0,    0,    0,    0,    0,    0,    0,    0,    0,    0,    0,    0,    0,    0,    0,    0,    0,    0,    0,    0,    0,    0,    0,    0,    0,    0,    0,    0,    0,    0,    0,    0,    0,    0,    0,    0,    0,    0,    0,    0,    0,    0,    0,    0,    0,    0,    0,    0,    0,    0,    0,    0,    0,    9,   12,  -21,
       0,    6,   -7,   -4,    9,    0,  -15,    0,  -21,    0,    8,   -4,  -13,    0,   -3,   -3,  -16,    0,   -3,    0,    9,    0,   11,    9,    9,   12,    4,    0,   13,   11,   -9,    0,  -11,  -11,    0,    0,    0,    0,   -5,   -5,    0,   -5,    4,    4,    3,    4,    0,   -3,    0,   -5,    0,  -18,    0,   -9,    0,    0,   15,  -12,   14,    0,    0,    0,    0,    0,    0,    0,    0,    0,    0,    0,    0,    0,    0,    0,    0,    0,    0,    0,    0,    0,    0,    0,    0,    0,    0,    0,    0,    0,    0,    0,    0,    0,    0,    0,    0,    0,    0,    0,    0,    0,    0,    0,    0,    0,    0,    0,    0,    0,    0,    0,    0,    0,    0,    0,    0,    0,    0,    0,    0,    0,    0,    0,    0,    0,    0,    0,    0,    0,    0,    0,    0,    0,    0,    0,    0,    0,    0,    0,    0,    0,    0,    0,    0,    0,    0,    0,    0,    0,    0,    0,    0,    0,    9,   13,   -8,
       0,    0,   -7,   -6,    9,   -9,    8,  -11,    8,    6,    7,   -5,   12,    0,  -13,  -13,    8,    0,  -13,    6,    9,    0,   10,    9,   12,   11,    8,    0,   10,   10,  -10,    0,  -10,  -10,    0,    0,    0,    0,    0,    3,    0,   -8,   -8,   -8,    8,   -8,    5,   -4,    0,  -12,    0,   12,    0,  -10,    0,    0,   13,   -7,   13,    7,    3,    0,    0,   -5,    0,    0,    0,    0,    0,    0,    0,    0,    0,    0,    0,    0,    0,    0,    0,    0,    0,    0,    0,    0,    0,    0,    0,    0,    0,    0,    0,    0,    0,    0,    0,    0,    0,    0,    0,    0,    0,    0,    0,    0,    0,    0,    0,    0,    0,    0,    0,    0,    0,    0,    0,    0,    0,    0,    0,    0,    0,    0,    0,    0,    0,    0,    0,    0,    0,    0,    0,    0,    0,    0,    0,    0,    0,    0,    0,    0,    0,    0,    0,    0,    0,    0,    0,    0,    0,    0,    0,    0,    3,    5,   11,
       4,    0,  -17,  -13,   11,   -3,  -32,  -22,  -33,  -13,   10,  -20,  -33,    0,  -15,  -15,  -28,   -5,  -15,   -3,   11,    0,   13,   11,   11,   14,    6,    0,   13,   13,  -24,    0,  -29,  -29,    0,    0,    0,    0,  -12,  -23,    0,  -11,   -3,    0,   -7,   -3,  -12,   -5,    0,  -26,   -9,  -48,    0,  -42,    0,    0,   18,  -30,   15,   13,    6,    0,  -10,  -11,    0,    0,    0,    0,    0,    0,    0,    0,    0,    0,    0,    0,    0,    0,    0,    0,    0,    0,    0,    0,    0,    0,    0,    0,    0,    0,    0,    0,    0,    0,    0,    0,    0,    0,    0,    0,    0,    0,    0,    0,    0,    0,    0,    0,    0,    0,    0,    0,    0,    0,    0,    0,    0,    0,    0,    0,    0,    0,    0,    0,    0,    0,    0,    0,    0,    0,    0,    0,    0,    0,    0,    0,    0,    0,    0,    0,    0,    0,    0,    0,    0,    0,    0,    0,    0,    0,    0,    0,    8,   10,  -22,
       0,    0,   -3,    0,    5,    0,    9,   -7,    0,    5,    5,   -3,    9,    0,   -4,   -4,    9,    0,   -4,    4,    5,    0,    7,    5,    9,    8,    4,    0,    7,    7,    4,    0,   -3,   -3,    0,    0,    0,    0,    0,    0,    0,    0,    0,    0,    8,    0,    4,    0,    0,  -10,    5,    9,    0,    4,    0,    3,   12,    0,   11,    3,    0,    0,    0,    0,    0,    0,    0,    0,    0,    0,    0,    0,    0,    0,    0,    0,    0,    0,    0,    0,    0,    0,    0,    0,    0,    0,    0,    0,    0,    0,    0,    0,    0,    0,    0,    0,    0,    0,    0,    0,    0,    0,    0,    0,    0,    0,    0,    0,    0,    0,    0,    0,    0,    0,    0,    0,    0,    0,    0,    0,    0,    0,    0,    0,    0,    0,    0,    0,    0,    0,    0,    0,    0,    0,    0,    0,    0,    0,    0,    0,    0,    0,    0,    0,    0,    0,    0,    0,    0,    0,    0,    0,    7,   10,   14,
       0,    0,    0,    0,    0,    0,    0,    0,    0,    0,    0,    0,   -9,    0,   -7,   -7,   -9,    0,   -7,    0,   10,    0,   12,   10,   10,   13,    5,    0,    0,   30,  -12,    0,  -12,  -12,    0,    0,    3,   31,  -11,  -11,    0,  -12,  -10,  -10,  -10,   10,  -10,    0,    0,    0,    0,   -9,    0,  -12,    3,    3,    3,  -13,    3,    3,    3,    0,    0,    0,    0,    0,    0,   10,  -10,   -5,   -9,   -9,    6,   -9,    6,    8,    0,    0,   -7,  -13,   10,    0,    0,  -11,  -12,   -7,   -9,   -7,    6,  -11,   -7,   -8,   -7,   -9,  -12,    0,  -11,   -8,   10,  -13,  -10,  -12,   -4,   -8,   -8,   -7,   -9,    7,   -9,  -11,    3,    3,   31,    7,   -6,   -5,  -12,  -12,    9,   -7,    0,    0,   -7,    0,   -9,    0,   -9,    0,    4,    0,    0,    0,    0,    0,    0,    0,    0,    0,    0,    0,    0,    0,    0,    0,    0,    0,    0,    0,    0,    0,    0,    0,    0,    0,    0,
       0,    0,    0,    0,    0,    0,    0,    0,    0,    0,    0,    0,    7,  -10,  -13,  -13,    3,  -10,  -13,    0,  -30,  -13,  -37,  -23,    7,  -37,    3,    0,    0,    0,   -8,    0,   -8,   -8,    0,    0,    0,   47,    0,    0,   -3,   -7,  -10,   -7,    0,   20,    0,    0,    0,    0,    0,    7,    0,   -8,    0,    0,    0,   -7,    0,    0,    0,    0,    0,    0,    0,    0,    0,    0,    0,    0,    0,    0,    0,    0,    0,    0,    0,    0,    0,    0,    0,    0,    0,    0,    0,    0,    0,    0,    0,    0,    0,    0,    0,    0,    0,    0,    0,    0,    0,    0,    0,    0,    0,    0,    0,    0,    0,    0,    0,    0,    0,    0,    0,    0,    0,    0,    0,    0,    0,    0,    0,    0,    0,    0,    0,    0,    0,    0,    0,    0,    0,    0,    0,    0,    0,    0,    0,    0,    0,    0,    0,    0,    0,    0,    0,    0,    0,    0,    0,    0,    0,    0,    0,    0,    0,
       0,    0,    0,    0,    0,    0,    0,    0,    0,    0,    0,    0,    0,    0,    0,    0,    0,    0,    0,    0,    0,    0,    0,    0,    0,    0,    0,    0,    0,    0,    0,    0,    0,    0,    0,    0,    0,   11,    0,    0,    0,    0,    0,    0,    0,    0,    0,    0,    0,    0,    0,    0,    0,    0,    0,    0,    0,    0,    0,    0,    0,    0,    0,    0,    0,    0,    0,    0,   -3,   -3,    0,    0,    0,    0,    0,    0,    0,    0,   -3,   -5,    0,    0,   -4,   -4,    0,    0,    0,    0,    0,    0,    0,    0,    0,    0,    0,    0,    0,    0,    0,   -5,    0,    0,    0,    0,    0,    0,    0,    0,    0,    0,    0,    0,   11,    0,    0,    0,   -6,   -5,    0,    0,    0,    0,    0,    0,    0,   -3,    0,    0,   -4,    0,    0,    0,    0,    0,    0,    0,    0,    0,    0,    0,    0,    0,    0,    0,    0,    0,    0,    0,    0,    0,    0,    0,    0,    0,    0,
       0,   -5,    0,    0,   -7,  -10,    0,    0,    0,    0,  -11,    0,    0,    0,    0,    0,    0,    0,    0,    0,    0,    0,    0,    0,    0,    0,    0,    0,  -13,  -11,    0,    0,    0,    0,    0,    0,    0,    0,    0,    0,    0,    0,   -4,   -3,    0,   -4,    0,    0,   -6,    0,    0,    0,    0,    0,    0,    0,    0,    0,    0,    0,    0,    0,    0,    0,    0,    0,    0,    0,    0,    0,    0,    0,    0,    0,    0,    0,    0,    0,    0,    0,    0,    0,    0,    0,    0,    0,    0,    0,    0,    0,    0,    0,    0,    0,    0,    0,    0,    0,    0,    0,    0,    0,    0,    0,    0,    0,    0,    0,    0,    0,    0,    0,    0,    0,    0,    0,    0,    0,    0,    0,    0,    0,    0,    0,    0,    0,    0,    0,    0,    0,    0,    0,    0,    0,    0,    0,    0,    0,    0,    0,    0,    0,    0,    0,    0,    0,    0,    0,    0,    0,    0,    0,   -7,   -7,    4,
       0,   -6,    0,    0,   -8,  -10,  -10,    4,   -9,    0,   -9,    0,    0,    0,    0,    0,    0,    0,    0,    0,    0,    0,    0,    0,    0,    0,    0,    0,  -17,  -12,    0,    0,    0,    0,    0,    0,    0,    0,    0,    0,    0,    0,   -5,   -4,   -6,   -5,   -3,    0,   -6,    4,    0,    0,    0,    0,    0,    0,    0,    0,    0,    0,    0,    0,    0,    0,    0,    0,    0,    0,    0,    0,    0,    0,    0,    0,    0,    0,    0,    0,    0,    0,    0,    0,    0,    0,    0,    0,    0,    0,    0,    0,    0,    0,    0,    0,    0,    0,    0,    0,    0,    0,    0,    0,    0,    0,    0,    0,    0,    0,    0,    0,    0,    0,    0,    0,    0,    0,    0,    0,    0,    0,    0,    0,    0,    0,    0,    0,    0,    0,    0,    0,    0,    0,    0,    0,    0,    0,    0,    0,    0,    0,    0,    0,    0,    0,    0,    0,    0,    0,    0,    0,    0,    0,   -9,   -8,    0,
       0,    0,    0,    0,    0,    0,    6,   -3,    0,    3,   -4,   -3,    0,    0,    0,    0,    0,    0,    0,    0,    0,    0,    0,    0,    0,    0,    0,    0,    0,  -12,   -8,    0,   -8,   -8,    0,    0,    0,    0,    0,    0,    0,    0,    3,    3,    4,    3,    0,    0,    0,   -5,    0,    0,    0,   -8,    0,    0,    0,  -10,    0,    0,    0,    0,    0,    0,    0,    0,    0,    0,    0,    0,    0,    0,    0,    0,    0,    0,    0,    0,    0,    0,    0,    0,    0,    0,    0,    0,    0,    0,    0,    0,    0,    0,    0,    0,    0,    0,    0,    0,    0,    0,    0,    0,    0,    0,    0,    0,    0,    0,    0,    0,    0,    0,    0,    0,    0,    0,    0,    0,    0,    0,    0,    0,    0,    0,    0,    0,    0,    0,    0,    0,    0,    0,    0,    0,    0,    0,    0,    0,    0,    0,    0,    0,    0,    0,    0,    0,    0,    0,    0,    0,    0,    0,    4,    8,    8,
       0,    0,    0,    0,   -7,   -8,    0,    7,    0,    0,  -12,    0,    0,    0,    0,    0,    0,    0,    0,    0,    0,    0,    0,    0,    0,    0,    0,    0,  -20,  -11,    0,    0,    0,    0,    0,    0,    0,    0,    0,    0,    0,    0,   -5,   -3,    0,   -5,    0,    0,    0,    0,    0,    0,    0,    0,    0,    0,    0,    0,    0,    0,    0,    0,    0,    0,    0,    0,    0,    0,    0,    0,    0,    0,    0,    0,    0,    0,    0,    0,    0,    0,    0,    0,    0,    0,    0,    0,    0,    0,    0,    0,    0,    0,    0,    0,    0,    0,    0,    0,    0,    0,    0,    0,    0,    0,    0,    0,    0,    0,    0,    0,    0,    0,    0,    0,    0,    0,    0,    0,    0,    0,    0,    0,    0,    0,    0,    0,    0,    0,    0,    0,    0,    0,    0,    0,    0,    0,    0,    0,    0,    0,    0,    0,    0,    0,    0,    0,    0,    0,    0,    0,    0,    0,    4,    5,    3,
       0,    0,    0,    0,   18,    8,  -20,    0,  -21,    6,    9,    0,    0,    0,    0,    0,    0,    0,    0,    0,    0,    0,    0,    0,    0,    0,    0,    0,   27,   17,   -3,    0,   -3,   -3,    0,    0,    4,    4,    0,    0,    0,    0,    9,    9,    7,    9,    0,    0,   10,   -3,    6,    0,    0,   -3,   11,    4,   21,   -7,   19,   17,   19,    0,    0,    0,    0,    0,    0,    0,    0,    0,    0,    0,    0,    0,    0,    0,    0,    0,    0,    0,    0,    0,    0,    0,    0,    0,    0,    0,    0,    0,    0,    0,    0,    0,    0,    0,    0,    0,    0,    0,    0,    0,    0,    0,    0,    0,    0,    0,    0,    0,    0,    0,    0,    0,    0,    0,    0,    0,    0,    0,    0,    0,    0,    0,    0,    0,    0,    0,    0,    0,    0,    0,    0,    0,    0,    0,    0,    0,    0,    0,    0,    0,    0,    0,    0,    0,    0,    0,    0,    0,    0,    0,   13,   18,  -19,
       0,    0,    0,    0,   -4,   -8,    0,    0,    0,    0,   -8,    0,    0,    0,    0,    0,    0,    0,    0,    0,    0,    0,    0,    0,    0,    0,    0,    0,  -10,  -11,    0,    0,    0,    0,    0,    0,    0,    9,    0,    0,    0,    0,   -5,   -3,    0,   -5,    0,    0,    0,    0,    0,    0,    0,    0,    0,    0,    0,    0,    0,    0,    0,    0,    0,    0,    0,    0,    0,    0,    0,    0,    0,    0,    0,    0,    0,    0,    0,    0,    0,    0,    0,    0,    0,    0,    0,    0,    0,    0,    0,    0,    0,    0,    0,    0,    0,    0,    0,    0,    0,    0,    0,    0,    0,    0,    0,    0,    0,    0,    0,    0,    0,    0,    0,    0,    0,    0,    0,    0,    0,    0,    0,    0,    0,    0,    0,    0,    0,    0,    0,    0,    0,    0,    0,    0,    0,    0,    0,    0,    0,    0,    0,    0,    0,    0,    0,    0,    0,    0,    0,    0,    0,    0,   -8,   -5,    3,
       0,   -7,    0,    0,   -7,   -8,    0,    0,    0,    0,  -12,    0,    0,    0,    0,    0,    0,    0,    0,    0,    0,    0,    0,    0,    0,    0,    0,    0,  -20,  -11,    0,    0,    0,    0,    0,    0,    0,    0,    0,    0,    0,    0,   -5,   -3,    0,   -5,    0,    0,   -6,    0,    0,    0,    0,    0,    0,    0,    0,    0,    0,    0,    0,    0,    0,    0,    0,    0,    0,    0,    0,    0,    0,    0,    0,    0,    0,    0,    0,    0,    0,    0,    0,    0,    0,    0,    0,    0,    0,    0,    0,    0,    0,    0,    0,    0,    0,    0,    0,    0,    0,    0,    0,    0,    0,    0,    0,    0,    0,    0,    0,    0,    0,    0,    0,    0,    0,    0,    0,    0,    0,    0,    0,    0,    0,    0,    0,    0,    0,    0,    0,    0,    0,    0,    0,    0,    0,    0,    0,    0,    0,    0,    0,    0,    0,    0,    0,    0,    0,    0,    0,    0,    0,    0,   -8,   -5,    4,
       0,    0,    0,    0,    4,   -8,    0,    0,    0,    0,  -12,    0,    0,    0,    0,    0,    0,    0,    0,    0,    0,    0,    0,    0,    0,    0,    0,    0,  -20,  -11,    0,    0,    0,    0,    0,    0,    0,    0,    0,    0,    0,    0,   -5,   -3,    0,   -5,    0,    0,    0,    0,    0,    0,    0,    0,    0,    0,    0,    0,    0,    0,    0,    0,    0,    0,    0,    0,    0,    0,    0,    0,    0,    0,    0,    0,    0,    0,    0,    0,    0,    0,    0,    0,    0,    0,    0,    0,    0,    0,    0,    0,    0,    0,    0,    0,    0,    0,    0,    0,    0,    0,    0,    0,    0,    0,    0,    0,    0,    0,    0,    0,    0,    0,    0,    0,    0,    0,    0,    0,    0,    0,    0,    0,    0,    0,    0,    0,    0,    0,    0,    0,    0,    0,    0,    0,    0,    0,    0,    0,    0,    0,    0,    0,    0,    0,    0,    0,    0,    0,    0,    0,    0,    0,   -8,   -5,    3,
       0,    0,    0,    0,    4,   -8,    0,    0,    0,    0,  -12,    0,    0,    0,    0,    0,    0,    0,    0,    0,    0,    0,    0,    0,    0,    0,    0,    0,  -20,    3,    0,    0,    0,    0,    0,    0,    0,   10,    0,    0,    0,    0,   -5,   -3,    0,   -5,    0,    0,    0,    0,    0,    0,    0,    0,    0,    0,    0,    0,    0,    0,    0,    0,    0,    0,    0,    0,    0,    0,    0,    0,    0,    0,    0,    0,    0,    0,    0,    0,    0,    0,    0,    0,    0,    0,    0,    0,    0,    0,    0,    0,    0,    0,    0,    0,    0,    0,    0,    0,    0,    0,    0,    0,    0,    0,    0,    0,    0,    0,    0,    0,    0,    0,    0,    0,    0,    0,    0,    0,    0,    0,    0,    0,    0,    0,    0,    0,    0,    0,    0,    0,    0,    0,    0,    0,    0,    0,    0,    0,    0,    0,    0,    0,    0,    0,    0,    0,    0,    0,    0,    0,    0,    0,   -8,   -5,    3,
       0,    0,   -7,   -4,    0,    4,    4,  -15,    7,    3,    0,   -7,    0,    0,    0,    0,    0,    0,    0,    0,    0,    0,    0,    0,    0,    0,    0,    0,    0,   -9,   -3,    0,  -12,  -12,    0,    0,    0,    0,    0,    0,   -3,   -3,    7,    7,    7,    7,    5,   -5,    0,  -12,    0,    0,    0,   -3,    0,    0,    0,  -11,    0,    0,    0,    0,    0,    0,    0,    0,    0,    0,    0,    0,    0,    0,    0,    0,    0,    0,    0,    0,    0,    0,    0,    0,    0,    0,    0,    0,    0,    0,    0,    0,    0,    0,    0,    0,    0,    0,    0,    0,    0,    0,    0,    0,    0,    0,    0,    0,    0,    0,    0,    0,    0,    0,    0,    0,    0,    0,    0,    0,    0,    0,    0,    0,    0,    0,    0,    0,    0,    0,    0,    0,    0,    0,    0,    0,    0,    0,    0,    0,    0,    0,    0,    0,    0,    0,    0,    0,    0,    0,    0,    0,    0,    0,    4,    8,    7,
       0,    0,    0,    0,   -7,   -8,    8,    0,    0,    7,   -5,    0,    0,    0,    0,    0,    0,    0,    0,    0,    0,    0,    0,    0,    0,    0,    0,    0,  -20,  -11,    5,    0,    0,    0,    0,    0,    0,    0,    0,    0,    0,    0,   -4,   -4,    7,   -4,    5,    0,    0,   -5,    7,    0,    0,    5,    0,    0,    0,    0,    0,    0,    0,    0,    0,    0,    0,    0,    0,    0,    0,    0,    0,    0,    0,    0,    0,    0,    0,    0,    0,    0,    0,    0,    0,    0,    0,    0,    0,    0,    0,    0,    0,    0,    0,    0,    0,    0,    0,    0,    0,    0,    0,    0,    0,    0,    0,    0,    0,    0,    0,    0,    0,    0,    0,    0,    0,    0,    0,    0,    0,    0,    0,    0,    0,    0,    0,    0,    0,    0,    0,    0,    0,    0,    0,    0,    0,    0,    0,    0,    0,    0,    0,    0,    0,    0,    0,    0,    0,    0,    0,    0,    0,    0,   -8,   -9,   10,
       0,   -6,    0,    0,   -7,   -8,    0,    0,    0,    0,  -12,    0,    0,    0,    0,    0,    0,    0,    0,    0,    0,    0,    0,    0,    0,    0,    0,    0,  -20,  -11,    0,    0,    0,    0,    0,    0,    0,    0,    0,    0,    0,    0,   -5,   -3,    0,   -5,    0,    0,   -6,    0,    0,    0,    0,    0,    0,    0,    0,    0,    0,    0,    0,    0,    0,    0,    0,    0,    0,    0,    0,    0,    0,    0,    0,    0,    0,    0,    0,    0,    0,    0,    0,    0,    0,    0,    0,    0,    0,    0,    0,    0,    0,    0,    0,    0,    0,    0,    0,    0,    0,    0,    0,    0,    0,    0,    0,    0,    0,    0,    0,    0,    0,    0,    0,    0,    0,    0,    0,    0,    0,    0,    0,    0,    0,    0,    0,    0,    0,    0,    0,    0,    0,    0,    0,    0,    0,    0,    0,    0,    0,    0,    0,    0,    0,    0,    0,    0,    0,    0,    0,    0,    0,    0,   -8,   -5,    4,
       0,   -6,    0,    0,   -8,  -10,  -10,    4,   -9,    0,   -9,    0,    0,    0,    0,    0,    0,    0,    0,    0,    0,    0,    0,    0,    0,    0,    0,    0,  -17,  -12,    0,    0,    0,    0,    0,    0,    0,    0,    0,    0,    0,    0,   -5,   -4,   -6,   -5,   -3,    0,   -8,    4,    0,    0,    0,    0,    0,    0,    0,    0,    0,    0,    0,    0,    0,    0,    0,    0,    0,    0,    0,    0,    0,    0,    0,    0,    0,    0,    0,    0,    0,    0,    0,    0,    0,    0,    0,    0,    0,    0,    0,    0,    0,    0,    0,    0,    0,    0,    0,    0,    0,    0,    0,    0,    0,    0,    0,    0,    0,    0,    0,    0,    0,    0,    0,    0,    0,    0,    0,    0,    0,    0,    0,    0,    0,    0,    0,    0,    0,    0,    0,    0,    0,    0,    0,    0,    0,    0,    0,    0,    0,    0,    0,    0,    0,    0,    0,    0,    0,    0,    0,    0,    0,    0,   -9,   -8,    0,
       0,    0,    0,    0,   -7,   -8,    0,    0,    7,    0,   -8,    0,    0,    0,    0,    0,    0,    0,    0,    0,    0,    0,    0,    0,    0,    0,    0,    0,  -10,  -11,    0,    0,    0,    0,    0,    0,    0,   14,    0,    0,    0,    0,   -5,   -3,    0,   -5,    0,    0,    0,    0,    0,    0,    0,    0,    0,    0,    0,    0,    0,    0,    0,    0,    0,    0,    0,    0,    0,    0,    0,    0,    0,    0,    0,    0,    0,    0,    0,    0,    0,    0,    0,    0,    0,    0,    0,    0,    0,    0,    0,    0,    0,    0,    0,    0,    0,    0,    0,    0,    0,    0,    0,    0,    0,    0,    0,    0,    0,    0,    0,    0,    0,    0,    0,    0,    0,    0,    0,    0,    0,    0,    0,    0,    0,    0,    0,    0,    0,    0,    0,    0,    0,    0,    0,    0,    0,    0,    0,    0,    0,    0,    0,    0,    0,    0,    0,    0,    0,    0,    0,    0,    0,    0,   -8,   -5,    3,
       0,    0,   -7,    0,    0,    6,  -20,    0,  -19,    6,    3,    0,    0,    0,    0,    0,    0,    0,    0,    0,    0,    0,    0,    0,    0,    0,    0,    0,    3,   -3,   -3,    0,   -3,   -3,    0,    0,    0,    0,    0,    0,    0,    0,   10,   10,    7,   10,    3,    0,    0,   -5,    7,    0,    0,   -3,    0,    0,    0,   -5,    0,    0,    0,    0,    0,    0,    0,    0,    0,    0,    0,    0,    0,    0,    0,    0,    0,    0,    0,    0,    0,    0,    0,    0,    0,    0,    0,    0,    0,    0,    0,    0,    0,    0,    0,    0,    0,    0,    0,    0,    0,    0,    0,    0,    0,    0,    0,    0,    0,    0,    0,    0,    0,    0,    0,    0,    0,    0,    0,    0,    0,    0,    0,    0,    0,    0,    0,    0,    0,    0,    0,    0,    0,    0,    0,    0,    0,    0,    0,    0,    0,    0,    0,    0,    0,    0,    0,    0,    0,    0,    0,    0,    0,    0,    9,   16,  -19,
       0,    0,    0,    0,   -4,   -3,    0,    0,   -4,    0,  -12,    0,    0,    0,    0,    0,    0,    0,    0,    0,    0,    0,    0,    0,    0,    0,    0,    0,  -10,  -11,    0,    0,    0,    0,    0,    0,    0,    0,    0,    0,    0,    0,    0,    0,    0,    0,   -3,    0,   -6,    0,    0,    0,    0,    0,    0,    0,    0,    0,    0,    0,    0,    0,    0,    0,    0,    0,    0,    0,    0,    0,    0,    0,    0,    0,    0,    0,    0,    0,    0,    0,    0,    0,    0,    0,    0,    0,    0,    0,    0,    0,    0,    0,    0,    0,    0,    0,    0,    0,    0,    0,    0,    0,    0,    0,    0,    0,    0,    0,    0,    0,    0,    0,    0,    0,    0,    0,    0,    0,    0,    0,    0,    0,    0,    0,    0,    0,    0,    0,    0,    0,    0,    0,    0,    0,    0,    0,    0,    0,    0,    0,    0,    0,    0,    0,    0,    0,    0,    0,    0,    0,    0,    0,    0,    0,    5,
       0,    0,    0,    0,    0,    0,    6,   -3,    0,    3,   -5,    0,    0,    0,    0,    0,    0,    0,    0,    0,    0,    0,    0,    0,    0,    0,    0,    0,   -7,  -11,   -7,    0,   -7,   -7,    0,    0,    0,    0,    0,    0,    0,    0,    3,    3,    6,    3,    0,    0,    0,   -6,    0,    0,    0,   -7,    0,    0,    0,   -3,    0,    0,    0,    0,    0,    0,    0,    0,    0,    0,    0,    0,    0,    0,    0,    0,    0,    0,    0,    0,    0,    0,    0,    0,    0,    0,    0,    0,    0,    0,    0,    0,    0,    0,    0,    0,    0,    0,    0,    0,    0,    0,    0,    0,    0,    0,    0,    0,    0,    0,    0,    0,    0,    0,    0,    0,    0,    0,    0,    0,    0,    0,    0,    0,    0,    0,    0,    0,    0,    0,    0,    0,    0,    0,    0,    0,    0,    0,    0,    0,    0,    0,    0,    0,    0,    0,    0,    0,    0,    0,    0,    0,    0,    0,    5,    0,    8,
       0,    0,    0,    0,   -7,   -8,    0,    0,    0,    0,   -8,    0,    0,    0,    0,    0,    0,    0,    0,    0,    0,    0,    0,    0,    0,    0,    0,    0,  -20,  -10,    0,    0,    0,    0,    0,    0,    0,    0,    0,    0,    0,    0,   -5,   -3,    0,   -5,    0,    0,    0,    0,    0,    0,    0,    0,    0,    0,    0,    0,    0,    0,    0,    0,    0,    0,    0,    0,    0,    0,    0,    0,    0,    0,    0,    0,    0,    0,    0,    0,    0,    0,    0,    0,    0,    0,    0,    0,    0,    0,    0,    0,    0,    0,    0,    0,    0,    0,    0,    0,    0,    0,    0,    0,    0,    0,    0,    0,    0,    0,    0,    0,    0,    0,    0,    0,    0,    0,    0,    0,    0,    0,    0,    0,    0,    0,    0,    0,    0,    0,    0,    0,    0,    0,    0,    0,    0,    0,    0,    0,    0,    0,    0,    0,    0,    0,    0,    0,    0,    0,    0,    0,    0,    0,   -8,   -5,    3,
       0,    0,   -3,    0,    0,    5,  -19,    0,  -13,    5,    0,    0,    0,    0,    0,    0,    0,    0,    0,    0,    0,    0,    0,    0,    0,    0,    0,    0,    0,  -10,   -3,    0,   -5,   -5,    0,    0,    0,    0,    0,    0,    0,    0,    7,    7,    8,    7,    4,    0,    0,    0,    6,    0,    0,   -3,    0,    0,    0,   -6,    0,    0,    0,    0,    0,    0,    0,    0,    0,    0,    0,    0,    0,    0,    0,    0,    0,    0,    0,    0,    0,    0,    0,    0,    0,    0,    0,    0,    0,    0,    0,    0,    0,    0,    0,    0,    0,    0,    0,    0,    0,    0,    0,    0,    0,    0,    0,    0,    0,    0,    0,    0,    0,    0,    0,    0,    0,    0,    0,    0,    0,    0,    0,    0,    0,    0,    0,    0,    0,    0,    0,    0,    0,    0,    0,    0,    0,    0,    0,    0,    0,    0,    0,    0,    0,    0,    0,    0,    0,    0,    0,    0,    0,    0,    7,   13,  -14,
       0,    0,   -3,    0,    0,    6,  -18,    3,  -11,    5,    0,    0,    0,    0,    0,    0,    0,    0,    0,    0,    0,    0,    0,    0,    0,    0,    0,    0,    0,   -9,   -3,    0,   -4,   -4,    0,    0,    0,    0,    0,    0,    0,    0,    7,    7,    7,    7,    5,    0,    0,    0,    6,    0,    0,   -3,    0,    0,    0,   -5,    0,    0,    0,    0,    0,    0,    0,    0,    0,    0,    0,    0,    0,    0,    0,    0,    0,    0,    0,    0,    0,    0,    0,    0,    0,    0,    0,    0,    0,    0,    0,    0,    0,    0,    0,    0,    0,    0,    0,    0,    0,    0,    0,    0,    0,    0,    0,    0,    0,    0,    0,    0,    0,    0,    0,    0,    0,    0,    0,    0,    0,    0,    0,    0,    0,    0,    0,    0,    0,    0,    0,    0,    0,    0,    0,    0,    0,    0,    0,    0,    0,    0,    0,    0,    0,    0,    0,    0,    0,    0,    0,    0,    0,    0,    8,   13,   -9,
       0,    0,   -7,   -4,    0,    4,    6,   -7,    7,    5,    0,   -3,    0,    0,    0,    0,    0,    0,    0,    0,    0,    0,    0,    0,    0,    0,    0,    0,    0,  -10,   -8,    0,   -8,   -8,    0,    0,    0,    0,    0,    0,    0,    0,    8,    7,   11,    8,    6,   -4,    0,   -9,    0,    0,    0,   -8,    0,    0,    0,   -8,    0,    0,    0,    0,    0,    0,    0,    0,    0,    0,    0,    0,    0,    0,    0,    0,    0,    0,    0,    0,    0,    0,    0,    0,    0,    0,    0,    0,    0,    0,    0,    0,    0,    0,    0,    0,    0,    0,    0,    0,    0,    0,    0,    0,    0,    0,    0,    0,    0,    0,    0,    0,    0,    0,    0,    0,    0,    0,    0,    0,    0,    0,    0,    0,    0,    0,    0,    0,    0,    0,    0,    0,    0,    0,    0,    0,    0,    0,    0,    0,    0,    0,    0,    0,    0,    0,    0,    0,    0,    0,    0,    0,    0,    0,    5,    9,    7,
       0,    0,   -3,    0,    0,    5,  -19,    0,  -13,    5,    0,    0,    0,    0,    0,    0,    0,    0,    0,    0,    0,    0,    0,    0,    0,    0,    0,    0,    0,  -10,   -3,    0,   -5,   -5,    0,    0,    0,    0,    0,    0,    0,    0,    7,    7,    8,    7,    4,    0,    0,    0,    6,    0,    0,   -3,    0,    0,    0,   -6,    0,    0,    0,    0,    0,    0,    0,    0,    0,    0,    0,    0,    0,    0,    0,    0,    0,    0,    0,    0,    0,    0,    0,    0,    0,    0,    0,    0,    0,    0,    0,    0,    0,    0,    0,    0,    0,    0,    0,    0,    0,    0,    0,    0,    0,    0,    0,    0,    0,    0,    0,    0,    0,    0,    0,    0,    0,    0,    0,    0,    0,    0,    0,    0,    0,    0,    0,    0,    0,    0,    0,    0,    0,    0,    0,    0,    0,    0,    0,    0,    0,    0,    0,    0,    0,    0,    0,    0,    0,    0,    0,    0,    0,    0,    7,   11,  -14,
       0,    0,    0,    0,    0,    0,    8,    0,    3,    3,   -4,    0,    0,    0,    0,    0,    0,    0,    0,    0,    0,    0,    0,    0,    0,    0,    0,    0,    0,   -9,   -5,    0,   -5,   -5,    0,    0,    0,    0,    0,    0,    0,    0,    6,    6,    7,    6,    0,    0,   -4,   -5,    3,    0,    0,   -5,    0,    0,    0,    0,    0,    0,    0,    0,    0,    0,    0,    0,    0,    0,    0,    0,    0,    0,    0,    0,    0,    0,    0,    0,    0,    0,    0,    0,    0,    0,    0,    0,    0,    0,    0,    0,    0,    0,    0,    0,    0,    0,    0,    0,    0,    0,    0,    0,    0,    0,    0,    0,    0,    0,    0,    0,    0,    0,    0,    0,    0,    0,    0,    0,    0,    0,    0,    0,    0,    0,    0,    0,    0,    0,    0,    0,    0,    0,    0,    0,    0,    0,    0,    0,    0,    0,    0,    0,    0,    0,    0,    0,    0,    0,    0,    0,    0,    0,    5,    9,    9,
       0,    0,    0,    0,    0,    0,    0,    0,    0,    0,    0,    0,    0,    0,   -4,   -5,    0,    0,   -5,    0,    0,    0,    0,    0,    0,    0,    0,    0,    0,    0,    0,    0,    0,    0,    0,    0,    0,    0,    0,    0,    0,    0,    0,    0,    0,    0,    0,    0,   30,    0,    0,    0,    0,    0,    0,    0,    0,    0,    0,    0,    0,    0,    0,    0,    0,    0,    0,    6,   -8,   -5,    0,   -5,    6,    0,    6,    8,    0,    0,   -8,   -9,    6,    0,    0,   -7,   -6,   -5,   -5,   -5,    6,   -7,    0,   -5,    0,   -6,   -7,    0,   -7,   -5,    9,   -9,    0,   -8,   -4,   -5,   -6,   -5,   -6,    7,   -6,   -5,    0,    0,   21,    7,    0,    0,  -10,   -9,    9,    0,    0,    0,    0,    0,   -6,    0,   -6,    0,    4,    0,    0,    0,    0,    0,    0,    0,    0,    0,    0,    0,    0,    0,    0,    0,    0,    0,    0,    0,    0,    0,    0,    0,    0,    0,    0,
       0,    0,    0,    0,    0,    0,    0,    0,    0,    0,    0,    0,    0,    0,    0,    0,   -4,    0,    0,    0,   -6,    0,   -6,    0,   -4,   -5,    0,    0,    0,    0,    0,    0,    0,    0,    0,    0,    0,    0,    0,    0,    0,    0,    0,    0,    0,    0,    0,    0,    0,    0,    0,   -4,    0,    0,    0,    0,    0,    0,    0,    0,    0,    0,    0,    0,    0,    0,    0,   -6,    0,   -5,   -4,   -6,   -7,   -3,   -5,   -4,   -6,    0,    0,    0,   -4,    0,   -7,   -5,    0,    0,    0,    0,   -4,    0,   -4,    0,   -4,    0,    0,    0,    0,    0,    0,    0,    0,    0,    0,    0,    0,    0,    0,    0,    0,    0,    0,    0,    0,    0,    0,    0,    0,    0,   -5,    0,    0,    0,    4,    0,    0,    0,    0,   -7,   -5,    0,    0,    0,    0,    0,    0,    0,    0,    0,    0,    0,    0,    0,    0,    0,    0,    0,    0,    0,    0,    0,    0,    0,    0,    0,    0,
       0,    0,    0,    0,    0,    0,    0,    0,    0,    0,    0,    0,    0,    0,    0,    0,    0,    0,    0,    0,  -21,    0,  -11,   -3,    0,  -16,    0,    0,    0,    0,    0,    0,    0,    0,    0,    0,    0,    0,    0,    0,    0,    0,    0,    0,    0,    0,    0,    0,    0,    0,    0,    0,    0,    0,    0,    0,    0,    0,    0,    0,    0,    0,    0,    0,    0,    0,    0,    0,    0,    0,    0,    0,    0,    0,    0,    0,    0,    0,    0,    0,    0,    0,    0,    0,    0,    0,    0,    0,    0,    0,    0,    0,    0,    0,    0,    0,    0,    0,    0,    0,    0,    0,    0,    0,    0,    0,    0,    0,    0,    0,    0,    0,    0,    0,    0,    0,    0,    0,    0,    0,    0,    0,    0,    0,    0,    0,    0,    0,    0,    0,    0,    0,    0,    0,    0,    0,    0,    0,    0,    0,    0,    0,    0,    0,    0,    0,    0,    0,    0,    0,    0,    0,    0,    0,    0,
       0,    0,    0,    0,    0,    0,    0,    0,    0,    0,    0,    0,    4,    0,    0,    0,    6,    0,    0,    0,  -22,    0,   -3,    0,    0,   -9,    4,    0,    0,    0,    0,    0,    0,    0,    0,    0,    0,    0,    0,    0,    0,    0,    6,    6,    0,    6,    3,    0,    0,    0,    0,    0,    0,    0,    0,    0,    0,    0,    0,    0,    0,    0,    0,    0,    0,    0,    0,  -22,    0,    0,    6,    0,    0,    4,    0,    0,    0,    0,    0,    0,    0,    0,    0,    0,    0,    0,    0,    0,    0,    0,    0,    0,    5,    0,    0,    0,    0,    0,    0,    0,    0,    0,    0,    0,    0,    0,    0,    0,    0,    0,    0,    0,    0,    0,    5,    5,    0,    0,   -6,    4,    0,    5,    4,    0,    0,    0,    0,    0,    0,    0,    0,    0,    0,    0,    0,    0,    0,    0,    0,    0,    0,    0,    0,    0,    0,    0,    0,    0,    0,    0,    0,    0,    0,    0,    0,
       0,    0,    0,    0,    0,    0,    0,    0,    0,    0,    0,    0,   -5,    0,    3,    3,  -10,    0,    3,   -7,  -25,    0,  -14,   -6,  -13,  -27,   -8,    0,    0,    0,    3,    0,    3,    3,    0,    0,    0,    0,    0,    0,    0,    0,    0,    0,   -9,    0,   -6,    0,    0,    0,    0,  -15,    0,    3,    0,    0,    0,    3,    0,    0,    0,    0,    0,    0,    0,    0,    0,  -25,    0,   -7,  -10,   -6,  -11,   -5,   -5,  -15,   -8,    0,    3,    0,  -13,    0,  -10,   -8,    0,    0,    0,    0,   -6,    0,   -9,    0,   -5,    0,    3,    0,    0,    0,    0,    0,   -9,    0,    0,    0,   -4,    0,    0,    0,    0,    0,    0,    0,    0,    0,    0,    0,    0,    0,  -21,    0,    0,    0,    0,   -8,    0,    0,    0,  -10,   -8,    0,    0,    0,    0,    0,    0,    0,    0,    0,    0,    0,    0,    0,    0,    0,    0,    0,    0,    0,    0,    0,    0,    0,    0,    0,    0,
       0,    0,    0,    0,    0,    0,    0,    0,    0,    0,    0,    0,  -14,  -10,  -13,  -13,  -18,   -7,  -13,  -11,  -35,  -11,  -21,  -14,  -21,  -26,  -17,    0,    0,    0,  -13,  -11,  -13,  -13,  -11,  -11,  -11,   23,  -11,  -12,  -11,  -13,   -8,   -8,  -10,    5,  -11,    0,    0,    0,    0,  -24,  -11,  -13,  -11,  -11,  -11,  -14,  -11,  -11,  -11,  -10,    0,    0,    0,    0,    0,    0,    0,    0,    0,    0,    0,    0,    0,    0,    0,    0,    0,    0,    0,    0,    0,    0,    0,    0,    0,    0,    0,    0,    0,    0,    0,    0,    0,    0,    0,    0,    0,    0,    0,    0,    0,    0,    0,    0,    0,    0,    0,    0,    0,    0,    0,    0,    0,    0,    0,    0,    0,    0,    0,    0,    0,    0,    0,    0,    0,    0,    0,    0,    0,    0,    0,    0,    0,    0,    0,    0,    0,    0,    0,    0,    0,    0,    0,    0,    0,    0,    0,    0,    0,    0,    0,    0,    0,
       0,    0,    0,    0,   -8,    0,  -19,    5,  -20,    4,   -9,    0,   -9,    0,    0,    0,  -14,    0,    0,    0,   -7,    0,   -7,   -3,  -12,  -13,   -8,    0,   -7,  -12,   -3,    0,    0,    0,    0,    0,    0,    0,    0,    0,    0,    0,    0,    0,    0,    0,    0,    0,   -7,    5,    0,  -18,    0,   -3,    0,    0,    0,    0,    0,    0,    0,    0,    0,    0,   -7,   -7,    0,    0,    0,    0,    0,    0,    0,    0,    0,    0,    0,    0,    0,    0,    0,    0,    0,    0,    0,    0,    0,    0,    0,    0,    0,    0,    0,    0,    0,    0,    0,    0,    0,    0,    0,    0,    0,    0,    0,    0,    0,    0,    0,    0,    0,    0,    0,    0,    0,    0,    0,    0,    0,    0,    0,    0,    0,    0,    0,    0,    0,    0,    0,    0,    0,    0,    0,    0,    0,    0,    0,    0,    0,    0,    0,    0,    0,    0,    0,    0,    0,    0,    0,    0,    0,    0,    0,    0,    0,
       0,  -12,    0,    0,   -8,  -25,    0,    2,    0,    0,  -15,    0,    0,    0,    0,    0,    0,    0,    0,    0,    0,    0,    0,    0,    0,    0,    0,   -4,  -17,   -7,    0,    0,    0,    0,    0,    0,    0,    0,    0,    0,    0,    0,  -12,  -10,   -3,  -12,    0,    0,   -7,    0,    0,    0,    0,    0,    0,    0,    0,    0,    0,    0,    0,    0,    0,    0,    0,    0,   -9,    0,    0,    0,    0,    0,    0,    0,    0,    0,    0,    0,    0,    0,    0,    0,    0,    0,    0,    0,    0,    0,    0,    0,    0,    0,    0,    0,    0,    0,    0,    0,    0,    0,    0,    0,    0,    0,    0,    0,    0,    0,    0,    0,    0,    0,    0,    0,    0,    0,    0,    0,    0,    0,    0,    0,    0,    0,    0,    0,    0,    0,    0,    0,    0,    0,    0,    0,    0,    0,    0,    0,    0,    0,    0,    0,    0,    0,    0,    0,    0,    0,    0,    0,    0,    0,  -21,  -19,    0,
       0,    0,    0,    0,    5,    0,  -10,    4,   -9,    0,    6,    0,    0,    0,    0,    0,    0,    0,    0,    0,    0,    0,    0,    0,    0,    0,    0,    0,    7,    7,    0,    0,    0,    0,    0,    0,    0,    0,    0,    0,    0,    0,    0,    0,    0,    0,    0,    0,    3,    4,    0,    0,    0,    0,    0,    0,    0,    0,    0,    0,    0,    0,    0,    0,    0,    0,    0,    0,    0,    0,    0,    0,    0,    0,    0,    0,    0,    0,    0,    0,    0,    0,    0,    0,    0,    0,    0,    0,    0,    0,    0,    0,    0,    0,    0,    0,    0,    0,    0,    0,    0,    0,    0,    0,    0,    0,    0,    0,    0,    0,    0,    0,    0,    0,    0,    0,    0,    0,    0,    0,    0,    0,    0,    0,    0,    0,    0,    0,    0,    0,    0,    0,    0,    0,    0,    0,    0,    0,    0,    0,    0,    0,    0,    0,    0,    0,    0,    0,    0,    0,    0,    0,    4,    7,    0,
       0,   -8,    0,    0,   -7,   -5,    0,    0,   -7,    0,   -8,    0,    0,    0,    0,    0,    0,    0,    0,    0,    0,    0,    0,    0,    0,    0,    0,    0,    0,  -10,    0,    0,    0,    0,    0,    0,    0,    0,    0,    0,    0,    0,   -3,    0,   -4,   -3,    0,    0,   -6,    0,    0,    0,    0,    0,    0,    0,    0,    0,    0,    0,    0,    0,    0,    0,    0,    0,    0,    0,    0,    0,    0,    0,    0,    0,    0,    0,    0,    0,    0,    0,    0,    0,    0,    0,    0,    0,    0,    0,    0,    0,    0,    0,    0,    0,    0,    0,    0,    0,    0,    0,    0,    0,    0,    0,    0,    0,    0,    0,    0,    0,    0,    0,    0,    0,    0,    0,    0,    0,    0,    0,    0,    0,    0,    0,    0,    0,    0,    0,    0,    0,    0,    0,    0,    0,    0,    0,    0,    0,    0,    0,    0,    0,    0,    0,    0,    0,    0,    0,    0,    0,    0,    0,   -7,   -5,    0,
       0,    8,    0,    0,   20,    0,   -8,   -7,    0,    0,   12,    0,    0,    0,    0,    0,    0,    0,    0,    0,    0,    0,    0,    0,    0,    0,    0,    0,   30,   23,   -6,    6,  -13,  -13,    0,    9,    6,    6,   -6,  -10,    3,   -5,   11,   11,   10,   13,    8,    0,   23,    0,    0,    0,    0,   -4,   22,   30,   45,    0,   40,   35,   37,    0,    0,    0,    0,    0,    0,    0,    0,    0,    0,    0,    0,    0,    0,    0,    0,    0,    0,    0,    0,    0,    0,    0,    0,    0,    0,    0,    0,    0,    0,    0,    0,    0,    0,    0,    0,    0,    0,    0,    0,    0,    0,    0,    0,    0,    0,    0,    0,    0,    0,    0,    0,    0,    0,    0,    0,    0,    0,    0,    0,    0,    0,    0,    0,    0,    0,    0,    0,    0,    0,    0,    0,    0,    0,    0,    0,    0,    0,    0,    0,    0,    0,    0,    0,    0,    0,    0,    0,    0,    0,    0,    7,    8,    0,
       0,    0,    0,    0,    0,    0,    0,    0,    0,    0,    0,    0,    0,    0,    0,    0,    0,    0,    0,    0,    0,    0,    0,    0,    0,    0,    0,    0,    0,    0,    0,    0,    0,    0,    0,    0,    0,    6,    0,    0,    0,    0,    0,    0,    0,    0,    0,    0,    0,    0,    0,    0,    0,    0,    0,    0,    0,    0,    0,    0,    0,    0,    0,    0,    0,    0,    0,    0,    0,    0,    0,    0,    0,    0,    0,    0,    0,    0,    0,    0,    0,    0,    0,    0,    0,    0,    0,    0,    0,    0,    0,    0,    0,    0,    0,    0,    0,    0,    0,    0,    0,    0,    0,    0,    0,    0,    0,    0,    0,    0,    0,    0,    0,    0,    0,    0,    0,    0,    0,    0,    0,    0,    0,    0,    0,    0,    0,    0,    0,    0,    0,    0,    0,    0,    0,    0,    0,    0,    0,    0,    0,    0,    0,    0,    0,    0,    0,    0,    0,    0,    0,    0,    0,    0,    0,
       0,   -9,    0,    0,    0,   -5,    0,    0,    0,    0,   -6,    0,    0,    0,    0,    0,    0,    0,    0,    0,    0,    0,    0,    0,    0,    0,    0,    0,    0,    0,    0,    0,    0,    0,    0,    0,    0,    0,    0,    0,    0,    0,    0,    0,    0,    0,    0,    0,    0,    0,    0,    0,    0,    0,    0,    0,    0,    0,    0,    0,    0,    0,    0,    0,    0,    0,    0,    0,    0,    0,    0,    0,    0,    0,    0,    0,    0,    0,    0,    0,    0,    0,    0,    0,    0,    0,    0,    0,    0,    0,    0,    0,    0,    0,    0,    0,    0,    0,    0,    0,    0,    0,    0,    0,    0,    0,    0,    0,    0,    0,    0,    0,    0,    0,    0,    0,    0,    0,    0,    0,    0,    0,    0,    0,    0,    0,    0,    0,    0,    0,    0,    0,    0,    0,    0,    0,    0,    0,    0,    0,    0,    0,    0,    0,    0,    0,    0,    0,    0,    0,    0,    0,   -7,   -6,    0,
       0,    0,    0,    0,    0,    0,    0,    0,    0,    0,    0,    0,   -6,    0,    0,    0,   -6,    0,    0,    0,    0,    0,    0,    0,    0,    0,    0,    0,    0,    0,    0,    0,    0,    0,    0,    0,    0,    0,    0,    0,    0,    0,    0,    0,    0,    0,    0,    0,    0,    0,    0,  -12,    0,    0,    0,    0,    0,    0,    0,    0,    0,    0,    0,    0,    0,    0,    0,    0,    0,    0,    0,    0,    0,    0,    0,    0,    0,    0,    0,    0,    0,    0,    0,    0,    0,    0,    0,    0,    0,    0,    0,    0,    0,    0,    0,    0,    0,    0,    0,    0,    0,    0,    0,    0,    0,    0,    0,    0,    0,    0,    0,    0,    0,    0,    0,    0,    0,    0,    0,    0,    0,    0,    0,    0,    0,    0,    0,    0,    0,    0,    0,    0,    0,    0,    0,    0,    0,    0,    0,    0,    0,    0,    0,    0,    0,    0,    0,    0,    0,    0,    0,    0,    0,    0,    0,
       0,    0,    0,    0,    0,    0,    0,    0,    0,    0,    0,    0,    0,    0,    0,    0,    0,    0,    0,    0,    0,    0,    0,    0,    0,    0,    0,    0,    0,    0,    0,    0,    0,    0,    0,    0,    0,    0,    0,    0,    0,    0,   -7,   -6,   -6,   -7,    0,    0,    0,    0,    0,    0,    0,    0,    0,    0,    0,    0,    0,    0,    0,    0,    0,    0,    0,    0,   -8,    0,    0,    0,    0,    0,    0,    0,    0,    0,    0,    0,    0,    0,    0,    0,    0,    0,    0,    0,    0,    0,    0,    0,    0,    0,    0,    0,    0,    0,    0,    0,    0,    0,    0,    0,    0,    0,    0,    0,    0,    0,    0,    0,    0,    0,    0,    0,    0,    0,    0,    0,    0,    0,    0,    0,    0,    0,    0,    0,    0,    0,    0,    0,    0,    0,    0,    0,    0,    0,    0,    0,    0,    0,    0,    0,    0,    0,    0,    0,    0,    0,    0,    0,    0,    0,    0,    0,    0,
       0,    0,    0,    0,    0,    0,    0,    0,    0,    0,    0,    0,    0,    0,    0,    0,    0,    0,    0,    0,    0,    0,    0,    0,    0,    0,    0,    0,    0,    0,    0,    0,    0,    0,    0,    0,    0,   11,    0,    0,    0,    0,    0,    0,    0,    0,    0,    0,    0,    0,    0,    0,    0,    0,    0,    0,    0,    0,    0,    0,    0,    0,    0,    0,    0,    0,    0,    0,    0,    0,    0,    0,    0,    0,    0,    0,    0,    0,    0,    0,    0,    0,    0,    0,    0,    0,    0,    0,    0,    0,    0,    0,    0,    0,    0,    0,    0,    0,    0,    0,    0,    0,    0,    0,    0,    0,    0,    0,    0,    0,    0,    0,    0,    0,    0,    0,    0,    0,    0,    0,    0,    0,    0,    0,    0,    0,    0,    0,    0,    0,    0,    0,    0,    0,    0,    0,    0,    0,    0,    0,    0,    0,    0,    0,    0,    0,    0,    0,    0,    0,    0,    0,    0,    0,    0,
       0,    0,    0,    0,    0,    0,    0,    0,    0,    0,    0,    0,  -11,    0,    0,    0,  -15,    0,    0,    0,    0,    0,    0,    0,   -8,   -4,    0,    0,    0,    0,   -5,    0,    0,    0,    0,    0,    0,    0,    0,    0,    0,    0,    0,    0,    0,    0,    0,    0,    0,    0,    0,  -19,    0,   -5,    0,    0,    0,    0,    0,    0,    0,    0,    0,    0,    0,    0,    0,    0,    0,    0,    0,    0,    0,    0,    0,    0,    0,    0,    0,    0,    0,    0,    0,    0,    0,    0,    0,    0,    0,    0,    0,    0,    0,    0,    0,    0,    0,    0,    0,    0,    0,    0,    0,    0,    0,    0,    0,    0,    0,    0,    0,    0,    0,    0,    0,    0,    0,    0,    0,    0,    0,    0,    0,    0,    0,    0,    0,    0,    0,    0,    0,    0,    0,    0,    0,    0,    0,    0,    0,    0,    0,    0,    0,    0,    0,    0,    0,    0,    0,    0,    0,    0,    0,    0,    0,
       0,    0,    0,    0,    0,    0,    0,    0,    0,    0,    0,    0,    0,    0,    0,    0,    0,    0,    0,    0,    0,    0,   -6,    0,    0,   -7,    0,    0,    0,    0,    0,    0,    0,    0,    0,    0,    0,    0,    0,    0,    0,    0,    0,    0,    0,    0,    0,    0,    0,    0,    0,    0,    0,    0,    0,    0,    0,    0,    0,    0,    0,   -4,    0,    0,    0,    0,    0,    0,    0,    0,    0,    0,    0,    0,    0,    0,    0,    0,    0,    0,    0,    0,    0,    0,    0,    0,    0,    0,    0,    0,    0,    0,    0,    0,    0,    0,    0,    0,    0,    0,    0,    0,    0,    0,    0,    0,    0,    0,    0,    0,    0,    0,    0,    0,    0,    0,    0,    0,    0,    0,    0,    0,    0,    0,    0,    0,    0,    0,    0,    0,    0,    0,    0,    0,    0,    0,    0,    0,    0,    0,    0,    0,    0,    0,    0,    0,    0,    0,    0,    0,    0,    0,    0,    0,    0,
       0,    0,    0,    0,    0,    0,    0,    0,    0,    0,    0,    0,    0,    0,    0,    0,    0,    0,    0,    0,    0,    0,    0,    0,    0,    0,    0,    0,    0,    0,    0,    0,    0,    0,    0,    0,    0,    0,    0,    0,    0,    0,    0,    0,    0,    0,    0,    0,    0,    0,    0,    0,    0,    0,    0,    0,    0,    0,    0,    0,    0,    0,    0,    0,    0,    0,    0,    0,    0,    0,    8,    0,    0,    0,    0,    4,    0,    0,   -6,   -6,    7,    0,    0,    0,    0,    0,    0,    0,    0,    0,    0,    0,    0,    0,   -4,    0,    0,    0,    0,    0,    7,   -4,    0,    0,    0,    0,    0,    0,    0,    0,    0,    0,    0,    0,    0,    0,    0,    0,    0,    0,    0,    0,    0,    9,    0,    0,    0,    0,   -8,    0,    0,    0,    0,    0,    0,    0,    0,    0,    0,    0,    0,    0,    0,    0,    0,    0,    0,    0,    0,    0,    0,    0,    0,    0,    0,
       0,   -5,    0,    0,   -4,   -9,    0,    7,   -6,    0,   -5,    0,    0,    0,    0,    0,    0,    0,    0,    0,    0,    0,    0,    0,    0,    0,    0,   -3,    0,    0,    0,    0,    0,    0,    0,    0,    0,    0,    0,    0,    0,    0,    0,    0,    0,    0,    0,    0,    0,    0,    0,    0,    0,    0,    0,    0,    0,    0,    0,    0,    0,    0,    0,    0,    0,    0,    0,   -5,    0,   -5,    0,    0,   -3,    0,    0,    0,    0,    0,    0,    0,   -5,   -5,   -4,   -7,    0,    0,    0,    0,    0,    0,   -6,    0,    0,    0,    0,    0,    0,   -5,   -5,    0,   -5,    0,    0,   -5,    0,    0,    0,    0,    0,    0,    0,    0,    0,    0,   -5,    0,    0,    0,    0,   -5,    0,   -4,    0,    0,    0,    0,    0,    0,  -12,    0,    0,    0,    0,    0,    0,    0,    0,    0,    0,    0,    0,    0,    0,    0,    0,    0,    0,    0,    0,    0,    0,    0,    0,    0,    0,
       0,    0,    0,   -6,    8,    0,  -27,  -18,  -33,  -20,    9,  -12,    0,    0,    0,    0,    0,    0,    0,    0,    0,    0,    0,    0,    0,    0,    0,   -4,    0,   10,    0,    0,    0,    0,    0,    0,    0,    0,    0,    0,    0,    0,    0,    0,    0,    0,    0,   -9,    0,  -25,  -22,    0,    0,    0,    0,    0,    0,    0,    0,    0,    0,    0,    0,    0,    0,    0,    0,    9,   -6,    0,  -28,  -26,    0,  -27,  -24,    0,    0,   -3,   -8,   -8,    9,    0,    0,   -5,  -25,   -3,  -17,  -17,  -21,  -20,    0,   -3,  -21,  -22,  -25,  -17,  -21,    0,    0,  -24,  -25,  -17,  -17,    0,  -22,  -17,  -17,    0,  -19,  -24,    0,   13,    0,    0,    0,    0,   -6,  -21,    4,    0,    0,    0,  -28,  -36,  -25,   -5,  -20,    0,  -16,    0,    0,    0,    0,    0,    0,    0,    0,    0,    0,    0,    0,    0,    0,    0,    0,    0,    0,    0,    0,    0,    0,    0,    9,    7,    0,
       0,    0,    0,   -4,    5,   -3,    8,   -4,    4,    6,    5,    0,    0,    0,    0,    0,    0,    0,    0,    0,    0,    0,    0,    0,    0,    0,    0,    0,    0,    9,    0,    0,    0,    0,    0,    0,    0,    0,    0,    0,    0,    0,    0,    0,    0,    0,    0,   -5,    5,   -8,    5,    0,    0,    0,    0,    0,    0,    0,    0,    0,    0,    0,    0,    0,    0,    0,    0,    7,   -6,    6,   10,    4,    0,    9,    5,    5,    4,    0,   -8,   -9,    9,    0,    0,    0,    3,    0,    0,    0,    5,    0,    4,    0,    5,    0,   -4,    0,    0,    0,    0,    0,    8,    0,    0,    0,    0,    0,    0,    3,    0,    2,    0,    0,    0,    3,    0,    0,   -6,    0,    4,    0,    0,    0,   -7,    9,    0,   -3,    0,    0,   -5,    0,    0,    0,    0,    0,    0,    0,    0,    0,    0,    0,    0,    0,    0,    0,    0,    0,    0,    0,    0,    0,    0,    0,    7,   12,    0,
       0,   -4,    0,   -4,   -3,  -12,    3,    9,   -5,    0,   -3,    0,    0,    0,    0,    0,    0,    0,    0,    0,    0,    0,    0,    0,    0,    0,    0,   -5,    0,    0,    0,    0,    0,    0,    0,    0,    0,    0,    0,    0,    0,    0,    0,    0,    0,    0,    0,    0,    0,    5,    0,    0,    0,    0,    0,    0,    0,    0,    0,    0,    0,    0,    0,    0,    0,    0,    0,   -7,    0,    0,    0,    0,    0,    0,    0,    0,    0,    0,    0,    0,    0,   -4,   -4,   -7,    4,    0,    0,    0,    0,    0,    0,    0,    0,    0,    0,    0,    0,   -9,   -7,    0,   -4,    0,    0,   -8,    0,    0,    0,    0,    0,    0,    0,    0,    0,    0,   -6,    0,    0,    0,    0,   -8,    0,   -6,    0,    0,    0,    0,    0,    0,  -14,    0,    0,    0,    0,    0,    0,    0,    0,    0,    0,    0,    0,    0,    0,    0,    0,    0,    0,    0,    0,    0,    0,    0,   -7,    0,    0,
       0,    0,    0,    0,    0,    0,    0,    0,  -10,    0,    0,    0,    0,    0,    0,    0,    0,    0,    0,    0,    0,    0,    0,    0,    0,    0,    0,    0,    0,    0,    0,    0,    0,    0,    0,    0,    0,    0,    0,    0,    0,    0,    0,    0,    0,    0,    0,    0,    0,    0,    3,    0,    0,    0,    0,    0,    0,    0,    0,    0,    0,    0,    0,    0,    0,    0,    0,    0,    0,    0,   -4,    0,    0,   -6,    0,    0,    0,    0,    0,    0,    0,    0,    0,    0,    0,    0,    0,    0,    0,    0,    0,    0,    0,    0,    0,    0,    0,    0,    0,    0,    0,    0,    0,    0,    0,    0,    0,    0,    0,    0,    0,    0,    0,    0,    0,    0,    0,    0,    0,    0,    0,    0,    0,    0,    0,    0,    0,    0,    0,    0,    0,    0,    0,    0,    0,    0,    0,    0,    0,    0,    0,    0,    0,    0,    0,    0,    0,    0,    0,    0,    0,    0,    5,    5,    0,
       0,  -20,    0,    0,  -11,   -8,    0,    7,   -6,    0,  -11,    0,    0,    0,    0,    0,    0,    0,    0,    0,    0,    0,    0,    0,    0,    0,    0,   -5,    0,  -13,    0,    0,    0,    0,    0,    0,    0,    0,    0,    0,    0,    0,    0,    0,    0,    0,    0,    0,   -9,    0,    0,    0,    0,    0,    0,    0,    0,    0,    0,    0,    0,    0,    0,    0,    0,    0,    0,  -21,    0,   -5,    0,    0,   -4,    0,    0,   -6,    0,    0,    0,    0,   -5,   -4,   -4,   -9,    0,    0,    0,    0,    0,    0,   -6,    0,    0,    0,    0,    0,    0,   -4,   -4,    0,   -5,    0,    0,   -4,    0,    0,    0,    0,    0,    0,    0,    0,    0,    0,   -5,    0,    0,    0,  -24,   -4,    0,    0,    0,    0,    0,    0,    0,    0,  -10,    0,    0,    0,    0,    0,    0,    0,    0,    0,    0,    0,    0,    0,    0,    0,    0,    0,    0,    0,    0,    0,    0,    0,  -20,  -17,    0,
       0,  -14,    0,    0,    0,   -9,    7,    7,    0,    0,   -6,    0,    0,    0,    0,    0,    0,    0,    0,    0,    0,    0,    0,    0,    0,    0,    0,    0,    0,  -10,    0,    0,    0,    0,    0,    0,    0,    0,    0,    0,    0,    0,    0,    0,    0,    0,    0,    0,   -7,    0,    0,    0,    0,    0,    0,    0,    0,    0,    0,    0,    0,    0,    0,    0,    0,    0,    0,  -15,    0,    0,    0,    0,    0,    0,    0,    0,    0,    0,    0,    0,    0,   -4,    0,    0,    0,    0,    0,    0,    0,    0,    0,    0,    0,    0,    0,    0,    0,   -5,    0,    0,    0,    0,    0,    0,    0,    0,    0,    0,    0,    0,    0,    0,    0,    0,   -5,    0,    0,    0,  -12,   -4,    0,   -4,    0,    8,    0,    0,    0,    0,  -10,    0,    0,    0,    0,    0,    0,    0,    0,    0,    0,    0,    0,    0,    0,    0,    0,    0,    0,    0,    0,    0,    0,    0,  -11,  -11,    0,
       0,    0,    0,   -6,    8,  -13,   10,  -17,    8,    3,    0,   -5,    0,    0,    0,    0,    0,    0,    0,    0,    0,    0,    0,    0,    0,    0,    0,    0,    0,    9,    0,    0,    0,    0,    0,    0,    0,    0,    0,    0,    0,    0,    0,    0,    0,    0,    0,   -5,    6,  -17,    0,    0,    0,    0,    0,    0,    0,    0,    0,    0,    0,    0,    0,    0,    0,    0,    0,    8,  -12,    0,    7,    4,    4,    8,    6,    8,    0,    0,  -18,  -18,   12,    0,    0,    0,   -3,   -7,    0,    0,    6,   -7,    8,    0,    6,    0,  -13,    0,   -7,  -13,  -12,   -9,   11,  -17,    0,   -8,    5,    0,    5,    4,   -6,    3,    0,    0,    0,    4,   -6,    0,  -13,   -7,    6,  -13,    0,   -8,  -18,   13,    0,   -6,   -5,    0,  -19,    0,    0,    0,    0,    0,    0,    0,    0,    0,    0,    0,    0,    0,    0,    0,    0,    0,    0,    0,    0,    0,    0,    0,    0,    0,    0,
       0,    4,    0,  -10,   11,    0,  -27,  -10,  -31,   -4,    9,  -10,    0,    0,    0,    0,    0,    0,    0,    0,    0,    0,    0,    0,    0,    0,    0,    0,    0,   12,    0,    0,    0,    0,    0,    0,    0,    0,    0,    0,    0,    0,    0,    0,    0,    0,    0,   -6,    8,  -13,    0,    0,    0,    0,    0,    0,    0,    0,    0,    0,    0,    0,    0,    0,    0,    0,    0,   11,   -7,    0,  -29,  -22,    6,  -22,  -20,    8,    0,   -3,   -8,   -7,   11,    0,    0,   -7,  -14,   -5,   -6,   -6,  -19,  -12,    0,    0,  -19,  -10,  -18,   -6,  -13,    0,    0,  -13,    0,    0,   -6,    0,    0,   -5,  -10,    7,  -11,  -13,    0,   18,    0,    7,    0,    0,   -7,  -12,    9,    0,    0,    0,    0,  -26,   -8,    0,   -7,    0,    0,    0,    0,    0,    0,    0,    0,    0,    0,    0,    0,    0,    0,    0,    0,    0,    0,    0,    0,    0,    0,    0,    0,    0,    9,   12,    0,
       0,  -19,    0,   -6,    0,  -27,   10,    0,    8,    6,  -11,    0,    0,    0,    0,    0,    0,    0,    0,    0,    0,    0,    0,    0,    0,    0,    0,    0,    0,   -9,    0,    0,    0,    0,    0,    0,    0,    0,    0,    0,    0,    0,    0,    0,    0,    0,    0,   -3,    0,   -5,    4,    0,    0,    0,    0,    0,    0,    0,    0,    0,    0,    0,    0,    0,    0,    0,    0,  -27,   -6,    6,   11,    4,    0,   12,    6,    8,    4,    0,   -8,   -9,   12,  -14,    0,    0,    0,    0,    0,    0,    6,    0,    8,    0,    6,    0,   -4,    0,    0,   -9,   -7,    0,    8,   -8,    0,   -7,    5,    0,    5,    0,    0,    3,    0,    0,    0,    0,   -6,    0,   -7,    0,  -23,   -8,    0,  -12,   -6,   13,    0,   -6,    0,    0,  -14,    0,    0,    0,    0,    0,    0,    0,    0,    0,    0,    0,    0,    0,    0,    0,    0,    0,    0,    0,    0,    0,    0,    0,  -25,  -22,    0,
       0,    0,    0,    0,   -4,   -4,    0,    4,  -10,    4,   -7,    0,    0,    0,    0,    0,    0,    0,    0,    0,    0,    0,    0,    0,    0,    0,    0,    0,    0,   -8,    0,    0,    0,    0,    0,    0,    0,    0,    0,    0,    0,    0,    0,    0,    0,    0,    0,    0,   -6,    3,    4,    0,    0,    0,    0,    0,    0,    0,    0,    0,    0,    0,    0,    0,    0,    0,    0,   -6,    0,   -3,    0,    0,    0,   -3,    0,   -4,    0,    0,    0,    0,   -7,    0,   -4,   -6,    0,    0,    0,    0,    0,    0,    0,    0,    0,    0,    0,    0,    0,    0,    0,    0,   -3,    0,    0,    0,    0,    0,    0,    0,    0,    0,    0,    0,    0,    0,    0,    0,    0,    0,   -7,    0,    0,    0,    0,    0,    0,    0,    0,    0,    0,    0,    0,    0,    0,    0,    0,    0,    0,    0,    0,    0,    0,    0,    0,    0,    0,    0,    0,    0,    0,    0,    0,    0,    0,    0,    0,
       0,   -6,    0,    0,    7,  -12,    9,    0,   12,    0,   -4,    0,    0,    0,    0,    0,    0,    0,    0,    0,    0,    0,    0,    0,    0,    0,    0,    0,    0,    6,    0,    0,    0,    0,    0,    0,    0,    0,    0,    0,    0,    0,    0,    0,    0,    0,    0,   -5,    6,   -5,    0,    0,    0,    0,    0,    0,    0,    0,    0,    0,    0,    0,    0,    0,    0,    0,    0,   -9,    0,    0,    6,    5,    0,    6,    5,    6,    4,    0,    0,  -10,    6,  -10,    0,    0,    0,    0,    0,    0,    5,    0,    6,    0,    6,    0,    0,    0,    0,    0,    7,    0,    6,   -7,    0,    0,    0,    0,    0,    0,    0,    0,    0,    0,   20,    0,    0,    0,    0,    0,   -7,    0,    0,   -7,    0,   11,    0,    0,    0,    0,    0,    0,    0,    0,    0,    0,    0,    0,    0,    0,    0,    0,    0,    0,    0,    0,    0,    0,    0,    0,    0,    0,    0,    0,   -4,   -4,    0,
       0,    0,    0,   -6,    8,  -13,   10,  -17,    8,    3,    4,   -5,    0,    0,    0,    0,    0,    0,    0,    0,    0,    0,    0,    0,    0,    0,    0,    0,    0,    9,    0,    0,    0,    0,    0,    0,    0,    0,    0,    0,    0,    0,    0,    0,    0,    0,    0,   -4,    7,  -17,    0,    0,    0,    0,    0,    0,    0,    0,    0,    0,    0,    0,    0,    0,    0,    0,    0,    8,  -11,    0,    7,    4,    6,    8,    6,    8,    0,    0,  -18,  -15,   12,    0,    0,    0,   -3,   -6,    0,    0,    6,   -6,    8,    0,    6,    0,  -13,    0,   -6,   -9,   -7,   -8,   11,  -12,    0,   -8,    0,    0,    0,    6,   -5,    3,    0,    0,    0,    6,   -6,    0,  -11,   -6,    8,   -9,    0,   -4,  -14,   13,    0,   -3,   -5,    0,  -15,    0,    0,    0,    0,    0,    0,    0,    0,    0,    0,    0,    0,    0,    0,    0,    0,    0,    0,    0,    0,    0,    0,    0,    0,    0,    0,
       0,    0,    0,    0,   -4,   -4,    0,    4,  -10,    4,   -7,    0,    0,    0,    0,    0,    0,    0,    0,    0,    0,    0,    0,    0,    0,    0,    0,    0,    0,   -8,    0,    0,    0,    0,    0,    0,    0,    0,    0,    0,    0,    0,    0,    0,    0,    0,    0,    0,   -6,    3,    4,    0,    0,    0,    0,    0,    0,    0,    0,    0,    0,    0,    0,    0,    0,    0,    0,   -6,    0,   -4,    0,    0,    0,   -3,    0,   -3,    0,    0,    0,    0,   -7,    0,    0,   -5,    0,    0,    0,    0,    0,    0,    0,    0,    0,    0,    0,    0,    0,    0,    0,    0,   -3,    0,    0,    0,    0,    0,    0,    0,    0,    0,    0,    0,    0,    0,    0,    0,    0,    0,   -6,    0,    0,    0,    0,    0,    0,    0,    0,    0,    0,    0,    0,    0,    0,    0,    0,    0,    0,    0,    0,    0,    0,    0,    0,    0,    0,    0,    0,    0,    0,    0,    0,    0,    0,    0,    0,
       0,    0,    0,   -4,   -5,   -3,    0,    0,    0,    0,   -5,    0,    0,    0,    0,    0,    0,    0,    0,    0,    0,    0,    0,    0,    0,    0,    0,   -3,    0,   -4,    0,    0,    0,    0,    0,    0,    0,    0,    0,    0,    0,    0,    0,    0,    0,    0,    0,    0,   -4,    0,    0,    0,    0,    0,    0,    0,    0,    0,    0,    0,    0,    0,    0,    0,    0,    0,    0,   -3,    0,    0,    0,    0,    0,    0,    0,    0,    0,    0,    0,    0,    0,    0,    0,    0,    0,    0,    0,    0,    0,    0,    0,    0,    0,    0,    0,    0,    0,    0,    0,   -4,    0,   -4,    0,    0,    0,    0,    0,    0,    0,    0,    0,    0,    0,    0,    0,    0,    0,    0,   -4,    0,    0,    0,    0,    0,    0,    0,    0,    0,    0,    0,    0,    0,    0,    0,    0,    0,    0,    0,    0,    0,    0,    0,    0,    0,    0,    0,    0,    0,    0,    0,    0,    0,   -7,   -5,    0,
       0,    0,    0,    0,   -7,    0,  -13,    7,  -17,    0,   -6,    0,    0,    0,    0,    0,    0,    0,    0,    0,    0,    0,    0,    0,    0,    0,    0,   -3,    0,   -7,    0,    0,    0,    0,    0,    0,    0,    0,    0,    0,    0,    0,    0,    0,    0,    0,    0,    0,   -8,    3,    0,    0,    0,    0,    0,    0,    0,    0,    0,    0,    0,    0,    0,    0,    0,    0,    0,   -8,    0,    0,   -8,    0,   -8,   -8,    0,  -12,   -7,    0,    0,    0,  -13,    0,   -9,   -5,    0,    0,    0,    0,    0,    0,    0,    0,    0,    0,    0,    0,    0,    0,    0,    0,    0,    0,    0,    0,    0,    0,    0,    0,    0,    0,    0,    0,    0,    0,    0,    0,    0,    0,  -10,    0,    0,    0,    0,   -7,    0,    0,    0,   -8,    0,    0,    0,    0,    0,    0,    0,    0,    0,    0,    0,    0,    0,    0,    0,    0,    0,    0,    0,    0,    0,    0,    0,    0,    0,    3,    0,
       0,    0,    0,    0,   -3,    0,  -35,    0,  -26,    4,    0,    0,    0,    0,    0,    0,    0,    0,    0,    0,    0,    0,    0,    0,    0,    0,    0,   -5,    0,   -4,    0,    0,    0,    0,    0,    0,    0,    0,    0,    0,    0,    0,    0,    0,    0,    0,    0,    0,   -3,   -3,    4,    0,    0,    0,    0,    0,    0,    0,    0,    0,    0,    0,    0,    0,    0,    0,    0,    4,    0,    0,  -30,  -20,    0,  -23,  -19,   -5,   -4,    0,    0,    0,   -7,    0,   -3,    0,   -7,    0,    0,    0,  -14,    0,    0,    0,  -14,   -4,   -5,    0,    0,    0,    4,    0,    4,    0,    0,    0,    0,    0,    0,    0,    0,    0,    0,    0,    0,    0,    0,    4,    0,    0,    0,    4,    0,    4,    0,  -20,    0,    0,    0,    0,    0,    0,    0,    0,    0,    0,    0,    0,    0,    0,    0,    0,    0,    0,    0,    0,    0,    0,    0,    0,    0,    0,    0,    0,   10,   10,    0,
       0,    6,    0,   -6,    8,    0,  -27,  -18,  -33,  -20,    9,  -12,    0,    0,    0,    0,    0,    0,    0,    0,    0,    0,    0,    0,    0,    0,    0,    0,    0,   10,    0,    0,    0,    0,    0,    0,    0,    0,    0,    0,    0,    0,    0,    0,    0,    0,    0,   -6,    6,  -25,  -22,    0,    0,    0,    0,    0,    0,    0,    0,    0,    0,    0,    0,    0,    0,    0,    0,    9,    0,    0,  -28,  -22,    5,  -27,  -21,    6,    0,   -3,   -8,   -4,    9,    0,    0,    0,  -25,    0,    0,    0,  -15,  -16,    0,    0,  -16,   -7,  -25,    0,  -16,    0,    0,  -19,  -25,    0,    0,    0,    0,    0,  -12,    5,  -14,  -24,    0,   16,    0,    5,    0,    0,    0,  -16,    7,    0,    0,    6,    0,  -17,   -4,    0,   -5,    0,    0,    0,    0,    0,    0,    0,    0,    0,    0,    0,    0,    0,    0,    0,    0,    0,    0,    0,    0,    0,    0,    0,    0,    0,    9,    7,    0,
       0,   -4,    0,    0,  -11,    0,  -13,    6,  -13,    0,   -8,    0,    0,    0,    0,    0,    0,    0,    0,    0,    0,    0,    0,    0,    0,    0,    0,   -5,    0,  -12,    0,    0,    0,    0,    0,    0,    0,    0,    0,    0,    0,    0,    0,    0,    0,    0,    0,    0,   -9,    0,    0,    0,    0,    0,    0,    0,    0,    0,    0,    0,    0,    0,    0,    0,    0,    0,    0,   -3,    0,    0,  -12,  -11,  -11,   -9,  -10,  -14,   -9,    0,    0,    0,  -13,    0,  -11,   -4,    0,    0,    0,    0,   -8,    0,    0,    0,   -9,   -3,    0,    0,    0,    0,    0,    0,    0,    0,    0,    0,    0,    0,    0,   -3,    0,    0,    0,    0,    0,   -3,    0,    0,    0,    0,  -11,    0,    0,    0,    0,  -12,    0,    0,    0,  -11,    0,    0,    0,    0,    0,    0,    0,    0,    0,    0,    0,    0,    0,    0,    0,    0,    0,    0,    0,    0,    0,    0,    0,    0,    0,    0,    0,
       0,    0,    0,   -6,    9,   -9,    8,  -11,    8,    6,    7,   -5,    0,    0,    0,    0,    0,    0,    0,    0,    0,    0,    0,    0,    0,    0,    0,    0,    0,   10,    0,    0,    0,    0,    0,    0,    0,    0,    0,    0,    0,    0,    0,    0,    0,    0,    0,   -5,    6,  -12,    0,    0,    0,    0,    0,    0,    0,    0,    0,    0,    0,    0,    0,    0,    0,    0,    0,    9,   -9,    6,    8,    4,    5,   12,    6,    8,    3,    0,  -13,  -13,   12,    0,    0,    0,    0,   -6,    0,    0,    6,   -6,    8,    0,    6,    0,  -10,    0,   -6,   -7,   -6,   -7,    8,  -11,    0,   -7,    0,    0,    0,    5,   -5,    3,    0,    0,    0,    5,   -4,    0,  -10,   -6,    7,   -6,    0,    0,  -12,   13,    0,   -4,   -4,    0,  -13,    0,    0,    0,    0,    0,    0,    0,    0,    0,    0,    0,    0,    0,    0,    0,    0,    0,    0,    0,    0,    0,    0,    0,    3,    5,    0,
       0,    0,    0,    0,   -7,    0,  -13,    7,  -17,    0,   -6,    0,    0,    0,    0,    0,    0,    0,    0,    0,    0,    0,    0,    0,    0,    0,    0,   -3,    0,   -7,    0,    0,    0,    0,    0,    0,    0,    0,    0,    0,    0,    0,    0,    0,    0,    0,    0,    0,   -8,    3,    0,    0,    0,    0,    0,    0,    0,    0,    0,    0,    0,    0,    0,    0,    0,    0,    0,   -8,    0,    0,   -8,    0,   -8,   -8,    0,  -11,   -7,    0,    0,    0,  -13,    0,   -8,   -5,    0,    0,    0,    0,    0,    0,    0,    0,    0,    0,    0,    0,    0,    0,    0,    0,    0,    0,    0,    0,    0,    0,    0,    0,    0,    0,    0,    0,    0,    0,    0,    0,    0,    0,  -10,    0,    0,    0,    0,   -7,    0,    0,    0,   -8,    0,    0,    0,    0,    0,    0,    0,    0,    0,    0,    0,    0,    0,    0,    0,    0,    0,    0,    0,    0,    0,    0,    0,    0,    0,    3,    0,
       0,   -8,    0,    0,   -7,  -10,    0,    5,    0,    0,  -11,    0,    0,    0,    0,    0,    0,    0,    0,    0,    0,    0,    0,    0,    0,    0,    0,    0,    0,  -11,    0,    0,    0,    0,    0,    0,    0,    0,    0,    0,    0,    0,    0,    0,    0,    0,    0,    0,   -6,    0,    0,    0,    0,    0,    0,    0,    0,    0,    0,    0,    0,    0,    0,    0,    0,    0,    0,    0,    0,    0,    0,    0,    0,    0,    0,    0,    0,    0,    0,    0,    0,    0,    0,    0,    0,    0,    0,    0,    0,    0,    0,    0,    0,    0,    0,    0,    0,    0,    0,    0,    0,    0,    0,    0,    0,    0,    0,    0,    0,    0,    0,    0,    0,    0,    0,    0,    0,    0,    0,    0,    0,    0,    0,    0,    0,    0,    0,    0,   -5,    0,    0,    0,    0,    0,    0,    0,    0,    0,    0,    0,    0,    0,    0,    0,    0,    0,    0,    0,    0,    0,    0,    0,   -7,   -7,    0,
       0,    0,    0,    0,    0,   -6,    0,    8,   -6,    0,    0,    0,    0,    0,    0,    0,    0,    0,    0,    0,    0,    0,    0,    0,    0,    0,    0,   -4,    0,    0,    0,    0,    0,    0,    0,    0,    0,    0,    0,    0,    0,    0,    0,    0,    0,    0,    0,    0,    0,    0,    0,    0,    0,    0,    0,    0,    0,    0,    0,    0,    0,    0,    0,    0,    0,    0,    0,    0,    0,    0,    0,    0,    0,    0,    0,    0,    0,    0,    0,    0,    0,    0,    0,    0,    0,    0,    0,    0,    0,    0,   -5,    0,    0,    0,    0,    0,    0,    0,    0,    0,   -4,    0,    0,    0,    0,    0,    0,    0,    0,    0,    0,    0,    0,    0,    0,    0,    0,    0,    0,    0,    0,    0,    0,    0,    0,    0,    0,    0,   -5,    0,    0,    0,    0,    0,    0,    0,    0,    0,    0,    0,    0,    0,    0,    0,    0,    0,    0,    0,    0,    0,    0,    0,    0,    0,    0,
       0,   -7,    0,    0,   -6,   -5,    0,    0,    0,    0,   -6,    0,    0,    0,    0,    0,    0,    0,    0,    0,    0,    0,    0,    0,    0,    0,    0,    0,    0,   -9,    0,    0,    0,    0,    0,    0,    0,    0,    0,    0,    0,    0,    0,    0,    0,    0,    0,    0,   -6,    0,    0,    0,    0,    0,    0,    0,    0,    0,    0,    0,    0,    0,    0,    0,    0,    0,    0,    0,    0,    0,    0,    0,    0,    0,    0,    0,    0,    0,    0,    0,    0,    0,    0,    0,    0,    0,    0,    0,    0,    0,    0,    0,    0,    0,    0,    0,    0,    0,    0,    0,    0,    0,    0,    0,    0,    0,    0,    0,    0,    0,    0,    0,    0,    0,    0,    0,    0,    0,    0,    0,    0,    0,    0,    0,    0,    0,    0,    0,   -4,    0,    0,    0,    0,    0,    0,    0,    0,    0,    0,    0,    0,    0,    0,    0,    0,    0,    0,    0,    0,    0,    0,    0,   -5,   -4,    0,
       0,    0,    0,    0,    0,    0,  -19,    0,  -13,    5,    0,    0,    0,    0,    0,    0,    0,    0,    0,    0,    0,    0,    0,    0,    0,    0,    0,    0,    0,   -7,    0,    0,    0,    0,    0,    0,    0,    0,    0,    0,    0,    0,    0,    0,    0,    0,    0,    0,    0,    0,    5,    0,    0,    0,    0,    0,    0,    0,    0,    0,    0,    0,    0,    0,    0,    0,    0,    0,    0,    0,    0,    0,    0,    0,    0,    0,    0,    0,    0,    0,    0,    0,    0,    0,    0,    0,    0,    0,  -10,    0,    6,    0,  -11,    0,    0,    0,    0,    6,    8,    0,    7,    0,    0,    6,    0,    0,    0,    0,    0,    0,    0,    0,    0,    0,    8,    8,    0,    0,    0,    8,    0,    0,    8,    0,    0,    0,    0,    0,    0,    0,    0,    0,    0,    0,    0,    0,    0,    0,    0,    0,    0,    0,    0,    0,    0,    0,    0,    0,    0,    0,    0,    0,    6,    7,    0,
       0,   -7,    0,    0,    7,   -7,    9,    0,   11,    0,   -4,    0,    0,    0,    0,    0,    0,    0,    0,    0,    0,    0,    0,    0,    0,    0,    0,    0,    0,    6,    0,    0,    0,    0,    0,    0,    0,    0,    0,    0,    0,    0,    0,    0,    0,    0,    0,    0,    6,   -3,    0,    0,    0,    0,    0,    0,    0,    0,    0,    0,    0,    0,    0,    0,    0,    0,    0,    0,    0,    0,    0,    0,    0,    0,    0,    0,    0,    0,    0,    0,    0,    0,    0,    0,    0,    0,    0,    0,    5,    0,    6,    0,    6,    0,    0,    0,    0,   -4,    7,    0,    6,   -4,    0,   -3,    3,    0,    0,    0,    0,    0,    0,    0,   20,    0,    0,    0,    0,    0,    0,    0,    0,    0,    0,    0,    0,    0,    0,    0,    0,    0,    0,    0,    0,    0,    0,    0,    0,    0,    0,    0,    0,    0,    0,    0,    0,    0,    0,    0,    0,    0,    0,    0,   -6,   -4,    0,
       0,   -8,    0,    0,   -7,  -10,   -7,    4,   -4,    0,   -8,    0,    0,    0,    0,    0,    0,    0,    0,    0,    0,    0,    0,    0,    0,    0,    0,    0,    0,  -11,    0,    0,    0,    0,    0,    0,    0,    0,    0,    0,    0,    0,    0,    0,    0,    0,    0,    0,   -6,    4,    0,    0,    0,    0,    0,    0,    0,    0,    0,    0,    0,    0,    0,    0,    0,    0,    0,    0,    0,    0,    0,    0,    0,    0,    0,    0,    0,    0,    0,    0,    0,    0,    0,    0,    0,    0,    0,    0,    0,    0,    0,    0,    0,    0,    0,    0,    0,    0,    0,    0,   -5,    0,    0,    0,    0,    0,    0,    0,    0,    0,    0,    0,    0,    0,    0,    0,    0,    0,    0,    0,    0,    0,    0,    0,    0,    0,    0,    0,   -3,    0,    0,    0,    0,    0,    0,    0,    0,    0,    0,    0,    0,    0,    0,    0,    0,    0,    0,    0,    0,    0,    0,    0,   -3,   -6,    0,
       0,    0,    0,   -4,    0,    4,    4,  -15,    7,    3,    0,   -7,    0,    0,    0,    0,    0,    0,    0,    0,    0,    0,    0,    0,    0,    0,    0,    0,    0,   -9,    0,    0,    0,    0,    0,    0,    0,    0,    0,    0,    0,    0,    0,    0,    0,    0,    0,   -4,    0,  -12,    0,    0,    0,    0,    0,    0,    0,    0,    0,    0,    0,    0,    0,    0,    0,    0,    0,    0,    0,    0,    0,    0,    0,    0,    0,    0,    0,    0,    0,    0,    0,    0,    0,    0,   -3,    0,    0,    0,    6,   -5,    8,    4,    6,    0,  -12,    0,   -5,    5,    6,   -6,    7,    0,    0,    5,    5,    0,    5,    0,    0,    0,    0,    0,    0,    0,    6,    3,    0,   -5,    0,    6,    0,    0,    0,    0,    0,    0,    0,    0,    0,    0,    0,    0,    0,    0,    0,    0,    0,    0,    0,    0,    0,    0,    0,    0,    0,    0,    0,    0,    0,    0,    0,    0,    4,    8,    0,
       0,   -4,    0,    0,   -4,    0,    3,    5,    0,    0,   -4,    0,    0,    0,    0,    0,    0,    0,    0,    0,    0,    0,    0,    0,    0,    0,    0,    0,    0,   -8,    0,    0,    0,    0,    0,    0,    0,    0,    0,    0,    0,    0,    0,    0,    0,    0,    0,    0,   -4,    0,    0,    0,    0,    0,    0,    0,    0,    0,    0,    0,    0,    0,    0,    0,    0,    0,    0,    0,    0,    0,    0,    0,    0,    0,    0,    0,    0,    0,    0,    0,    0,    0,    0,    0,    0,    0,    0,    0,    0,    0,    0,    0,    4,    0,    0,    0,    0,    0,    0,    0,    0,    0,    0,    0,    0,    0,    0,    0,    0,    0,    0,    0,    0,    0,    0,    0,    0,    0,    0,    0,    0,    0,    0,    0,    0,    0,    0,    0,    0,    0,    0,    0,    0,    0,    0,    0,    0,    0,    0,    0,    0,    0,    0,    0,    0,    0,    0,    0,    0,    0,    0,    0,    0,    0,    0,
       0,    0,    0,   -4,    0,    4,    4,  -15,    7,    3,    0,   -7,    0,    0,    0,    0,    0,    0,    0,    0,    0,    0,    0,    0,    0,    0,    0,    0,    0,   -9,    0,    0,    0,    0,    0,    0,    0,    0,    0,    0,    0,    0,    0,    0,    0,    0,    0,   -4,    0,  -12,    0,    0,    0,    0,    0,    0,    0,    0,    0,    0,    0,    0,    0,    0,    0,    0,    0,    0,    0,    0,    0,    0,    0,    0,    0,    0,    0,    0,    0,    0,    0,    0,    0,    0,   -3,    0,    0,    0,    6,   -6,    8,    4,    6,    0,  -12,    0,   -6,    6,    8,   -7,    7,    0,    0,    6,    5,    0,    5,    0,   -4,    0,    0,    0,    0,    0,    8,    4,    0,   -6,    0,    7,    0,    0,    0,    0,    0,    0,    0,    0,    0,    0,    0,    0,    0,    0,    0,    0,    0,    0,    0,    0,    0,    0,    0,    0,    0,    0,    0,    0,    0,    0,    0,    0,    4,    8,    0,
       0,    0,    0,    0,   -5,    0,    0,    4,    0,    0,   -5,    0,    0,    0,    0,    0,    0,    0,    0,    0,    0,    0,    0,    0,    0,    0,    0,    0,    0,   -7,    0,    0,    0,    0,    0,    0,    0,    0,    0,    0,    0,    0,    0,    0,    0,    0,    0,    0,   -4,    0,    0,    0,    0,    0,    0,    0,    0,    0,    0,    0,    0,    0,    0,    0,    0,    0,    0,    0,    0,    0,    0,    0,    0,    0,    0,    0,    0,    0,    0,    0,    0,    0,    0,    0,    0,    0,    0,    0,    0,    0,    0,    0,    0,    0,    0,    0,    0,    0,    0,    0,    0,    0,    0,    0,    0,    0,    0,    0,    0,    0,    0,    0,    0,    0,    0,    0,    0,    0,    0,    0,    0,    0,    0,    0,    0,    0,    0,    0,   -5,    0,    0,    0,    0,    0,    0,    0,    0,    0,    0,    0,    0,    0,    0,    0,    0,    0,    0,    0,    0,    0,    0,    0,    0,    0,    0,
       0,   -4,    0,    0,   -4,   -5,    0,    0,    0,    0,   -5,    0,    0,    0,    0,    0,    0,    0,    0,    0,    0,    0,    0,    0,    0,    0,    0,    0,    0,   -9,    0,    0,    0,    0,    0,    0,    0,    0,    0,    0,    0,    0,    0,    0,    0,    0,    0,    0,   -6,    0,    0,    0,    0,    0,    0,    0,    0,    0,    0,    0,    0,    0,    0,    0,    0,    0,    0,    0,    0,    0,    0,    0,    0,    0,    0,    0,    0,    0,    0,    0,    0,    0,    0,    0,    0,    0,    0,    0,    0,    0,    0,    0,    0,    0,    0,    0,    0,    0,    0,    0,    0,    0,    0,    0,    0,    0,    0,    0,    0,    0,    0,    0,    0,    0,    0,    0,    0,    0,    0,    0,    0,    0,    0,    0,    0,    0,    0,    0,   -7,    0,    0,    0,    0,    0,    0,    0,    0,    0,    0,    0,    0,    0,    0,    0,    0,    0,    0,    0,    0,    0,    0,    0,    0,    0,    0,
       0,    0,    0,    0,   -5,    0,    0,    4,    0,    0,   -5,    0,    0,    0,    0,    0,    0,    0,    0,    0,    0,    0,    0,    0,    0,    0,    0,    0,    0,   -8,    0,    0,    0,    0,    0,    0,    0,    0,    0,    0,    0,    0,    0,    0,    0,    0,    0,    0,   -5,    0,    0,    0,    0,    0,    0,    0,    0,    0,    0,    0,    0,    0,    0,    0,    0,    0,    0,    0,    0,    0,    0,    0,    0,    0,    0,    0,    0,    0,    0,    0,    0,    0,    0,    0,    0,    0,    0,    0,    0,    0,    0,    0,    0,    0,    0,    0,    0,    0,    0,    0,    0,    0,    0,    0,    0,    0,    0,    0,    0,    0,    0,    0,    0,    0,    0,    0,    0,    0,    0,    0,    0,    0,    0,    0,    0,    0,    0,    0,   -5,    0,    0,    0,    0,    0,    0,    0,    0,    0,    0,    0,    0,    0,    0,    0,    0,    0,    0,    0,    0,    0,    0,    0,    0,    0,    0,
       0,  -10,    0,    0,   -8,  -10,  -10,    4,   -9,    0,   -9,    0,    0,    0,    0,    0,    0,    0,    0,    0,    0,    0,    0,    0,    0,    0,    0,    0,    0,  -12,    0,    0,    0,    0,    0,    0,    0,    0,    0,    0,    0,    0,    0,    0,    0,    0,    0,    0,   -7,    4,    0,    0,    0,    0,    0,    0,    0,    0,    0,    0,    0,    0,    0,    0,    0,    0,    0,    0,    0,    0,    0,    0,    0,    0,    0,    0,    0,    0,    0,    0,    0,    0,    0,    0,    0,    0,    0,    0,    0,    0,   -5,    0,    0,    0,    0,    0,    0,    0,    0,    0,   -6,    0,    0,    0,    0,    0,    0,    0,    0,    0,    0,    0,    0,    0,    0,    0,    0,    0,    0,    0,    0,    0,    0,    0,    0,    0,    0,    0,   -5,    0,    0,    0,    0,    0,    0,    0,    0,    0,    0,    0,    0,    0,    0,    0,    0,    0,    0,    0,    0,    0,    0,    0,   -9,   -8,    0,
       0,  -10,    0,    0,  -10,   -5,    0,    8,   -6,    0,   -6,    0,    0,    0,    0,    0,    0,    0,    0,    0,    0,    0,    0,    0,    0,    0,    0,   -5,    0,  -12,    0,    0,    0,    0,    0,    0,    0,    0,    0,    0,    0,    0,    0,    0,    0,    0,    0,    0,   -9,    0,    0,    0,    0,    0,    0,    0,    0,    0,    0,    0,    0,    0,    0,    0,    0,    0,    0,    0,    0,    0,    0,    0,    0,    0,    0,    0,    0,    0,    0,    0,    0,    0,    0,    0,    0,    0,    0,    0,    0,    0,   -5,    0,    0,    0,    0,    0,    0,    0,    0,    0,    0,    0,    0,    0,    0,    0,    0,   -4,    0,    0,    0,    0,    0,    0,    0,    0,    0,    0,    0,    0,    0,    0,    0,    0,    0,    0,    0,    0,   -4,    0,    0,    0,    0,    0,    0,    0,    0,    0,    0,    0,    0,    0,    0,    0,    0,    0,    0,    0,    0,    0,    0,    0,   -7,   -8,    0,
       0,    0,    0,    0,    0,    0,    6,   -3,    0,    3,   -4,   -3,    0,    0,    0,    0,    0,    0,    0,    0,    0,    0,    0,    0,    0,    0,    0,    0,    0,  -12,    0,    0,    0,    0,    0,    0,    0,    0,    0,    0,    0,    0,    0,    0,    0,    0,    0,    0,   -6,   -5,    0,    0,    0,    0,    0,    0,    0,    0,    0,    0,    0,    0,    0,    0,    0,    0,    0,    0,    0,    0,    0,    0,    0,    0,    0,    0,    0,    0,    0,    0,    0,    0,    0,    0,    0,    0,    0,    0,    0,    0,    5,    0,    0,    0,   -8,    0,    0,    0,    0,    0,    4,    0,    0,    0,    0,    0,    0,    0,    0,    0,    0,    0,    0,    0,    3,    0,    0,    0,    0,    3,    0,    0,    0,    0,    0,    0,    0,    0,    0,    0,    0,    0,    0,    0,    0,    0,    0,    0,    0,    0,    0,    0,    0,    0,    0,    0,    0,    0,    0,    0,    0,    0,    4,    8,    0,
       0,    0,    0,    0,    0,    0,  -12,    0,  -14,    0,    0,    0,    0,    0,    0,    0,    0,    0,    0,    0,    0,    0,    0,    0,    0,    0,    0,    0,    0,   -9,    0,    0,    0,    0,    0,    0,    0,    0,    0,    0,    0,    0,    0,    0,    0,    0,    0,    0,   -5,    0,    0,    0,    0,    0,    0,    0,    0,    0,    0,    0,    0,    0,    0,    0,    0,    0,    0,    0,    0,    0,    0,    0,    0,    0,    0,    0,    0,    0,    0,    0,    0,    0,    0,    0,    0,    0,    0,    0,  -10,    0,    5,    0,   -9,    0,    0,    0,    0,    5,    6,   -3,    6,    0,    0,    5,    0,    0,    0,    0,    0,    0,    0,    0,    0,    0,    6,    6,    0,    0,    0,    6,    0,    0,    6,    0,    0,    0,    0,    0,    0,    0,    0,    0,    0,    0,    0,    0,    0,    0,    0,    0,    0,    0,    0,    0,    0,    0,    0,    0,    0,    0,    0,    0,    4,    6,    0,
       0,    0,    0,    0,    0,    0,  -10,    0,  -11,    0,    0,    0,    0,    0,    0,    0,    0,    0,    0,    0,    0,    0,    0,    0,    0,    0,    0,    0,    0,   -7,    0,    0,    0,    0,    0,    0,    0,    0,    0,    0,    0,    0,    0,    0,    0,    0,    0,    0,    0,    0,    0,    0,    0,    0,    0,    0,    0,    0,    0,    0,    0,    0,    0,    0,    0,    0,    0,    0,    0,    0,    0,    0,    0,    0,    0,    0,    0,    0,    0,    0,    0,    0,    0,    0,    0,    0,    0,    0,   -8,    0,    6,    0,   -7,    0,    0,    0,    0,    6,    8,   -4,    7,    0,    0,    6,    0,    0,    0,    0,    0,    0,    0,    0,    0,    0,    8,    7,    0,    0,    0,    8,    0,    0,    4,    0,    0,    0,    0,    0,    0,    0,    0,    0,    0,    0,    0,    0,    0,    0,    0,    0,    0,    0,    0,    0,    0,    0,    0,    0,    0,    0,    0,    0,    4,    7,    0,
       0,  -15,    0,    0,  -12,   -6,    0,    8,   -7,    0,  -10,    0,    0,    0,    0,    0,    0,    0,    0,    0,    0,    0,    0,    0,    0,    0,    0,   -5,    0,  -13,    0,    0,    0,    0,    0,    0,    0,    0,    0,    0,    0,    0,    0,    0,    0,    0,    0,    0,   -9,    0,    0,    0,    0,    0,    0,    0,    0,    0,    0,    0,    0,    0,    0,    0,    0,    0,    0,    0,    0,    0,    0,    0,    0,    0,    0,    0,    0,    0,    0,    0,    0,    0,    0,    0,    0,    0,    0,    0,    0,    0,   -7,   -3,    0,    0,    0,    0,    0,   -3,   -4,    0,   -5,   -2,    0,    0,    0,    0,   -3,   -4,    0,    0,    0,    0,    0,   -4,    0,    0,    0,    0,    0,    0,    0,    0,    0,    0,    0,    0,    0,    0,   -6,    0,    0,    0,    0,    0,    0,    0,    0,    0,    0,    0,    0,    0,    0,    0,    0,    0,    0,    0,    0,    0,    0,    0,  -15,  -12,    0,
       0,    0,    0,   -4,    0,    4,    6,   -7,    7,    5,    0,   -3,    0,    0,    0,    0,    0,    0,    0,    0,    0,    0,    0,    0,    0,    0,    0,    0,    0,  -10,    0,    0,    0,    0,    0,    0,    0,    0,    0,    0,    0,    0,    0,    0,    0,    0,    0,   -3,    0,   -9,    0,    0,    0,    0,    0,    0,    0,    0,    0,    0,    0,    0,    0,    0,    0,    0,    0,    0,    0,    0,    0,    0,    0,    0,    0,    0,    0,    0,    0,    0,    0,    0,    0,    0,    0,    0,    0,    0,    6,   -4,    8,    4,    6,    0,   -8,    0,   -4,    5,    7,   -5,   11,    0,    0,    5,    5,    0,    5,    0,    0,    0,    0,    0,    0,    0,    7,    4,    0,   -4,    0,    6,    0,    0,    0,    0,    0,    0,    0,    0,    0,    0,    0,    0,    0,    0,    0,    0,    0,    0,    0,    0,    0,    0,    0,    0,    0,    0,    0,    0,    0,    0,    0,    0,    5,    9,    0,
       0,  -24,    0,    0,   -7,  -18,    0,    4,    0,    0,   -7,    0,    0,    0,    0,    0,    0,    0,    0,    0,    0,    0,    0,    0,    0,    0,    0,   -4,    0,  -11,    0,    0,    0,    0,    0,    0,    0,    0,    0,    0,    0,    0,    0,    0,    0,    0,    0,    0,   -7,    0,    0,    0,    0,    0,    0,    0,    0,    0,    0,    0,    0,    0,    0,    0,    0,    0,    0,    0,    0,    0,    0,    0,    0,    0,    0,    0,    0,    0,    0,    0,    0,    0,    0,    0,    0,    0,    0,    0,    0,    0,    0,    0,    4,    0,    0,    0,    0,  -12,   -7,    0,    0,    0,    0,   -9,    0,    0,    0,    0,    0,    0,    0,    0,    0,    0,   -8,    0,    0,    0,    0,   -7,    0,    0,    0,    0,    0,    0,    0,    0,  -13,    0,    0,    0,    0,    0,    0,    0,    0,    0,    0,    0,    0,    0,    0,    0,    0,    0,    0,    0,    0,    0,    0,    0,  -21,  -24,    0,
       0,   -8,    0,    0,   -8,  -10,  -10,    4,   -9,    0,   -9,    0,    0,    0,    0,    0,    0,    0,    0,    0,    0,    0,    0,    0,    0,    0,    0,    0,    0,  -12,    0,    0,    0,    0,    0,    0,    0,    0,    0,    0,    0,    0,    0,    0,    0,    0,    0,    0,   -6,    4,    0,    0,    0,    0,    0,    0,    0,    0,    0,    0,    0,    0,    0,    0,    0,    0,    0,    0,    0,    0,    0,    0,    0,    0,    0,    0,    0,    0,    0,    0,    0,    0,    0,    0,    0,    0,    0,    0,    0,    0,    0,    0,    0,    0,    0,    0,    0,    0,    0,    0,   -6,    0,    0,    0,    0,    0,    0,    0,    0,    0,    0,    0,    0,    0,    0,    0,    0,    0,    0,    0,    0,    0,    0,    0,    0,    0,    0,    0,    0,    0,    0,    0,    0,    0,    0,    0,    0,    0,    0,    0,    0,    0,    0,    0,    0,    0,    0,    0,    0,    0,    0,    0,   -9,   -8,    0,
       0,  -10,    0,    0,   -8,  -10,  -10,    4,   -9,    0,   -9,    0,    0,    0,    0,    0,    0,    0,    0,    0,    0,    0,    0,    0,    0,    0,    0,    0,    0,  -12,    0,    0,    0,    0,    0,    0,    0,    0,    0,    0,    0,    0,    0,    0,    0,    0,    0,    0,   -7,    4,    0,    0,    0,    0,    0,    0,    0,    0,    0,    0,    0,    0,    0,    0,    0,    0,    0,    0,    0,    0,    0,    0,    0,    0,    0,    0,    0,    0,    0,    0,    0,    0,    0,    0,    0,    0,    0,    0,    0,    0,   -5,    0,    0,    0,    0,    0,    0,    0,    0,    0,   -6,    0,    0,    0,    0,    0,    0,    0,    0,    0,    0,    0,    0,    0,    0,    0,    0,    0,    0,    0,    0,    0,    0,    0,    0,    0,    0,    0,   -4,    0,    0,    0,    0,    0,    0,    0,    0,    0,    0,    0,    0,    0,    0,    0,    0,    0,    0,    0,    0,    0,    0,    0,   -9,   -8,    0,
       0,    0,    0,    0,   -5,    0,    0,    4,    0,    0,   -5,    0,    0,    0,    0,    0,    0,    0,    0,    0,    0,    0,    0,    0,    0,    0,    0,    0,    0,   -9,    0,    0,    0,    0,    0,    0,    0,    0,    0,    0,    0,    0,    0,    0,    0,    0,    0,    0,   -6,    0,    0,    0,    0,    0,    0,    0,    0,    0,    0,    0,    0,    0,    0,    0,    0,    0,    0,    0,    0,    0,    0,    0,    0,    0,    0,    0,    0,    0,    0,    0,    0,    0,    0,    0,    0,    0,    0,    0,    0,    0,    0,    0,    0,    0,    0,    0,    0,    0,    0,    0,    0,    0,    0,    0,    0,    0,    0,    0,    0,    0,    0,    0,    0,    0,    0,    0,    0,    0,    0,    0,    0,    0,    0,    0,    0,    0,    0,    0,   -5,    0,    0,    0,    0,    0,    0,    0,    0,    0,    0,    0,    0,    0,    0,    0,    0,    0,    0,    0,    0,    0,    0,    0,    0,    0,    0,
       0,  -12,    0,   -5,    0,   -7,    0,    5,    0,    0,   -7,    0,    0,    0,    0,    0,    0,    0,    0,    0,    0,    0,    0,    0,    0,    0,    0,    0,    0,    0,    0,    0,    0,    0,    0,    0,    0,    0,    0,    0,    0,    0,    0,    0,    0,    0,    0,    0,    0,    0,    0,    0,    0,    0,    0,    0,    0,    0,    0,    0,    0,    0,    0,    0,    0,    0,    0,    0,    0,    0,    0,    0,    0,    0,    0,    0,    0,    0,    0,    0,    0,    0,    0,    0,    0,    0,    0,    0,    0,    0,    0,    0,    0,    0,    0,    0,    0,    0,    0,    0,    0,    0,    0,    0,    0,    0,    0,   -5,    0,    0,    0,    0,    9,    0,    0,    0,    0,    0,    0,    0,    0,    0,    0,    0,    0,    0,    0,    0,   -4,    0,    0,    0,    0,    0,    0,    0,    0,    0,    0,    0,    0,    0,    0,    0,    0,    0,    0,    0,    0,    0,    0,    0,  -12,   -9,    0,
       0,    0,    0,    0,    0,    0,    5,    0,    0,    0,   -3,    0,    0,    0,    0,    0,    0,    0,    0,    0,    0,    0,    0,    0,    0,    0,    0,    0,    0,   -8,    0,    0,    0,    0,    0,    0,    0,    0,    0,    0,    0,    0,    0,    0,    0,    0,    0,    0,   -6,   -4,    0,    0,    0,    0,    0,    0,    0,    0,    0,    0,    0,    0,    0,    0,    0,    0,    0,    0,    0,    0,    0,    0,    0,    0,    0,    0,    0,    0,    0,    0,    0,    0,    0,    0,    0,    0,    0,    0,    0,    0,    5,    0,    0,    0,    0,    0,    0,    0,    0,   -3,    5,    0,    0,    0,    0,    0,    0,    0,    0,    0,    0,    0,    0,    0,    0,    0,    0,    0,    0,    0,    0,    0,    0,    0,    0,    0,    0,    0,    0,    0,    0,    0,    0,    0,    0,    0,    0,    0,    0,    0,    0,    0,    0,    0,    0,    0,    0,    0,    0,    0,    0,    0,    0,    0,    0,
       0,    0,    0,    0,   -4,   -3,    0,    0,   -4,    0,  -12,    0,    0,    0,    0,    0,    0,    0,    0,    0,    0,    0,    0,    0,    0,    0,    0,    0,    0,  -11,    0,    0,    0,    0,    0,    0,    0,    0,    0,    0,    0,    0,    0,    0,    0,    0,    0,    0,   -6,    0,    0,    0,    0,    0,    0,    0,    0,    0,    0,    0,    0,    0,    0,    0,    0,    0,    0,    0,    0,    0,    0,    0,    0,    0,    0,    0,    0,    0,    0,    0,    0,    0,    0,    0,    0,    0,    0,    0,    0,    0,    0,    0,    0,    0,    0,    0,    0,    0,    0,    0,    0,    0,    0,    0,    0,    0,    0,    0,    0,    0,    0,    0,    0,    0,    0,    0,    0,    0,    0,    0,    0,    0,    0,    0,    0,    0,    0,    0,   -3,    0,    0,    0,    0,    0,    0,    0,    0,    0,    0,    0,    0,    0,    0,    0,    0,    0,    0,    0,    0,    0,    0,    0,    0,    0,    0,
       0,    0,    0,    0,    4,    0,    0,    4,    0,    0,    0,    0,    0,    0,    0,    0,    0,    0,    0,    0,    0,    0,    0,    0,    0,    0,    0,    0,    0,    0,    0,    0,    0,    0,    0,    0,    0,    0,    0,    0,    0,    0,    0,    0,    0,    0,    0,    0,    0,    0,    0,    0,    0,    0,    0,    0,    0,    0,    0,    0,    0,    0,    0,    0,    0,    0,    0,    0,    0,    0,    0,    0,    0,    0,    0,    0,    0,    0,    0,    0,    0,    0,    0,    0,    0,    0,    0,    0,    0,    0,    0,    0,    0,    0,    0,    0,    0,    0,    0,    0,    0,    0,    0,    0,    0,    0,    0,    0,    0,    0,    0,    0,    0,    0,    0,    0,    0,    0,    0,    0,    0,    0,    0,    0,    0,    0,    0,    0,   -5,    0,    0,    0,    0,    0,    0,    0,    0,    0,    0,    0,    0,    0,    0,    0,    0,    0,    0,    0,    0,    0,    0,    0,    0,    0,    0,
       0,    0,    0,   -4,    4,    0,    0,    4,    0,    0,    0,    0,    0,    0,    0,    0,    0,    0,    0,    0,    0,    0,    0,    0,    0,    0,    0,    0,    0,    3,    0,    0,    0,    0,    0,    0,    0,    0,    0,    0,    0,    0,    0,    0,    0,    0,    0,    0,    0,    0,    0,    0,    0,    0,    0,    0,    0,    0,    0,    0,    0,    0,    0,    0,    0,    0,    0,    0,    0,    0,    0,    0,    0,    0,    0,    0,    0,    0,    0,    0,    0,    0,    0,    0,    0,    0,    0,    0,    0,    0,    0,    0,    0,    0,    0,    0,    0,    0,    0,    0,    0,    0,    0,    0,    0,    0,    0,    0,    0,    0,    0,    0,   10,    0,    0,    0,    0,    0,    0,    0,    0,    0,    0,    0,    0,    0,    0,    0,   -5,    0,    0,    0,    0,    0,    0,    0,    0,    0,    0,    0,    0,    0,    0,    0,    0,    0,    0,    0,    0,    0,    0,    0,    0,    0,    0,
       0,  -12,    0,   -4,   -5,   -7,    0,    5,    0,    0,   -7,    0,    0,    0,    0,    0,    0,    0,    0,    0,    0,    0,    0,    0,    0,    0,    0,    0,    0,  -11,    0,    0,    0,    0,    0,    0,    0,    0,    0,    0,    0,    0,    0,    0,    0,    0,    0,    0,   -9,    0,    0,    0,    0,    0,    0,    0,    0,    0,    0,    0,    0,    0,    0,    0,    0,    0,    0,    0,    0,    0,    0,    0,    0,    0,    0,    0,    0,    0,    0,    0,    0,    0,    0,    0,    0,    0,    0,    0,    0,    0,    0,    0,    0,    0,    0,    0,    0,    0,    0,    0,    0,    0,    0,    0,    0,    0,    0,    0,    0,    0,    0,    0,   -3,    0,    0,    0,    0,    0,    0,    0,    0,    0,    0,    0,    0,    0,    0,    0,   -6,    0,    0,    0,    0,    0,    0,    0,    0,    0,    0,    0,    0,    0,    0,    0,    0,    0,    0,    0,    0,    0,    0,    0,  -11,   -9,    0,
       0,    0,    0,    0,   -5,    0,    0,    4,    0,    0,   -5,    0,    0,    0,    0,    0,    0,    0,    0,    0,    0,    0,    0,    0,    0,    0,    0,    0,    0,   -4,    0,    0,    0,    0,    0,    0,    0,    0,    0,    0,    0,    0,    0,    0,    0,    0,    0,    0,   -4,    0,    0,    0,    0,    0,    0,    0,    0,    0,    0,    0,    0,    0,    0,    0,    0,    0,    0,    0,    0,    0,    0,    0,    0,    0,    0,    0,    0,    0,    0,    0,    0,    0,    0,    0,    0,    0,    0,    0,    0,    0,    0,    0,    0,    0,    0,    0,    0,    0,    0,    0,    0,    0,    0,    0,    0,    0,    0,    0,    0,    0,    0,    0,    0,    0,    0,    0,    0,    0,    0,    0,    0,    0,    0,    0,    0,    0,    0,    0,   -5,    0,    0,    0,    0,    0,    0,    0,    0,    0,    0,    0,    0,    0,    0,    0,    0,    0,    0,    0,    0,    0,    0,    0,    0,    0,    0,
       0,  -17,    0,    0,   -9,  -15,    0,    0,    0,    0,   -9,    0,    0,    0,    0,    0,    0,    0,    0,    0,    0,    0,    0,    0,    0,    0,    0,   -5,    0,  -13,    0,    0,    0,    0,    0,    0,    0,    0,    0,    0,    0,    0,    0,    0,    0,    0,    0,    0,   -9,    0,    0,    0,    0,    0,    0,    0,    0,    0,    0,    0,    0,    0,    0,    0,    0,    0,    0,    0,    0,    0,    0,    0,    0,    0,    0,    0,    0,    0,    0,    0,    0,    0,    0,    0,    0,    0,    0,    0,    0,    0,    0,    0,    0,    0,    0,    0,    0,  -11,   -8,    0,    0,   -3,    0,   -7,    0,    0,   -3,   -4,    0,    0,    0,    0,    0,   -4,  -11,    0,    0,    0,    0,   -8,    0,    0,    0,    0,    0,    0,    0,    0,  -15,    0,    0,    0,    0,    0,    0,    0,    0,    0,    0,    0,    0,    0,    0,    0,    0,    0,    0,    0,    0,    0,    0,    0,  -15,  -12,    0,
       4,    7,    0,   -4,    9,    0,  -33,  -17,  -21,    0,   11,   -9,    0,    0,    0,    0,    0,    0,    0,    0,    0,    0,    0,    0,    0,    0,    0,    0,    0,   13,    0,    0,    0,    0,    0,    0,    0,    0,    0,    0,    0,    0,    0,    0,    0,    0,    0,    0,   13,  -20,    0,    0,    0,    0,    0,    0,    0,    0,    0,    0,    0,    0,    0,    0,    0,    0,    0,   11,   -4,    0,  -27,  -17,   10,  -21,  -16,   10,    7,    0,   -4,   -5,    9,    8,    7,    0,   -6,    0,   -4,   -4,  -17,  -17,    0,    0,  -18,   -8,  -17,   -5,  -18,    0,    0,  -20,    0,    0,   -4,    0,    0,    0,  -14,   12,  -15,  -11,    0,    0,    0,   12,    0,    0,   -4,  -17,   12,    0,    0,    4,   -4,  -31,   -6,    0,   -6,    4,    0,    0,    0,    0,    0,    0,    0,    0,    0,    0,    0,    0,    0,    0,    0,    0,    0,    0,    0,    0,    0,    0,    0,    0,   10,   10,    0,
       0,    5,    0,    0,    0,    6,  -18,    0,  -14,    6,    0,    0,    0,    0,    0,    0,    0,    0,    0,    0,    0,    0,    0,    0,    0,    0,    0,    0,    0,   -4,    0,    0,    0,    0,    0,    0,    0,    0,    0,    0,    0,    0,    0,    0,    0,    0,    0,    0,    0,    0,    7,    0,    0,    0,    0,    0,    0,    0,    0,    0,    0,    0,    0,    0,    0,    0,    0,    0,    0,    0,    0,    0,    0,    0,    0,    0,    0,    0,    0,    0,    0,    0,    0,    0,    0,    0,    0,    0,   -7,    0,    9,    6,   -8,    0,    0,    0,    0,   10,   11,    0,   10,    6,    0,   10,    6,    0,    0,    0,    0,    0,    0,    0,    0,    0,   11,   11,    0,    0,    0,   11,    0,    0,    8,    0,    0,    0,    0,    0,    0,    0,    0,    0,    0,    0,    0,    0,    0,    0,    0,    0,    0,    0,    0,    0,    0,    0,    0,    0,    0,    0,    0,    0,    7,   11,    0,
       0,   -6,    0,   -4,    0,   -6,    7,    0,    0,    0,   -6,    0,    0,    0,    0,    0,    0,    0,    0,    0,    0,    0,    0,    0,    0,    0,    0,    0,    0,    0,    0,    0,    0,    0,    0,    0,    0,    0,    0,    0,    0,    0,    0,    0,    0,    0,    0,    0,    0,    0,    0,    0,    0,    0,    0,    0,    0,    0,    0,    0,    0,    0,    0,    0,    0,    0,    0,    0,    0,    0,    0,    0,    0,    0,    0,    0,    0,    0,    0,    0,    0,    0,    0,    0,    0,    0,    0,    0,    0,    0,    4,    0,    4,    0,    0,    0,    0,    0,    0,    0,    4,   -5,    0,    0,    0,    0,    0,    0,    0,    0,    0,    0,   12,    0,    0,    0,    0,    0,    0,    0,    0,    0,    0,    0,    0,    0,    0,    0,    0,    0,    0,    0,    0,    0,    0,    0,    0,    0,    0,    0,    0,    0,    0,    0,    0,    0,    0,    0,    0,    0,    0,    0,   -5,    0,    0,
       0,  -31,    0,   -4,    0,  -24,    7,    0,    0,    0,   -6,    0,    0,    0,    0,    0,    0,    0,    0,    0,    0,    0,    0,    0,    0,    0,    0,   -4,    0,    0,    0,    0,    0,    0,    0,    0,    0,    0,    0,    0,    0,    0,    0,    0,    0,    0,    0,    0,    0,    0,    0,    0,    0,    0,    0,    0,    0,    0,    0,    0,    0,    0,    0,    0,    0,    0,    0,    0,    0,    0,    0,    0,    0,    0,    0,    0,    0,    0,    0,    0,    0,    0,    0,    0,    0,    0,    0,    0,    0,    0,    4,    0,    4,    0,    0,    0,    0,  -14,    0,    0,    4,   -7,    0,  -11,    0,    0,    0,    0,    0,    0,    0,    0,   12,    0,  -10,    0,    0,    0,    0,  -12,    0,    0,   -7,    0,    0,    0,    0,    0,    0,    0,    0,    0,    0,    0,    0,    0,    0,    0,    0,    0,    0,    0,    0,    0,    0,    0,    0,    0,    0,    0,    0,    0,  -27,  -30,    0,
       0,  -11,    0,    0,    0,   -3,    0,   10,    0,    0,   -7,    0,    0,    0,    0,    0,    0,    0,    0,    0,    0,    0,    0,    0,    0,    0,    0,   -4,    0,    0,    0,    0,    0,    0,    0,    0,    0,    0,    0,    0,    0,    0,    0,    0,    0,    0,    0,    0,    0,    0,    0,    0,    0,    0,    0,    0,    0,    0,    0,    0,    0,    0,    0,    0,    0,    0,    0,  -15,    0,   -6,    0,    0,   -5,    0,    0,   -8,    0,    0,    0,    0,   -7,    0,   -5,   -6,    0,    0,    0,    0,    0,    0,   -4,    0,    0,    0,    0,    0,    0,    0,    0,    0,    0,    0,    0,    0,    0,    0,    0,    0,    0,    0,    0,    0,   11,    0,    0,    0,    0,    0,  -18,    0,    0,    0,    0,    0,    0,    0,    0,    0,    0,    0,    0,    0,    0,    0,    0,    0,    0,    0,    0,    0,    0,    0,    0,    0,    0,    0,    0,    0,    0,    0,    0,    0,  -11,   -8,    0,
       0,  -17,    0,    0,    0,  -11,    0,    8,    5,    0,   -8,    0,    0,    0,    0,    0,    0,    0,    0,    0,    0,    0,    0,    0,    0,    0,    0,    0,    0,    0,    0,    0,    0,    0,    0,    0,    0,    0,    0,    0,    0,    0,    0,    0,    0,    0,    0,    0,    0,    0,    0,    0,    0,    0,    0,    0,    0,    0,    0,    0,    0,    0,    0,    0,    0,    0,    0,    0,    0,    0,    0,    0,    0,    0,    0,    0,    0,    0,    0,    0,    0,    0,    0,    0,    0,    0,    0,    0,    0,    0,    0,    0,    0,    0,    0,    0,    0,   -7,    0,    0,    0,    0,    0,   -5,    0,    0,    0,    0,    0,    0,    0,    0,   14,    0,   -5,    0,    0,    0,    0,   -4,    0,    0,    0,    0,    0,    0,    0,    0,    0,    0,    0,    0,    0,    0,    0,    0,    0,    0,    0,    0,    0,    0,    0,    0,    0,    0,    0,    0,    0,    0,    0,    0,  -15,  -15,    0,
       0,    0,    0,  -11,    8,    0,  -21,  -15,  -25,   -7,    6,  -15,    0,    0,    0,    0,    0,    0,    0,    0,    0,    0,    0,    0,    0,    0,    0,    0,    0,    9,    0,    0,    0,    0,    0,    0,    0,    0,    0,    0,    0,    0,    0,    0,    0,    0,    0,   -5,    9,  -21,   -7,    0,    0,    0,    0,    0,    0,    0,    0,    0,    0,    0,    0,    0,    0,    0,    0,    7,  -11,   -4,  -24,  -21,    7,  -23,  -20,    9,    0,   -4,  -11,  -12,    7,    4,    0,   -9,  -11,   -7,   -9,   -9,  -22,  -19,    0,   -6,  -23,  -14,  -19,  -10,  -20,    0,    0,  -21,    0,   -6,   -9,    0,   -6,   -8,  -16,    7,  -18,  -14,    0,    0,    0,    7,    0,    0,  -11,  -19,   10,    0,    0,    0,   -6,  -20,  -11,    0,  -11,    0,    0,    0,    0,    0,    0,    0,    0,    0,    0,    0,    0,    0,    0,    0,    0,    0,    0,    0,    0,    0,    0,    0,    0,    0,    0,    4,    0,
       0,    0,    0,    0,    0,    0,  -11,    0,   -9,    0,    0,    0,    0,    0,    0,    0,    0,    0,    0,    0,    0,    0,    0,    0,    0,    0,    0,    0,    0,   -7,    0,    0,    0,    0,    0,    0,    0,    0,    0,    0,    0,    0,    0,    0,    0,    0,    0,    0,    0,    0,    3,    0,    0,    0,    0,    0,    0,    0,    0,    0,    0,    0,    0,    0,    0,    0,    0,    0,    0,    0,    0,    0,    0,    0,    0,    0,    0,    0,    0,    0,    0,    0,    0,    0,    0,    0,    0,    0,   -8,    0,    6,    0,   -8,    0,    0,    0,    0,    6,    8,    0,    7,    0,    0,    6,    0,    0,    0,    0,    0,    0,    0,    0,    0,    0,    8,    7,    0,    0,    0,    8,    0,    0,    4,    0,    0,    0,    0,    0,    0,    0,    0,    0,    0,    0,    0,    0,    0,    0,    0,    0,    0,    0,    0,    0,    0,    0,    0,    0,    0,    0,    0,    0,    0,    7,    0,
       0,  -20,    0,   -5,   -4,   -9,    4,    5,    0,    0,  -10,    0,    0,    0,    0,    0,    0,    0,    0,    0,    0,    0,    0,    0,    0,    0,    0,   -5,    0,  -14,    0,    0,    0,    0,    0,    0,    0,    0,    0,    0,    0,    0,    0,    0,    0,    0,    0,    0,  -10,    0,    0,    0,    0,    0,    0,    0,    0,    0,    0,    0,    0,    0,    0,    0,    0,    0,    0,  -21,    0,    0,    0,    0,    0,    0,    0,    0,    0,    0,    0,    0,    0,   -6,    0,    0,    0,    0,    0,    0,    0,    0,    0,    0,    0,    0,    0,    0,    0,    0,    0,    0,    0,    0,    0,    0,    0,    0,    0,    0,    0,    0,    0,    0,    0,    0,    0,    0,    0,    0,  -23,    0,    0,   -4,    0,    5,    0,    0,    0,    0,    0,    0,    0,    0,    0,    0,    0,    0,    0,    0,    0,    0,    0,    0,    0,    0,    0,    0,    0,    0,    0,    0,    0,    0,  -20,  -17,    0,
       0,  -11,    0,   -4,   -5,   -7,    0,    5,    0,    0,   -7,    0,    0,    0,    0,    0,    0,    0,    0,    0,    0,    0,    0,    0,    0,    0,    0,    0,    0,  -11,    0,    0,    0,    0,    0,    0,    0,    0,    0,    0,    0,    0,    0,    0,    0,    0,    0,    0,   -9,    0,    0,    0,    0,    0,    0,    0,    0,    0,    0,    0,    0,    0,    0,    0,    0,    0,    0,    0,    0,    0,    0,    0,    0,    0,    0,    0,    0,    0,    0,    0,    0,    0,    0,    0,    0,    0,    0,    0,    0,    0,    0,    0,    0,    0,    0,    0,    0,    0,    0,    0,    0,    0,    0,    0,    0,    0,    0,    0,    0,    0,    0,    0,   -3,    0,    0,    0,    0,    0,    0,    0,    0,    0,    0,    0,    0,    0,    0,    0,   -6,    0,    0,    0,    0,    0,    0,    0,    0,    0,    0,    0,    0,    0,    0,    0,    0,    0,    0,    0,    0,    0,    0,    0,   -9,   -6,    0,
       0,    0,    0,    0,   -7,    0,    0,    4,   -6,    0,   -5,    0,    0,    0,    0,    0,    0,    0,    0,    0,    0,    0,    0,    0,    0,    0,    0,   -3,    0,   -9,    0,    0,    0,    0,    0,    0,    0,    0,    0,    0,    0,    0,    0,    0,    0,    0,    0,    0,   -6,    0,    0,    0,    0,    0,    0,    0,    0,    0,    0,    0,    0,    0,    0,    0,    0,    0,    0,    0,    0,    0,    0,    0,   -6,    0,    0,    0,    0,    0,    0,    0,    0,    0,   -5,   -5,    0,    0,    0,    0,    0,    0,    0,    0,    0,    0,    0,    0,    0,    0,    0,    0,    0,    0,    0,    0,    0,    0,    0,    0,    0,    0,    0,    0,    0,    0,    0,    0,    0,    0,   -9,    0,    0,    0,    0,    0,    0,    0,    0,    0,    0,    0,    0,    0,    0,    0,    0,    0,    0,    0,    0,    0,    0,    0,    0,    0,    0,    0,    0,    0,    0,    0,    0,    0,    0,    0,    0,
       0,    0,    0,   -6,    0,  -12,    0,    0,    0,    0,    0,    0,    0,    0,    0,    0,    0,    0,    0,    0,    0,    0,    0,    0,    0,    0,    0,   -6,    0,    0,    0,    0,    0,    0,    0,    0,    0,    0,    0,    0,    0,    0,    0,    0,    0,    0,    0,    0,    0,    0,    0,    0,    0,    0,    0,    0,    0,    0,    0,    0,    0,    0,    0,    0,    0,    0,    0,    0,   -5,    0,    0,    0,    0,    0,    0,    0,    0,    0,   -6,   -8,    0,    0,    0,    0,    0,    0,    0,    0,    0,    0,    0,    0,    0,    0,    0,    0,    0,  -12,    0,    0,    0,   -7,    0,  -10,    0,    0,    0,    0,    0,    0,    0,    0,    5,    0,   -9,    0,   -6,    0,    0,  -12,    0,  -11,   -5,    0,    0,   -5,    0,    0,    0,    0,    0,    0,    0,    0,    0,    0,    0,    0,    0,    0,    0,    0,    0,    0,    0,    0,    0,    0,    0,    0,    0,    0,    0,    0,    0,
       0,    0,    0,   -4,    0,    0,    6,    0,    0,    0,    0,    0,    0,    0,    0,    0,    0,    0,    0,    0,    0,    0,    0,    0,    0,    0,    0,    0,    0,    0,    0,    0,    0,    0,    0,    0,    0,    0,    0,    0,    0,    0,    0,    0,    0,    0,    0,    0,    0,   -3,    0,    0,    0,    0,    0,    0,    0,    0,    0,    0,    0,    0,    0,    0,    0,    0,    0,    0,    0,    0,    0,    0,    0,    0,    0,    0,    0,    0,    0,    0,    0,    0,    0,    0,    0,    0,    0,    0,    0,    0,    4,    0,    4,    0,    0,    0,    0,    3,    5,    0,    4,    0,    0,    3,    0,    0,    0,    0,    0,    0,    0,    0,   12,    0,    5,    0,    0,    0,    0,    4,    0,    0,    0,    0,    0,    0,    0,    0,    0,    0,    0,    0,    0,    0,    0,    0,    0,    0,    0,    0,    0,    0,    0,    0,    0,    0,    0,    0,    0,    0,    0,    0,    0,    4,    0,
       0,    0,    0,    0,    0,    0,    0,    4,    0,    0,   -5,    0,    0,    0,    0,    0,    0,    0,    0,    0,    0,    0,    0,    0,    0,    0,    0,    0,    0,    0,    0,    0,    0,    0,    0,    0,    0,    0,    0,    0,    0,    0,    0,    0,    0,    0,    0,    0,    0,    0,    0,    0,    0,    0,    0,    0,    0,    0,    0,    0,    0,    0,    0,    0,    0,    0,    0,    0,    0,    0,    0,    0,    0,    0,    0,    0,    0,    0,    0,    0,    0,    0,    0,    0,    0,    0,    0,    0,    0,    0,    0,    0,    0,    0,    0,    0,    0,    0,    0,    0,    0,    0,    0,    0,    0,    0,    0,    0,    0,    0,    0,    0,    8,    0,    0,    0,    0,    0,    0,    0,    0,    0,    0,    0,    0,    0,    0,    0,   -5,    0,    0,    0,    0,    0,    0,    0,    0,    0,    0,    0,    0,    0,    0,    0,    0,    0,    0,    0,    0,    0,    0,    0,    0,    0,    0,
       0,    0,    0,    0,    0,    0,    8,    0,    0,    0,    0,    0,    0,    0,    0,    0,    0,    0,    0,    0,    0,    0,    0,    0,    0,    0,    0,    0,    0,    0,    0,    0,    0,    0,    0,    0,    0,    0,    0,    0,    0,    0,    0,    0,    0,    0,    0,    0,    0,    0,    0,    0,    0,    0,    0,    0,    0,    0,    0,    0,    0,    0,    0,    0,    0,    0,    0,    0,    0,    0,    4,    0,    0,    4,    0,    4,    0,    0,    0,   -6,    4,    0,    0,    0,    0,    0,    0,    0,    0,    0,    0,    0,    0,    0,    0,    0,    0,    0,    0,    0,    0,    0,    0,    0,    0,    0,    0,    0,    0,    0,    0,    0,    0,    0,    0,    0,    0,    0,    0,    0,    0,    0,    0,    9,    0,    0,    0,    0,    0,    0,    0,    0,    0,    0,    0,    0,    0,    0,    0,    0,    0,    0,    0,    0,    0,    0,    0,    0,    0,    0,    0,    0,    0,    0,    0,
       0,   -8,    0,    0,   -6,   -4,    0,    8,    0,    0,   -6,    0,    0,    0,    0,    0,    0,    0,    0,    0,    0,    0,    0,    0,    0,    0,    0,    0,    0,   -9,    0,    0,    0,    0,    0,    0,    0,    0,    0,    0,    0,    0,    0,    0,    0,    0,    0,    0,   -6,    0,    0,    0,    0,    0,    0,    0,    0,    0,    0,    0,    0,    0,    0,    0,    0,    0,    0,    0,    0,    0,    0,    0,    0,    0,    0,    0,    0,    0,    0,    0,    0,    0,    0,    0,    0,    0,    0,    0,    0,    0,    0,    0,    0,    0,    0,    0,    0,    0,    0,    0,    0,    0,    0,    0,    0,    0,    0,    0,    0,    0,    0,    0,    0,    0,    0,    0,    0,    0,    0,    0,    0,    0,    0,    0,    0,    0,    0,    0,   -3,    0,    0,    0,    0,    0,    0,    0,    0,    0,    0,    0,    0,    0,    0,    0,    0,    0,    0,    0,    0,    0,    0,    0,   -6,   -6,    0,
       0,    0,    0,    0,   -7,    0,   -5,    7,  -11,    0,   -5,    0,    0,    0,    0,    0,    0,    0,    0,    0,    0,    0,    0,    0,    0,    0,    0,    0,    0,   -9,    0,    0,    0,    0,    0,    0,    0,    0,    0,    0,    0,    0,    0,    0,    0,    0,    0,    0,   -7,    0,    0,    0,    0,    0,    0,    0,    0,    0,    0,    0,    0,    0,    0,    0,    0,    0,    0,    0,    0,    0,   -6,    0,   -7,   -6,    0,  -10,   -6,    0,    0,    0,   -9,    0,   -8,   -5,    0,    0,    0,    0,    0,    0,    0,    0,    0,    0,    0,    0,    0,    0,    0,    0,    0,    0,    0,    0,    0,    0,    0,    0,    0,    0,    0,    0,    0,    0,    0,    0,    0,    0,  -10,    0,    0,    0,    0,   -6,    0,    0,    0,   -7,    0,    0,    0,    0,    0,    0,    0,    0,    0,    0,    0,    0,    0,    0,    0,    0,    0,    0,    0,    0,    0,    0,    0,    0,    0,    0,    0,
       0,    0,    0,    0,    0,   -5,    0,    6,   -5,    0,    0,    0,    0,    0,    0,    0,    0,    0,    0,    0,    0,    0,    0,    0,    0,    0,    0,    0,    0,    0,    0,    0,    0,    0,    0,    0,    0,    0,    0,    0,    0,    0,    0,    0,    0,    0,    0,    0,    0,    0,    0,    0,    0,    0,    0,    0,    0,    0,    0,    0,    0,    0,    0,    0,    0,    0,    0,    0,    0,   -4,    0,    0,    0,    0,    0,    0,    0,    0,    0,    0,    0,    0,    0,   -6,    0,    0,    0,    0,    0,    0,   -5,    0,    0,    0,    0,    0,    0,   -6,   -5,    0,   -4,    0,    0,   -6,    0,    0,    0,    0,    0,    0,    0,    0,    0,    0,   -3,    0,    0,    0,    0,   -6,    0,    0,    0,    0,    0,    0,    0,    0,  -12,    0,    0,    0,    0,    0,    0,    0,    0,    0,    0,    0,    0,    0,    0,    0,    0,    0,    0,    0,    0,    0,    0,    0,    0,    0,    0,
       0,    0,    0,   -4,    0,    0,    6,    0,    0,    0,   -5,    0,    0,    0,    0,    0,    0,    0,    0,    0,    0,    0,    0,    0,    0,    0,    0,    0,    0,    0,    0,    0,    0,    0,    0,    0,    0,    0,    0,    0,    0,    0,    0,    0,    0,    0,    0,   -4,    0,   -5,    0,    0,    0,    0,    0,    0,    0,    0,    0,    0,    0,    0,    0,    0,    0,    0,    0,    0,    0,    0,    0,    0,    0,    0,    0,    0,    0,    0,    0,    0,    0,    0,    0,    0,    0,    0,    0,    0,    0,    0,    4,    0,    0,    0,    0,    0,    0,    0,    0,   -4,    4,    0,    0,    0,    0,    0,    0,    0,    0,    0,    0,    0,   13,    0,    0,    0,    0,    0,    0,    0,    0,    0,    0,    0,    0,    0,    0,    0,    0,    0,    0,    0,    0,    0,    0,    0,    0,    0,    0,    0,    0,    0,    0,    0,    0,    0,    0,    0,    0,    0,    0,    0,    0,    0,    0,
       0,    0,    0,    0,    0,    0,    0,    0,    0,    0,    0,    0,    0,    0,    0,    0,    0,    0,    0,    0,    0,    0,    0,    0,    0,    0,    0,    0,    0,    0,    0,    0,    0,    0,    0,    0,    0,    0,    0,    0,    0,    0,    0,    0,    0,    0,    0,    0,    0,    0,    0,    0,    0,    0,    0,    0,    0,    0,    0,    0,    0,    0,    0,    0,    0,    0,    0,    0,    0,    0,    0,    0,    0,    0,    0,    0,    0,    0,    0,    0,    0,    0,    0,    0,    0,    0,    0,    0,    0,    0,    0,    0,    0,    0,    0,    0,    0,    0,    0,    0,    0,    0,    0,    0,    0,    0,    0,    0,    0,    0,    0,    0,    0,    0,    0,    0,    0,    0,    0,    0,    0,    0,    0,    0,    0,    0,    0,    0,    0,    0,    0,    0,    0,    0,    0,    0,    0,   -7,    0,   -4,   -1,    0,    0,    0,    0,    0,   -7,    0,   -3,    0,   -7,    0,    0,    0,    0,
       0,    0,    0,    0,    0,    0,    0,    0,    0,    0,    0,    0,    0,    0,    0,    0,    0,    0,    0,    0,    0,    0,    0,    0,    0,    0,    0,    0,    0,    0,    0,    0,    0,    0,    0,    0,    0,    0,    0,    0,    0,    0,    0,    0,    0,    0,    0,    0,    0,    0,    0,    0,    0,    0,    0,    0,    0,    0,    0,    0,    0,    0,    0,    0,    0,    0,    0,    0,    0,    0,    0,    0,    0,    0,    0,    0,    0,    0,    0,    0,    0,    0,    0,    0,    0,    0,    0,    0,    0,    0,    0,    0,    0,    0,    0,    0,    0,    0,    0,    0,    0,    0,    0,    0,    0,    0,    0,    0,    0,    0,    0,    0,    0,    0,    0,    0,    0,    0,    0,    0,    0,    0,    0,    0,    0,    0,    0,    0,    0,    0,    0,    0,   -2,    0,    0,    0,    0,    0,   -2,    0,    0,    0,    0,   -8,    0,    0,   -8,    0,    0,   -3,    0,    0,    0,    0,    0,
       0,    0,    0,    0,    0,    0,    0,    0,    0,    0,    0,    0,    0,    0,    0,    0,    0,    0,    0,    0,    0,    0,    0,    0,    0,    0,    0,    0,    0,    0,    0,    0,    0,    0,    0,    0,    0,    0,    0,    0,    0,    0,    0,    0,    0,    0,    0,    0,    0,    0,    0,    0,    0,    0,    0,    0,    0,    0,    0,    0,    0,    0,    0,    0,    0,    0,    0,    0,    0,    0,    0,    0,    0,    0,    0,    0,    0,    0,    0,    0,    0,    0,    0,    0,    0,    0,    0,    0,    0,    0,    0,    0,    0,    0,    0,    0,    0,    0,    0,    0,    0,    0,    0,    0,    0,    0,    0,    0,    0,    0,    0,    0,    0,    0,    0,    0,    0,    0,    0,    0,    0,    0,    0,    0,    0,    0,    0,    0,    0,    0,    3,    0,    0,    0,    0,    0,   -2,   -8,    0,   -2,   -4,    0,   -5,    0,    0,    0,   -3,    0,    0,    0,    0,    0,    0,    0,    0,
       0,    0,    0,    0,    0,    0,    0,    0,    0,    0,    0,    0,    0,    0,    0,    0,    0,    0,    0,    0,    0,    0,    0,    0,    0,    0,    0,    0,    0,    0,    0,    0,    0,    0,    0,    0,    0,    0,    0,    0,    0,    0,    0,    0,    0,    0,    0,    0,    0,    0,    0,    0,    0,    0,    0,    0,    0,    0,    0,    0,    0,    0,    0,    0,    0,    0,    0,    0,    0,    0,    0,    0,    0,    0,    0,    0,    0,    0,    0,    0,    0,    0,    0,    0,    0,    0,    0,    0,    0,    0,    0,    0,    0,    0,    0,    0,    0,    0,    0,    0,    0,    0,    0,    0,    0,    0,    0,    0,    0,    0,    0,    0,    0,    0,    0,    0,    0,    0,    0,    0,    0,    0,    0,    0,    0,    0,    0,    0,    0,    0,  -13,    0,    0,   -7,    0,    0,   -2,    0,  -17,  -11,    0,   -3,   -2,   -8,    0,  -17,  -11,    0,    0,  -11,    0,    0,    0,    0,    0,
       0,    0,    0,    0,    0,    0,    0,    0,    0,    0,    0,    0,    0,    0,    0,    0,    0,    0,    0,    0,    0,    0,    0,    0,    0,    0,    0,    0,    0,    0,    0,    0,    0,    0,    0,    0,    0,    0,    0,    0,    0,    0,    0,    0,    0,    0,    0,    0,    0,    0,    0,    0,    0,    0,    0,    0,    0,    0,    0,    0,    0,    0,    0,    0,    0,    0,    0,    0,    0,    0,    0,    0,    0,    0,    0,    0,    0,    0,    0,    0,    0,    0,    0,    0,    0,    0,    0,    0,    0,    0,    0,    0,    0,    0,    0,    0,    0,    0,    0,    0,    0,    0,    0,    0,    0,    0,    0,    0,    0,    0,    0,    0,    0,    0,    0,    0,    0,    0,    0,    0,    0,    0,    0,    0,    0,    0,    0,    0,    0,    0,   -4,    0,    0,    0,    0,    0,   -4,    0,    0,    0,    0,   -3,    0,   -5,    0,    0,   -7,    0,    0,   -7,    0,    0,    0,    0,    0,
       0,    0,    0,    0,    0,    0,    0,    0,    0,    0,    0,    0,    0,    0,    0,    0,    0,    0,    0,    0,    0,    0,    0,    0,    0,    0,    0,    0,    0,    0,    0,    0,    0,    0,    0,    0,    0,    0,    0,    0,    0,    0,    0,    0,    0,    0,    0,    0,    0,    0,    0,    0,    0,    0,    0,    0,    0,    0,    0,    0,    0,    0,    0,    0,    0,    0,    0,    0,    0,    0,    0,    0,    0,    0,    0,    0,    0,    0,    0,    0,    0,    0,    0,    0,    0,    0,    0,    0,    0,    0,    0,    0,    0,    0,    0,    0,    0,    0,    0,    0,    0,    0,    0,    0,    0,    0,    0,    0,    0,    0,    0,    0,    0,    0,    0,    0,    0,    0,    0,    0,    0,    0,    0,    0,    0,    0,    0,    0,    0,    0,   -2,    0,    0,    0,    0,    0,    0,    0,    0,    0,    0,    0,    0,    0,    0,    0,    0,    0,    0,    0,    0,    0,    0,    0,    0,
       0,    0,    0,    0,    0,    0,    0,    0,    0,    0,    0,    0,    0,    0,    0,    0,    0,    0,    0,    0,    0,    0,    0,    0,    0,    0,    0,    0,    0,    0,    0,    0,    0,    0,    0,    0,    0,    0,    0,    0,    0,    0,    0,    0,    0,    0,    0,    0,    0,    0,    0,    0,    0,    0,    0,    0,    0,    0,    0,    0,    0,    0,    0,    0,    0,    0,    0,    0,    0,    0,    0,    0,    0,    0,    0,    0,    0,    0,    0,    0,    0,    0,    0,    0,    0,    0,    0,    0,    0,    0,    0,    0,    0,    0,    0,    0,    0,    0,    0,    0,    0,    0,    0,    0,    0,    0,    0,    0,    0,    0,    0,    0,    0,    0,    0,    0,    0,    0,    0,    0,    0,    0,    0,    0,    0,    0,    0,    0,    0,    0,    0,    0,   -2,    0,    0,    0,   -7,    0,  -12,   -1,    0,    0,    0,    0,    0,   -7,   -5,   -2,   -2,   -2,    0,    0,    0,    0,    0,
       0,    0,    0,    0,    0,    0,    0,    0,    0,    0,    0,    0,    0,    0,    0,    0,    0,    0,    0,    0,    0,    0,    0,    0,    0,    0,    0,    0,    0,    0,    0,    0,    0,    0,    0,    0,    0,    0,    0,    0,    0,    0,    0,    0,    0,    0,    0,    0,    0,    0,    0,    0,    0,    0,    0,    0,    0,    0,    0,    0,    0,    0,    0,    0,    0,    0,    0,    0,    0,    0,    0,    0,    0,    0,    0,    0,    0,    0,    0,    0,    0,    0,    0,    0,    0,    0,    0,    0,    0,    0,    0,    0,    0,    0,    0,    0,    0,    0,    0,    0,    0,    0,    0,    0,    0,    0,    0,    0,    0,    0,    0,    0,    0,    0,    0,    0,    0,    0,    0,    0,    0,    0,    0,    0,    0,    0,    0,    0,    0,    0,  -20,    0,    0,   -7,    0,   -5,   -5,    0,    0,   -5,    0,  -10,   -5,   -5,    0,    0,   -7,    0,    0,   -7,    0,   -7,    0,    0,    0,
       0,    0,    0,    0,    0,    0,    0,    0,    0,    0,    0,    0,    0,    0,    0,    0,    0,    0,    0,    0,    0,    0,    0,    0,    0,    0,    0,    0,    0,    0,    0,    0,    0,    0,    0,    0,    0,    0,    0,    0,    0,    0,    0,    0,    0,    0,    0,    0,    0,    0,    0,    0,    0,    0,    0,    0,    0,    0,    0,    0,    0,    0,    0,    0,    0,    0,    0,    0,    0,    0,    0,    0,    0,    0,    0,    0,    0,    0,    0,    0,    0,    0,    0,    0,    0,    0,    0,    0,    0,    0,    0,    0,    0,    0,    0,    0,    0,    0,    0,    0,    0,    0,    0,    0,    0,    0,    0,    0,    0,    0,    0,    0,    0,    0,    0,    0,    0,    0,    0,    0,    0,    0,    0,    0,    0,    0,    0,    0,    0,    0,    0,    0,    0,    0,    0,    0,   -2,    0,    0,   -2,    0,    0,   -4,   -4,    0,   -7,   -7,    0,    0,    0,    0,    0,    0,    0,    0,
       0,    0,    0,    0,    0,    0,    0,    0,    0,    0,    0,    0,    0,    0,    0,    0,    0,    0,    0,    0,    0,    0,    0,    0,    0,    0,    0,    0,    0,    0,    0,    0,    0,    0,    0,    0,    0,    0,    0,    0,    0,    0,    0,    0,    0,    0,    0,    0,    0,    0,    0,    0,    0,    0,    0,    0,    0,    0,    0,    0,    0,    0,    0,    0,    0,    0,    0,    0,    0,    0,    0,    0,    0,    0,    0,    0,    0,    0,    0,    0,    0,    0,    0,    0,    0,    0,    0,    0,    0,    0,    0,    0,    0,    0,    0,    0,    0,    0,    0,    0,    0,    0,    0,    0,    0,    0,    0,    0,    0,    0,    0,    0,    0,    0,    0,    0,    0,    0,    0,    0,    0,    0,    0,    0,    0,    0,    0,    0,    0,    0,  -13,   -2,    0,    0,    0,    0,   -2,    0,  -10,   -7,    0,    0,    0,   -2,    0,  -15,   -4,    0,    0,    0,    3,   -1,    0,    0,    0,
       0,    0,    0,    0,    0,    0,    0,    0,    0,    0,    0,    0,    0,    0,    0,    0,    0,    0,    0,    0,    0,    0,    0,    0,    0,    0,    0,    0,    0,    0,    0,    0,    0,    0,    0,    0,    0,    0,    0,    0,    0,    0,    0,    0,    0,    0,    0,    0,    0,    0,    0,    0,    0,    0,    0,    0,    0,    0,    0,    0,    0,    0,    0,    0,    0,    0,    0,    0,    0,    0,    0,    0,    0,    0,    0,    0,    0,    0,    0,    0,    0,    0,    0,    0,    0,    0,    0,    0,    0,    0,    0,    0,    0,    0,    0,    0,    0,    0,    0,    0,    0,    0,    0,    0,    0,    0,    0,    0,    0,    0,    0,    0,    0,    0,    0,    0,    0,    0,    0,    0,    0,    0,    0,    0,    0,    0,    0,    0,    0,    0,    0,    0,    0,    0,    0,    0,    0,    0,    0,   -7,    0,   -2,   -7,   -8,    0,    0,   -9,    0,    0,    0,    0,    0,    0,    0,    0,
       0,    0,    0,    0,    0,    0,    0,    0,    0,    0,    0,    0,    0,    0,    0,    0,    0,    0,    0,    0,    0,    0,    0,    0,    0,    0,    0,    0,    0,    0,    0,    0,    0,    0,    0,    0,    0,    0,    0,    0,    0,    0,    0,    0,    0,    0,    0,    0,    0,    0,    0,    0,    0,    0,    0,    0,    0,    0,    0,    0,    0,    0,    0,    0,    0,    0,    0,    0,    0,    0,    0,    0,    0,    0,    0,    0,    0,    0,    0,    0,    0,    0,    0,    0,    0,    0,    0,    0,    0,    0,    0,    0,    0,    0,    0,    0,    0,    0,    0,    0,    0,    0,    0,    0,    0,    0,    0,    0,    0,    0,    0,    0,    0,    0,    0,    0,    0,    0,    0,    0,    0,    0,    0,    0,    0,    0,    0,    0,    0,    0,    0,    0,    0,    0,    0,    0,   -4,   -6,    0,   -3,    0,    0,    0,    0,    0,    0,    0,    0,    0,    0,    0,    0,    0,    0,    0,
       0,    0,    0,    0,    0,    0,    0,    0,    0,    0,    0,    0,    0,    0,    0,    0,    0,    0,    0,    0,    0,    0,    0,    0,    0,    0,    0,    0,    0,    0,    0,    0,    0,    0,    0,    0,    0,    0,    0,    0,    0,    0,    0,    0,    0,    0,    0,    0,    0,    0,    0,    0,    0,    0,    0,    0,    0,    0,    0,    0,    0,    0,    0,    0,    0,    0,    0,    0,    0,    0,    0,    0,    0,    0,    0,    0,    0,    0,    0,    0,    0,    0,    0,    0,    0,    0,    0,    0,    0,    0,    0,    0,    0,    0,    0,    0,    0,    0,    0,    0,    0,    0,    0,    0,    0,    0,    0,    0,    0,    0,    0,    0,    0,    0,    0,    0,    0,    0,    0,    0,    0,    0,    0,    0,    0,    0,    0,    0,    0,    0,    0,    0,    0,    0,    0,    0,   -2,    0,  -10,    0,   -2,    0,    0,   -2,    0,   -4,   -2,    0,    0,   -7,    0,    0,    0,    0,    0,
       0,    0,    0,    0,    0,    0,    0,    0,    0,    0,    0,    0,    0,    0,    0,    0,    0,    0,    0,    0,    0,    0,    0,    0,    0,    0,    0,    0,    0,    0,    0,    0,    0,    0,    0,    0,    0,    0,    0,    0,    0,    0,    0,    0,    0,    0,    0,    0,    0,    0,    0,    0,    0,    0,    0,    0,    0,    0,    0,    0,    0,    0,    0,    0,    0,    0,    0,    0,    0,    0,    0,    0,    0,    0,    0,    0,    0,    0,    0,    0,    0,    0,    0,    0,    0,    0,    0,    0,    0,    0,    0,    0,    0,    0,    0,    0,    0,    0,    0,    0,    0,    0,    0,    0,    0,    0,    0,    0,    0,    0,    0,    0,    0,    0,    0,    0,    0,    0,    0,    0,    0,    0,    0,    0,    0,    0,    0,    0,    0,    0,    0,    0,    0,    0,    0,    0,   -5,    0,    0,    0,    0,    0,    0,   -3,    0,    0,    0,    0,    0,    0,    0,    0,    0,    0,    0,
       0,    0,    0,    0,    0,    0,    0,    0,    0,    0,    0,    0,    0,    0,    0,    0,    0,    0,    0,    0,    0,    0,    0,    0,    0,    0,    0,    0,    0,    0,    0,    0,    0,    0,    0,    0,    0,    0,    0,    0,    0,    0,    0,    0,    0,    0,    0,    0,    0,    0,    0,    0,    0,    0,    0,    0,    0,    0,    0,    0,    0,    0,    0,    0,    0,    0,    0,    0,    0,    0,    0,    0,    0,    0,    0,    0,    0,    0,    0,    0,    0,    0,    0,    0,    0,    0,    0,    0,    0,    0,    0,    0,    0,    0,    0,    0,    0,    0,    0,    0,    0,    0,    0,    0,    0,    0,    0,    0,    0,    0,    0,    0,    0,    0,    0,    0,    0,    0,    0,    0,    0,    0,    0,    0,    0,    0,    0,    0,    0,    0,    0,    0,    0,    0,    0,    0,    0,    0,   -5,   -7,   -5,    0,    0,   -5,    0,  -12,   -2,    0,    0,    0,   -5,    0,    0,    0,    0,
       0,    0,    0,    0,    0,    0,    0,    0,    0,    0,    0,    0,    0,    0,    0,    0,    0,    0,    0,    0,    0,    0,    0,    0,    0,    0,    0,    0,    0,    0,    0,    0,    0,    0,    0,    0,    0,    0,    0,    0,    0,    0,    0,    0,    0,    0,    0,    0,    0,    0,    0,    0,    0,    0,    0,    0,    0,    0,    0,    0,    0,    0,    0,    0,    0,    0,    0,    0,    0,    0,    0,    0,    0,    0,    0,    0,    0,    0,    0,    0,    0,    0,    0,    0,    0,    0,    0,    0,    0,    0,    0,    0,    0,    0,    0,    0,    0,    0,    0,    0,    0,    0,    0,    0,    0,    0,    0,    0,    0,    0,    0,    0,    0,    0,    0,    0,    0,    0,    0,    0,    0,    0,    0,    0,    0,    0,    0,    0,    0,   -2,   -3,    0,   -2,    0,    0,    0,    0,   -7,    0,    0,    0,   -3,    0,   -8,    0,    0,   -7,    0,    0,    0,    0,    0,    0,    0,    0,
       0,    0,    0,    0,    0,    0,    0,    0,    0,    0,    0,    0,    0,    0,    0,    0,    0,    0,    0,    0,    0,    0,    0,    0,    0,    0,    0,    0,    0,    0,    0,    0,    0,    0,    0,    0,    0,    0,    0,    0,    0,    0,    0,    0,    0,    0,    0,    0,    0,    0,    0,    0,    0,    0,    0,    0,    0,    0,    0,    0,    0,    0,    0,    0,    0,    0,    0,    0,    0,    0,    0,    0,    0,    0,    0,    0,    0,    0,    0,    0,    0,    0,    0,    0,    0,    0,    0,    0,    0,    0,    0,    0,    0,    0,    0,    0,    0,    0,    0,    0,    0,    0,    0,    0,    0,    0,    0,    0,    0,    0,    0,    0,    0,    0,    0,    0,    0,    0,    0,    0,    0,    0,    0,    0,    0,    0,    0,    0,    0,    0,  -13,    0,    0,    0,    0,    0,   -7,    0,  -10,   -2,    0,    0,   -5,   -7,    0,  -10,   -7,    0,    0,   -7,    0,   -8,    0,    0,    0,
       0,    0,    0,    0,    0,    0,    0,    0,    0,    0,    0,    0,    0,    0,    0,    0,    0,    0,    0,    0,    0,    0,    0,    0,    0,    0,    0,    0,    0,    0,    0,    0,    0,    0,    0,    0,    0,    0,    0,    0,    0,    0,    0,    0,    0,    0,    0,    0,    0,    0,    0,    0,    0,    0,    0,    0,    0,    0,    0,    0,    0,    0,    0,    0,    0,    0,    0,    0,    0,    0,    0,    0,    0,    0,    0,    0,    0,    0,    0,    0,    0,    0,    0,    0,    0,    0,    0,    0,    0,    0,    0,    0,    0,    0,    0,    0,    0,    0,    0,    0,    0,    0,    0,    0,    0,    0,    0,    0,    0,    0,    0,    0,    0,    0,    0,    0,    0,    0,    0,    0,    0,    0,    0,    0,    0,    0,    0,    0,    0,    0,   -9,    0,    0,    0,    0,    0,   -2,    0,    0,   -9,    0,   -5,    0,   -7,    0,    0,   -5,    0,    0,   -5,    0,    0,    0,    0,    0,
       0,    0,    0,    0,    0,    0,    0,    0,    0,    0,    0,    0,    0,    0,    0,    0,    0,    0,    0,    0,    0,    0,    0,    0,    0,    0,    0,    0,    0,    0,    0,    0,    0,    0,    0,    0,    0,    0,    0,    0,    0,    0,    0,    0,    0,    0,    0,    0,    0,    0,    0,    0,    0,    0,    0,    0,    0,    0,    0,    0,    0,    0,    0,    0,    0,    0,    0,    0,    0,    0,    0,    0,    0,    0,    0,    0,    0,    0,    0,    0,    0,    0,    0,    0,    0,    0,    0,    0,    0,    0,    0,    0,    0,    0,    0,    0,    0,    0,    0,    0,    0,    0,    0,    0,    0,    0,    0,    0,    0,    0,    0,    0,    0,    0,    0,    0,    0,    0,    0,    0,    0,    0,    0,    0,    0,    0,    0,    0,    0,    0,    0,    0,  -16,    0,  -17,    0,    0,   -6,    0,   -2,   -2,    0,  -12,  -13,  -13,    0,   -3,    0,    0,    0,   -7,    0,    0,    0,    0,
       0,    0,    0,    0,    0,    0,    0,    0,    0,    0,    0,    0,  -27,    0,  -10,  -10,  -32,   -7,  -10,    5,    6,    6,    9,   11,    5,    9,    7,    0,    0,    0,   -9,    0,  -11,  -14,    0,    0,    0,    0,    0,   -7,    0,    0,    4,    4,    0,    4,    0,    0,    0,    0,    0,  -65,    0,   -9,    0,    0,    0,  -23,    0,    0,    0,    0,    0,    0,    0,    0,    0,    6,    0,    5,  -32,  -20,    0,  -27,  -18,    4,    0,   -7,  -10,   -4,    5,    5,    0,    0,   -9,    0,    0,    0,  -14,  -11,    0,    0,  -15,   -5,  -14,    0,  -10,    0,    0,  -18,    0,    0,    0,    0,    0,    0,   -7,    5,   -8,   -7,    0,    0,    0,    5,    0,    0,    0,   -9,    5,    0,    0,    0,    0,  -34,   -5,    0,   -3,    0,    0,    0,    0,    0,    0,    0,    0,    0,    0,    0,    0,    0,    0,    0,    0,    0,    0,    0,    0,    0,    0,    0,    0,    0,    0,    0,    0,
       0,    0,    0,    0,    0,    0,    0,    0,    0,    0,    0,    0,  -33,    0,  -12,  -12,  -35,    0,  -12,   -7,    6,    4,    9,   10,    5,    7,    6,    0,    0,    0,  -21,   -3,  -24,  -24,   -6,   -3,   -3,    0,  -14,  -26,    0,  -11,   -3,   -3,    0,   -3,  -11,    0,    0,    0,    0,  -43,   -7,  -21,   -3,   -3,   -3,  -24,   -3,   -3,   -3,    0,    0,    0,    0,    0,    0,    6,   -6,   -7,  -35,  -22,    0,  -33,  -21,    0,    0,    0,  -12,   -8,    5,    0,    0,   -4,  -21,    0,   -7,   -7,  -19,  -16,    0,   -5,  -21,  -10,  -24,   -8,  -16,    0,    0,  -23,    0,    0,   -7,    0,   -5,   -6,  -13,    0,  -15,  -26,    0,    0,    0,    0,    0,    0,   -6,  -16,    4,    0,    0,    0,   -4,  -36,  -10,   -4,   -9,    0,   -6,    0,    0,    0,    0,    0,    0,    0,    0,    0,    0,    0,    0,    0,    0,    0,    0,    0,    0,    0,    0,    0,    0,    0,    0,    0,    0,
       0,    0,    0,    0,    0,    0,    0,    0,    0,    0,    0,    0,    7,    0,  -11,  -11,    7,    0,  -11,    3,  -25,   -7,  -42,  -25,    8,  -36,    7,    0,    0,    0,    3,    3,    0,    0,    3,    3,    3,   10,    3,    4,    0,    3,  -14,  -10,    7,  -14,    8,    0,    0,    0,    0,    8,    0,    3,    3,    3,    3,    0,    3,    3,    3,    0,    0,    0,    0,    0,    0,    0,    0,    0,    0,    0,    0,    0,    0,    0,    0,    0,    0,    0,    0,    0,    0,    0,    0,    0,    0,    0,    0,    0,    0,    0,    0,    0,    0,    0,    0,    0,    0,    0,    0,    0,    0,    0,    0,    0,    0,    0,    0,    0,    0,    0,    0,    0,    0,    0,    0,    0,    0,    0,    0,    0,    0,    0,    0,    0,    0,    0,    0,    0,    0,    0,    0,    0,    0,    0,    0,    0,    0,    0,    0,    0,    0,    0,    0,    0,    0,    0,    0,    0,    0,    0,    0,    0,    0,
};

static const EpdLigaturePair ubuntu_10_boldLigaturePairs[] = {
    { 0x00660066, 0xFB00 }, // f f -> U+FB00
    { 0x00660069, 0xFB01 }, // f i -> U+FB01
    { 0x0066006C, 0xFB02 }, // f l -> U+FB02
    { 0xFB000069, 0xFB03 }, // U+FB00 i -> U+FB03
    { 0xFB00006C, 0xFB04 }, // U+FB00 l -> U+FB04
};

static const EpdFontData ubuntu_10_bold = {
    ubuntu_10_boldBitmaps,
    ubuntu_10_boldGlyphs,
    ubuntu_10_boldIntervals,
    462,
    24,
    20,
    -4,
    false,
    nullptr,
    0,
    nullptr,
    ubuntu_10_boldKernLeftClasses,
    ubuntu_10_boldKernRightClasses,
    ubuntu_10_boldKernMatrix,
    572,
    556,
    172,
    155,
    ubuntu_10_boldLigaturePairs,
    5,
};
